[0.119s] DEBUG:colcon:Command line arguments: ['/usr/bin/colcon', 'build']
[0.119s] DEBUG:colcon:Parsed command line arguments: Namespace(log_base=None, log_level=None, verb_name='build', build_base='build', install_base='install', merge_install=False, symlink_install=False, test_result_base=None, continue_on_error=False, executor='parallel', parallel_workers=8, event_handlers=None, ignore_user_meta=False, metas=['./colcon.meta'], base_paths=['.'], packages_ignore=None, packages_ignore_regex=None, paths=None, packages_up_to=None, packages_up_to_regex=None, packages_above=None, packages_above_and_dependencies=None, packages_above_depth=None, packages_select_by_dep=None, packages_skip_by_dep=None, packages_skip_up_to=None, packages_select_build_failed=False, packages_skip_build_finished=False, packages_select_test_failures=False, packages_skip_test_passed=False, packages_select=None, packages_skip=None, packages_select_regex=None, packages_skip_regex=None, packages_start=None, packages_end=None, cmake_args=None, cmake_target=None, cmake_target_skip_unavailable=False, cmake_clean_cache=False, cmake_clean_first=False, cmake_force_configure=False, ament_cmake_args=None, catkin_cmake_args=None, catkin_skip_building_tests=False, mixin_files=None, mixin=None, verb_parser=<colcon_mixin.mixin.mixin_argument.MixinArgumentDecorator object at 0x76a212f1e570>, verb_extension=<colcon_core.verb.build.BuildVerb object at 0x76a213072270>, main=<bound method BuildVerb.main of <colcon_core.verb.build.BuildVerb object at 0x76a213072270>>, mixin_verb=('build',))
[0.158s] Level 1:colcon.colcon_core.package_discovery:discover_packages(colcon_meta) check parameters
[0.158s] INFO:colcon.colcon_metadata.package_discovery.colcon_meta:Using configuration from '/root/.colcon/metadata/default/Gazebo.meta'
[0.159s] INFO:colcon.colcon_metadata.package_discovery.colcon_meta:Using configuration from '/root/.colcon/metadata/default/fastdds.meta'
[0.159s] INFO:colcon.colcon_metadata.package_discovery.colcon_meta:Using configuration from '/root/.colcon/metadata/default/fastrtps.meta'
[0.159s] Level 1:colcon.colcon_core.package_discovery:discover_packages(recursive) check parameters
[0.159s] Level 1:colcon.colcon_core.package_discovery:discover_packages(ignore) check parameters
[0.159s] Level 1:colcon.colcon_core.package_discovery:discover_packages(path) check parameters
[0.159s] Level 1:colcon.colcon_core.package_discovery:discover_packages(colcon_meta) discover
[0.159s] Level 1:colcon.colcon_core.package_discovery:discover_packages(recursive) discover
[0.159s] INFO:colcon.colcon_core.package_discovery:Crawling recursively for packages in '/Bt'
[0.159s] Level 1:colcon.colcon_core.package_identification:_identify(.) by extensions ['ignore', 'ignore_ament_install']
[0.159s] Level 1:colcon.colcon_core.package_identification:_identify(.) by extension 'ignore'
[0.159s] Level 1:colcon.colcon_core.package_identification:_identify(.) by extension 'ignore_ament_install'
[0.160s] Level 1:colcon.colcon_core.package_identification:_identify(.) by extensions ['colcon_pkg']
[0.160s] Level 1:colcon.colcon_core.package_identification:_identify(.) by extension 'colcon_pkg'
[0.160s] Level 1:colcon.colcon_core.package_identification:_identify(.) by extensions ['colcon_meta']
[0.160s] Level 1:colcon.colcon_core.package_identification:_identify(.) by extension 'colcon_meta'
[0.160s] Level 1:colcon.colcon_core.package_identification:_identify(.) by extensions ['ros']
[0.160s] Level 1:colcon.colcon_core.package_identification:_identify(.) by extension 'ros'
[0.184s] Level 1:colcon.colcon_core.package_identification:_identify(.) by extensions ['cmake', 'python']
[0.184s] Level 1:colcon.colcon_core.package_identification:_identify(.) by extension 'cmake'
[0.185s] Level 1:colcon.colcon_core.package_identification:_identify(.) by extension 'python'
[0.185s] Level 1:colcon.colcon_core.package_identification:_identify(.) by extensions ['python_setup_py']
[0.185s] Level 1:colcon.colcon_core.package_identification:_identify(.) by extension 'python_setup_py'
[0.185s] Level 1:colcon.colcon_core.package_identification:_identify(ThirdParty) by extensions ['ignore', 'ignore_ament_install']
[0.185s] Level 1:colcon.colcon_core.package_identification:_identify(ThirdParty) by extension 'ignore'
[0.185s] Level 1:colcon.colcon_core.package_identification:_identify(ThirdParty) by extension 'ignore_ament_install'
[0.185s] Level 1:colcon.colcon_core.package_identification:_identify(ThirdParty) by extensions ['colcon_pkg']
[0.185s] Level 1:colcon.colcon_core.package_identification:_identify(ThirdParty) by extension 'colcon_pkg'
[0.185s] Level 1:colcon.colcon_core.package_identification:_identify(ThirdParty) by extensions ['colcon_meta']
[0.185s] Level 1:colcon.colcon_core.package_identification:_identify(ThirdParty) by extension 'colcon_meta'
[0.185s] Level 1:colcon.colcon_core.package_identification:_identify(ThirdParty) by extensions ['ros']
[0.185s] Level 1:colcon.colcon_core.package_identification:_identify(ThirdParty) by extension 'ros'
[0.185s] Level 1:colcon.colcon_core.package_identification:_identify(ThirdParty) by extensions ['cmake', 'python']
[0.185s] Level 1:colcon.colcon_core.package_identification:_identify(ThirdParty) by extension 'cmake'
[0.185s] Level 1:colcon.colcon_core.package_identification:_identify(ThirdParty) by extension 'python'
[0.185s] Level 1:colcon.colcon_core.package_identification:_identify(ThirdParty) by extensions ['python_setup_py']
[0.185s] Level 1:colcon.colcon_core.package_identification:_identify(ThirdParty) by extension 'python_setup_py'
[0.185s] Level 1:colcon.colcon_core.package_identification:_identify(ThirdParty/BehaviorTree.ROS2) by extensions ['ignore', 'ignore_ament_install']
[0.186s] Level 1:colcon.colcon_core.package_identification:_identify(ThirdParty/BehaviorTree.ROS2) by extension 'ignore'
[0.186s] Level 1:colcon.colcon_core.package_identification:_identify(ThirdParty/BehaviorTree.ROS2) by extension 'ignore_ament_install'
[0.186s] Level 1:colcon.colcon_core.package_identification:_identify(ThirdParty/BehaviorTree.ROS2) by extensions ['colcon_pkg']
[0.186s] Level 1:colcon.colcon_core.package_identification:_identify(ThirdParty/BehaviorTree.ROS2) by extension 'colcon_pkg'
[0.186s] Level 1:colcon.colcon_core.package_identification:_identify(ThirdParty/BehaviorTree.ROS2) by extensions ['colcon_meta']
[0.186s] Level 1:colcon.colcon_core.package_identification:_identify(ThirdParty/BehaviorTree.ROS2) by extension 'colcon_meta'
[0.186s] Level 1:colcon.colcon_core.package_identification:_identify(ThirdParty/BehaviorTree.ROS2) by extensions ['ros']
[0.186s] Level 1:colcon.colcon_core.package_identification:_identify(ThirdParty/BehaviorTree.ROS2) by extension 'ros'
[0.186s] Level 1:colcon.colcon_core.package_identification:_identify(ThirdParty/BehaviorTree.ROS2) by extensions ['cmake', 'python']
[0.186s] Level 1:colcon.colcon_core.package_identification:_identify(ThirdParty/BehaviorTree.ROS2) by extension 'cmake'
[0.186s] Level 1:colcon.colcon_core.package_identification:_identify(ThirdParty/BehaviorTree.ROS2) by extension 'python'
[0.186s] Level 1:colcon.colcon_core.package_identification:_identify(ThirdParty/BehaviorTree.ROS2) by extensions ['python_setup_py']
[0.186s] Level 1:colcon.colcon_core.package_identification:_identify(ThirdParty/BehaviorTree.ROS2) by extension 'python_setup_py'
[0.186s] Level 1:colcon.colcon_core.package_identification:_identify(ThirdParty/BehaviorTree.ROS2/behaviortree_ros2) by extensions ['ignore', 'ignore_ament_install']
[0.186s] Level 1:colcon.colcon_core.package_identification:_identify(ThirdParty/BehaviorTree.ROS2/behaviortree_ros2) by extension 'ignore'
[0.186s] Level 1:colcon.colcon_core.package_identification:_identify(ThirdParty/BehaviorTree.ROS2/behaviortree_ros2) by extension 'ignore_ament_install'
[0.186s] Level 1:colcon.colcon_core.package_identification:_identify(ThirdParty/BehaviorTree.ROS2/behaviortree_ros2) by extensions ['colcon_pkg']
[0.186s] Level 1:colcon.colcon_core.package_identification:_identify(ThirdParty/BehaviorTree.ROS2/behaviortree_ros2) by extension 'colcon_pkg'
[0.186s] Level 1:colcon.colcon_core.package_identification:_identify(ThirdParty/BehaviorTree.ROS2/behaviortree_ros2) by extensions ['colcon_meta']
[0.186s] Level 1:colcon.colcon_core.package_identification:_identify(ThirdParty/BehaviorTree.ROS2/behaviortree_ros2) by extension 'colcon_meta'
[0.187s] Level 1:colcon.colcon_core.package_identification:_identify(ThirdParty/BehaviorTree.ROS2/behaviortree_ros2) by extensions ['ros']
[0.187s] Level 1:colcon.colcon_core.package_identification:_identify(ThirdParty/BehaviorTree.ROS2/behaviortree_ros2) by extension 'ros'
[0.189s] DEBUG:colcon.colcon_core.package_identification:Package 'ThirdParty/BehaviorTree.ROS2/behaviortree_ros2' with type 'ros.ament_cmake' and name 'behaviortree_ros2'
[0.189s] Level 1:colcon.colcon_core.package_identification:_identify(ThirdParty/BehaviorTree.ROS2/btcpp_ros2_interfaces) by extensions ['ignore', 'ignore_ament_install']
[0.189s] Level 1:colcon.colcon_core.package_identification:_identify(ThirdParty/BehaviorTree.ROS2/btcpp_ros2_interfaces) by extension 'ignore'
[0.189s] Level 1:colcon.colcon_core.package_identification:_identify(ThirdParty/BehaviorTree.ROS2/btcpp_ros2_interfaces) by extension 'ignore_ament_install'
[0.189s] Level 1:colcon.colcon_core.package_identification:_identify(ThirdParty/BehaviorTree.ROS2/btcpp_ros2_interfaces) by extensions ['colcon_pkg']
[0.189s] Level 1:colcon.colcon_core.package_identification:_identify(ThirdParty/BehaviorTree.ROS2/btcpp_ros2_interfaces) by extension 'colcon_pkg'
[0.189s] Level 1:colcon.colcon_core.package_identification:_identify(ThirdParty/BehaviorTree.ROS2/btcpp_ros2_interfaces) by extensions ['colcon_meta']
[0.189s] Level 1:colcon.colcon_core.package_identification:_identify(ThirdParty/BehaviorTree.ROS2/btcpp_ros2_interfaces) by extension 'colcon_meta'
[0.189s] Level 1:colcon.colcon_core.package_identification:_identify(ThirdParty/BehaviorTree.ROS2/btcpp_ros2_interfaces) by extensions ['ros']
[0.189s] Level 1:colcon.colcon_core.package_identification:_identify(ThirdParty/BehaviorTree.ROS2/btcpp_ros2_interfaces) by extension 'ros'
[0.190s] DEBUG:colcon.colcon_core.package_identification:Package 'ThirdParty/BehaviorTree.ROS2/btcpp_ros2_interfaces' with type 'ros.ament_cmake' and name 'btcpp_ros2_interfaces'
[0.190s] Level 1:colcon.colcon_core.package_identification:_identify(ThirdParty/BehaviorTree.ROS2/btcpp_ros2_samples) by extensions ['ignore', 'ignore_ament_install']
[0.190s] Level 1:colcon.colcon_core.package_identification:_identify(ThirdParty/BehaviorTree.ROS2/btcpp_ros2_samples) by extension 'ignore'
[0.190s] Level 1:colcon.colcon_core.package_identification:_identify(ThirdParty/BehaviorTree.ROS2/btcpp_ros2_samples) by extension 'ignore_ament_install'
[0.190s] Level 1:colcon.colcon_core.package_identification:_identify(ThirdParty/BehaviorTree.ROS2/btcpp_ros2_samples) by extensions ['colcon_pkg']
[0.190s] Level 1:colcon.colcon_core.package_identification:_identify(ThirdParty/BehaviorTree.ROS2/btcpp_ros2_samples) by extension 'colcon_pkg'
[0.190s] Level 1:colcon.colcon_core.package_identification:_identify(ThirdParty/BehaviorTree.ROS2/btcpp_ros2_samples) by extensions ['colcon_meta']
[0.190s] Level 1:colcon.colcon_core.package_identification:_identify(ThirdParty/BehaviorTree.ROS2/btcpp_ros2_samples) by extension 'colcon_meta'
[0.190s] Level 1:colcon.colcon_core.package_identification:_identify(ThirdParty/BehaviorTree.ROS2/btcpp_ros2_samples) by extensions ['ros']
[0.190s] Level 1:colcon.colcon_core.package_identification:_identify(ThirdParty/BehaviorTree.ROS2/btcpp_ros2_samples) by extension 'ros'
[0.191s] DEBUG:colcon.colcon_core.package_identification:Package 'ThirdParty/BehaviorTree.ROS2/btcpp_ros2_samples' with type 'ros.ament_cmake' and name 'btcpp_ros2_samples'
[0.191s] Level 1:colcon.colcon_core.package_identification:_identify(ThirdParty/grab2) by extensions ['ignore', 'ignore_ament_install']
[0.191s] Level 1:colcon.colcon_core.package_identification:_identify(ThirdParty/grab2) by extension 'ignore'
[0.191s] Level 1:colcon.colcon_core.package_identification:_identify(ThirdParty/grab2) by extension 'ignore_ament_install'
[0.191s] Level 1:colcon.colcon_core.package_identification:_identify(ThirdParty/grab2) by extensions ['colcon_pkg']
[0.191s] Level 1:colcon.colcon_core.package_identification:_identify(ThirdParty/grab2) by extension 'colcon_pkg'
[0.191s] Level 1:colcon.colcon_core.package_identification:_identify(ThirdParty/grab2) by extensions ['colcon_meta']
[0.191s] Level 1:colcon.colcon_core.package_identification:_identify(ThirdParty/grab2) by extension 'colcon_meta'
[0.191s] Level 1:colcon.colcon_core.package_identification:_identify(ThirdParty/grab2) by extensions ['ros']
[0.191s] Level 1:colcon.colcon_core.package_identification:_identify(ThirdParty/grab2) by extension 'ros'
[0.192s] Level 1:colcon.colcon_core.package_identification:_identify(ThirdParty/grab2) by extensions ['cmake', 'python']
[0.192s] Level 1:colcon.colcon_core.package_identification:_identify(ThirdParty/grab2) by extension 'cmake'
[0.192s] Level 1:colcon.colcon_core.package_identification:_identify(ThirdParty/grab2) by extension 'python'
[0.192s] Level 1:colcon.colcon_core.package_identification:_identify(ThirdParty/grab2) by extensions ['python_setup_py']
[0.192s] Level 1:colcon.colcon_core.package_identification:_identify(ThirdParty/grab2) by extension 'python_setup_py'
[0.192s] Level 1:colcon.colcon_core.package_identification:_identify(ThirdParty/grab2/docs) by extensions ['ignore', 'ignore_ament_install']
[0.192s] Level 1:colcon.colcon_core.package_identification:_identify(ThirdParty/grab2/docs) by extension 'ignore'
[0.192s] Level 1:colcon.colcon_core.package_identification:_identify(ThirdParty/grab2/docs) ignored
[0.192s] Level 1:colcon.colcon_core.package_identification:_identify(ThirdParty/grab2/grab2_behavior_tree) by extensions ['ignore', 'ignore_ament_install']
[0.192s] Level 1:colcon.colcon_core.package_identification:_identify(ThirdParty/grab2/grab2_behavior_tree) by extension 'ignore'
[0.192s] Level 1:colcon.colcon_core.package_identification:_identify(ThirdParty/grab2/grab2_behavior_tree) by extension 'ignore_ament_install'
[0.192s] Level 1:colcon.colcon_core.package_identification:_identify(ThirdParty/grab2/grab2_behavior_tree) by extensions ['colcon_pkg']
[0.192s] Level 1:colcon.colcon_core.package_identification:_identify(ThirdParty/grab2/grab2_behavior_tree) by extension 'colcon_pkg'
[0.192s] Level 1:colcon.colcon_core.package_identification:_identify(ThirdParty/grab2/grab2_behavior_tree) by extensions ['colcon_meta']
[0.192s] Level 1:colcon.colcon_core.package_identification:_identify(ThirdParty/grab2/grab2_behavior_tree) by extension 'colcon_meta'
[0.192s] Level 1:colcon.colcon_core.package_identification:_identify(ThirdParty/grab2/grab2_behavior_tree) by extensions ['ros']
[0.192s] Level 1:colcon.colcon_core.package_identification:_identify(ThirdParty/grab2/grab2_behavior_tree) by extension 'ros'
[0.194s] DEBUG:colcon.colcon_core.package_identification:Package 'ThirdParty/grab2/grab2_behavior_tree' with type 'ros.ament_cmake' and name 'grab2_behavior_tree'
[0.194s] Level 1:colcon.colcon_core.package_identification:_identify(ThirdParty/grab2/grab2_bt_grabber) by extensions ['ignore', 'ignore_ament_install']
[0.194s] Level 1:colcon.colcon_core.package_identification:_identify(ThirdParty/grab2/grab2_bt_grabber) by extension 'ignore'
[0.194s] Level 1:colcon.colcon_core.package_identification:_identify(ThirdParty/grab2/grab2_bt_grabber) by extension 'ignore_ament_install'
[0.194s] Level 1:colcon.colcon_core.package_identification:_identify(ThirdParty/grab2/grab2_bt_grabber) by extensions ['colcon_pkg']
[0.194s] Level 1:colcon.colcon_core.package_identification:_identify(ThirdParty/grab2/grab2_bt_grabber) by extension 'colcon_pkg'
[0.194s] Level 1:colcon.colcon_core.package_identification:_identify(ThirdParty/grab2/grab2_bt_grabber) by extensions ['colcon_meta']
[0.194s] Level 1:colcon.colcon_core.package_identification:_identify(ThirdParty/grab2/grab2_bt_grabber) by extension 'colcon_meta'
[0.194s] Level 1:colcon.colcon_core.package_identification:_identify(ThirdParty/grab2/grab2_bt_grabber) by extensions ['ros']
[0.194s] Level 1:colcon.colcon_core.package_identification:_identify(ThirdParty/grab2/grab2_bt_grabber) by extension 'ros'
[0.195s] DEBUG:colcon.colcon_core.package_identification:Package 'ThirdParty/grab2/grab2_bt_grabber' with type 'ros.ament_cmake' and name 'grab2_bt_grabber'
[0.195s] Level 1:colcon.colcon_core.package_identification:_identify(ThirdParty/grab2/grab2_controller) by extensions ['ignore', 'ignore_ament_install']
[0.195s] Level 1:colcon.colcon_core.package_identification:_identify(ThirdParty/grab2/grab2_controller) by extension 'ignore'
[0.195s] Level 1:colcon.colcon_core.package_identification:_identify(ThirdParty/grab2/grab2_controller) by extension 'ignore_ament_install'
[0.195s] Level 1:colcon.colcon_core.package_identification:_identify(ThirdParty/grab2/grab2_controller) by extensions ['colcon_pkg']
[0.195s] Level 1:colcon.colcon_core.package_identification:_identify(ThirdParty/grab2/grab2_controller) by extension 'colcon_pkg'
[0.195s] Level 1:colcon.colcon_core.package_identification:_identify(ThirdParty/grab2/grab2_controller) by extensions ['colcon_meta']
[0.195s] Level 1:colcon.colcon_core.package_identification:_identify(ThirdParty/grab2/grab2_controller) by extension 'colcon_meta'
[0.195s] Level 1:colcon.colcon_core.package_identification:_identify(ThirdParty/grab2/grab2_controller) by extensions ['ros']
[0.195s] Level 1:colcon.colcon_core.package_identification:_identify(ThirdParty/grab2/grab2_controller) by extension 'ros'
[0.197s] DEBUG:colcon.colcon_core.package_identification:Package 'ThirdParty/grab2/grab2_controller' with type 'ros.ament_cmake' and name 'grab2_controller'
[0.197s] Level 1:colcon.colcon_core.package_identification:_identify(ThirdParty/grab2/grab2_curobo_planner) by extensions ['ignore', 'ignore_ament_install']
[0.197s] Level 1:colcon.colcon_core.package_identification:_identify(ThirdParty/grab2/grab2_curobo_planner) by extension 'ignore'
[0.197s] Level 1:colcon.colcon_core.package_identification:_identify(ThirdParty/grab2/grab2_curobo_planner) by extension 'ignore_ament_install'
[0.197s] Level 1:colcon.colcon_core.package_identification:_identify(ThirdParty/grab2/grab2_curobo_planner) by extensions ['colcon_pkg']
[0.197s] Level 1:colcon.colcon_core.package_identification:_identify(ThirdParty/grab2/grab2_curobo_planner) by extension 'colcon_pkg'
[0.197s] Level 1:colcon.colcon_core.package_identification:_identify(ThirdParty/grab2/grab2_curobo_planner) by extensions ['colcon_meta']
[0.197s] Level 1:colcon.colcon_core.package_identification:_identify(ThirdParty/grab2/grab2_curobo_planner) by extension 'colcon_meta'
[0.197s] Level 1:colcon.colcon_core.package_identification:_identify(ThirdParty/grab2/grab2_curobo_planner) by extensions ['ros']
[0.197s] Level 1:colcon.colcon_core.package_identification:_identify(ThirdParty/grab2/grab2_curobo_planner) by extension 'ros'
[0.198s] DEBUG:colcon.colcon_core.package_identification:Package 'ThirdParty/grab2/grab2_curobo_planner' with type 'ros.ament_python' and name 'grab2_curobo_planner'
[0.198s] Level 1:colcon.colcon_core.package_identification:_identify(ThirdParty/grab2/grab2_grasp_generator) by extensions ['ignore', 'ignore_ament_install']
[0.198s] Level 1:colcon.colcon_core.package_identification:_identify(ThirdParty/grab2/grab2_grasp_generator) by extension 'ignore'
[0.198s] Level 1:colcon.colcon_core.package_identification:_identify(ThirdParty/grab2/grab2_grasp_generator) by extension 'ignore_ament_install'
[0.198s] Level 1:colcon.colcon_core.package_identification:_identify(ThirdParty/grab2/grab2_grasp_generator) by extensions ['colcon_pkg']
[0.198s] Level 1:colcon.colcon_core.package_identification:_identify(ThirdParty/grab2/grab2_grasp_generator) by extension 'colcon_pkg'
[0.198s] Level 1:colcon.colcon_core.package_identification:_identify(ThirdParty/grab2/grab2_grasp_generator) by extensions ['colcon_meta']
[0.198s] Level 1:colcon.colcon_core.package_identification:_identify(ThirdParty/grab2/grab2_grasp_generator) by extension 'colcon_meta'
[0.198s] Level 1:colcon.colcon_core.package_identification:_identify(ThirdParty/grab2/grab2_grasp_generator) by extensions ['ros']
[0.198s] Level 1:colcon.colcon_core.package_identification:_identify(ThirdParty/grab2/grab2_grasp_generator) by extension 'ros'
[0.199s] DEBUG:colcon.colcon_core.package_identification:Package 'ThirdParty/grab2/grab2_grasp_generator' with type 'ros.ament_cmake' and name 'grab2_grasp_generator'
[0.199s] Level 1:colcon.colcon_core.package_identification:_identify(ThirdParty/grab2/grab2_msgs) by extensions ['ignore', 'ignore_ament_install']
[0.199s] Level 1:colcon.colcon_core.package_identification:_identify(ThirdParty/grab2/grab2_msgs) by extension 'ignore'
[0.199s] Level 1:colcon.colcon_core.package_identification:_identify(ThirdParty/grab2/grab2_msgs) by extension 'ignore_ament_install'
[0.199s] Level 1:colcon.colcon_core.package_identification:_identify(ThirdParty/grab2/grab2_msgs) by extensions ['colcon_pkg']
[0.199s] Level 1:colcon.colcon_core.package_identification:_identify(ThirdParty/grab2/grab2_msgs) by extension 'colcon_pkg'
[0.200s] Level 1:colcon.colcon_core.package_identification:_identify(ThirdParty/grab2/grab2_msgs) by extensions ['colcon_meta']
[0.200s] Level 1:colcon.colcon_core.package_identification:_identify(ThirdParty/grab2/grab2_msgs) by extension 'colcon_meta'
[0.200s] Level 1:colcon.colcon_core.package_identification:_identify(ThirdParty/grab2/grab2_msgs) by extensions ['ros']
[0.200s] Level 1:colcon.colcon_core.package_identification:_identify(ThirdParty/grab2/grab2_msgs) by extension 'ros'
[0.200s] DEBUG:colcon.colcon_core.package_identification:Package 'ThirdParty/grab2/grab2_msgs' with type 'ros.ament_cmake' and name 'grab2_msgs'
[0.200s] Level 1:colcon.colcon_core.package_identification:_identify(ThirdParty/grab2/grab2_planner) by extensions ['ignore', 'ignore_ament_install']
[0.201s] Level 1:colcon.colcon_core.package_identification:_identify(ThirdParty/grab2/grab2_planner) by extension 'ignore'
[0.201s] Level 1:colcon.colcon_core.package_identification:_identify(ThirdParty/grab2/grab2_planner) by extension 'ignore_ament_install'
[0.201s] Level 1:colcon.colcon_core.package_identification:_identify(ThirdParty/grab2/grab2_planner) by extensions ['colcon_pkg']
[0.201s] Level 1:colcon.colcon_core.package_identification:_identify(ThirdParty/grab2/grab2_planner) by extension 'colcon_pkg'
[0.201s] Level 1:colcon.colcon_core.package_identification:_identify(ThirdParty/grab2/grab2_planner) by extensions ['colcon_meta']
[0.201s] Level 1:colcon.colcon_core.package_identification:_identify(ThirdParty/grab2/grab2_planner) by extension 'colcon_meta'
[0.201s] Level 1:colcon.colcon_core.package_identification:_identify(ThirdParty/grab2/grab2_planner) by extensions ['ros']
[0.201s] Level 1:colcon.colcon_core.package_identification:_identify(ThirdParty/grab2/grab2_planner) by extension 'ros'
[0.202s] DEBUG:colcon.colcon_core.package_identification:Package 'ThirdParty/grab2/grab2_planner' with type 'ros.ament_cmake' and name 'grab2_planner'
[0.202s] Level 1:colcon.colcon_core.package_identification:_identify(ThirdParty/grab2/grab2_ros_common) by extensions ['ignore', 'ignore_ament_install']
[0.202s] Level 1:colcon.colcon_core.package_identification:_identify(ThirdParty/grab2/grab2_ros_common) by extension 'ignore'
[0.203s] Level 1:colcon.colcon_core.package_identification:_identify(ThirdParty/grab2/grab2_ros_common) by extension 'ignore_ament_install'
[0.203s] Level 1:colcon.colcon_core.package_identification:_identify(ThirdParty/grab2/grab2_ros_common) by extensions ['colcon_pkg']
[0.203s] Level 1:colcon.colcon_core.package_identification:_identify(ThirdParty/grab2/grab2_ros_common) by extension 'colcon_pkg'
[0.203s] Level 1:colcon.colcon_core.package_identification:_identify(ThirdParty/grab2/grab2_ros_common) by extensions ['colcon_meta']
[0.203s] Level 1:colcon.colcon_core.package_identification:_identify(ThirdParty/grab2/grab2_ros_common) by extension 'colcon_meta'
[0.203s] Level 1:colcon.colcon_core.package_identification:_identify(ThirdParty/grab2/grab2_ros_common) by extensions ['ros']
[0.203s] Level 1:colcon.colcon_core.package_identification:_identify(ThirdParty/grab2/grab2_ros_common) by extension 'ros'
[0.204s] DEBUG:colcon.colcon_core.package_identification:Package 'ThirdParty/grab2/grab2_ros_common' with type 'ros.ament_cmake' and name 'grab2_ros_common'
[0.204s] Level 1:colcon.colcon_core.package_identification:_identify(ThirdParty/grab2/isaac_sim_worlds) by extensions ['ignore', 'ignore_ament_install']
[0.204s] Level 1:colcon.colcon_core.package_identification:_identify(ThirdParty/grab2/isaac_sim_worlds) by extension 'ignore'
[0.204s] Level 1:colcon.colcon_core.package_identification:_identify(ThirdParty/grab2/isaac_sim_worlds) by extension 'ignore_ament_install'
[0.204s] Level 1:colcon.colcon_core.package_identification:_identify(ThirdParty/grab2/isaac_sim_worlds) by extensions ['colcon_pkg']
[0.204s] Level 1:colcon.colcon_core.package_identification:_identify(ThirdParty/grab2/isaac_sim_worlds) by extension 'colcon_pkg'
[0.204s] Level 1:colcon.colcon_core.package_identification:_identify(ThirdParty/grab2/isaac_sim_worlds) by extensions ['colcon_meta']
[0.204s] Level 1:colcon.colcon_core.package_identification:_identify(ThirdParty/grab2/isaac_sim_worlds) by extension 'colcon_meta'
[0.204s] Level 1:colcon.colcon_core.package_identification:_identify(ThirdParty/grab2/isaac_sim_worlds) by extensions ['ros']
[0.204s] Level 1:colcon.colcon_core.package_identification:_identify(ThirdParty/grab2/isaac_sim_worlds) by extension 'ros'
[0.204s] Level 1:colcon.colcon_core.package_identification:_identify(ThirdParty/grab2/isaac_sim_worlds) by extensions ['cmake', 'python']
[0.204s] Level 1:colcon.colcon_core.package_identification:_identify(ThirdParty/grab2/isaac_sim_worlds) by extension 'cmake'
[0.204s] Level 1:colcon.colcon_core.package_identification:_identify(ThirdParty/grab2/isaac_sim_worlds) by extension 'python'
[0.204s] Level 1:colcon.colcon_core.package_identification:_identify(ThirdParty/grab2/isaac_sim_worlds) by extensions ['python_setup_py']
[0.204s] Level 1:colcon.colcon_core.package_identification:_identify(ThirdParty/grab2/isaac_sim_worlds) by extension 'python_setup_py'
[0.205s] Level 1:colcon.colcon_core.package_identification:_identify(ThirdParty/grab2/isaac_sim_worlds/assets) by extensions ['ignore', 'ignore_ament_install']
[0.205s] Level 1:colcon.colcon_core.package_identification:_identify(ThirdParty/grab2/isaac_sim_worlds/assets) by extension 'ignore'
[0.205s] Level 1:colcon.colcon_core.package_identification:_identify(ThirdParty/grab2/isaac_sim_worlds/assets) by extension 'ignore_ament_install'
[0.205s] Level 1:colcon.colcon_core.package_identification:_identify(ThirdParty/grab2/isaac_sim_worlds/assets) by extensions ['colcon_pkg']
[0.205s] Level 1:colcon.colcon_core.package_identification:_identify(ThirdParty/grab2/isaac_sim_worlds/assets) by extension 'colcon_pkg'
[0.205s] Level 1:colcon.colcon_core.package_identification:_identify(ThirdParty/grab2/isaac_sim_worlds/assets) by extensions ['colcon_meta']
[0.205s] Level 1:colcon.colcon_core.package_identification:_identify(ThirdParty/grab2/isaac_sim_worlds/assets) by extension 'colcon_meta'
[0.205s] Level 1:colcon.colcon_core.package_identification:_identify(ThirdParty/grab2/isaac_sim_worlds/assets) by extensions ['ros']
[0.205s] Level 1:colcon.colcon_core.package_identification:_identify(ThirdParty/grab2/isaac_sim_worlds/assets) by extension 'ros'
[0.205s] Level 1:colcon.colcon_core.package_identification:_identify(ThirdParty/grab2/isaac_sim_worlds/assets) by extensions ['cmake', 'python']
[0.205s] Level 1:colcon.colcon_core.package_identification:_identify(ThirdParty/grab2/isaac_sim_worlds/assets) by extension 'cmake'
[0.205s] Level 1:colcon.colcon_core.package_identification:_identify(ThirdParty/grab2/isaac_sim_worlds/assets) by extension 'python'
[0.205s] Level 1:colcon.colcon_core.package_identification:_identify(ThirdParty/grab2/isaac_sim_worlds/assets) by extensions ['python_setup_py']
[0.205s] Level 1:colcon.colcon_core.package_identification:_identify(ThirdParty/grab2/isaac_sim_worlds/assets) by extension 'python_setup_py'
[0.205s] Level 1:colcon.colcon_core.package_identification:_identify(ThirdParty/grab2/isaac_sim_worlds/assets/objects) by extensions ['ignore', 'ignore_ament_install']
[0.205s] Level 1:colcon.colcon_core.package_identification:_identify(ThirdParty/grab2/isaac_sim_worlds/assets/objects) by extension 'ignore'
[0.205s] Level 1:colcon.colcon_core.package_identification:_identify(ThirdParty/grab2/isaac_sim_worlds/assets/objects) by extension 'ignore_ament_install'
[0.206s] Level 1:colcon.colcon_core.package_identification:_identify(ThirdParty/grab2/isaac_sim_worlds/assets/objects) by extensions ['colcon_pkg']
[0.206s] Level 1:colcon.colcon_core.package_identification:_identify(ThirdParty/grab2/isaac_sim_worlds/assets/objects) by extension 'colcon_pkg'
[0.206s] Level 1:colcon.colcon_core.package_identification:_identify(ThirdParty/grab2/isaac_sim_worlds/assets/objects) by extensions ['colcon_meta']
[0.206s] Level 1:colcon.colcon_core.package_identification:_identify(ThirdParty/grab2/isaac_sim_worlds/assets/objects) by extension 'colcon_meta'
[0.206s] Level 1:colcon.colcon_core.package_identification:_identify(ThirdParty/grab2/isaac_sim_worlds/assets/objects) by extensions ['ros']
[0.206s] Level 1:colcon.colcon_core.package_identification:_identify(ThirdParty/grab2/isaac_sim_worlds/assets/objects) by extension 'ros'
[0.206s] Level 1:colcon.colcon_core.package_identification:_identify(ThirdParty/grab2/isaac_sim_worlds/assets/objects) by extensions ['cmake', 'python']
[0.206s] Level 1:colcon.colcon_core.package_identification:_identify(ThirdParty/grab2/isaac_sim_worlds/assets/objects) by extension 'cmake'
[0.206s] Level 1:colcon.colcon_core.package_identification:_identify(ThirdParty/grab2/isaac_sim_worlds/assets/objects) by extension 'python'
[0.206s] Level 1:colcon.colcon_core.package_identification:_identify(ThirdParty/grab2/isaac_sim_worlds/assets/objects) by extensions ['python_setup_py']
[0.206s] Level 1:colcon.colcon_core.package_identification:_identify(ThirdParty/grab2/isaac_sim_worlds/assets/objects) by extension 'python_setup_py'
[0.206s] Level 1:colcon.colcon_core.package_identification:_identify(ThirdParty/grab2/isaac_sim_worlds/assets/robots) by extensions ['ignore', 'ignore_ament_install']
[0.206s] Level 1:colcon.colcon_core.package_identification:_identify(ThirdParty/grab2/isaac_sim_worlds/assets/robots) by extension 'ignore'
[0.206s] Level 1:colcon.colcon_core.package_identification:_identify(ThirdParty/grab2/isaac_sim_worlds/assets/robots) by extension 'ignore_ament_install'
[0.206s] Level 1:colcon.colcon_core.package_identification:_identify(ThirdParty/grab2/isaac_sim_worlds/assets/robots) by extensions ['colcon_pkg']
[0.206s] Level 1:colcon.colcon_core.package_identification:_identify(ThirdParty/grab2/isaac_sim_worlds/assets/robots) by extension 'colcon_pkg'
[0.206s] Level 1:colcon.colcon_core.package_identification:_identify(ThirdParty/grab2/isaac_sim_worlds/assets/robots) by extensions ['colcon_meta']
[0.206s] Level 1:colcon.colcon_core.package_identification:_identify(ThirdParty/grab2/isaac_sim_worlds/assets/robots) by extension 'colcon_meta'
[0.206s] Level 1:colcon.colcon_core.package_identification:_identify(ThirdParty/grab2/isaac_sim_worlds/assets/robots) by extensions ['ros']
[0.206s] Level 1:colcon.colcon_core.package_identification:_identify(ThirdParty/grab2/isaac_sim_worlds/assets/robots) by extension 'ros'
[0.207s] Level 1:colcon.colcon_core.package_identification:_identify(ThirdParty/grab2/isaac_sim_worlds/assets/robots) by extensions ['cmake', 'python']
[0.207s] Level 1:colcon.colcon_core.package_identification:_identify(ThirdParty/grab2/isaac_sim_worlds/assets/robots) by extension 'cmake'
[0.207s] Level 1:colcon.colcon_core.package_identification:_identify(ThirdParty/grab2/isaac_sim_worlds/assets/robots) by extension 'python'
[0.207s] Level 1:colcon.colcon_core.package_identification:_identify(ThirdParty/grab2/isaac_sim_worlds/assets/robots) by extensions ['python_setup_py']
[0.207s] Level 1:colcon.colcon_core.package_identification:_identify(ThirdParty/grab2/isaac_sim_worlds/assets/robots) by extension 'python_setup_py'
[0.207s] Level 1:colcon.colcon_core.package_identification:_identify(ThirdParty/grab2/isaac_sim_worlds/assets/worlds) by extensions ['ignore', 'ignore_ament_install']
[0.207s] Level 1:colcon.colcon_core.package_identification:_identify(ThirdParty/grab2/isaac_sim_worlds/assets/worlds) by extension 'ignore'
[0.207s] Level 1:colcon.colcon_core.package_identification:_identify(ThirdParty/grab2/isaac_sim_worlds/assets/worlds) by extension 'ignore_ament_install'
[0.207s] Level 1:colcon.colcon_core.package_identification:_identify(ThirdParty/grab2/isaac_sim_worlds/assets/worlds) by extensions ['colcon_pkg']
[0.207s] Level 1:colcon.colcon_core.package_identification:_identify(ThirdParty/grab2/isaac_sim_worlds/assets/worlds) by extension 'colcon_pkg'
[0.207s] Level 1:colcon.colcon_core.package_identification:_identify(ThirdParty/grab2/isaac_sim_worlds/assets/worlds) by extensions ['colcon_meta']
[0.207s] Level 1:colcon.colcon_core.package_identification:_identify(ThirdParty/grab2/isaac_sim_worlds/assets/worlds) by extension 'colcon_meta'
[0.207s] Level 1:colcon.colcon_core.package_identification:_identify(ThirdParty/grab2/isaac_sim_worlds/assets/worlds) by extensions ['ros']
[0.207s] Level 1:colcon.colcon_core.package_identification:_identify(ThirdParty/grab2/isaac_sim_worlds/assets/worlds) by extension 'ros'
[0.207s] Level 1:colcon.colcon_core.package_identification:_identify(ThirdParty/grab2/isaac_sim_worlds/assets/worlds) by extensions ['cmake', 'python']
[0.207s] Level 1:colcon.colcon_core.package_identification:_identify(ThirdParty/grab2/isaac_sim_worlds/assets/worlds) by extension 'cmake'
[0.207s] Level 1:colcon.colcon_core.package_identification:_identify(ThirdParty/grab2/isaac_sim_worlds/assets/worlds) by extension 'python'
[0.207s] Level 1:colcon.colcon_core.package_identification:_identify(ThirdParty/grab2/isaac_sim_worlds/assets/worlds) by extensions ['python_setup_py']
[0.207s] Level 1:colcon.colcon_core.package_identification:_identify(ThirdParty/grab2/isaac_sim_worlds/assets/worlds) by extension 'python_setup_py'
[0.208s] Level 1:colcon.colcon_core.package_identification:_identify(ThirdParty/grab2/isaac_sim_worlds/assets/worlds/toybox_world) by extensions ['ignore', 'ignore_ament_install']
[0.208s] Level 1:colcon.colcon_core.package_identification:_identify(ThirdParty/grab2/isaac_sim_worlds/assets/worlds/toybox_world) by extension 'ignore'
[0.208s] Level 1:colcon.colcon_core.package_identification:_identify(ThirdParty/grab2/isaac_sim_worlds/assets/worlds/toybox_world) by extension 'ignore_ament_install'
[0.208s] Level 1:colcon.colcon_core.package_identification:_identify(ThirdParty/grab2/isaac_sim_worlds/assets/worlds/toybox_world) by extensions ['colcon_pkg']
[0.208s] Level 1:colcon.colcon_core.package_identification:_identify(ThirdParty/grab2/isaac_sim_worlds/assets/worlds/toybox_world) by extension 'colcon_pkg'
[0.208s] Level 1:colcon.colcon_core.package_identification:_identify(ThirdParty/grab2/isaac_sim_worlds/assets/worlds/toybox_world) by extensions ['colcon_meta']
[0.208s] Level 1:colcon.colcon_core.package_identification:_identify(ThirdParty/grab2/isaac_sim_worlds/assets/worlds/toybox_world) by extension 'colcon_meta'
[0.208s] Level 1:colcon.colcon_core.package_identification:_identify(ThirdParty/grab2/isaac_sim_worlds/assets/worlds/toybox_world) by extensions ['ros']
[0.208s] Level 1:colcon.colcon_core.package_identification:_identify(ThirdParty/grab2/isaac_sim_worlds/assets/worlds/toybox_world) by extension 'ros'
[0.208s] Level 1:colcon.colcon_core.package_identification:_identify(ThirdParty/grab2/isaac_sim_worlds/assets/worlds/toybox_world) by extensions ['cmake', 'python']
[0.208s] Level 1:colcon.colcon_core.package_identification:_identify(ThirdParty/grab2/isaac_sim_worlds/assets/worlds/toybox_world) by extension 'cmake'
[0.208s] Level 1:colcon.colcon_core.package_identification:_identify(ThirdParty/grab2/isaac_sim_worlds/assets/worlds/toybox_world) by extension 'python'
[0.208s] Level 1:colcon.colcon_core.package_identification:_identify(ThirdParty/grab2/isaac_sim_worlds/assets/worlds/toybox_world) by extensions ['python_setup_py']
[0.208s] Level 1:colcon.colcon_core.package_identification:_identify(ThirdParty/grab2/isaac_sim_worlds/assets/worlds/toybox_world) by extension 'python_setup_py'
[0.208s] Level 1:colcon.colcon_core.package_identification:_identify(ThirdParty/grab2/isaac_sim_worlds/assets/worlds/toybox_world/Textures) by extensions ['ignore', 'ignore_ament_install']
[0.208s] Level 1:colcon.colcon_core.package_identification:_identify(ThirdParty/grab2/isaac_sim_worlds/assets/worlds/toybox_world/Textures) by extension 'ignore'
[0.208s] Level 1:colcon.colcon_core.package_identification:_identify(ThirdParty/grab2/isaac_sim_worlds/assets/worlds/toybox_world/Textures) by extension 'ignore_ament_install'
[0.208s] Level 1:colcon.colcon_core.package_identification:_identify(ThirdParty/grab2/isaac_sim_worlds/assets/worlds/toybox_world/Textures) by extensions ['colcon_pkg']
[0.209s] Level 1:colcon.colcon_core.package_identification:_identify(ThirdParty/grab2/isaac_sim_worlds/assets/worlds/toybox_world/Textures) by extension 'colcon_pkg'
[0.209s] Level 1:colcon.colcon_core.package_identification:_identify(ThirdParty/grab2/isaac_sim_worlds/assets/worlds/toybox_world/Textures) by extensions ['colcon_meta']
[0.209s] Level 1:colcon.colcon_core.package_identification:_identify(ThirdParty/grab2/isaac_sim_worlds/assets/worlds/toybox_world/Textures) by extension 'colcon_meta'
[0.209s] Level 1:colcon.colcon_core.package_identification:_identify(ThirdParty/grab2/isaac_sim_worlds/assets/worlds/toybox_world/Textures) by extensions ['ros']
[0.209s] Level 1:colcon.colcon_core.package_identification:_identify(ThirdParty/grab2/isaac_sim_worlds/assets/worlds/toybox_world/Textures) by extension 'ros'
[0.209s] Level 1:colcon.colcon_core.package_identification:_identify(ThirdParty/grab2/isaac_sim_worlds/assets/worlds/toybox_world/Textures) by extensions ['cmake', 'python']
[0.209s] Level 1:colcon.colcon_core.package_identification:_identify(ThirdParty/grab2/isaac_sim_worlds/assets/worlds/toybox_world/Textures) by extension 'cmake'
[0.209s] Level 1:colcon.colcon_core.package_identification:_identify(ThirdParty/grab2/isaac_sim_worlds/assets/worlds/toybox_world/Textures) by extension 'python'
[0.209s] Level 1:colcon.colcon_core.package_identification:_identify(ThirdParty/grab2/isaac_sim_worlds/assets/worlds/toybox_world/Textures) by extensions ['python_setup_py']
[0.209s] Level 1:colcon.colcon_core.package_identification:_identify(ThirdParty/grab2/isaac_sim_worlds/assets/worlds/toybox_world/Textures) by extension 'python_setup_py'
[0.209s] Level 1:colcon.colcon_core.package_identification:_identify(ThirdParty/grab2/isaac_sim_worlds/grab2_utils) by extensions ['ignore', 'ignore_ament_install']
[0.209s] Level 1:colcon.colcon_core.package_identification:_identify(ThirdParty/grab2/isaac_sim_worlds/grab2_utils) by extension 'ignore'
[0.209s] Level 1:colcon.colcon_core.package_identification:_identify(ThirdParty/grab2/isaac_sim_worlds/grab2_utils) by extension 'ignore_ament_install'
[0.209s] Level 1:colcon.colcon_core.package_identification:_identify(ThirdParty/grab2/isaac_sim_worlds/grab2_utils) by extensions ['colcon_pkg']
[0.209s] Level 1:colcon.colcon_core.package_identification:_identify(ThirdParty/grab2/isaac_sim_worlds/grab2_utils) by extension 'colcon_pkg'
[0.209s] Level 1:colcon.colcon_core.package_identification:_identify(ThirdParty/grab2/isaac_sim_worlds/grab2_utils) by extensions ['colcon_meta']
[0.209s] Level 1:colcon.colcon_core.package_identification:_identify(ThirdParty/grab2/isaac_sim_worlds/grab2_utils) by extension 'colcon_meta'
[0.209s] Level 1:colcon.colcon_core.package_identification:_identify(ThirdParty/grab2/isaac_sim_worlds/grab2_utils) by extensions ['ros']
[0.209s] Level 1:colcon.colcon_core.package_identification:_identify(ThirdParty/grab2/isaac_sim_worlds/grab2_utils) by extension 'ros'
[0.209s] Level 1:colcon.colcon_core.package_identification:_identify(ThirdParty/grab2/isaac_sim_worlds/grab2_utils) by extensions ['cmake', 'python']
[0.210s] Level 1:colcon.colcon_core.package_identification:_identify(ThirdParty/grab2/isaac_sim_worlds/grab2_utils) by extension 'cmake'
[0.210s] Level 1:colcon.colcon_core.package_identification:_identify(ThirdParty/grab2/isaac_sim_worlds/grab2_utils) by extension 'python'
[0.210s] Level 1:colcon.colcon_core.package_identification:_identify(ThirdParty/grab2/isaac_sim_worlds/grab2_utils) by extensions ['python_setup_py']
[0.210s] Level 1:colcon.colcon_core.package_identification:_identify(ThirdParty/grab2/isaac_sim_worlds/grab2_utils) by extension 'python_setup_py'
[0.210s] Level 1:colcon.colcon_core.package_identification:_identify(ThirdParty/launch_pal) by extensions ['ignore', 'ignore_ament_install']
[0.210s] Level 1:colcon.colcon_core.package_identification:_identify(ThirdParty/launch_pal) by extension 'ignore'
[0.210s] Level 1:colcon.colcon_core.package_identification:_identify(ThirdParty/launch_pal) by extension 'ignore_ament_install'
[0.210s] Level 1:colcon.colcon_core.package_identification:_identify(ThirdParty/launch_pal) by extensions ['colcon_pkg']
[0.210s] Level 1:colcon.colcon_core.package_identification:_identify(ThirdParty/launch_pal) by extension 'colcon_pkg'
[0.210s] Level 1:colcon.colcon_core.package_identification:_identify(ThirdParty/launch_pal) by extensions ['colcon_meta']
[0.210s] Level 1:colcon.colcon_core.package_identification:_identify(ThirdParty/launch_pal) by extension 'colcon_meta'
[0.210s] Level 1:colcon.colcon_core.package_identification:_identify(ThirdParty/launch_pal) by extensions ['ros']
[0.210s] Level 1:colcon.colcon_core.package_identification:_identify(ThirdParty/launch_pal) by extension 'ros'
[0.211s] DEBUG:colcon.colcon_core.package_identification:Package 'ThirdParty/launch_pal' with type 'ros.ament_python' and name 'launch_pal'
[0.211s] Level 1:colcon.colcon_core.package_identification:_identify(ThirdParty/pal_gripper) by extensions ['ignore', 'ignore_ament_install']
[0.211s] Level 1:colcon.colcon_core.package_identification:_identify(ThirdParty/pal_gripper) by extension 'ignore'
[0.211s] Level 1:colcon.colcon_core.package_identification:_identify(ThirdParty/pal_gripper) by extension 'ignore_ament_install'
[0.211s] Level 1:colcon.colcon_core.package_identification:_identify(ThirdParty/pal_gripper) by extensions ['colcon_pkg']
[0.211s] Level 1:colcon.colcon_core.package_identification:_identify(ThirdParty/pal_gripper) by extension 'colcon_pkg'
[0.211s] Level 1:colcon.colcon_core.package_identification:_identify(ThirdParty/pal_gripper) by extensions ['colcon_meta']
[0.211s] Level 1:colcon.colcon_core.package_identification:_identify(ThirdParty/pal_gripper) by extension 'colcon_meta'
[0.211s] Level 1:colcon.colcon_core.package_identification:_identify(ThirdParty/pal_gripper) by extensions ['ros']
[0.211s] Level 1:colcon.colcon_core.package_identification:_identify(ThirdParty/pal_gripper) by extension 'ros'
[0.211s] Level 1:colcon.colcon_core.package_identification:_identify(ThirdParty/pal_gripper) by extensions ['cmake', 'python']
[0.211s] Level 1:colcon.colcon_core.package_identification:_identify(ThirdParty/pal_gripper) by extension 'cmake'
[0.211s] Level 1:colcon.colcon_core.package_identification:_identify(ThirdParty/pal_gripper) by extension 'python'
[0.211s] Level 1:colcon.colcon_core.package_identification:_identify(ThirdParty/pal_gripper) by extensions ['python_setup_py']
[0.211s] Level 1:colcon.colcon_core.package_identification:_identify(ThirdParty/pal_gripper) by extension 'python_setup_py'
[0.211s] Level 1:colcon.colcon_core.package_identification:_identify(ThirdParty/pal_gripper/pal_gripper) by extensions ['ignore', 'ignore_ament_install']
[0.212s] Level 1:colcon.colcon_core.package_identification:_identify(ThirdParty/pal_gripper/pal_gripper) by extension 'ignore'
[0.212s] Level 1:colcon.colcon_core.package_identification:_identify(ThirdParty/pal_gripper/pal_gripper) by extension 'ignore_ament_install'
[0.212s] Level 1:colcon.colcon_core.package_identification:_identify(ThirdParty/pal_gripper/pal_gripper) by extensions ['colcon_pkg']
[0.212s] Level 1:colcon.colcon_core.package_identification:_identify(ThirdParty/pal_gripper/pal_gripper) by extension 'colcon_pkg'
[0.212s] Level 1:colcon.colcon_core.package_identification:_identify(ThirdParty/pal_gripper/pal_gripper) by extensions ['colcon_meta']
[0.212s] Level 1:colcon.colcon_core.package_identification:_identify(ThirdParty/pal_gripper/pal_gripper) by extension 'colcon_meta'
[0.212s] Level 1:colcon.colcon_core.package_identification:_identify(ThirdParty/pal_gripper/pal_gripper) by extensions ['ros']
[0.212s] Level 1:colcon.colcon_core.package_identification:_identify(ThirdParty/pal_gripper/pal_gripper) by extension 'ros'
[0.212s] DEBUG:colcon.colcon_core.package_identification:Package 'ThirdParty/pal_gripper/pal_gripper' with type 'ros.ament_cmake' and name 'pal_gripper'
[0.212s] Level 1:colcon.colcon_core.package_identification:_identify(ThirdParty/pal_gripper/pal_gripper_controller_configuration) by extensions ['ignore', 'ignore_ament_install']
[0.212s] Level 1:colcon.colcon_core.package_identification:_identify(ThirdParty/pal_gripper/pal_gripper_controller_configuration) by extension 'ignore'
[0.213s] Level 1:colcon.colcon_core.package_identification:_identify(ThirdParty/pal_gripper/pal_gripper_controller_configuration) by extension 'ignore_ament_install'
[0.213s] Level 1:colcon.colcon_core.package_identification:_identify(ThirdParty/pal_gripper/pal_gripper_controller_configuration) by extensions ['colcon_pkg']
[0.213s] Level 1:colcon.colcon_core.package_identification:_identify(ThirdParty/pal_gripper/pal_gripper_controller_configuration) by extension 'colcon_pkg'
[0.213s] Level 1:colcon.colcon_core.package_identification:_identify(ThirdParty/pal_gripper/pal_gripper_controller_configuration) by extensions ['colcon_meta']
[0.213s] Level 1:colcon.colcon_core.package_identification:_identify(ThirdParty/pal_gripper/pal_gripper_controller_configuration) by extension 'colcon_meta'
[0.213s] Level 1:colcon.colcon_core.package_identification:_identify(ThirdParty/pal_gripper/pal_gripper_controller_configuration) by extensions ['ros']
[0.213s] Level 1:colcon.colcon_core.package_identification:_identify(ThirdParty/pal_gripper/pal_gripper_controller_configuration) by extension 'ros'
[0.213s] DEBUG:colcon.colcon_core.package_identification:Package 'ThirdParty/pal_gripper/pal_gripper_controller_configuration' with type 'ros.ament_cmake' and name 'pal_gripper_controller_configuration'
[0.213s] Level 1:colcon.colcon_core.package_identification:_identify(ThirdParty/pal_gripper/pal_gripper_description) by extensions ['ignore', 'ignore_ament_install']
[0.213s] Level 1:colcon.colcon_core.package_identification:_identify(ThirdParty/pal_gripper/pal_gripper_description) by extension 'ignore'
[0.213s] Level 1:colcon.colcon_core.package_identification:_identify(ThirdParty/pal_gripper/pal_gripper_description) by extension 'ignore_ament_install'
[0.213s] Level 1:colcon.colcon_core.package_identification:_identify(ThirdParty/pal_gripper/pal_gripper_description) by extensions ['colcon_pkg']
[0.214s] Level 1:colcon.colcon_core.package_identification:_identify(ThirdParty/pal_gripper/pal_gripper_description) by extension 'colcon_pkg'
[0.214s] Level 1:colcon.colcon_core.package_identification:_identify(ThirdParty/pal_gripper/pal_gripper_description) by extensions ['colcon_meta']
[0.214s] Level 1:colcon.colcon_core.package_identification:_identify(ThirdParty/pal_gripper/pal_gripper_description) by extension 'colcon_meta'
[0.214s] Level 1:colcon.colcon_core.package_identification:_identify(ThirdParty/pal_gripper/pal_gripper_description) by extensions ['ros']
[0.214s] Level 1:colcon.colcon_core.package_identification:_identify(ThirdParty/pal_gripper/pal_gripper_description) by extension 'ros'
[0.214s] DEBUG:colcon.colcon_core.package_identification:Package 'ThirdParty/pal_gripper/pal_gripper_description' with type 'ros.ament_cmake' and name 'pal_gripper_description'
[0.214s] Level 1:colcon.colcon_core.package_identification:_identify(ThirdParty/pal_gripper/pal_gripper_gazebo) by extensions ['ignore', 'ignore_ament_install']
[0.214s] Level 1:colcon.colcon_core.package_identification:_identify(ThirdParty/pal_gripper/pal_gripper_gazebo) by extension 'ignore'
[0.214s] Level 1:colcon.colcon_core.package_identification:_identify(ThirdParty/pal_gripper/pal_gripper_gazebo) ignored
[0.214s] Level 1:colcon.colcon_core.package_identification:_identify(ThirdParty/pal_gripper/pal_gripper_simulation) by extensions ['ignore', 'ignore_ament_install']
[0.215s] Level 1:colcon.colcon_core.package_identification:_identify(ThirdParty/pal_gripper/pal_gripper_simulation) by extension 'ignore'
[0.215s] Level 1:colcon.colcon_core.package_identification:_identify(ThirdParty/pal_gripper/pal_gripper_simulation) by extension 'ignore_ament_install'
[0.215s] Level 1:colcon.colcon_core.package_identification:_identify(ThirdParty/pal_gripper/pal_gripper_simulation) by extensions ['colcon_pkg']
[0.215s] Level 1:colcon.colcon_core.package_identification:_identify(ThirdParty/pal_gripper/pal_gripper_simulation) by extension 'colcon_pkg'
[0.215s] Level 1:colcon.colcon_core.package_identification:_identify(ThirdParty/pal_gripper/pal_gripper_simulation) by extensions ['colcon_meta']
[0.215s] Level 1:colcon.colcon_core.package_identification:_identify(ThirdParty/pal_gripper/pal_gripper_simulation) by extension 'colcon_meta'
[0.215s] Level 1:colcon.colcon_core.package_identification:_identify(ThirdParty/pal_gripper/pal_gripper_simulation) by extensions ['ros']
[0.215s] Level 1:colcon.colcon_core.package_identification:_identify(ThirdParty/pal_gripper/pal_gripper_simulation) by extension 'ros'
[0.215s] DEBUG:colcon.colcon_core.package_identification:Package 'ThirdParty/pal_gripper/pal_gripper_simulation' with type 'ros.ament_cmake' and name 'pal_gripper_simulation'
[0.215s] Level 1:colcon.colcon_core.package_identification:_identify(ThirdParty/pal_gripper/pal_parallel_gripper_wrapper) by extensions ['ignore', 'ignore_ament_install']
[0.215s] Level 1:colcon.colcon_core.package_identification:_identify(ThirdParty/pal_gripper/pal_parallel_gripper_wrapper) by extension 'ignore'
[0.215s] Level 1:colcon.colcon_core.package_identification:_identify(ThirdParty/pal_gripper/pal_parallel_gripper_wrapper) ignored
[0.216s] Level 1:colcon.colcon_core.package_identification:_identify(ThirdParty/pal_hey5) by extensions ['ignore', 'ignore_ament_install']
[0.216s] Level 1:colcon.colcon_core.package_identification:_identify(ThirdParty/pal_hey5) by extension 'ignore'
[0.216s] Level 1:colcon.colcon_core.package_identification:_identify(ThirdParty/pal_hey5) by extension 'ignore_ament_install'
[0.216s] Level 1:colcon.colcon_core.package_identification:_identify(ThirdParty/pal_hey5) by extensions ['colcon_pkg']
[0.216s] Level 1:colcon.colcon_core.package_identification:_identify(ThirdParty/pal_hey5) by extension 'colcon_pkg'
[0.216s] Level 1:colcon.colcon_core.package_identification:_identify(ThirdParty/pal_hey5) by extensions ['colcon_meta']
[0.216s] Level 1:colcon.colcon_core.package_identification:_identify(ThirdParty/pal_hey5) by extension 'colcon_meta'
[0.216s] Level 1:colcon.colcon_core.package_identification:_identify(ThirdParty/pal_hey5) by extensions ['ros']
[0.216s] Level 1:colcon.colcon_core.package_identification:_identify(ThirdParty/pal_hey5) by extension 'ros'
[0.216s] Level 1:colcon.colcon_core.package_identification:_identify(ThirdParty/pal_hey5) by extensions ['cmake', 'python']
[0.216s] Level 1:colcon.colcon_core.package_identification:_identify(ThirdParty/pal_hey5) by extension 'cmake'
[0.216s] Level 1:colcon.colcon_core.package_identification:_identify(ThirdParty/pal_hey5) by extension 'python'
[0.216s] Level 1:colcon.colcon_core.package_identification:_identify(ThirdParty/pal_hey5) by extensions ['python_setup_py']
[0.216s] Level 1:colcon.colcon_core.package_identification:_identify(ThirdParty/pal_hey5) by extension 'python_setup_py'
[0.216s] Level 1:colcon.colcon_core.package_identification:_identify(ThirdParty/pal_hey5/pal_hey5) by extensions ['ignore', 'ignore_ament_install']
[0.216s] Level 1:colcon.colcon_core.package_identification:_identify(ThirdParty/pal_hey5/pal_hey5) by extension 'ignore'
[0.216s] Level 1:colcon.colcon_core.package_identification:_identify(ThirdParty/pal_hey5/pal_hey5) by extension 'ignore_ament_install'
[0.216s] Level 1:colcon.colcon_core.package_identification:_identify(ThirdParty/pal_hey5/pal_hey5) by extensions ['colcon_pkg']
[0.217s] Level 1:colcon.colcon_core.package_identification:_identify(ThirdParty/pal_hey5/pal_hey5) by extension 'colcon_pkg'
[0.217s] Level 1:colcon.colcon_core.package_identification:_identify(ThirdParty/pal_hey5/pal_hey5) by extensions ['colcon_meta']
[0.217s] Level 1:colcon.colcon_core.package_identification:_identify(ThirdParty/pal_hey5/pal_hey5) by extension 'colcon_meta'
[0.217s] Level 1:colcon.colcon_core.package_identification:_identify(ThirdParty/pal_hey5/pal_hey5) by extensions ['ros']
[0.217s] Level 1:colcon.colcon_core.package_identification:_identify(ThirdParty/pal_hey5/pal_hey5) by extension 'ros'
[0.217s] DEBUG:colcon.colcon_core.package_identification:Package 'ThirdParty/pal_hey5/pal_hey5' with type 'ros.ament_cmake' and name 'pal_hey5'
[0.217s] Level 1:colcon.colcon_core.package_identification:_identify(ThirdParty/pal_hey5/pal_hey5_controller_configuration) by extensions ['ignore', 'ignore_ament_install']
[0.217s] Level 1:colcon.colcon_core.package_identification:_identify(ThirdParty/pal_hey5/pal_hey5_controller_configuration) by extension 'ignore'
[0.217s] Level 1:colcon.colcon_core.package_identification:_identify(ThirdParty/pal_hey5/pal_hey5_controller_configuration) by extension 'ignore_ament_install'
[0.217s] Level 1:colcon.colcon_core.package_identification:_identify(ThirdParty/pal_hey5/pal_hey5_controller_configuration) by extensions ['colcon_pkg']
[0.217s] Level 1:colcon.colcon_core.package_identification:_identify(ThirdParty/pal_hey5/pal_hey5_controller_configuration) by extension 'colcon_pkg'
[0.217s] Level 1:colcon.colcon_core.package_identification:_identify(ThirdParty/pal_hey5/pal_hey5_controller_configuration) by extensions ['colcon_meta']
[0.217s] Level 1:colcon.colcon_core.package_identification:_identify(ThirdParty/pal_hey5/pal_hey5_controller_configuration) by extension 'colcon_meta'
[0.217s] Level 1:colcon.colcon_core.package_identification:_identify(ThirdParty/pal_hey5/pal_hey5_controller_configuration) by extensions ['ros']
[0.218s] Level 1:colcon.colcon_core.package_identification:_identify(ThirdParty/pal_hey5/pal_hey5_controller_configuration) by extension 'ros'
[0.218s] DEBUG:colcon.colcon_core.package_identification:Package 'ThirdParty/pal_hey5/pal_hey5_controller_configuration' with type 'ros.ament_cmake' and name 'pal_hey5_controller_configuration'
[0.218s] Level 1:colcon.colcon_core.package_identification:_identify(ThirdParty/pal_hey5/pal_hey5_description) by extensions ['ignore', 'ignore_ament_install']
[0.218s] Level 1:colcon.colcon_core.package_identification:_identify(ThirdParty/pal_hey5/pal_hey5_description) by extension 'ignore'
[0.218s] Level 1:colcon.colcon_core.package_identification:_identify(ThirdParty/pal_hey5/pal_hey5_description) by extension 'ignore_ament_install'
[0.218s] Level 1:colcon.colcon_core.package_identification:_identify(ThirdParty/pal_hey5/pal_hey5_description) by extensions ['colcon_pkg']
[0.218s] Level 1:colcon.colcon_core.package_identification:_identify(ThirdParty/pal_hey5/pal_hey5_description) by extension 'colcon_pkg'
[0.218s] Level 1:colcon.colcon_core.package_identification:_identify(ThirdParty/pal_hey5/pal_hey5_description) by extensions ['colcon_meta']
[0.218s] Level 1:colcon.colcon_core.package_identification:_identify(ThirdParty/pal_hey5/pal_hey5_description) by extension 'colcon_meta'
[0.218s] Level 1:colcon.colcon_core.package_identification:_identify(ThirdParty/pal_hey5/pal_hey5_description) by extensions ['ros']
[0.218s] Level 1:colcon.colcon_core.package_identification:_identify(ThirdParty/pal_hey5/pal_hey5_description) by extension 'ros'
[0.219s] DEBUG:colcon.colcon_core.package_identification:Package 'ThirdParty/pal_hey5/pal_hey5_description' with type 'ros.ament_cmake' and name 'pal_hey5_description'
[0.219s] Level 1:colcon.colcon_core.package_identification:_identify(ThirdParty/pal_maps) by extensions ['ignore', 'ignore_ament_install']
[0.219s] Level 1:colcon.colcon_core.package_identification:_identify(ThirdParty/pal_maps) by extension 'ignore'
[0.219s] Level 1:colcon.colcon_core.package_identification:_identify(ThirdParty/pal_maps) by extension 'ignore_ament_install'
[0.219s] Level 1:colcon.colcon_core.package_identification:_identify(ThirdParty/pal_maps) by extensions ['colcon_pkg']
[0.219s] Level 1:colcon.colcon_core.package_identification:_identify(ThirdParty/pal_maps) by extension 'colcon_pkg'
[0.219s] Level 1:colcon.colcon_core.package_identification:_identify(ThirdParty/pal_maps) by extensions ['colcon_meta']
[0.219s] Level 1:colcon.colcon_core.package_identification:_identify(ThirdParty/pal_maps) by extension 'colcon_meta'
[0.219s] Level 1:colcon.colcon_core.package_identification:_identify(ThirdParty/pal_maps) by extensions ['ros']
[0.219s] Level 1:colcon.colcon_core.package_identification:_identify(ThirdParty/pal_maps) by extension 'ros'
[0.220s] DEBUG:colcon.colcon_core.package_identification:Package 'ThirdParty/pal_maps' with type 'ros.ament_cmake' and name 'pal_maps'
[0.220s] Level 1:colcon.colcon_core.package_identification:_identify(ThirdParty/pal_robotiq_gripper) by extensions ['ignore', 'ignore_ament_install']
[0.220s] Level 1:colcon.colcon_core.package_identification:_identify(ThirdParty/pal_robotiq_gripper) by extension 'ignore'
[0.220s] Level 1:colcon.colcon_core.package_identification:_identify(ThirdParty/pal_robotiq_gripper) by extension 'ignore_ament_install'
[0.220s] Level 1:colcon.colcon_core.package_identification:_identify(ThirdParty/pal_robotiq_gripper) by extensions ['colcon_pkg']
[0.220s] Level 1:colcon.colcon_core.package_identification:_identify(ThirdParty/pal_robotiq_gripper) by extension 'colcon_pkg'
[0.220s] Level 1:colcon.colcon_core.package_identification:_identify(ThirdParty/pal_robotiq_gripper) by extensions ['colcon_meta']
[0.220s] Level 1:colcon.colcon_core.package_identification:_identify(ThirdParty/pal_robotiq_gripper) by extension 'colcon_meta'
[0.220s] Level 1:colcon.colcon_core.package_identification:_identify(ThirdParty/pal_robotiq_gripper) by extensions ['ros']
[0.220s] Level 1:colcon.colcon_core.package_identification:_identify(ThirdParty/pal_robotiq_gripper) by extension 'ros'
[0.220s] Level 1:colcon.colcon_core.package_identification:_identify(ThirdParty/pal_robotiq_gripper) by extensions ['cmake', 'python']
[0.220s] Level 1:colcon.colcon_core.package_identification:_identify(ThirdParty/pal_robotiq_gripper) by extension 'cmake'
[0.220s] Level 1:colcon.colcon_core.package_identification:_identify(ThirdParty/pal_robotiq_gripper) by extension 'python'
[0.220s] Level 1:colcon.colcon_core.package_identification:_identify(ThirdParty/pal_robotiq_gripper) by extensions ['python_setup_py']
[0.220s] Level 1:colcon.colcon_core.package_identification:_identify(ThirdParty/pal_robotiq_gripper) by extension 'python_setup_py'
[0.220s] Level 1:colcon.colcon_core.package_identification:_identify(ThirdParty/pal_robotiq_gripper/pal_robotiq_controller_configuration) by extensions ['ignore', 'ignore_ament_install']
[0.221s] Level 1:colcon.colcon_core.package_identification:_identify(ThirdParty/pal_robotiq_gripper/pal_robotiq_controller_configuration) by extension 'ignore'
[0.221s] Level 1:colcon.colcon_core.package_identification:_identify(ThirdParty/pal_robotiq_gripper/pal_robotiq_controller_configuration) by extension 'ignore_ament_install'
[0.221s] Level 1:colcon.colcon_core.package_identification:_identify(ThirdParty/pal_robotiq_gripper/pal_robotiq_controller_configuration) by extensions ['colcon_pkg']
[0.221s] Level 1:colcon.colcon_core.package_identification:_identify(ThirdParty/pal_robotiq_gripper/pal_robotiq_controller_configuration) by extension 'colcon_pkg'
[0.221s] Level 1:colcon.colcon_core.package_identification:_identify(ThirdParty/pal_robotiq_gripper/pal_robotiq_controller_configuration) by extensions ['colcon_meta']
[0.221s] Level 1:colcon.colcon_core.package_identification:_identify(ThirdParty/pal_robotiq_gripper/pal_robotiq_controller_configuration) by extension 'colcon_meta'
[0.221s] Level 1:colcon.colcon_core.package_identification:_identify(ThirdParty/pal_robotiq_gripper/pal_robotiq_controller_configuration) by extensions ['ros']
[0.221s] Level 1:colcon.colcon_core.package_identification:_identify(ThirdParty/pal_robotiq_gripper/pal_robotiq_controller_configuration) by extension 'ros'
[0.221s] DEBUG:colcon.colcon_core.package_identification:Package 'ThirdParty/pal_robotiq_gripper/pal_robotiq_controller_configuration' with type 'ros.ament_cmake' and name 'pal_robotiq_controller_configuration'
[0.221s] Level 1:colcon.colcon_core.package_identification:_identify(ThirdParty/pal_robotiq_gripper/pal_robotiq_description) by extensions ['ignore', 'ignore_ament_install']
[0.222s] Level 1:colcon.colcon_core.package_identification:_identify(ThirdParty/pal_robotiq_gripper/pal_robotiq_description) by extension 'ignore'
[0.222s] Level 1:colcon.colcon_core.package_identification:_identify(ThirdParty/pal_robotiq_gripper/pal_robotiq_description) by extension 'ignore_ament_install'
[0.222s] Level 1:colcon.colcon_core.package_identification:_identify(ThirdParty/pal_robotiq_gripper/pal_robotiq_description) by extensions ['colcon_pkg']
[0.222s] Level 1:colcon.colcon_core.package_identification:_identify(ThirdParty/pal_robotiq_gripper/pal_robotiq_description) by extension 'colcon_pkg'
[0.222s] Level 1:colcon.colcon_core.package_identification:_identify(ThirdParty/pal_robotiq_gripper/pal_robotiq_description) by extensions ['colcon_meta']
[0.222s] Level 1:colcon.colcon_core.package_identification:_identify(ThirdParty/pal_robotiq_gripper/pal_robotiq_description) by extension 'colcon_meta'
[0.222s] Level 1:colcon.colcon_core.package_identification:_identify(ThirdParty/pal_robotiq_gripper/pal_robotiq_description) by extensions ['ros']
[0.222s] Level 1:colcon.colcon_core.package_identification:_identify(ThirdParty/pal_robotiq_gripper/pal_robotiq_description) by extension 'ros'
[0.222s] DEBUG:colcon.colcon_core.package_identification:Package 'ThirdParty/pal_robotiq_gripper/pal_robotiq_description' with type 'ros.ament_cmake' and name 'pal_robotiq_description'
[0.222s] Level 1:colcon.colcon_core.package_identification:_identify(ThirdParty/pal_robotiq_gripper/pal_robotiq_epick_gripper) by extensions ['ignore', 'ignore_ament_install']
[0.222s] Level 1:colcon.colcon_core.package_identification:_identify(ThirdParty/pal_robotiq_gripper/pal_robotiq_epick_gripper) by extension 'ignore'
[0.222s] Level 1:colcon.colcon_core.package_identification:_identify(ThirdParty/pal_robotiq_gripper/pal_robotiq_epick_gripper) by extension 'ignore_ament_install'
[0.223s] Level 1:colcon.colcon_core.package_identification:_identify(ThirdParty/pal_robotiq_gripper/pal_robotiq_epick_gripper) by extensions ['colcon_pkg']
[0.223s] Level 1:colcon.colcon_core.package_identification:_identify(ThirdParty/pal_robotiq_gripper/pal_robotiq_epick_gripper) by extension 'colcon_pkg'
[0.223s] Level 1:colcon.colcon_core.package_identification:_identify(ThirdParty/pal_robotiq_gripper/pal_robotiq_epick_gripper) by extensions ['colcon_meta']
[0.223s] Level 1:colcon.colcon_core.package_identification:_identify(ThirdParty/pal_robotiq_gripper/pal_robotiq_epick_gripper) by extension 'colcon_meta'
[0.223s] Level 1:colcon.colcon_core.package_identification:_identify(ThirdParty/pal_robotiq_gripper/pal_robotiq_epick_gripper) by extensions ['ros']
[0.223s] Level 1:colcon.colcon_core.package_identification:_identify(ThirdParty/pal_robotiq_gripper/pal_robotiq_epick_gripper) by extension 'ros'
[0.223s] Level 1:colcon.colcon_core.package_identification:_identify(ThirdParty/pal_robotiq_gripper/pal_robotiq_epick_gripper) by extensions ['cmake', 'python']
[0.223s] Level 1:colcon.colcon_core.package_identification:_identify(ThirdParty/pal_robotiq_gripper/pal_robotiq_epick_gripper) by extension 'cmake'
[0.223s] Level 1:colcon.colcon_core.package_identification:_identify(ThirdParty/pal_robotiq_gripper/pal_robotiq_epick_gripper) by extension 'python'
[0.223s] Level 1:colcon.colcon_core.package_identification:_identify(ThirdParty/pal_robotiq_gripper/pal_robotiq_epick_gripper) by extensions ['python_setup_py']
[0.223s] Level 1:colcon.colcon_core.package_identification:_identify(ThirdParty/pal_robotiq_gripper/pal_robotiq_epick_gripper) by extension 'python_setup_py'
[0.223s] Level 1:colcon.colcon_core.package_identification:_identify(ThirdParty/pal_robotiq_gripper/pal_robotiq_epick_gripper/pal_robotiq_epick_description) by extensions ['ignore', 'ignore_ament_install']
[0.223s] Level 1:colcon.colcon_core.package_identification:_identify(ThirdParty/pal_robotiq_gripper/pal_robotiq_epick_gripper/pal_robotiq_epick_description) by extension 'ignore'
[0.223s] Level 1:colcon.colcon_core.package_identification:_identify(ThirdParty/pal_robotiq_gripper/pal_robotiq_epick_gripper/pal_robotiq_epick_description) ignored
[0.223s] Level 1:colcon.colcon_core.package_identification:_identify(ThirdParty/pal_robotiq_gripper/pal_robotiq_epick_gripper/pal_robotiq_epick_gripper) by extensions ['ignore', 'ignore_ament_install']
[0.223s] Level 1:colcon.colcon_core.package_identification:_identify(ThirdParty/pal_robotiq_gripper/pal_robotiq_epick_gripper/pal_robotiq_epick_gripper) by extension 'ignore'
[0.223s] Level 1:colcon.colcon_core.package_identification:_identify(ThirdParty/pal_robotiq_gripper/pal_robotiq_epick_gripper/pal_robotiq_epick_gripper) ignored
[0.223s] Level 1:colcon.colcon_core.package_identification:_identify(ThirdParty/pal_robotiq_gripper/pal_robotiq_gripper) by extensions ['ignore', 'ignore_ament_install']
[0.224s] Level 1:colcon.colcon_core.package_identification:_identify(ThirdParty/pal_robotiq_gripper/pal_robotiq_gripper) by extension 'ignore'
[0.224s] Level 1:colcon.colcon_core.package_identification:_identify(ThirdParty/pal_robotiq_gripper/pal_robotiq_gripper) by extension 'ignore_ament_install'
[0.224s] Level 1:colcon.colcon_core.package_identification:_identify(ThirdParty/pal_robotiq_gripper/pal_robotiq_gripper) by extensions ['colcon_pkg']
[0.224s] Level 1:colcon.colcon_core.package_identification:_identify(ThirdParty/pal_robotiq_gripper/pal_robotiq_gripper) by extension 'colcon_pkg'
[0.224s] Level 1:colcon.colcon_core.package_identification:_identify(ThirdParty/pal_robotiq_gripper/pal_robotiq_gripper) by extensions ['colcon_meta']
[0.224s] Level 1:colcon.colcon_core.package_identification:_identify(ThirdParty/pal_robotiq_gripper/pal_robotiq_gripper) by extension 'colcon_meta'
[0.224s] Level 1:colcon.colcon_core.package_identification:_identify(ThirdParty/pal_robotiq_gripper/pal_robotiq_gripper) by extensions ['ros']
[0.224s] Level 1:colcon.colcon_core.package_identification:_identify(ThirdParty/pal_robotiq_gripper/pal_robotiq_gripper) by extension 'ros'
[0.224s] DEBUG:colcon.colcon_core.package_identification:Package 'ThirdParty/pal_robotiq_gripper/pal_robotiq_gripper' with type 'ros.ament_cmake' and name 'pal_robotiq_gripper'
[0.224s] Level 1:colcon.colcon_core.package_identification:_identify(ThirdParty/pal_robotiq_gripper/pal_robotiq_gripper_wrapper) by extensions ['ignore', 'ignore_ament_install']
[0.224s] Level 1:colcon.colcon_core.package_identification:_identify(ThirdParty/pal_robotiq_gripper/pal_robotiq_gripper_wrapper) by extension 'ignore'
[0.224s] Level 1:colcon.colcon_core.package_identification:_identify(ThirdParty/pal_robotiq_gripper/pal_robotiq_gripper_wrapper) ignored
[0.225s] Level 1:colcon.colcon_core.package_identification:_identify(ThirdParty/pal_urdf_utils) by extensions ['ignore', 'ignore_ament_install']
[0.225s] Level 1:colcon.colcon_core.package_identification:_identify(ThirdParty/pal_urdf_utils) by extension 'ignore'
[0.225s] Level 1:colcon.colcon_core.package_identification:_identify(ThirdParty/pal_urdf_utils) by extension 'ignore_ament_install'
[0.225s] Level 1:colcon.colcon_core.package_identification:_identify(ThirdParty/pal_urdf_utils) by extensions ['colcon_pkg']
[0.225s] Level 1:colcon.colcon_core.package_identification:_identify(ThirdParty/pal_urdf_utils) by extension 'colcon_pkg'
[0.225s] Level 1:colcon.colcon_core.package_identification:_identify(ThirdParty/pal_urdf_utils) by extensions ['colcon_meta']
[0.225s] Level 1:colcon.colcon_core.package_identification:_identify(ThirdParty/pal_urdf_utils) by extension 'colcon_meta'
[0.225s] Level 1:colcon.colcon_core.package_identification:_identify(ThirdParty/pal_urdf_utils) by extensions ['ros']
[0.225s] Level 1:colcon.colcon_core.package_identification:_identify(ThirdParty/pal_urdf_utils) by extension 'ros'
[0.225s] DEBUG:colcon.colcon_core.package_identification:Package 'ThirdParty/pal_urdf_utils' with type 'ros.ament_cmake' and name 'pal_urdf_utils'
[0.225s] Level 1:colcon.colcon_core.package_identification:_identify(ThirdParty/play_motion2) by extensions ['ignore', 'ignore_ament_install']
[0.225s] Level 1:colcon.colcon_core.package_identification:_identify(ThirdParty/play_motion2) by extension 'ignore'
[0.226s] Level 1:colcon.colcon_core.package_identification:_identify(ThirdParty/play_motion2) by extension 'ignore_ament_install'
[0.226s] Level 1:colcon.colcon_core.package_identification:_identify(ThirdParty/play_motion2) by extensions ['colcon_pkg']
[0.226s] Level 1:colcon.colcon_core.package_identification:_identify(ThirdParty/play_motion2) by extension 'colcon_pkg'
[0.226s] Level 1:colcon.colcon_core.package_identification:_identify(ThirdParty/play_motion2) by extensions ['colcon_meta']
[0.226s] Level 1:colcon.colcon_core.package_identification:_identify(ThirdParty/play_motion2) by extension 'colcon_meta'
[0.226s] Level 1:colcon.colcon_core.package_identification:_identify(ThirdParty/play_motion2) by extensions ['ros']
[0.226s] Level 1:colcon.colcon_core.package_identification:_identify(ThirdParty/play_motion2) by extension 'ros'
[0.226s] Level 1:colcon.colcon_core.package_identification:_identify(ThirdParty/play_motion2) by extensions ['cmake', 'python']
[0.226s] Level 1:colcon.colcon_core.package_identification:_identify(ThirdParty/play_motion2) by extension 'cmake'
[0.226s] Level 1:colcon.colcon_core.package_identification:_identify(ThirdParty/play_motion2) by extension 'python'
[0.226s] Level 1:colcon.colcon_core.package_identification:_identify(ThirdParty/play_motion2) by extensions ['python_setup_py']
[0.226s] Level 1:colcon.colcon_core.package_identification:_identify(ThirdParty/play_motion2) by extension 'python_setup_py'
[0.226s] Level 1:colcon.colcon_core.package_identification:_identify(ThirdParty/play_motion2/play_motion2) by extensions ['ignore', 'ignore_ament_install']
[0.226s] Level 1:colcon.colcon_core.package_identification:_identify(ThirdParty/play_motion2/play_motion2) by extension 'ignore'
[0.226s] Level 1:colcon.colcon_core.package_identification:_identify(ThirdParty/play_motion2/play_motion2) by extension 'ignore_ament_install'
[0.226s] Level 1:colcon.colcon_core.package_identification:_identify(ThirdParty/play_motion2/play_motion2) by extensions ['colcon_pkg']
[0.226s] Level 1:colcon.colcon_core.package_identification:_identify(ThirdParty/play_motion2/play_motion2) by extension 'colcon_pkg'
[0.226s] Level 1:colcon.colcon_core.package_identification:_identify(ThirdParty/play_motion2/play_motion2) by extensions ['colcon_meta']
[0.226s] Level 1:colcon.colcon_core.package_identification:_identify(ThirdParty/play_motion2/play_motion2) by extension 'colcon_meta'
[0.226s] Level 1:colcon.colcon_core.package_identification:_identify(ThirdParty/play_motion2/play_motion2) by extensions ['ros']
[0.226s] Level 1:colcon.colcon_core.package_identification:_identify(ThirdParty/play_motion2/play_motion2) by extension 'ros'
[0.228s] DEBUG:colcon.colcon_core.package_identification:Package 'ThirdParty/play_motion2/play_motion2' with type 'ros.ament_cmake' and name 'play_motion2'
[0.228s] Level 1:colcon.colcon_core.package_identification:_identify(ThirdParty/play_motion2/play_motion2_msgs) by extensions ['ignore', 'ignore_ament_install']
[0.228s] Level 1:colcon.colcon_core.package_identification:_identify(ThirdParty/play_motion2/play_motion2_msgs) by extension 'ignore'
[0.228s] Level 1:colcon.colcon_core.package_identification:_identify(ThirdParty/play_motion2/play_motion2_msgs) by extension 'ignore_ament_install'
[0.228s] Level 1:colcon.colcon_core.package_identification:_identify(ThirdParty/play_motion2/play_motion2_msgs) by extensions ['colcon_pkg']
[0.228s] Level 1:colcon.colcon_core.package_identification:_identify(ThirdParty/play_motion2/play_motion2_msgs) by extension 'colcon_pkg'
[0.228s] Level 1:colcon.colcon_core.package_identification:_identify(ThirdParty/play_motion2/play_motion2_msgs) by extensions ['colcon_meta']
[0.228s] Level 1:colcon.colcon_core.package_identification:_identify(ThirdParty/play_motion2/play_motion2_msgs) by extension 'colcon_meta'
[0.228s] Level 1:colcon.colcon_core.package_identification:_identify(ThirdParty/play_motion2/play_motion2_msgs) by extensions ['ros']
[0.228s] Level 1:colcon.colcon_core.package_identification:_identify(ThirdParty/play_motion2/play_motion2_msgs) by extension 'ros'
[0.228s] DEBUG:colcon.colcon_core.package_identification:Package 'ThirdParty/play_motion2/play_motion2_msgs' with type 'ros.ament_cmake' and name 'play_motion2_msgs'
[0.229s] Level 1:colcon.colcon_core.package_identification:_identify(ThirdParty/pmb2_navigation) by extensions ['ignore', 'ignore_ament_install']
[0.229s] Level 1:colcon.colcon_core.package_identification:_identify(ThirdParty/pmb2_navigation) by extension 'ignore'
[0.229s] Level 1:colcon.colcon_core.package_identification:_identify(ThirdParty/pmb2_navigation) by extension 'ignore_ament_install'
[0.229s] Level 1:colcon.colcon_core.package_identification:_identify(ThirdParty/pmb2_navigation) by extensions ['colcon_pkg']
[0.229s] Level 1:colcon.colcon_core.package_identification:_identify(ThirdParty/pmb2_navigation) by extension 'colcon_pkg'
[0.229s] Level 1:colcon.colcon_core.package_identification:_identify(ThirdParty/pmb2_navigation) by extensions ['colcon_meta']
[0.229s] Level 1:colcon.colcon_core.package_identification:_identify(ThirdParty/pmb2_navigation) by extension 'colcon_meta'
[0.229s] Level 1:colcon.colcon_core.package_identification:_identify(ThirdParty/pmb2_navigation) by extensions ['ros']
[0.229s] Level 1:colcon.colcon_core.package_identification:_identify(ThirdParty/pmb2_navigation) by extension 'ros'
[0.229s] Level 1:colcon.colcon_core.package_identification:_identify(ThirdParty/pmb2_navigation) by extensions ['cmake', 'python']
[0.229s] Level 1:colcon.colcon_core.package_identification:_identify(ThirdParty/pmb2_navigation) by extension 'cmake'
[0.229s] Level 1:colcon.colcon_core.package_identification:_identify(ThirdParty/pmb2_navigation) by extension 'python'
[0.229s] Level 1:colcon.colcon_core.package_identification:_identify(ThirdParty/pmb2_navigation) by extensions ['python_setup_py']
[0.229s] Level 1:colcon.colcon_core.package_identification:_identify(ThirdParty/pmb2_navigation) by extension 'python_setup_py'
[0.229s] Level 1:colcon.colcon_core.package_identification:_identify(ThirdParty/pmb2_navigation/pmb2_2dnav) by extensions ['ignore', 'ignore_ament_install']
[0.229s] Level 1:colcon.colcon_core.package_identification:_identify(ThirdParty/pmb2_navigation/pmb2_2dnav) by extension 'ignore'
[0.229s] Level 1:colcon.colcon_core.package_identification:_identify(ThirdParty/pmb2_navigation/pmb2_2dnav) by extension 'ignore_ament_install'
[0.230s] Level 1:colcon.colcon_core.package_identification:_identify(ThirdParty/pmb2_navigation/pmb2_2dnav) by extensions ['colcon_pkg']
[0.230s] Level 1:colcon.colcon_core.package_identification:_identify(ThirdParty/pmb2_navigation/pmb2_2dnav) by extension 'colcon_pkg'
[0.230s] Level 1:colcon.colcon_core.package_identification:_identify(ThirdParty/pmb2_navigation/pmb2_2dnav) by extensions ['colcon_meta']
[0.230s] Level 1:colcon.colcon_core.package_identification:_identify(ThirdParty/pmb2_navigation/pmb2_2dnav) by extension 'colcon_meta'
[0.230s] Level 1:colcon.colcon_core.package_identification:_identify(ThirdParty/pmb2_navigation/pmb2_2dnav) by extensions ['ros']
[0.230s] Level 1:colcon.colcon_core.package_identification:_identify(ThirdParty/pmb2_navigation/pmb2_2dnav) by extension 'ros'
[0.237s] DEBUG:colcon.colcon_core.package_identification:Package 'ThirdParty/pmb2_navigation/pmb2_2dnav' with type 'ros.ament_cmake' and name 'pmb2_2dnav'
[0.237s] Level 1:colcon.colcon_core.package_identification:_identify(ThirdParty/pmb2_navigation/pmb2_laser_sensors) by extensions ['ignore', 'ignore_ament_install']
[0.237s] Level 1:colcon.colcon_core.package_identification:_identify(ThirdParty/pmb2_navigation/pmb2_laser_sensors) by extension 'ignore'
[0.237s] Level 1:colcon.colcon_core.package_identification:_identify(ThirdParty/pmb2_navigation/pmb2_laser_sensors) by extension 'ignore_ament_install'
[0.237s] Level 1:colcon.colcon_core.package_identification:_identify(ThirdParty/pmb2_navigation/pmb2_laser_sensors) by extensions ['colcon_pkg']
[0.237s] Level 1:colcon.colcon_core.package_identification:_identify(ThirdParty/pmb2_navigation/pmb2_laser_sensors) by extension 'colcon_pkg'
[0.237s] Level 1:colcon.colcon_core.package_identification:_identify(ThirdParty/pmb2_navigation/pmb2_laser_sensors) by extensions ['colcon_meta']
[0.237s] Level 1:colcon.colcon_core.package_identification:_identify(ThirdParty/pmb2_navigation/pmb2_laser_sensors) by extension 'colcon_meta'
[0.237s] Level 1:colcon.colcon_core.package_identification:_identify(ThirdParty/pmb2_navigation/pmb2_laser_sensors) by extensions ['ros']
[0.237s] Level 1:colcon.colcon_core.package_identification:_identify(ThirdParty/pmb2_navigation/pmb2_laser_sensors) by extension 'ros'
[0.240s] DEBUG:colcon.colcon_core.package_identification:Package 'ThirdParty/pmb2_navigation/pmb2_laser_sensors' with type 'ros.ament_cmake' and name 'pmb2_laser_sensors'
[0.240s] Level 1:colcon.colcon_core.package_identification:_identify(ThirdParty/pmb2_navigation/pmb2_navigation) by extensions ['ignore', 'ignore_ament_install']
[0.240s] Level 1:colcon.colcon_core.package_identification:_identify(ThirdParty/pmb2_navigation/pmb2_navigation) by extension 'ignore'
[0.240s] Level 1:colcon.colcon_core.package_identification:_identify(ThirdParty/pmb2_navigation/pmb2_navigation) by extension 'ignore_ament_install'
[0.240s] Level 1:colcon.colcon_core.package_identification:_identify(ThirdParty/pmb2_navigation/pmb2_navigation) by extensions ['colcon_pkg']
[0.240s] Level 1:colcon.colcon_core.package_identification:_identify(ThirdParty/pmb2_navigation/pmb2_navigation) by extension 'colcon_pkg'
[0.240s] Level 1:colcon.colcon_core.package_identification:_identify(ThirdParty/pmb2_navigation/pmb2_navigation) by extensions ['colcon_meta']
[0.240s] Level 1:colcon.colcon_core.package_identification:_identify(ThirdParty/pmb2_navigation/pmb2_navigation) by extension 'colcon_meta'
[0.240s] Level 1:colcon.colcon_core.package_identification:_identify(ThirdParty/pmb2_navigation/pmb2_navigation) by extensions ['ros']
[0.240s] Level 1:colcon.colcon_core.package_identification:_identify(ThirdParty/pmb2_navigation/pmb2_navigation) by extension 'ros'
[0.241s] DEBUG:colcon.colcon_core.package_identification:Package 'ThirdParty/pmb2_navigation/pmb2_navigation' with type 'ros.ament_cmake' and name 'pmb2_navigation'
[0.241s] Level 1:colcon.colcon_core.package_identification:_identify(ThirdParty/pmb2_navigation/pmb2_rgbd_sensors) by extensions ['ignore', 'ignore_ament_install']
[0.241s] Level 1:colcon.colcon_core.package_identification:_identify(ThirdParty/pmb2_navigation/pmb2_rgbd_sensors) by extension 'ignore'
[0.241s] Level 1:colcon.colcon_core.package_identification:_identify(ThirdParty/pmb2_navigation/pmb2_rgbd_sensors) by extension 'ignore_ament_install'
[0.241s] Level 1:colcon.colcon_core.package_identification:_identify(ThirdParty/pmb2_navigation/pmb2_rgbd_sensors) by extensions ['colcon_pkg']
[0.241s] Level 1:colcon.colcon_core.package_identification:_identify(ThirdParty/pmb2_navigation/pmb2_rgbd_sensors) by extension 'colcon_pkg'
[0.241s] Level 1:colcon.colcon_core.package_identification:_identify(ThirdParty/pmb2_navigation/pmb2_rgbd_sensors) by extensions ['colcon_meta']
[0.241s] Level 1:colcon.colcon_core.package_identification:_identify(ThirdParty/pmb2_navigation/pmb2_rgbd_sensors) by extension 'colcon_meta'
[0.241s] Level 1:colcon.colcon_core.package_identification:_identify(ThirdParty/pmb2_navigation/pmb2_rgbd_sensors) by extensions ['ros']
[0.241s] Level 1:colcon.colcon_core.package_identification:_identify(ThirdParty/pmb2_navigation/pmb2_rgbd_sensors) by extension 'ros'
[0.244s] DEBUG:colcon.colcon_core.package_identification:Package 'ThirdParty/pmb2_navigation/pmb2_rgbd_sensors' with type 'ros.ament_cmake' and name 'pmb2_rgbd_sensors'
[0.244s] Level 1:colcon.colcon_core.package_identification:_identify(ThirdParty/pmb2_robot) by extensions ['ignore', 'ignore_ament_install']
[0.244s] Level 1:colcon.colcon_core.package_identification:_identify(ThirdParty/pmb2_robot) by extension 'ignore'
[0.244s] Level 1:colcon.colcon_core.package_identification:_identify(ThirdParty/pmb2_robot) by extension 'ignore_ament_install'
[0.244s] Level 1:colcon.colcon_core.package_identification:_identify(ThirdParty/pmb2_robot) by extensions ['colcon_pkg']
[0.244s] Level 1:colcon.colcon_core.package_identification:_identify(ThirdParty/pmb2_robot) by extension 'colcon_pkg'
[0.244s] Level 1:colcon.colcon_core.package_identification:_identify(ThirdParty/pmb2_robot) by extensions ['colcon_meta']
[0.244s] Level 1:colcon.colcon_core.package_identification:_identify(ThirdParty/pmb2_robot) by extension 'colcon_meta'
[0.244s] Level 1:colcon.colcon_core.package_identification:_identify(ThirdParty/pmb2_robot) by extensions ['ros']
[0.244s] Level 1:colcon.colcon_core.package_identification:_identify(ThirdParty/pmb2_robot) by extension 'ros'
[0.244s] Level 1:colcon.colcon_core.package_identification:_identify(ThirdParty/pmb2_robot) by extensions ['cmake', 'python']
[0.244s] Level 1:colcon.colcon_core.package_identification:_identify(ThirdParty/pmb2_robot) by extension 'cmake'
[0.244s] Level 1:colcon.colcon_core.package_identification:_identify(ThirdParty/pmb2_robot) by extension 'python'
[0.244s] Level 1:colcon.colcon_core.package_identification:_identify(ThirdParty/pmb2_robot) by extensions ['python_setup_py']
[0.244s] Level 1:colcon.colcon_core.package_identification:_identify(ThirdParty/pmb2_robot) by extension 'python_setup_py'
[0.244s] Level 1:colcon.colcon_core.package_identification:_identify(ThirdParty/pmb2_robot/pmb2_bringup) by extensions ['ignore', 'ignore_ament_install']
[0.244s] Level 1:colcon.colcon_core.package_identification:_identify(ThirdParty/pmb2_robot/pmb2_bringup) by extension 'ignore'
[0.244s] Level 1:colcon.colcon_core.package_identification:_identify(ThirdParty/pmb2_robot/pmb2_bringup) by extension 'ignore_ament_install'
[0.245s] Level 1:colcon.colcon_core.package_identification:_identify(ThirdParty/pmb2_robot/pmb2_bringup) by extensions ['colcon_pkg']
[0.245s] Level 1:colcon.colcon_core.package_identification:_identify(ThirdParty/pmb2_robot/pmb2_bringup) by extension 'colcon_pkg'
[0.245s] Level 1:colcon.colcon_core.package_identification:_identify(ThirdParty/pmb2_robot/pmb2_bringup) by extensions ['colcon_meta']
[0.245s] Level 1:colcon.colcon_core.package_identification:_identify(ThirdParty/pmb2_robot/pmb2_bringup) by extension 'colcon_meta'
[0.245s] Level 1:colcon.colcon_core.package_identification:_identify(ThirdParty/pmb2_robot/pmb2_bringup) by extensions ['ros']
[0.245s] Level 1:colcon.colcon_core.package_identification:_identify(ThirdParty/pmb2_robot/pmb2_bringup) by extension 'ros'
[0.245s] DEBUG:colcon.colcon_core.package_identification:Package 'ThirdParty/pmb2_robot/pmb2_bringup' with type 'ros.ament_cmake' and name 'pmb2_bringup'
[0.245s] Level 1:colcon.colcon_core.package_identification:_identify(ThirdParty/pmb2_robot/pmb2_controller_configuration) by extensions ['ignore', 'ignore_ament_install']
[0.246s] Level 1:colcon.colcon_core.package_identification:_identify(ThirdParty/pmb2_robot/pmb2_controller_configuration) by extension 'ignore'
[0.246s] Level 1:colcon.colcon_core.package_identification:_identify(ThirdParty/pmb2_robot/pmb2_controller_configuration) by extension 'ignore_ament_install'
[0.246s] Level 1:colcon.colcon_core.package_identification:_identify(ThirdParty/pmb2_robot/pmb2_controller_configuration) by extensions ['colcon_pkg']
[0.246s] Level 1:colcon.colcon_core.package_identification:_identify(ThirdParty/pmb2_robot/pmb2_controller_configuration) by extension 'colcon_pkg'
[0.246s] Level 1:colcon.colcon_core.package_identification:_identify(ThirdParty/pmb2_robot/pmb2_controller_configuration) by extensions ['colcon_meta']
[0.246s] Level 1:colcon.colcon_core.package_identification:_identify(ThirdParty/pmb2_robot/pmb2_controller_configuration) by extension 'colcon_meta'
[0.246s] Level 1:colcon.colcon_core.package_identification:_identify(ThirdParty/pmb2_robot/pmb2_controller_configuration) by extensions ['ros']
[0.246s] Level 1:colcon.colcon_core.package_identification:_identify(ThirdParty/pmb2_robot/pmb2_controller_configuration) by extension 'ros'
[0.247s] DEBUG:colcon.colcon_core.package_identification:Package 'ThirdParty/pmb2_robot/pmb2_controller_configuration' with type 'ros.ament_cmake' and name 'pmb2_controller_configuration'
[0.247s] Level 1:colcon.colcon_core.package_identification:_identify(ThirdParty/pmb2_robot/pmb2_description) by extensions ['ignore', 'ignore_ament_install']
[0.247s] Level 1:colcon.colcon_core.package_identification:_identify(ThirdParty/pmb2_robot/pmb2_description) by extension 'ignore'
[0.247s] Level 1:colcon.colcon_core.package_identification:_identify(ThirdParty/pmb2_robot/pmb2_description) by extension 'ignore_ament_install'
[0.247s] Level 1:colcon.colcon_core.package_identification:_identify(ThirdParty/pmb2_robot/pmb2_description) by extensions ['colcon_pkg']
[0.247s] Level 1:colcon.colcon_core.package_identification:_identify(ThirdParty/pmb2_robot/pmb2_description) by extension 'colcon_pkg'
[0.247s] Level 1:colcon.colcon_core.package_identification:_identify(ThirdParty/pmb2_robot/pmb2_description) by extensions ['colcon_meta']
[0.247s] Level 1:colcon.colcon_core.package_identification:_identify(ThirdParty/pmb2_robot/pmb2_description) by extension 'colcon_meta'
[0.247s] Level 1:colcon.colcon_core.package_identification:_identify(ThirdParty/pmb2_robot/pmb2_description) by extensions ['ros']
[0.247s] Level 1:colcon.colcon_core.package_identification:_identify(ThirdParty/pmb2_robot/pmb2_description) by extension 'ros'
[0.248s] DEBUG:colcon.colcon_core.package_identification:Package 'ThirdParty/pmb2_robot/pmb2_description' with type 'ros.ament_cmake' and name 'pmb2_description'
[0.248s] Level 1:colcon.colcon_core.package_identification:_identify(ThirdParty/pmb2_robot/pmb2_robot) by extensions ['ignore', 'ignore_ament_install']
[0.248s] Level 1:colcon.colcon_core.package_identification:_identify(ThirdParty/pmb2_robot/pmb2_robot) by extension 'ignore'
[0.248s] Level 1:colcon.colcon_core.package_identification:_identify(ThirdParty/pmb2_robot/pmb2_robot) by extension 'ignore_ament_install'
[0.248s] Level 1:colcon.colcon_core.package_identification:_identify(ThirdParty/pmb2_robot/pmb2_robot) by extensions ['colcon_pkg']
[0.248s] Level 1:colcon.colcon_core.package_identification:_identify(ThirdParty/pmb2_robot/pmb2_robot) by extension 'colcon_pkg'
[0.248s] Level 1:colcon.colcon_core.package_identification:_identify(ThirdParty/pmb2_robot/pmb2_robot) by extensions ['colcon_meta']
[0.248s] Level 1:colcon.colcon_core.package_identification:_identify(ThirdParty/pmb2_robot/pmb2_robot) by extension 'colcon_meta'
[0.248s] Level 1:colcon.colcon_core.package_identification:_identify(ThirdParty/pmb2_robot/pmb2_robot) by extensions ['ros']
[0.248s] Level 1:colcon.colcon_core.package_identification:_identify(ThirdParty/pmb2_robot/pmb2_robot) by extension 'ros'
[0.249s] DEBUG:colcon.colcon_core.package_identification:Package 'ThirdParty/pmb2_robot/pmb2_robot' with type 'ros.ament_cmake' and name 'pmb2_robot'
[0.249s] Level 1:colcon.colcon_core.package_identification:_identify(ThirdParty/ros2_aruco) by extensions ['ignore', 'ignore_ament_install']
[0.249s] Level 1:colcon.colcon_core.package_identification:_identify(ThirdParty/ros2_aruco) by extension 'ignore'
[0.249s] Level 1:colcon.colcon_core.package_identification:_identify(ThirdParty/ros2_aruco) by extension 'ignore_ament_install'
[0.249s] Level 1:colcon.colcon_core.package_identification:_identify(ThirdParty/ros2_aruco) by extensions ['colcon_pkg']
[0.249s] Level 1:colcon.colcon_core.package_identification:_identify(ThirdParty/ros2_aruco) by extension 'colcon_pkg'
[0.249s] Level 1:colcon.colcon_core.package_identification:_identify(ThirdParty/ros2_aruco) by extensions ['colcon_meta']
[0.249s] Level 1:colcon.colcon_core.package_identification:_identify(ThirdParty/ros2_aruco) by extension 'colcon_meta'
[0.249s] Level 1:colcon.colcon_core.package_identification:_identify(ThirdParty/ros2_aruco) by extensions ['ros']
[0.249s] Level 1:colcon.colcon_core.package_identification:_identify(ThirdParty/ros2_aruco) by extension 'ros'
[0.249s] Level 1:colcon.colcon_core.package_identification:_identify(ThirdParty/ros2_aruco) by extensions ['cmake', 'python']
[0.249s] Level 1:colcon.colcon_core.package_identification:_identify(ThirdParty/ros2_aruco) by extension 'cmake'
[0.250s] Level 1:colcon.colcon_core.package_identification:_identify(ThirdParty/ros2_aruco) by extension 'python'
[0.250s] Level 1:colcon.colcon_core.package_identification:_identify(ThirdParty/ros2_aruco) by extensions ['python_setup_py']
[0.250s] Level 1:colcon.colcon_core.package_identification:_identify(ThirdParty/ros2_aruco) by extension 'python_setup_py'
[0.250s] Level 1:colcon.colcon_core.package_identification:_identify(ThirdParty/ros2_aruco/ros2_aruco) by extensions ['ignore', 'ignore_ament_install']
[0.250s] Level 1:colcon.colcon_core.package_identification:_identify(ThirdParty/ros2_aruco/ros2_aruco) by extension 'ignore'
[0.250s] Level 1:colcon.colcon_core.package_identification:_identify(ThirdParty/ros2_aruco/ros2_aruco) by extension 'ignore_ament_install'
[0.250s] Level 1:colcon.colcon_core.package_identification:_identify(ThirdParty/ros2_aruco/ros2_aruco) by extensions ['colcon_pkg']
[0.250s] Level 1:colcon.colcon_core.package_identification:_identify(ThirdParty/ros2_aruco/ros2_aruco) by extension 'colcon_pkg'
[0.250s] Level 1:colcon.colcon_core.package_identification:_identify(ThirdParty/ros2_aruco/ros2_aruco) by extensions ['colcon_meta']
[0.250s] Level 1:colcon.colcon_core.package_identification:_identify(ThirdParty/ros2_aruco/ros2_aruco) by extension 'colcon_meta'
[0.250s] Level 1:colcon.colcon_core.package_identification:_identify(ThirdParty/ros2_aruco/ros2_aruco) by extensions ['ros']
[0.250s] Level 1:colcon.colcon_core.package_identification:_identify(ThirdParty/ros2_aruco/ros2_aruco) by extension 'ros'
[0.250s] DEBUG:colcon.colcon_core.package_identification:Package 'ThirdParty/ros2_aruco/ros2_aruco' with type 'ros.ament_python' and name 'ros2_aruco'
[0.251s] Level 1:colcon.colcon_core.package_identification:_identify(ThirdParty/ros2_aruco/ros2_aruco_interfaces) by extensions ['ignore', 'ignore_ament_install']
[0.251s] Level 1:colcon.colcon_core.package_identification:_identify(ThirdParty/ros2_aruco/ros2_aruco_interfaces) by extension 'ignore'
[0.251s] Level 1:colcon.colcon_core.package_identification:_identify(ThirdParty/ros2_aruco/ros2_aruco_interfaces) by extension 'ignore_ament_install'
[0.251s] Level 1:colcon.colcon_core.package_identification:_identify(ThirdParty/ros2_aruco/ros2_aruco_interfaces) by extensions ['colcon_pkg']
[0.251s] Level 1:colcon.colcon_core.package_identification:_identify(ThirdParty/ros2_aruco/ros2_aruco_interfaces) by extension 'colcon_pkg'
[0.251s] Level 1:colcon.colcon_core.package_identification:_identify(ThirdParty/ros2_aruco/ros2_aruco_interfaces) by extensions ['colcon_meta']
[0.251s] Level 1:colcon.colcon_core.package_identification:_identify(ThirdParty/ros2_aruco/ros2_aruco_interfaces) by extension 'colcon_meta'
[0.251s] Level 1:colcon.colcon_core.package_identification:_identify(ThirdParty/ros2_aruco/ros2_aruco_interfaces) by extensions ['ros']
[0.251s] Level 1:colcon.colcon_core.package_identification:_identify(ThirdParty/ros2_aruco/ros2_aruco_interfaces) by extension 'ros'
[0.251s] DEBUG:colcon.colcon_core.package_identification:Package 'ThirdParty/ros2_aruco/ros2_aruco_interfaces' with type 'ros.ament_cmake' and name 'ros2_aruco_interfaces'
[0.252s] Level 1:colcon.colcon_core.package_identification:_identify(ThirdParty/tiago_moveit_config) by extensions ['ignore', 'ignore_ament_install']
[0.252s] Level 1:colcon.colcon_core.package_identification:_identify(ThirdParty/tiago_moveit_config) by extension 'ignore'
[0.252s] Level 1:colcon.colcon_core.package_identification:_identify(ThirdParty/tiago_moveit_config) by extension 'ignore_ament_install'
[0.252s] Level 1:colcon.colcon_core.package_identification:_identify(ThirdParty/tiago_moveit_config) by extensions ['colcon_pkg']
[0.252s] Level 1:colcon.colcon_core.package_identification:_identify(ThirdParty/tiago_moveit_config) by extension 'colcon_pkg'
[0.252s] Level 1:colcon.colcon_core.package_identification:_identify(ThirdParty/tiago_moveit_config) by extensions ['colcon_meta']
[0.252s] Level 1:colcon.colcon_core.package_identification:_identify(ThirdParty/tiago_moveit_config) by extension 'colcon_meta'
[0.252s] Level 1:colcon.colcon_core.package_identification:_identify(ThirdParty/tiago_moveit_config) by extensions ['ros']
[0.252s] Level 1:colcon.colcon_core.package_identification:_identify(ThirdParty/tiago_moveit_config) by extension 'ros'
[0.253s] DEBUG:colcon.colcon_core.package_identification:Package 'ThirdParty/tiago_moveit_config' with type 'ros.ament_cmake' and name 'tiago_moveit_config'
[0.253s] Level 1:colcon.colcon_core.package_identification:_identify(ThirdParty/tiago_navigation) by extensions ['ignore', 'ignore_ament_install']
[0.253s] Level 1:colcon.colcon_core.package_identification:_identify(ThirdParty/tiago_navigation) by extension 'ignore'
[0.253s] Level 1:colcon.colcon_core.package_identification:_identify(ThirdParty/tiago_navigation) by extension 'ignore_ament_install'
[0.253s] Level 1:colcon.colcon_core.package_identification:_identify(ThirdParty/tiago_navigation) by extensions ['colcon_pkg']
[0.253s] Level 1:colcon.colcon_core.package_identification:_identify(ThirdParty/tiago_navigation) by extension 'colcon_pkg'
[0.253s] Level 1:colcon.colcon_core.package_identification:_identify(ThirdParty/tiago_navigation) by extensions ['colcon_meta']
[0.253s] Level 1:colcon.colcon_core.package_identification:_identify(ThirdParty/tiago_navigation) by extension 'colcon_meta'
[0.253s] Level 1:colcon.colcon_core.package_identification:_identify(ThirdParty/tiago_navigation) by extensions ['ros']
[0.253s] Level 1:colcon.colcon_core.package_identification:_identify(ThirdParty/tiago_navigation) by extension 'ros'
[0.253s] Level 1:colcon.colcon_core.package_identification:_identify(ThirdParty/tiago_navigation) by extensions ['cmake', 'python']
[0.253s] Level 1:colcon.colcon_core.package_identification:_identify(ThirdParty/tiago_navigation) by extension 'cmake'
[0.253s] Level 1:colcon.colcon_core.package_identification:_identify(ThirdParty/tiago_navigation) by extension 'python'
[0.253s] Level 1:colcon.colcon_core.package_identification:_identify(ThirdParty/tiago_navigation) by extensions ['python_setup_py']
[0.253s] Level 1:colcon.colcon_core.package_identification:_identify(ThirdParty/tiago_navigation) by extension 'python_setup_py'
[0.253s] Level 1:colcon.colcon_core.package_identification:_identify(ThirdParty/tiago_navigation/tiago_2dnav) by extensions ['ignore', 'ignore_ament_install']
[0.253s] Level 1:colcon.colcon_core.package_identification:_identify(ThirdParty/tiago_navigation/tiago_2dnav) by extension 'ignore'
[0.254s] Level 1:colcon.colcon_core.package_identification:_identify(ThirdParty/tiago_navigation/tiago_2dnav) by extension 'ignore_ament_install'
[0.254s] Level 1:colcon.colcon_core.package_identification:_identify(ThirdParty/tiago_navigation/tiago_2dnav) by extensions ['colcon_pkg']
[0.254s] Level 1:colcon.colcon_core.package_identification:_identify(ThirdParty/tiago_navigation/tiago_2dnav) by extension 'colcon_pkg'
[0.254s] Level 1:colcon.colcon_core.package_identification:_identify(ThirdParty/tiago_navigation/tiago_2dnav) by extensions ['colcon_meta']
[0.254s] Level 1:colcon.colcon_core.package_identification:_identify(ThirdParty/tiago_navigation/tiago_2dnav) by extension 'colcon_meta'
[0.254s] Level 1:colcon.colcon_core.package_identification:_identify(ThirdParty/tiago_navigation/tiago_2dnav) by extensions ['ros']
[0.254s] Level 1:colcon.colcon_core.package_identification:_identify(ThirdParty/tiago_navigation/tiago_2dnav) by extension 'ros'
[0.255s] DEBUG:colcon.colcon_core.package_identification:Package 'ThirdParty/tiago_navigation/tiago_2dnav' with type 'ros.ament_cmake' and name 'tiago_2dnav'
[0.255s] Level 1:colcon.colcon_core.package_identification:_identify(ThirdParty/tiago_navigation/tiago_laser_sensors) by extensions ['ignore', 'ignore_ament_install']
[0.255s] Level 1:colcon.colcon_core.package_identification:_identify(ThirdParty/tiago_navigation/tiago_laser_sensors) by extension 'ignore'
[0.255s] Level 1:colcon.colcon_core.package_identification:_identify(ThirdParty/tiago_navigation/tiago_laser_sensors) by extension 'ignore_ament_install'
[0.255s] Level 1:colcon.colcon_core.package_identification:_identify(ThirdParty/tiago_navigation/tiago_laser_sensors) by extensions ['colcon_pkg']
[0.255s] Level 1:colcon.colcon_core.package_identification:_identify(ThirdParty/tiago_navigation/tiago_laser_sensors) by extension 'colcon_pkg'
[0.255s] Level 1:colcon.colcon_core.package_identification:_identify(ThirdParty/tiago_navigation/tiago_laser_sensors) by extensions ['colcon_meta']
[0.256s] Level 1:colcon.colcon_core.package_identification:_identify(ThirdParty/tiago_navigation/tiago_laser_sensors) by extension 'colcon_meta'
[0.256s] Level 1:colcon.colcon_core.package_identification:_identify(ThirdParty/tiago_navigation/tiago_laser_sensors) by extensions ['ros']
[0.256s] Level 1:colcon.colcon_core.package_identification:_identify(ThirdParty/tiago_navigation/tiago_laser_sensors) by extension 'ros'
[0.257s] DEBUG:colcon.colcon_core.package_identification:Package 'ThirdParty/tiago_navigation/tiago_laser_sensors' with type 'ros.ament_cmake' and name 'tiago_laser_sensors'
[0.257s] Level 1:colcon.colcon_core.package_identification:_identify(ThirdParty/tiago_navigation/tiago_navigation) by extensions ['ignore', 'ignore_ament_install']
[0.257s] Level 1:colcon.colcon_core.package_identification:_identify(ThirdParty/tiago_navigation/tiago_navigation) by extension 'ignore'
[0.257s] Level 1:colcon.colcon_core.package_identification:_identify(ThirdParty/tiago_navigation/tiago_navigation) by extension 'ignore_ament_install'
[0.257s] Level 1:colcon.colcon_core.package_identification:_identify(ThirdParty/tiago_navigation/tiago_navigation) by extensions ['colcon_pkg']
[0.258s] Level 1:colcon.colcon_core.package_identification:_identify(ThirdParty/tiago_navigation/tiago_navigation) by extension 'colcon_pkg'
[0.258s] Level 1:colcon.colcon_core.package_identification:_identify(ThirdParty/tiago_navigation/tiago_navigation) by extensions ['colcon_meta']
[0.258s] Level 1:colcon.colcon_core.package_identification:_identify(ThirdParty/tiago_navigation/tiago_navigation) by extension 'colcon_meta'
[0.258s] Level 1:colcon.colcon_core.package_identification:_identify(ThirdParty/tiago_navigation/tiago_navigation) by extensions ['ros']
[0.258s] Level 1:colcon.colcon_core.package_identification:_identify(ThirdParty/tiago_navigation/tiago_navigation) by extension 'ros'
[0.258s] DEBUG:colcon.colcon_core.package_identification:Package 'ThirdParty/tiago_navigation/tiago_navigation' with type 'ros.ament_cmake' and name 'tiago_navigation'
[0.258s] Level 1:colcon.colcon_core.package_identification:_identify(ThirdParty/tiago_omni_base) by extensions ['ignore', 'ignore_ament_install']
[0.258s] Level 1:colcon.colcon_core.package_identification:_identify(ThirdParty/tiago_omni_base) by extension 'ignore'
[0.258s] Level 1:colcon.colcon_core.package_identification:_identify(ThirdParty/tiago_omni_base) by extension 'ignore_ament_install'
[0.258s] Level 1:colcon.colcon_core.package_identification:_identify(ThirdParty/tiago_omni_base) by extensions ['colcon_pkg']
[0.259s] Level 1:colcon.colcon_core.package_identification:_identify(ThirdParty/tiago_omni_base) by extension 'colcon_pkg'
[0.259s] Level 1:colcon.colcon_core.package_identification:_identify(ThirdParty/tiago_omni_base) by extensions ['colcon_meta']
[0.259s] Level 1:colcon.colcon_core.package_identification:_identify(ThirdParty/tiago_omni_base) by extension 'colcon_meta'
[0.259s] Level 1:colcon.colcon_core.package_identification:_identify(ThirdParty/tiago_omni_base) by extensions ['ros']
[0.259s] Level 1:colcon.colcon_core.package_identification:_identify(ThirdParty/tiago_omni_base) by extension 'ros'
[0.259s] Level 1:colcon.colcon_core.package_identification:_identify(ThirdParty/tiago_omni_base) by extensions ['cmake', 'python']
[0.259s] Level 1:colcon.colcon_core.package_identification:_identify(ThirdParty/tiago_omni_base) by extension 'cmake'
[0.259s] Level 1:colcon.colcon_core.package_identification:_identify(ThirdParty/tiago_omni_base) by extension 'python'
[0.259s] Level 1:colcon.colcon_core.package_identification:_identify(ThirdParty/tiago_omni_base) by extensions ['python_setup_py']
[0.259s] Level 1:colcon.colcon_core.package_identification:_identify(ThirdParty/tiago_omni_base) by extension 'python_setup_py'
[0.259s] Level 1:colcon.colcon_core.package_identification:_identify(ThirdParty/tiago_omni_base/omni_base_bringup) by extensions ['ignore', 'ignore_ament_install']
[0.259s] Level 1:colcon.colcon_core.package_identification:_identify(ThirdParty/tiago_omni_base/omni_base_bringup) by extension 'ignore'
[0.259s] Level 1:colcon.colcon_core.package_identification:_identify(ThirdParty/tiago_omni_base/omni_base_bringup) by extension 'ignore_ament_install'
[0.259s] Level 1:colcon.colcon_core.package_identification:_identify(ThirdParty/tiago_omni_base/omni_base_bringup) by extensions ['colcon_pkg']
[0.259s] Level 1:colcon.colcon_core.package_identification:_identify(ThirdParty/tiago_omni_base/omni_base_bringup) by extension 'colcon_pkg'
[0.259s] Level 1:colcon.colcon_core.package_identification:_identify(ThirdParty/tiago_omni_base/omni_base_bringup) by extensions ['colcon_meta']
[0.259s] Level 1:colcon.colcon_core.package_identification:_identify(ThirdParty/tiago_omni_base/omni_base_bringup) by extension 'colcon_meta'
[0.259s] Level 1:colcon.colcon_core.package_identification:_identify(ThirdParty/tiago_omni_base/omni_base_bringup) by extensions ['ros']
[0.259s] Level 1:colcon.colcon_core.package_identification:_identify(ThirdParty/tiago_omni_base/omni_base_bringup) by extension 'ros'
[0.260s] DEBUG:colcon.colcon_core.package_identification:Package 'ThirdParty/tiago_omni_base/omni_base_bringup' with type 'ros.ament_cmake' and name 'omni_base_bringup'
[0.260s] Level 1:colcon.colcon_core.package_identification:_identify(ThirdParty/tiago_omni_base/omni_base_controller_configuration) by extensions ['ignore', 'ignore_ament_install']
[0.260s] Level 1:colcon.colcon_core.package_identification:_identify(ThirdParty/tiago_omni_base/omni_base_controller_configuration) by extension 'ignore'
[0.260s] Level 1:colcon.colcon_core.package_identification:_identify(ThirdParty/tiago_omni_base/omni_base_controller_configuration) by extension 'ignore_ament_install'
[0.260s] Level 1:colcon.colcon_core.package_identification:_identify(ThirdParty/tiago_omni_base/omni_base_controller_configuration) by extensions ['colcon_pkg']
[0.260s] Level 1:colcon.colcon_core.package_identification:_identify(ThirdParty/tiago_omni_base/omni_base_controller_configuration) by extension 'colcon_pkg'
[0.260s] Level 1:colcon.colcon_core.package_identification:_identify(ThirdParty/tiago_omni_base/omni_base_controller_configuration) by extensions ['colcon_meta']
[0.260s] Level 1:colcon.colcon_core.package_identification:_identify(ThirdParty/tiago_omni_base/omni_base_controller_configuration) by extension 'colcon_meta'
[0.260s] Level 1:colcon.colcon_core.package_identification:_identify(ThirdParty/tiago_omni_base/omni_base_controller_configuration) by extensions ['ros']
[0.260s] Level 1:colcon.colcon_core.package_identification:_identify(ThirdParty/tiago_omni_base/omni_base_controller_configuration) by extension 'ros'
[0.261s] DEBUG:colcon.colcon_core.package_identification:Package 'ThirdParty/tiago_omni_base/omni_base_controller_configuration' with type 'ros.ament_cmake' and name 'omni_base_controller_configuration'
[0.261s] Level 1:colcon.colcon_core.package_identification:_identify(ThirdParty/tiago_omni_base/omni_base_description) by extensions ['ignore', 'ignore_ament_install']
[0.262s] Level 1:colcon.colcon_core.package_identification:_identify(ThirdParty/tiago_omni_base/omni_base_description) by extension 'ignore'
[0.262s] Level 1:colcon.colcon_core.package_identification:_identify(ThirdParty/tiago_omni_base/omni_base_description) by extension 'ignore_ament_install'
[0.262s] Level 1:colcon.colcon_core.package_identification:_identify(ThirdParty/tiago_omni_base/omni_base_description) by extensions ['colcon_pkg']
[0.262s] Level 1:colcon.colcon_core.package_identification:_identify(ThirdParty/tiago_omni_base/omni_base_description) by extension 'colcon_pkg'
[0.262s] Level 1:colcon.colcon_core.package_identification:_identify(ThirdParty/tiago_omni_base/omni_base_description) by extensions ['colcon_meta']
[0.262s] Level 1:colcon.colcon_core.package_identification:_identify(ThirdParty/tiago_omni_base/omni_base_description) by extension 'colcon_meta'
[0.262s] Level 1:colcon.colcon_core.package_identification:_identify(ThirdParty/tiago_omni_base/omni_base_description) by extensions ['ros']
[0.262s] Level 1:colcon.colcon_core.package_identification:_identify(ThirdParty/tiago_omni_base/omni_base_description) by extension 'ros'
[0.263s] DEBUG:colcon.colcon_core.package_identification:Package 'ThirdParty/tiago_omni_base/omni_base_description' with type 'ros.ament_cmake' and name 'omni_base_description'
[0.263s] Level 1:colcon.colcon_core.package_identification:_identify(ThirdParty/tiago_omni_base/omni_base_robot) by extensions ['ignore', 'ignore_ament_install']
[0.263s] Level 1:colcon.colcon_core.package_identification:_identify(ThirdParty/tiago_omni_base/omni_base_robot) by extension 'ignore'
[0.263s] Level 1:colcon.colcon_core.package_identification:_identify(ThirdParty/tiago_omni_base/omni_base_robot) by extension 'ignore_ament_install'
[0.263s] Level 1:colcon.colcon_core.package_identification:_identify(ThirdParty/tiago_omni_base/omni_base_robot) by extensions ['colcon_pkg']
[0.263s] Level 1:colcon.colcon_core.package_identification:_identify(ThirdParty/tiago_omni_base/omni_base_robot) by extension 'colcon_pkg'
[0.263s] Level 1:colcon.colcon_core.package_identification:_identify(ThirdParty/tiago_omni_base/omni_base_robot) by extensions ['colcon_meta']
[0.263s] Level 1:colcon.colcon_core.package_identification:_identify(ThirdParty/tiago_omni_base/omni_base_robot) by extension 'colcon_meta'
[0.263s] Level 1:colcon.colcon_core.package_identification:_identify(ThirdParty/tiago_omni_base/omni_base_robot) by extensions ['ros']
[0.263s] Level 1:colcon.colcon_core.package_identification:_identify(ThirdParty/tiago_omni_base/omni_base_robot) by extension 'ros'
[0.264s] DEBUG:colcon.colcon_core.package_identification:Package 'ThirdParty/tiago_omni_base/omni_base_robot' with type 'ros.ament_cmake' and name 'omni_base_robot'
[0.264s] Level 1:colcon.colcon_core.package_identification:_identify(ThirdParty/tiago_robot) by extensions ['ignore', 'ignore_ament_install']
[0.264s] Level 1:colcon.colcon_core.package_identification:_identify(ThirdParty/tiago_robot) by extension 'ignore'
[0.264s] Level 1:colcon.colcon_core.package_identification:_identify(ThirdParty/tiago_robot) by extension 'ignore_ament_install'
[0.264s] Level 1:colcon.colcon_core.package_identification:_identify(ThirdParty/tiago_robot) by extensions ['colcon_pkg']
[0.264s] Level 1:colcon.colcon_core.package_identification:_identify(ThirdParty/tiago_robot) by extension 'colcon_pkg'
[0.264s] Level 1:colcon.colcon_core.package_identification:_identify(ThirdParty/tiago_robot) by extensions ['colcon_meta']
[0.264s] Level 1:colcon.colcon_core.package_identification:_identify(ThirdParty/tiago_robot) by extension 'colcon_meta'
[0.264s] Level 1:colcon.colcon_core.package_identification:_identify(ThirdParty/tiago_robot) by extensions ['ros']
[0.264s] Level 1:colcon.colcon_core.package_identification:_identify(ThirdParty/tiago_robot) by extension 'ros'
[0.264s] Level 1:colcon.colcon_core.package_identification:_identify(ThirdParty/tiago_robot) by extensions ['cmake', 'python']
[0.264s] Level 1:colcon.colcon_core.package_identification:_identify(ThirdParty/tiago_robot) by extension 'cmake'
[0.264s] Level 1:colcon.colcon_core.package_identification:_identify(ThirdParty/tiago_robot) by extension 'python'
[0.264s] Level 1:colcon.colcon_core.package_identification:_identify(ThirdParty/tiago_robot) by extensions ['python_setup_py']
[0.264s] Level 1:colcon.colcon_core.package_identification:_identify(ThirdParty/tiago_robot) by extension 'python_setup_py'
[0.264s] Level 1:colcon.colcon_core.package_identification:_identify(ThirdParty/tiago_robot/tiago_bringup) by extensions ['ignore', 'ignore_ament_install']
[0.265s] Level 1:colcon.colcon_core.package_identification:_identify(ThirdParty/tiago_robot/tiago_bringup) by extension 'ignore'
[0.265s] Level 1:colcon.colcon_core.package_identification:_identify(ThirdParty/tiago_robot/tiago_bringup) by extension 'ignore_ament_install'
[0.265s] Level 1:colcon.colcon_core.package_identification:_identify(ThirdParty/tiago_robot/tiago_bringup) by extensions ['colcon_pkg']
[0.265s] Level 1:colcon.colcon_core.package_identification:_identify(ThirdParty/tiago_robot/tiago_bringup) by extension 'colcon_pkg'
[0.265s] Level 1:colcon.colcon_core.package_identification:_identify(ThirdParty/tiago_robot/tiago_bringup) by extensions ['colcon_meta']
[0.265s] Level 1:colcon.colcon_core.package_identification:_identify(ThirdParty/tiago_robot/tiago_bringup) by extension 'colcon_meta'
[0.265s] Level 1:colcon.colcon_core.package_identification:_identify(ThirdParty/tiago_robot/tiago_bringup) by extensions ['ros']
[0.265s] Level 1:colcon.colcon_core.package_identification:_identify(ThirdParty/tiago_robot/tiago_bringup) by extension 'ros'
[0.265s] DEBUG:colcon.colcon_core.package_identification:Package 'ThirdParty/tiago_robot/tiago_bringup' with type 'ros.ament_cmake' and name 'tiago_bringup'
[0.266s] Level 1:colcon.colcon_core.package_identification:_identify(ThirdParty/tiago_robot/tiago_controller_configuration) by extensions ['ignore', 'ignore_ament_install']
[0.266s] Level 1:colcon.colcon_core.package_identification:_identify(ThirdParty/tiago_robot/tiago_controller_configuration) by extension 'ignore'
[0.266s] Level 1:colcon.colcon_core.package_identification:_identify(ThirdParty/tiago_robot/tiago_controller_configuration) by extension 'ignore_ament_install'
[0.266s] Level 1:colcon.colcon_core.package_identification:_identify(ThirdParty/tiago_robot/tiago_controller_configuration) by extensions ['colcon_pkg']
[0.266s] Level 1:colcon.colcon_core.package_identification:_identify(ThirdParty/tiago_robot/tiago_controller_configuration) by extension 'colcon_pkg'
[0.266s] Level 1:colcon.colcon_core.package_identification:_identify(ThirdParty/tiago_robot/tiago_controller_configuration) by extensions ['colcon_meta']
[0.266s] Level 1:colcon.colcon_core.package_identification:_identify(ThirdParty/tiago_robot/tiago_controller_configuration) by extension 'colcon_meta'
[0.266s] Level 1:colcon.colcon_core.package_identification:_identify(ThirdParty/tiago_robot/tiago_controller_configuration) by extensions ['ros']
[0.266s] Level 1:colcon.colcon_core.package_identification:_identify(ThirdParty/tiago_robot/tiago_controller_configuration) by extension 'ros'
[0.267s] DEBUG:colcon.colcon_core.package_identification:Package 'ThirdParty/tiago_robot/tiago_controller_configuration' with type 'ros.ament_cmake' and name 'tiago_controller_configuration'
[0.267s] Level 1:colcon.colcon_core.package_identification:_identify(ThirdParty/tiago_robot/tiago_description) by extensions ['ignore', 'ignore_ament_install']
[0.267s] Level 1:colcon.colcon_core.package_identification:_identify(ThirdParty/tiago_robot/tiago_description) by extension 'ignore'
[0.267s] Level 1:colcon.colcon_core.package_identification:_identify(ThirdParty/tiago_robot/tiago_description) by extension 'ignore_ament_install'
[0.267s] Level 1:colcon.colcon_core.package_identification:_identify(ThirdParty/tiago_robot/tiago_description) by extensions ['colcon_pkg']
[0.267s] Level 1:colcon.colcon_core.package_identification:_identify(ThirdParty/tiago_robot/tiago_description) by extension 'colcon_pkg'
[0.267s] Level 1:colcon.colcon_core.package_identification:_identify(ThirdParty/tiago_robot/tiago_description) by extensions ['colcon_meta']
[0.267s] Level 1:colcon.colcon_core.package_identification:_identify(ThirdParty/tiago_robot/tiago_description) by extension 'colcon_meta'
[0.267s] Level 1:colcon.colcon_core.package_identification:_identify(ThirdParty/tiago_robot/tiago_description) by extensions ['ros']
[0.268s] Level 1:colcon.colcon_core.package_identification:_identify(ThirdParty/tiago_robot/tiago_description) by extension 'ros'
[0.268s] DEBUG:colcon.colcon_core.package_identification:Package 'ThirdParty/tiago_robot/tiago_description' with type 'ros.ament_cmake' and name 'tiago_description'
[0.268s] Level 1:colcon.colcon_core.package_identification:_identify(ThirdParty/tiago_robot/tiago_robot) by extensions ['ignore', 'ignore_ament_install']
[0.269s] Level 1:colcon.colcon_core.package_identification:_identify(ThirdParty/tiago_robot/tiago_robot) by extension 'ignore'
[0.269s] Level 1:colcon.colcon_core.package_identification:_identify(ThirdParty/tiago_robot/tiago_robot) by extension 'ignore_ament_install'
[0.269s] Level 1:colcon.colcon_core.package_identification:_identify(ThirdParty/tiago_robot/tiago_robot) by extensions ['colcon_pkg']
[0.269s] Level 1:colcon.colcon_core.package_identification:_identify(ThirdParty/tiago_robot/tiago_robot) by extension 'colcon_pkg'
[0.269s] Level 1:colcon.colcon_core.package_identification:_identify(ThirdParty/tiago_robot/tiago_robot) by extensions ['colcon_meta']
[0.269s] Level 1:colcon.colcon_core.package_identification:_identify(ThirdParty/tiago_robot/tiago_robot) by extension 'colcon_meta'
[0.269s] Level 1:colcon.colcon_core.package_identification:_identify(ThirdParty/tiago_robot/tiago_robot) by extensions ['ros']
[0.269s] Level 1:colcon.colcon_core.package_identification:_identify(ThirdParty/tiago_robot/tiago_robot) by extension 'ros'
[0.269s] DEBUG:colcon.colcon_core.package_identification:Package 'ThirdParty/tiago_robot/tiago_robot' with type 'ros.ament_cmake' and name 'tiago_robot'
[0.269s] Level 1:colcon.colcon_core.package_identification:_identify(ThirdParty/tiago_simulation) by extensions ['ignore', 'ignore_ament_install']
[0.269s] Level 1:colcon.colcon_core.package_identification:_identify(ThirdParty/tiago_simulation) by extension 'ignore'
[0.269s] Level 1:colcon.colcon_core.package_identification:_identify(ThirdParty/tiago_simulation) by extension 'ignore_ament_install'
[0.270s] Level 1:colcon.colcon_core.package_identification:_identify(ThirdParty/tiago_simulation) by extensions ['colcon_pkg']
[0.270s] Level 1:colcon.colcon_core.package_identification:_identify(ThirdParty/tiago_simulation) by extension 'colcon_pkg'
[0.270s] Level 1:colcon.colcon_core.package_identification:_identify(ThirdParty/tiago_simulation) by extensions ['colcon_meta']
[0.270s] Level 1:colcon.colcon_core.package_identification:_identify(ThirdParty/tiago_simulation) by extension 'colcon_meta'
[0.270s] Level 1:colcon.colcon_core.package_identification:_identify(ThirdParty/tiago_simulation) by extensions ['ros']
[0.270s] Level 1:colcon.colcon_core.package_identification:_identify(ThirdParty/tiago_simulation) by extension 'ros'
[0.270s] Level 1:colcon.colcon_core.package_identification:_identify(ThirdParty/tiago_simulation) by extensions ['cmake', 'python']
[0.270s] Level 1:colcon.colcon_core.package_identification:_identify(ThirdParty/tiago_simulation) by extension 'cmake'
[0.270s] Level 1:colcon.colcon_core.package_identification:_identify(ThirdParty/tiago_simulation) by extension 'python'
[0.270s] Level 1:colcon.colcon_core.package_identification:_identify(ThirdParty/tiago_simulation) by extensions ['python_setup_py']
[0.270s] Level 1:colcon.colcon_core.package_identification:_identify(ThirdParty/tiago_simulation) by extension 'python_setup_py'
[0.270s] Level 1:colcon.colcon_core.package_identification:_identify(ThirdParty/tiago_simulation/doc) by extensions ['ignore', 'ignore_ament_install']
[0.270s] Level 1:colcon.colcon_core.package_identification:_identify(ThirdParty/tiago_simulation/doc) by extension 'ignore'
[0.270s] Level 1:colcon.colcon_core.package_identification:_identify(ThirdParty/tiago_simulation/doc) by extension 'ignore_ament_install'
[0.270s] Level 1:colcon.colcon_core.package_identification:_identify(ThirdParty/tiago_simulation/doc) by extensions ['colcon_pkg']
[0.270s] Level 1:colcon.colcon_core.package_identification:_identify(ThirdParty/tiago_simulation/doc) by extension 'colcon_pkg'
[0.270s] Level 1:colcon.colcon_core.package_identification:_identify(ThirdParty/tiago_simulation/doc) by extensions ['colcon_meta']
[0.270s] Level 1:colcon.colcon_core.package_identification:_identify(ThirdParty/tiago_simulation/doc) by extension 'colcon_meta'
[0.270s] Level 1:colcon.colcon_core.package_identification:_identify(ThirdParty/tiago_simulation/doc) by extensions ['ros']
[0.270s] Level 1:colcon.colcon_core.package_identification:_identify(ThirdParty/tiago_simulation/doc) by extension 'ros'
[0.271s] Level 1:colcon.colcon_core.package_identification:_identify(ThirdParty/tiago_simulation/doc) by extensions ['cmake', 'python']
[0.271s] Level 1:colcon.colcon_core.package_identification:_identify(ThirdParty/tiago_simulation/doc) by extension 'cmake'
[0.271s] Level 1:colcon.colcon_core.package_identification:_identify(ThirdParty/tiago_simulation/doc) by extension 'python'
[0.271s] Level 1:colcon.colcon_core.package_identification:_identify(ThirdParty/tiago_simulation/doc) by extensions ['python_setup_py']
[0.271s] Level 1:colcon.colcon_core.package_identification:_identify(ThirdParty/tiago_simulation/doc) by extension 'python_setup_py'
[0.271s] Level 1:colcon.colcon_core.package_identification:_identify(ThirdParty/tiago_simulation/doc/media) by extensions ['ignore', 'ignore_ament_install']
[0.271s] Level 1:colcon.colcon_core.package_identification:_identify(ThirdParty/tiago_simulation/doc/media) by extension 'ignore'
[0.271s] Level 1:colcon.colcon_core.package_identification:_identify(ThirdParty/tiago_simulation/doc/media) by extension 'ignore_ament_install'
[0.271s] Level 1:colcon.colcon_core.package_identification:_identify(ThirdParty/tiago_simulation/doc/media) by extensions ['colcon_pkg']
[0.271s] Level 1:colcon.colcon_core.package_identification:_identify(ThirdParty/tiago_simulation/doc/media) by extension 'colcon_pkg'
[0.271s] Level 1:colcon.colcon_core.package_identification:_identify(ThirdParty/tiago_simulation/doc/media) by extensions ['colcon_meta']
[0.271s] Level 1:colcon.colcon_core.package_identification:_identify(ThirdParty/tiago_simulation/doc/media) by extension 'colcon_meta'
[0.271s] Level 1:colcon.colcon_core.package_identification:_identify(ThirdParty/tiago_simulation/doc/media) by extensions ['ros']
[0.271s] Level 1:colcon.colcon_core.package_identification:_identify(ThirdParty/tiago_simulation/doc/media) by extension 'ros'
[0.271s] Level 1:colcon.colcon_core.package_identification:_identify(ThirdParty/tiago_simulation/doc/media) by extensions ['cmake', 'python']
[0.271s] Level 1:colcon.colcon_core.package_identification:_identify(ThirdParty/tiago_simulation/doc/media) by extension 'cmake'
[0.271s] Level 1:colcon.colcon_core.package_identification:_identify(ThirdParty/tiago_simulation/doc/media) by extension 'python'
[0.271s] Level 1:colcon.colcon_core.package_identification:_identify(ThirdParty/tiago_simulation/doc/media) by extensions ['python_setup_py']
[0.271s] Level 1:colcon.colcon_core.package_identification:_identify(ThirdParty/tiago_simulation/doc/media) by extension 'python_setup_py'
[0.271s] Level 1:colcon.colcon_core.package_identification:_identify(ThirdParty/tiago_simulation/tiago_gazebo) by extensions ['ignore', 'ignore_ament_install']
[0.272s] Level 1:colcon.colcon_core.package_identification:_identify(ThirdParty/tiago_simulation/tiago_gazebo) by extension 'ignore'
[0.272s] Level 1:colcon.colcon_core.package_identification:_identify(ThirdParty/tiago_simulation/tiago_gazebo) by extension 'ignore_ament_install'
[0.272s] Level 1:colcon.colcon_core.package_identification:_identify(ThirdParty/tiago_simulation/tiago_gazebo) by extensions ['colcon_pkg']
[0.272s] Level 1:colcon.colcon_core.package_identification:_identify(ThirdParty/tiago_simulation/tiago_gazebo) by extension 'colcon_pkg'
[0.272s] Level 1:colcon.colcon_core.package_identification:_identify(ThirdParty/tiago_simulation/tiago_gazebo) by extensions ['colcon_meta']
[0.272s] Level 1:colcon.colcon_core.package_identification:_identify(ThirdParty/tiago_simulation/tiago_gazebo) by extension 'colcon_meta'
[0.272s] Level 1:colcon.colcon_core.package_identification:_identify(ThirdParty/tiago_simulation/tiago_gazebo) by extensions ['ros']
[0.272s] Level 1:colcon.colcon_core.package_identification:_identify(ThirdParty/tiago_simulation/tiago_gazebo) by extension 'ros'
[0.272s] DEBUG:colcon.colcon_core.package_identification:Package 'ThirdParty/tiago_simulation/tiago_gazebo' with type 'ros.ament_cmake' and name 'tiago_gazebo'
[0.272s] Level 1:colcon.colcon_core.package_identification:_identify(ThirdParty/tiago_simulation/tiago_multi) by extensions ['ignore', 'ignore_ament_install']
[0.273s] Level 1:colcon.colcon_core.package_identification:_identify(ThirdParty/tiago_simulation/tiago_multi) by extension 'ignore'
[0.273s] Level 1:colcon.colcon_core.package_identification:_identify(ThirdParty/tiago_simulation/tiago_multi) ignored
[0.273s] Level 1:colcon.colcon_core.package_identification:_identify(ThirdParty/tiago_simulation/tiago_simulation) by extensions ['ignore', 'ignore_ament_install']
[0.273s] Level 1:colcon.colcon_core.package_identification:_identify(ThirdParty/tiago_simulation/tiago_simulation) by extension 'ignore'
[0.273s] Level 1:colcon.colcon_core.package_identification:_identify(ThirdParty/tiago_simulation/tiago_simulation) by extension 'ignore_ament_install'
[0.273s] Level 1:colcon.colcon_core.package_identification:_identify(ThirdParty/tiago_simulation/tiago_simulation) by extensions ['colcon_pkg']
[0.273s] Level 1:colcon.colcon_core.package_identification:_identify(ThirdParty/tiago_simulation/tiago_simulation) by extension 'colcon_pkg'
[0.273s] Level 1:colcon.colcon_core.package_identification:_identify(ThirdParty/tiago_simulation/tiago_simulation) by extensions ['colcon_meta']
[0.273s] Level 1:colcon.colcon_core.package_identification:_identify(ThirdParty/tiago_simulation/tiago_simulation) by extension 'colcon_meta'
[0.273s] Level 1:colcon.colcon_core.package_identification:_identify(ThirdParty/tiago_simulation/tiago_simulation) by extensions ['ros']
[0.273s] Level 1:colcon.colcon_core.package_identification:_identify(ThirdParty/tiago_simulation/tiago_simulation) by extension 'ros'
[0.274s] DEBUG:colcon.colcon_core.package_identification:Package 'ThirdParty/tiago_simulation/tiago_simulation' with type 'ros.ament_cmake' and name 'tiago_simulation'
[0.274s] Level 1:colcon.colcon_core.package_identification:_identify(ThirdParty/yolo_ros) by extensions ['ignore', 'ignore_ament_install']
[0.274s] Level 1:colcon.colcon_core.package_identification:_identify(ThirdParty/yolo_ros) by extension 'ignore'
[0.274s] Level 1:colcon.colcon_core.package_identification:_identify(ThirdParty/yolo_ros) by extension 'ignore_ament_install'
[0.274s] Level 1:colcon.colcon_core.package_identification:_identify(ThirdParty/yolo_ros) by extensions ['colcon_pkg']
[0.274s] Level 1:colcon.colcon_core.package_identification:_identify(ThirdParty/yolo_ros) by extension 'colcon_pkg'
[0.274s] Level 1:colcon.colcon_core.package_identification:_identify(ThirdParty/yolo_ros) by extensions ['colcon_meta']
[0.274s] Level 1:colcon.colcon_core.package_identification:_identify(ThirdParty/yolo_ros) by extension 'colcon_meta'
[0.274s] Level 1:colcon.colcon_core.package_identification:_identify(ThirdParty/yolo_ros) by extensions ['ros']
[0.274s] Level 1:colcon.colcon_core.package_identification:_identify(ThirdParty/yolo_ros) by extension 'ros'
[0.274s] Level 1:colcon.colcon_core.package_identification:_identify(ThirdParty/yolo_ros) by extensions ['cmake', 'python']
[0.274s] Level 1:colcon.colcon_core.package_identification:_identify(ThirdParty/yolo_ros) by extension 'cmake'
[0.274s] Level 1:colcon.colcon_core.package_identification:_identify(ThirdParty/yolo_ros) by extension 'python'
[0.274s] Level 1:colcon.colcon_core.package_identification:_identify(ThirdParty/yolo_ros) by extensions ['python_setup_py']
[0.274s] Level 1:colcon.colcon_core.package_identification:_identify(ThirdParty/yolo_ros) by extension 'python_setup_py'
[0.274s] Level 1:colcon.colcon_core.package_identification:_identify(ThirdParty/yolo_ros/docs) by extensions ['ignore', 'ignore_ament_install']
[0.274s] Level 1:colcon.colcon_core.package_identification:_identify(ThirdParty/yolo_ros/docs) by extension 'ignore'
[0.274s] Level 1:colcon.colcon_core.package_identification:_identify(ThirdParty/yolo_ros/docs) by extension 'ignore_ament_install'
[0.275s] Level 1:colcon.colcon_core.package_identification:_identify(ThirdParty/yolo_ros/docs) by extensions ['colcon_pkg']
[0.275s] Level 1:colcon.colcon_core.package_identification:_identify(ThirdParty/yolo_ros/docs) by extension 'colcon_pkg'
[0.275s] Level 1:colcon.colcon_core.package_identification:_identify(ThirdParty/yolo_ros/docs) by extensions ['colcon_meta']
[0.275s] Level 1:colcon.colcon_core.package_identification:_identify(ThirdParty/yolo_ros/docs) by extension 'colcon_meta'
[0.275s] Level 1:colcon.colcon_core.package_identification:_identify(ThirdParty/yolo_ros/docs) by extensions ['ros']
[0.275s] Level 1:colcon.colcon_core.package_identification:_identify(ThirdParty/yolo_ros/docs) by extension 'ros'
[0.275s] Level 1:colcon.colcon_core.package_identification:_identify(ThirdParty/yolo_ros/docs) by extensions ['cmake', 'python']
[0.275s] Level 1:colcon.colcon_core.package_identification:_identify(ThirdParty/yolo_ros/docs) by extension 'cmake'
[0.275s] Level 1:colcon.colcon_core.package_identification:_identify(ThirdParty/yolo_ros/docs) by extension 'python'
[0.275s] Level 1:colcon.colcon_core.package_identification:_identify(ThirdParty/yolo_ros/docs) by extensions ['python_setup_py']
[0.275s] Level 1:colcon.colcon_core.package_identification:_identify(ThirdParty/yolo_ros/docs) by extension 'python_setup_py'
[0.275s] Level 1:colcon.colcon_core.package_identification:_identify(ThirdParty/yolo_ros/yolo_bringup) by extensions ['ignore', 'ignore_ament_install']
[0.275s] Level 1:colcon.colcon_core.package_identification:_identify(ThirdParty/yolo_ros/yolo_bringup) by extension 'ignore'
[0.275s] Level 1:colcon.colcon_core.package_identification:_identify(ThirdParty/yolo_ros/yolo_bringup) by extension 'ignore_ament_install'
[0.275s] Level 1:colcon.colcon_core.package_identification:_identify(ThirdParty/yolo_ros/yolo_bringup) by extensions ['colcon_pkg']
[0.275s] Level 1:colcon.colcon_core.package_identification:_identify(ThirdParty/yolo_ros/yolo_bringup) by extension 'colcon_pkg'
[0.275s] Level 1:colcon.colcon_core.package_identification:_identify(ThirdParty/yolo_ros/yolo_bringup) by extensions ['colcon_meta']
[0.275s] Level 1:colcon.colcon_core.package_identification:_identify(ThirdParty/yolo_ros/yolo_bringup) by extension 'colcon_meta'
[0.275s] Level 1:colcon.colcon_core.package_identification:_identify(ThirdParty/yolo_ros/yolo_bringup) by extensions ['ros']
[0.275s] Level 1:colcon.colcon_core.package_identification:_identify(ThirdParty/yolo_ros/yolo_bringup) by extension 'ros'
[0.276s] DEBUG:colcon.colcon_core.package_identification:Package 'ThirdParty/yolo_ros/yolo_bringup' with type 'ros.ament_cmake' and name 'yolo_bringup'
[0.276s] Level 1:colcon.colcon_core.package_identification:_identify(ThirdParty/yolo_ros/yolo_msgs) by extensions ['ignore', 'ignore_ament_install']
[0.276s] Level 1:colcon.colcon_core.package_identification:_identify(ThirdParty/yolo_ros/yolo_msgs) by extension 'ignore'
[0.276s] Level 1:colcon.colcon_core.package_identification:_identify(ThirdParty/yolo_ros/yolo_msgs) by extension 'ignore_ament_install'
[0.276s] Level 1:colcon.colcon_core.package_identification:_identify(ThirdParty/yolo_ros/yolo_msgs) by extensions ['colcon_pkg']
[0.276s] Level 1:colcon.colcon_core.package_identification:_identify(ThirdParty/yolo_ros/yolo_msgs) by extension 'colcon_pkg'
[0.276s] Level 1:colcon.colcon_core.package_identification:_identify(ThirdParty/yolo_ros/yolo_msgs) by extensions ['colcon_meta']
[0.276s] Level 1:colcon.colcon_core.package_identification:_identify(ThirdParty/yolo_ros/yolo_msgs) by extension 'colcon_meta'
[0.276s] Level 1:colcon.colcon_core.package_identification:_identify(ThirdParty/yolo_ros/yolo_msgs) by extensions ['ros']
[0.276s] Level 1:colcon.colcon_core.package_identification:_identify(ThirdParty/yolo_ros/yolo_msgs) by extension 'ros'
[0.277s] DEBUG:colcon.colcon_core.package_identification:Package 'ThirdParty/yolo_ros/yolo_msgs' with type 'ros.ament_cmake' and name 'yolo_msgs'
[0.277s] Level 1:colcon.colcon_core.package_identification:_identify(ThirdParty/yolo_ros/yolo_ros) by extensions ['ignore', 'ignore_ament_install']
[0.277s] Level 1:colcon.colcon_core.package_identification:_identify(ThirdParty/yolo_ros/yolo_ros) by extension 'ignore'
[0.277s] Level 1:colcon.colcon_core.package_identification:_identify(ThirdParty/yolo_ros/yolo_ros) by extension 'ignore_ament_install'
[0.277s] Level 1:colcon.colcon_core.package_identification:_identify(ThirdParty/yolo_ros/yolo_ros) by extensions ['colcon_pkg']
[0.277s] Level 1:colcon.colcon_core.package_identification:_identify(ThirdParty/yolo_ros/yolo_ros) by extension 'colcon_pkg'
[0.277s] Level 1:colcon.colcon_core.package_identification:_identify(ThirdParty/yolo_ros/yolo_ros) by extensions ['colcon_meta']
[0.277s] Level 1:colcon.colcon_core.package_identification:_identify(ThirdParty/yolo_ros/yolo_ros) by extension 'colcon_meta'
[0.277s] Level 1:colcon.colcon_core.package_identification:_identify(ThirdParty/yolo_ros/yolo_ros) by extensions ['ros']
[0.277s] Level 1:colcon.colcon_core.package_identification:_identify(ThirdParty/yolo_ros/yolo_ros) by extension 'ros'
[0.278s] DEBUG:colcon.colcon_core.package_identification:Package 'ThirdParty/yolo_ros/yolo_ros' with type 'ros.ament_python' and name 'yolo_ros'
[0.278s] Level 1:colcon.colcon_core.package_identification:_identify(build) by extensions ['ignore', 'ignore_ament_install']
[0.278s] Level 1:colcon.colcon_core.package_identification:_identify(build) by extension 'ignore'
[0.278s] Level 1:colcon.colcon_core.package_identification:_identify(build) ignored
[0.278s] Level 1:colcon.colcon_core.package_identification:_identify(docker_bt) by extensions ['ignore', 'ignore_ament_install']
[0.279s] Level 1:colcon.colcon_core.package_identification:_identify(docker_bt) by extension 'ignore'
[0.279s] Level 1:colcon.colcon_core.package_identification:_identify(docker_bt) by extension 'ignore_ament_install'
[0.279s] Level 1:colcon.colcon_core.package_identification:_identify(docker_bt) by extensions ['colcon_pkg']
[0.279s] Level 1:colcon.colcon_core.package_identification:_identify(docker_bt) by extension 'colcon_pkg'
[0.279s] Level 1:colcon.colcon_core.package_identification:_identify(docker_bt) by extensions ['colcon_meta']
[0.279s] Level 1:colcon.colcon_core.package_identification:_identify(docker_bt) by extension 'colcon_meta'
[0.279s] Level 1:colcon.colcon_core.package_identification:_identify(docker_bt) by extensions ['ros']
[0.279s] Level 1:colcon.colcon_core.package_identification:_identify(docker_bt) by extension 'ros'
[0.279s] Level 1:colcon.colcon_core.package_identification:_identify(docker_bt) by extensions ['cmake', 'python']
[0.279s] Level 1:colcon.colcon_core.package_identification:_identify(docker_bt) by extension 'cmake'
[0.279s] Level 1:colcon.colcon_core.package_identification:_identify(docker_bt) by extension 'python'
[0.279s] Level 1:colcon.colcon_core.package_identification:_identify(docker_bt) by extensions ['python_setup_py']
[0.279s] Level 1:colcon.colcon_core.package_identification:_identify(docker_bt) by extension 'python_setup_py'
[0.279s] Level 1:colcon.colcon_core.package_identification:_identify(docker_bt/scripts) by extensions ['ignore', 'ignore_ament_install']
[0.279s] Level 1:colcon.colcon_core.package_identification:_identify(docker_bt/scripts) by extension 'ignore'
[0.279s] Level 1:colcon.colcon_core.package_identification:_identify(docker_bt/scripts) by extension 'ignore_ament_install'
[0.279s] Level 1:colcon.colcon_core.package_identification:_identify(docker_bt/scripts) by extensions ['colcon_pkg']
[0.279s] Level 1:colcon.colcon_core.package_identification:_identify(docker_bt/scripts) by extension 'colcon_pkg'
[0.279s] Level 1:colcon.colcon_core.package_identification:_identify(docker_bt/scripts) by extensions ['colcon_meta']
[0.279s] Level 1:colcon.colcon_core.package_identification:_identify(docker_bt/scripts) by extension 'colcon_meta'
[0.279s] Level 1:colcon.colcon_core.package_identification:_identify(docker_bt/scripts) by extensions ['ros']
[0.280s] Level 1:colcon.colcon_core.package_identification:_identify(docker_bt/scripts) by extension 'ros'
[0.280s] Level 1:colcon.colcon_core.package_identification:_identify(docker_bt/scripts) by extensions ['cmake', 'python']
[0.280s] Level 1:colcon.colcon_core.package_identification:_identify(docker_bt/scripts) by extension 'cmake'
[0.280s] Level 1:colcon.colcon_core.package_identification:_identify(docker_bt/scripts) by extension 'python'
[0.280s] Level 1:colcon.colcon_core.package_identification:_identify(docker_bt/scripts) by extensions ['python_setup_py']
[0.280s] Level 1:colcon.colcon_core.package_identification:_identify(docker_bt/scripts) by extension 'python_setup_py'
[0.280s] Level 1:colcon.colcon_core.package_identification:_identify(docs) by extensions ['ignore', 'ignore_ament_install']
[0.280s] Level 1:colcon.colcon_core.package_identification:_identify(docs) by extension 'ignore'
[0.280s] Level 1:colcon.colcon_core.package_identification:_identify(docs) ignored
[0.280s] Level 1:colcon.colcon_core.package_identification:_identify(install) by extensions ['ignore', 'ignore_ament_install']
[0.280s] Level 1:colcon.colcon_core.package_identification:_identify(install) by extension 'ignore'
[0.280s] Level 1:colcon.colcon_core.package_identification:_identify(install) ignored
[0.280s] Level 1:colcon.colcon_core.package_identification:_identify(log) by extensions ['ignore', 'ignore_ament_install']
[0.280s] Level 1:colcon.colcon_core.package_identification:_identify(log) by extension 'ignore'
[0.280s] Level 1:colcon.colcon_core.package_identification:_identify(log) ignored
[0.280s] Level 1:colcon.colcon_core.package_identification:_identify(tiago_aruco_broadcast) by extensions ['ignore', 'ignore_ament_install']
[0.281s] Level 1:colcon.colcon_core.package_identification:_identify(tiago_aruco_broadcast) by extension 'ignore'
[0.281s] Level 1:colcon.colcon_core.package_identification:_identify(tiago_aruco_broadcast) by extension 'ignore_ament_install'
[0.281s] Level 1:colcon.colcon_core.package_identification:_identify(tiago_aruco_broadcast) by extensions ['colcon_pkg']
[0.281s] Level 1:colcon.colcon_core.package_identification:_identify(tiago_aruco_broadcast) by extension 'colcon_pkg'
[0.281s] Level 1:colcon.colcon_core.package_identification:_identify(tiago_aruco_broadcast) by extensions ['colcon_meta']
[0.281s] Level 1:colcon.colcon_core.package_identification:_identify(tiago_aruco_broadcast) by extension 'colcon_meta'
[0.281s] Level 1:colcon.colcon_core.package_identification:_identify(tiago_aruco_broadcast) by extensions ['ros']
[0.281s] Level 1:colcon.colcon_core.package_identification:_identify(tiago_aruco_broadcast) by extension 'ros'
[0.281s] DEBUG:colcon.colcon_core.package_identification:Package 'tiago_aruco_broadcast' with type 'ros.ament_cmake' and name 'tiago_aruco_broadcast'
[0.281s] Level 1:colcon.colcon_core.package_identification:_identify(tiago_behavior_tree) by extensions ['ignore', 'ignore_ament_install']
[0.282s] Level 1:colcon.colcon_core.package_identification:_identify(tiago_behavior_tree) by extension 'ignore'
[0.282s] Level 1:colcon.colcon_core.package_identification:_identify(tiago_behavior_tree) by extension 'ignore_ament_install'
[0.282s] Level 1:colcon.colcon_core.package_identification:_identify(tiago_behavior_tree) by extensions ['colcon_pkg']
[0.282s] Level 1:colcon.colcon_core.package_identification:_identify(tiago_behavior_tree) by extension 'colcon_pkg'
[0.282s] Level 1:colcon.colcon_core.package_identification:_identify(tiago_behavior_tree) by extensions ['colcon_meta']
[0.282s] Level 1:colcon.colcon_core.package_identification:_identify(tiago_behavior_tree) by extension 'colcon_meta'
[0.282s] Level 1:colcon.colcon_core.package_identification:_identify(tiago_behavior_tree) by extensions ['ros']
[0.282s] Level 1:colcon.colcon_core.package_identification:_identify(tiago_behavior_tree) by extension 'ros'
[0.283s] DEBUG:colcon.colcon_core.package_identification:Package 'tiago_behavior_tree' with type 'ros.ament_cmake' and name 'tiago_behavior_tree'
[0.283s] Level 1:colcon.colcon_core.package_identification:_identify(tiago_demos) by extensions ['ignore', 'ignore_ament_install']
[0.283s] Level 1:colcon.colcon_core.package_identification:_identify(tiago_demos) by extension 'ignore'
[0.283s] Level 1:colcon.colcon_core.package_identification:_identify(tiago_demos) by extension 'ignore_ament_install'
[0.283s] Level 1:colcon.colcon_core.package_identification:_identify(tiago_demos) by extensions ['colcon_pkg']
[0.283s] Level 1:colcon.colcon_core.package_identification:_identify(tiago_demos) by extension 'colcon_pkg'
[0.283s] Level 1:colcon.colcon_core.package_identification:_identify(tiago_demos) by extensions ['colcon_meta']
[0.283s] Level 1:colcon.colcon_core.package_identification:_identify(tiago_demos) by extension 'colcon_meta'
[0.283s] Level 1:colcon.colcon_core.package_identification:_identify(tiago_demos) by extensions ['ros']
[0.283s] Level 1:colcon.colcon_core.package_identification:_identify(tiago_demos) by extension 'ros'
[0.284s] DEBUG:colcon.colcon_core.package_identification:Package 'tiago_demos' with type 'ros.ament_cmake' and name 'tiago_demos'
[0.284s] Level 1:colcon.colcon_core.package_identification:_identify(tiago_grab) by extensions ['ignore', 'ignore_ament_install']
[0.284s] Level 1:colcon.colcon_core.package_identification:_identify(tiago_grab) by extension 'ignore'
[0.284s] Level 1:colcon.colcon_core.package_identification:_identify(tiago_grab) by extension 'ignore_ament_install'
[0.284s] Level 1:colcon.colcon_core.package_identification:_identify(tiago_grab) by extensions ['colcon_pkg']
[0.284s] Level 1:colcon.colcon_core.package_identification:_identify(tiago_grab) by extension 'colcon_pkg'
[0.284s] Level 1:colcon.colcon_core.package_identification:_identify(tiago_grab) by extensions ['colcon_meta']
[0.284s] Level 1:colcon.colcon_core.package_identification:_identify(tiago_grab) by extension 'colcon_meta'
[0.284s] Level 1:colcon.colcon_core.package_identification:_identify(tiago_grab) by extensions ['ros']
[0.284s] Level 1:colcon.colcon_core.package_identification:_identify(tiago_grab) by extension 'ros'
[0.285s] DEBUG:colcon.colcon_core.package_identification:Package 'tiago_grab' with type 'ros.ament_cmake' and name 'tiago_grab'
[0.285s] Level 1:colcon.colcon_core.package_identification:_identify(tiago_nav) by extensions ['ignore', 'ignore_ament_install']
[0.285s] Level 1:colcon.colcon_core.package_identification:_identify(tiago_nav) by extension 'ignore'
[0.285s] Level 1:colcon.colcon_core.package_identification:_identify(tiago_nav) by extension 'ignore_ament_install'
[0.285s] Level 1:colcon.colcon_core.package_identification:_identify(tiago_nav) by extensions ['colcon_pkg']
[0.285s] Level 1:colcon.colcon_core.package_identification:_identify(tiago_nav) by extension 'colcon_pkg'
[0.285s] Level 1:colcon.colcon_core.package_identification:_identify(tiago_nav) by extensions ['colcon_meta']
[0.285s] Level 1:colcon.colcon_core.package_identification:_identify(tiago_nav) by extension 'colcon_meta'
[0.285s] Level 1:colcon.colcon_core.package_identification:_identify(tiago_nav) by extensions ['ros']
[0.285s] Level 1:colcon.colcon_core.package_identification:_identify(tiago_nav) by extension 'ros'
[0.286s] DEBUG:colcon.colcon_core.package_identification:Package 'tiago_nav' with type 'ros.ament_cmake' and name 'tiago_nav'
[0.286s] Level 1:colcon.colcon_core.package_identification:_identify(tiago_sim) by extensions ['ignore', 'ignore_ament_install']
[0.286s] Level 1:colcon.colcon_core.package_identification:_identify(tiago_sim) by extension 'ignore'
[0.286s] Level 1:colcon.colcon_core.package_identification:_identify(tiago_sim) by extension 'ignore_ament_install'
[0.286s] Level 1:colcon.colcon_core.package_identification:_identify(tiago_sim) by extensions ['colcon_pkg']
[0.286s] Level 1:colcon.colcon_core.package_identification:_identify(tiago_sim) by extension 'colcon_pkg'
[0.286s] Level 1:colcon.colcon_core.package_identification:_identify(tiago_sim) by extensions ['colcon_meta']
[0.286s] Level 1:colcon.colcon_core.package_identification:_identify(tiago_sim) by extension 'colcon_meta'
[0.286s] Level 1:colcon.colcon_core.package_identification:_identify(tiago_sim) by extensions ['ros']
[0.286s] Level 1:colcon.colcon_core.package_identification:_identify(tiago_sim) by extension 'ros'
[0.287s] DEBUG:colcon.colcon_core.package_identification:Package 'tiago_sim' with type 'ros.ament_cmake' and name 'tiago_sim'
[0.287s] Level 1:colcon.colcon_core.package_identification:_identify(tiago_slam) by extensions ['ignore', 'ignore_ament_install']
[0.287s] Level 1:colcon.colcon_core.package_identification:_identify(tiago_slam) by extension 'ignore'
[0.287s] Level 1:colcon.colcon_core.package_identification:_identify(tiago_slam) by extension 'ignore_ament_install'
[0.287s] Level 1:colcon.colcon_core.package_identification:_identify(tiago_slam) by extensions ['colcon_pkg']
[0.287s] Level 1:colcon.colcon_core.package_identification:_identify(tiago_slam) by extension 'colcon_pkg'
[0.287s] Level 1:colcon.colcon_core.package_identification:_identify(tiago_slam) by extensions ['colcon_meta']
[0.287s] Level 1:colcon.colcon_core.package_identification:_identify(tiago_slam) by extension 'colcon_meta'
[0.287s] Level 1:colcon.colcon_core.package_identification:_identify(tiago_slam) by extensions ['ros']
[0.287s] Level 1:colcon.colcon_core.package_identification:_identify(tiago_slam) by extension 'ros'
[0.287s] DEBUG:colcon.colcon_core.package_identification:Package 'tiago_slam' with type 'ros.ament_cmake' and name 'tiago_slam'
[0.288s] Level 1:colcon.colcon_core.package_discovery:discover_packages(recursive) using defaults
[0.288s] Level 1:colcon.colcon_core.package_discovery:discover_packages(ignore) discover
[0.288s] Level 1:colcon.colcon_core.package_discovery:discover_packages(ignore) using defaults
[0.288s] Level 1:colcon.colcon_core.package_discovery:discover_packages(path) discover
[0.288s] Level 1:colcon.colcon_core.package_discovery:discover_packages(path) using defaults
[0.332s] Level 5:colcon.colcon_core.verb:set package 'btcpp_ros2_interfaces' build argument 'cmake_args' from command line to 'None'
[0.332s] Level 5:colcon.colcon_core.verb:set package 'btcpp_ros2_interfaces' build argument 'cmake_target' from command line to 'None'
[0.332s] Level 5:colcon.colcon_core.verb:set package 'btcpp_ros2_interfaces' build argument 'cmake_target_skip_unavailable' from command line to 'False'
[0.332s] Level 5:colcon.colcon_core.verb:set package 'btcpp_ros2_interfaces' build argument 'cmake_clean_cache' from command line to 'False'
[0.332s] Level 5:colcon.colcon_core.verb:set package 'btcpp_ros2_interfaces' build argument 'cmake_clean_first' from command line to 'False'
[0.332s] Level 5:colcon.colcon_core.verb:set package 'btcpp_ros2_interfaces' build argument 'cmake_force_configure' from command line to 'False'
[0.332s] Level 5:colcon.colcon_core.verb:set package 'btcpp_ros2_interfaces' build argument 'ament_cmake_args' from command line to 'None'
[0.332s] Level 5:colcon.colcon_core.verb:set package 'btcpp_ros2_interfaces' build argument 'catkin_cmake_args' from command line to 'None'
[0.332s] Level 5:colcon.colcon_core.verb:set package 'btcpp_ros2_interfaces' build argument 'catkin_skip_building_tests' from command line to 'False'
[0.332s] DEBUG:colcon.colcon_core.verb:Building package 'btcpp_ros2_interfaces' with the following arguments: {'ament_cmake_args': None, 'build_base': '/Bt/build/btcpp_ros2_interfaces', 'catkin_cmake_args': None, 'catkin_skip_building_tests': False, 'cmake_args': None, 'cmake_clean_cache': False, 'cmake_clean_first': False, 'cmake_force_configure': False, 'cmake_target': None, 'cmake_target_skip_unavailable': False, 'install_base': '/Bt/install/btcpp_ros2_interfaces', 'merge_install': False, 'path': '/Bt/ThirdParty/BehaviorTree.ROS2/btcpp_ros2_interfaces', 'symlink_install': False, 'test_result_base': None}
[0.332s] Level 5:colcon.colcon_core.verb:set package 'grab2_controller' build argument 'cmake_args' from command line to 'None'
[0.332s] Level 5:colcon.colcon_core.verb:set package 'grab2_controller' build argument 'cmake_target' from command line to 'None'
[0.332s] Level 5:colcon.colcon_core.verb:set package 'grab2_controller' build argument 'cmake_target_skip_unavailable' from command line to 'False'
[0.332s] Level 5:colcon.colcon_core.verb:set package 'grab2_controller' build argument 'cmake_clean_cache' from command line to 'False'
[0.332s] Level 5:colcon.colcon_core.verb:set package 'grab2_controller' build argument 'cmake_clean_first' from command line to 'False'
[0.332s] Level 5:colcon.colcon_core.verb:set package 'grab2_controller' build argument 'cmake_force_configure' from command line to 'False'
[0.332s] Level 5:colcon.colcon_core.verb:set package 'grab2_controller' build argument 'ament_cmake_args' from command line to 'None'
[0.332s] Level 5:colcon.colcon_core.verb:set package 'grab2_controller' build argument 'catkin_cmake_args' from command line to 'None'
[0.333s] Level 5:colcon.colcon_core.verb:set package 'grab2_controller' build argument 'catkin_skip_building_tests' from command line to 'False'
[0.333s] DEBUG:colcon.colcon_core.verb:Building package 'grab2_controller' with the following arguments: {'ament_cmake_args': None, 'build_base': '/Bt/build/grab2_controller', 'catkin_cmake_args': None, 'catkin_skip_building_tests': False, 'cmake_args': None, 'cmake_clean_cache': False, 'cmake_clean_first': False, 'cmake_force_configure': False, 'cmake_target': None, 'cmake_target_skip_unavailable': False, 'install_base': '/Bt/install/grab2_controller', 'merge_install': False, 'path': '/Bt/ThirdParty/grab2/grab2_controller', 'symlink_install': False, 'test_result_base': None}
[0.333s] Level 5:colcon.colcon_core.verb:set package 'launch_pal' build argument 'cmake_args' from command line to 'None'
[0.333s] Level 5:colcon.colcon_core.verb:set package 'launch_pal' build argument 'cmake_target' from command line to 'None'
[0.333s] Level 5:colcon.colcon_core.verb:set package 'launch_pal' build argument 'cmake_target_skip_unavailable' from command line to 'False'
[0.333s] Level 5:colcon.colcon_core.verb:set package 'launch_pal' build argument 'cmake_clean_cache' from command line to 'False'
[0.333s] Level 5:colcon.colcon_core.verb:set package 'launch_pal' build argument 'cmake_clean_first' from command line to 'False'
[0.333s] Level 5:colcon.colcon_core.verb:set package 'launch_pal' build argument 'cmake_force_configure' from command line to 'False'
[0.333s] Level 5:colcon.colcon_core.verb:set package 'launch_pal' build argument 'ament_cmake_args' from command line to 'None'
[0.333s] Level 5:colcon.colcon_core.verb:set package 'launch_pal' build argument 'catkin_cmake_args' from command line to 'None'
[0.333s] Level 5:colcon.colcon_core.verb:set package 'launch_pal' build argument 'catkin_skip_building_tests' from command line to 'False'
[0.333s] DEBUG:colcon.colcon_core.verb:Building package 'launch_pal' with the following arguments: {'ament_cmake_args': None, 'build_base': '/Bt/build/launch_pal', 'catkin_cmake_args': None, 'catkin_skip_building_tests': False, 'cmake_args': None, 'cmake_clean_cache': False, 'cmake_clean_first': False, 'cmake_force_configure': False, 'cmake_target': None, 'cmake_target_skip_unavailable': False, 'install_base': '/Bt/install/launch_pal', 'merge_install': False, 'path': '/Bt/ThirdParty/launch_pal', 'symlink_install': False, 'test_result_base': None}
[0.333s] Level 5:colcon.colcon_core.verb:set package 'omni_base_controller_configuration' build argument 'cmake_args' from command line to 'None'
[0.333s] Level 5:colcon.colcon_core.verb:set package 'omni_base_controller_configuration' build argument 'cmake_target' from command line to 'None'
[0.333s] Level 5:colcon.colcon_core.verb:set package 'omni_base_controller_configuration' build argument 'cmake_target_skip_unavailable' from command line to 'False'
[0.333s] Level 5:colcon.colcon_core.verb:set package 'omni_base_controller_configuration' build argument 'cmake_clean_cache' from command line to 'False'
[0.333s] Level 5:colcon.colcon_core.verb:set package 'omni_base_controller_configuration' build argument 'cmake_clean_first' from command line to 'False'
[0.333s] Level 5:colcon.colcon_core.verb:set package 'omni_base_controller_configuration' build argument 'cmake_force_configure' from command line to 'False'
[0.333s] Level 5:colcon.colcon_core.verb:set package 'omni_base_controller_configuration' build argument 'ament_cmake_args' from command line to 'None'
[0.333s] Level 5:colcon.colcon_core.verb:set package 'omni_base_controller_configuration' build argument 'catkin_cmake_args' from command line to 'None'
[0.333s] Level 5:colcon.colcon_core.verb:set package 'omni_base_controller_configuration' build argument 'catkin_skip_building_tests' from command line to 'False'
[0.333s] DEBUG:colcon.colcon_core.verb:Building package 'omni_base_controller_configuration' with the following arguments: {'ament_cmake_args': None, 'build_base': '/Bt/build/omni_base_controller_configuration', 'catkin_cmake_args': None, 'catkin_skip_building_tests': False, 'cmake_args': None, 'cmake_clean_cache': False, 'cmake_clean_first': False, 'cmake_force_configure': False, 'cmake_target': None, 'cmake_target_skip_unavailable': False, 'install_base': '/Bt/install/omni_base_controller_configuration', 'merge_install': False, 'path': '/Bt/ThirdParty/tiago_omni_base/omni_base_controller_configuration', 'symlink_install': False, 'test_result_base': None}
[0.334s] Level 5:colcon.colcon_core.verb:set package 'pal_gripper_controller_configuration' build argument 'cmake_args' from command line to 'None'
[0.334s] Level 5:colcon.colcon_core.verb:set package 'pal_gripper_controller_configuration' build argument 'cmake_target' from command line to 'None'
[0.334s] Level 5:colcon.colcon_core.verb:set package 'pal_gripper_controller_configuration' build argument 'cmake_target_skip_unavailable' from command line to 'False'
[0.334s] Level 5:colcon.colcon_core.verb:set package 'pal_gripper_controller_configuration' build argument 'cmake_clean_cache' from command line to 'False'
[0.334s] Level 5:colcon.colcon_core.verb:set package 'pal_gripper_controller_configuration' build argument 'cmake_clean_first' from command line to 'False'
[0.334s] Level 5:colcon.colcon_core.verb:set package 'pal_gripper_controller_configuration' build argument 'cmake_force_configure' from command line to 'False'
[0.334s] Level 5:colcon.colcon_core.verb:set package 'pal_gripper_controller_configuration' build argument 'ament_cmake_args' from command line to 'None'
[0.334s] Level 5:colcon.colcon_core.verb:set package 'pal_gripper_controller_configuration' build argument 'catkin_cmake_args' from command line to 'None'
[0.334s] Level 5:colcon.colcon_core.verb:set package 'pal_gripper_controller_configuration' build argument 'catkin_skip_building_tests' from command line to 'False'
[0.334s] DEBUG:colcon.colcon_core.verb:Building package 'pal_gripper_controller_configuration' with the following arguments: {'ament_cmake_args': None, 'build_base': '/Bt/build/pal_gripper_controller_configuration', 'catkin_cmake_args': None, 'catkin_skip_building_tests': False, 'cmake_args': None, 'cmake_clean_cache': False, 'cmake_clean_first': False, 'cmake_force_configure': False, 'cmake_target': None, 'cmake_target_skip_unavailable': False, 'install_base': '/Bt/install/pal_gripper_controller_configuration', 'merge_install': False, 'path': '/Bt/ThirdParty/pal_gripper/pal_gripper_controller_configuration', 'symlink_install': False, 'test_result_base': None}
[0.334s] Level 5:colcon.colcon_core.verb:set package 'pal_hey5_controller_configuration' build argument 'cmake_args' from command line to 'None'
[0.334s] Level 5:colcon.colcon_core.verb:set package 'pal_hey5_controller_configuration' build argument 'cmake_target' from command line to 'None'
[0.334s] Level 5:colcon.colcon_core.verb:set package 'pal_hey5_controller_configuration' build argument 'cmake_target_skip_unavailable' from command line to 'False'
[0.334s] Level 5:colcon.colcon_core.verb:set package 'pal_hey5_controller_configuration' build argument 'cmake_clean_cache' from command line to 'False'
[0.334s] Level 5:colcon.colcon_core.verb:set package 'pal_hey5_controller_configuration' build argument 'cmake_clean_first' from command line to 'False'
[0.334s] Level 5:colcon.colcon_core.verb:set package 'pal_hey5_controller_configuration' build argument 'cmake_force_configure' from command line to 'False'
[0.334s] Level 5:colcon.colcon_core.verb:set package 'pal_hey5_controller_configuration' build argument 'ament_cmake_args' from command line to 'None'
[0.334s] Level 5:colcon.colcon_core.verb:set package 'pal_hey5_controller_configuration' build argument 'catkin_cmake_args' from command line to 'None'
[0.334s] Level 5:colcon.colcon_core.verb:set package 'pal_hey5_controller_configuration' build argument 'catkin_skip_building_tests' from command line to 'False'
[0.334s] DEBUG:colcon.colcon_core.verb:Building package 'pal_hey5_controller_configuration' with the following arguments: {'ament_cmake_args': None, 'build_base': '/Bt/build/pal_hey5_controller_configuration', 'catkin_cmake_args': None, 'catkin_skip_building_tests': False, 'cmake_args': None, 'cmake_clean_cache': False, 'cmake_clean_first': False, 'cmake_force_configure': False, 'cmake_target': None, 'cmake_target_skip_unavailable': False, 'install_base': '/Bt/install/pal_hey5_controller_configuration', 'merge_install': False, 'path': '/Bt/ThirdParty/pal_hey5/pal_hey5_controller_configuration', 'symlink_install': False, 'test_result_base': None}
[0.335s] Level 5:colcon.colcon_core.verb:set package 'pal_maps' build argument 'cmake_args' from command line to 'None'
[0.335s] Level 5:colcon.colcon_core.verb:set package 'pal_maps' build argument 'cmake_target' from command line to 'None'
[0.335s] Level 5:colcon.colcon_core.verb:set package 'pal_maps' build argument 'cmake_target_skip_unavailable' from command line to 'False'
[0.335s] Level 5:colcon.colcon_core.verb:set package 'pal_maps' build argument 'cmake_clean_cache' from command line to 'False'
[0.335s] Level 5:colcon.colcon_core.verb:set package 'pal_maps' build argument 'cmake_clean_first' from command line to 'False'
[0.335s] Level 5:colcon.colcon_core.verb:set package 'pal_maps' build argument 'cmake_force_configure' from command line to 'False'
[0.335s] Level 5:colcon.colcon_core.verb:set package 'pal_maps' build argument 'ament_cmake_args' from command line to 'None'
[0.335s] Level 5:colcon.colcon_core.verb:set package 'pal_maps' build argument 'catkin_cmake_args' from command line to 'None'
[0.335s] Level 5:colcon.colcon_core.verb:set package 'pal_maps' build argument 'catkin_skip_building_tests' from command line to 'False'
[0.335s] DEBUG:colcon.colcon_core.verb:Building package 'pal_maps' with the following arguments: {'ament_cmake_args': None, 'build_base': '/Bt/build/pal_maps', 'catkin_cmake_args': None, 'catkin_skip_building_tests': False, 'cmake_args': None, 'cmake_clean_cache': False, 'cmake_clean_first': False, 'cmake_force_configure': False, 'cmake_target': None, 'cmake_target_skip_unavailable': False, 'install_base': '/Bt/install/pal_maps', 'merge_install': False, 'path': '/Bt/ThirdParty/pal_maps', 'symlink_install': False, 'test_result_base': None}
[0.335s] Level 5:colcon.colcon_core.verb:set package 'pal_robotiq_controller_configuration' build argument 'cmake_args' from command line to 'None'
[0.335s] Level 5:colcon.colcon_core.verb:set package 'pal_robotiq_controller_configuration' build argument 'cmake_target' from command line to 'None'
[0.335s] Level 5:colcon.colcon_core.verb:set package 'pal_robotiq_controller_configuration' build argument 'cmake_target_skip_unavailable' from command line to 'False'
[0.335s] Level 5:colcon.colcon_core.verb:set package 'pal_robotiq_controller_configuration' build argument 'cmake_clean_cache' from command line to 'False'
[0.335s] Level 5:colcon.colcon_core.verb:set package 'pal_robotiq_controller_configuration' build argument 'cmake_clean_first' from command line to 'False'
[0.335s] Level 5:colcon.colcon_core.verb:set package 'pal_robotiq_controller_configuration' build argument 'cmake_force_configure' from command line to 'False'
[0.335s] Level 5:colcon.colcon_core.verb:set package 'pal_robotiq_controller_configuration' build argument 'ament_cmake_args' from command line to 'None'
[0.335s] Level 5:colcon.colcon_core.verb:set package 'pal_robotiq_controller_configuration' build argument 'catkin_cmake_args' from command line to 'None'
[0.335s] Level 5:colcon.colcon_core.verb:set package 'pal_robotiq_controller_configuration' build argument 'catkin_skip_building_tests' from command line to 'False'
[0.335s] DEBUG:colcon.colcon_core.verb:Building package 'pal_robotiq_controller_configuration' with the following arguments: {'ament_cmake_args': None, 'build_base': '/Bt/build/pal_robotiq_controller_configuration', 'catkin_cmake_args': None, 'catkin_skip_building_tests': False, 'cmake_args': None, 'cmake_clean_cache': False, 'cmake_clean_first': False, 'cmake_force_configure': False, 'cmake_target': None, 'cmake_target_skip_unavailable': False, 'install_base': '/Bt/install/pal_robotiq_controller_configuration', 'merge_install': False, 'path': '/Bt/ThirdParty/pal_robotiq_gripper/pal_robotiq_controller_configuration', 'symlink_install': False, 'test_result_base': None}
[0.336s] Level 5:colcon.colcon_core.verb:set package 'pal_robotiq_description' build argument 'cmake_args' from command line to 'None'
[0.336s] Level 5:colcon.colcon_core.verb:set package 'pal_robotiq_description' build argument 'cmake_target' from command line to 'None'
[0.336s] Level 5:colcon.colcon_core.verb:set package 'pal_robotiq_description' build argument 'cmake_target_skip_unavailable' from command line to 'False'
[0.336s] Level 5:colcon.colcon_core.verb:set package 'pal_robotiq_description' build argument 'cmake_clean_cache' from command line to 'False'
[0.336s] Level 5:colcon.colcon_core.verb:set package 'pal_robotiq_description' build argument 'cmake_clean_first' from command line to 'False'
[0.336s] Level 5:colcon.colcon_core.verb:set package 'pal_robotiq_description' build argument 'cmake_force_configure' from command line to 'False'
[0.336s] Level 5:colcon.colcon_core.verb:set package 'pal_robotiq_description' build argument 'ament_cmake_args' from command line to 'None'
[0.336s] Level 5:colcon.colcon_core.verb:set package 'pal_robotiq_description' build argument 'catkin_cmake_args' from command line to 'None'
[0.336s] Level 5:colcon.colcon_core.verb:set package 'pal_robotiq_description' build argument 'catkin_skip_building_tests' from command line to 'False'
[0.336s] DEBUG:colcon.colcon_core.verb:Building package 'pal_robotiq_description' with the following arguments: {'ament_cmake_args': None, 'build_base': '/Bt/build/pal_robotiq_description', 'catkin_cmake_args': None, 'catkin_skip_building_tests': False, 'cmake_args': None, 'cmake_clean_cache': False, 'cmake_clean_first': False, 'cmake_force_configure': False, 'cmake_target': None, 'cmake_target_skip_unavailable': False, 'install_base': '/Bt/install/pal_robotiq_description', 'merge_install': False, 'path': '/Bt/ThirdParty/pal_robotiq_gripper/pal_robotiq_description', 'symlink_install': False, 'test_result_base': None}
[0.336s] Level 5:colcon.colcon_core.verb:set package 'pal_urdf_utils' build argument 'cmake_args' from command line to 'None'
[0.336s] Level 5:colcon.colcon_core.verb:set package 'pal_urdf_utils' build argument 'cmake_target' from command line to 'None'
[0.336s] Level 5:colcon.colcon_core.verb:set package 'pal_urdf_utils' build argument 'cmake_target_skip_unavailable' from command line to 'False'
[0.336s] Level 5:colcon.colcon_core.verb:set package 'pal_urdf_utils' build argument 'cmake_clean_cache' from command line to 'False'
[0.336s] Level 5:colcon.colcon_core.verb:set package 'pal_urdf_utils' build argument 'cmake_clean_first' from command line to 'False'
[0.336s] Level 5:colcon.colcon_core.verb:set package 'pal_urdf_utils' build argument 'cmake_force_configure' from command line to 'False'
[0.336s] Level 5:colcon.colcon_core.verb:set package 'pal_urdf_utils' build argument 'ament_cmake_args' from command line to 'None'
[0.336s] Level 5:colcon.colcon_core.verb:set package 'pal_urdf_utils' build argument 'catkin_cmake_args' from command line to 'None'
[0.336s] Level 5:colcon.colcon_core.verb:set package 'pal_urdf_utils' build argument 'catkin_skip_building_tests' from command line to 'False'
[0.336s] DEBUG:colcon.colcon_core.verb:Building package 'pal_urdf_utils' with the following arguments: {'ament_cmake_args': None, 'build_base': '/Bt/build/pal_urdf_utils', 'catkin_cmake_args': None, 'catkin_skip_building_tests': False, 'cmake_args': None, 'cmake_clean_cache': False, 'cmake_clean_first': False, 'cmake_force_configure': False, 'cmake_target': None, 'cmake_target_skip_unavailable': False, 'install_base': '/Bt/install/pal_urdf_utils', 'merge_install': False, 'path': '/Bt/ThirdParty/pal_urdf_utils', 'symlink_install': False, 'test_result_base': None}
[0.336s] Level 5:colcon.colcon_core.verb:set package 'play_motion2_msgs' build argument 'cmake_args' from command line to 'None'
[0.336s] Level 5:colcon.colcon_core.verb:set package 'play_motion2_msgs' build argument 'cmake_target' from command line to 'None'
[0.337s] Level 5:colcon.colcon_core.verb:set package 'play_motion2_msgs' build argument 'cmake_target_skip_unavailable' from command line to 'False'
[0.337s] Level 5:colcon.colcon_core.verb:set package 'play_motion2_msgs' build argument 'cmake_clean_cache' from command line to 'False'
[0.337s] Level 5:colcon.colcon_core.verb:set package 'play_motion2_msgs' build argument 'cmake_clean_first' from command line to 'False'
[0.337s] Level 5:colcon.colcon_core.verb:set package 'play_motion2_msgs' build argument 'cmake_force_configure' from command line to 'False'
[0.337s] Level 5:colcon.colcon_core.verb:set package 'play_motion2_msgs' build argument 'ament_cmake_args' from command line to 'None'
[0.337s] Level 5:colcon.colcon_core.verb:set package 'play_motion2_msgs' build argument 'catkin_cmake_args' from command line to 'None'
[0.337s] Level 5:colcon.colcon_core.verb:set package 'play_motion2_msgs' build argument 'catkin_skip_building_tests' from command line to 'False'
[0.337s] DEBUG:colcon.colcon_core.verb:Building package 'play_motion2_msgs' with the following arguments: {'ament_cmake_args': None, 'build_base': '/Bt/build/play_motion2_msgs', 'catkin_cmake_args': None, 'catkin_skip_building_tests': False, 'cmake_args': None, 'cmake_clean_cache': False, 'cmake_clean_first': False, 'cmake_force_configure': False, 'cmake_target': None, 'cmake_target_skip_unavailable': False, 'install_base': '/Bt/install/play_motion2_msgs', 'merge_install': False, 'path': '/Bt/ThirdParty/play_motion2/play_motion2_msgs', 'symlink_install': False, 'test_result_base': None}
[0.337s] Level 5:colcon.colcon_core.verb:set package 'pmb2_laser_sensors' build argument 'cmake_args' from command line to 'None'
[0.337s] Level 5:colcon.colcon_core.verb:set package 'pmb2_laser_sensors' build argument 'cmake_target' from command line to 'None'
[0.337s] Level 5:colcon.colcon_core.verb:set package 'pmb2_laser_sensors' build argument 'cmake_target_skip_unavailable' from command line to 'False'
[0.337s] Level 5:colcon.colcon_core.verb:set package 'pmb2_laser_sensors' build argument 'cmake_clean_cache' from command line to 'False'
[0.337s] Level 5:colcon.colcon_core.verb:set package 'pmb2_laser_sensors' build argument 'cmake_clean_first' from command line to 'False'
[0.337s] Level 5:colcon.colcon_core.verb:set package 'pmb2_laser_sensors' build argument 'cmake_force_configure' from command line to 'False'
[0.337s] Level 5:colcon.colcon_core.verb:set package 'pmb2_laser_sensors' build argument 'ament_cmake_args' from command line to 'None'
[0.337s] Level 5:colcon.colcon_core.verb:set package 'pmb2_laser_sensors' build argument 'catkin_cmake_args' from command line to 'None'
[0.337s] Level 5:colcon.colcon_core.verb:set package 'pmb2_laser_sensors' build argument 'catkin_skip_building_tests' from command line to 'False'
[0.337s] DEBUG:colcon.colcon_core.verb:Building package 'pmb2_laser_sensors' with the following arguments: {'ament_cmake_args': None, 'build_base': '/Bt/build/pmb2_laser_sensors', 'catkin_cmake_args': None, 'catkin_skip_building_tests': False, 'cmake_args': None, 'cmake_clean_cache': False, 'cmake_clean_first': False, 'cmake_force_configure': False, 'cmake_target': None, 'cmake_target_skip_unavailable': False, 'install_base': '/Bt/install/pmb2_laser_sensors', 'merge_install': False, 'path': '/Bt/ThirdParty/pmb2_navigation/pmb2_laser_sensors', 'symlink_install': False, 'test_result_base': None}
[0.337s] Level 5:colcon.colcon_core.verb:set package 'ros2_aruco' build argument 'cmake_args' from command line to 'None'
[0.337s] Level 5:colcon.colcon_core.verb:set package 'ros2_aruco' build argument 'cmake_target' from command line to 'None'
[0.337s] Level 5:colcon.colcon_core.verb:set package 'ros2_aruco' build argument 'cmake_target_skip_unavailable' from command line to 'False'
[0.337s] Level 5:colcon.colcon_core.verb:set package 'ros2_aruco' build argument 'cmake_clean_cache' from command line to 'False'
[0.337s] Level 5:colcon.colcon_core.verb:set package 'ros2_aruco' build argument 'cmake_clean_first' from command line to 'False'
[0.338s] Level 5:colcon.colcon_core.verb:set package 'ros2_aruco' build argument 'cmake_force_configure' from command line to 'False'
[0.338s] Level 5:colcon.colcon_core.verb:set package 'ros2_aruco' build argument 'ament_cmake_args' from command line to 'None'
[0.338s] Level 5:colcon.colcon_core.verb:set package 'ros2_aruco' build argument 'catkin_cmake_args' from command line to 'None'
[0.338s] Level 5:colcon.colcon_core.verb:set package 'ros2_aruco' build argument 'catkin_skip_building_tests' from command line to 'False'
[0.338s] DEBUG:colcon.colcon_core.verb:Building package 'ros2_aruco' with the following arguments: {'ament_cmake_args': None, 'build_base': '/Bt/build/ros2_aruco', 'catkin_cmake_args': None, 'catkin_skip_building_tests': False, 'cmake_args': None, 'cmake_clean_cache': False, 'cmake_clean_first': False, 'cmake_force_configure': False, 'cmake_target': None, 'cmake_target_skip_unavailable': False, 'install_base': '/Bt/install/ros2_aruco', 'merge_install': False, 'path': '/Bt/ThirdParty/ros2_aruco/ros2_aruco', 'symlink_install': False, 'test_result_base': None}
[0.338s] Level 5:colcon.colcon_core.verb:set package 'ros2_aruco_interfaces' build argument 'cmake_args' from command line to 'None'
[0.338s] Level 5:colcon.colcon_core.verb:set package 'ros2_aruco_interfaces' build argument 'cmake_target' from command line to 'None'
[0.338s] Level 5:colcon.colcon_core.verb:set package 'ros2_aruco_interfaces' build argument 'cmake_target_skip_unavailable' from command line to 'False'
[0.338s] Level 5:colcon.colcon_core.verb:set package 'ros2_aruco_interfaces' build argument 'cmake_clean_cache' from command line to 'False'
[0.338s] Level 5:colcon.colcon_core.verb:set package 'ros2_aruco_interfaces' build argument 'cmake_clean_first' from command line to 'False'
[0.338s] Level 5:colcon.colcon_core.verb:set package 'ros2_aruco_interfaces' build argument 'cmake_force_configure' from command line to 'False'
[0.338s] Level 5:colcon.colcon_core.verb:set package 'ros2_aruco_interfaces' build argument 'ament_cmake_args' from command line to 'None'
[0.338s] Level 5:colcon.colcon_core.verb:set package 'ros2_aruco_interfaces' build argument 'catkin_cmake_args' from command line to 'None'
[0.338s] Level 5:colcon.colcon_core.verb:set package 'ros2_aruco_interfaces' build argument 'catkin_skip_building_tests' from command line to 'False'
[0.338s] DEBUG:colcon.colcon_core.verb:Building package 'ros2_aruco_interfaces' with the following arguments: {'ament_cmake_args': None, 'build_base': '/Bt/build/ros2_aruco_interfaces', 'catkin_cmake_args': None, 'catkin_skip_building_tests': False, 'cmake_args': None, 'cmake_clean_cache': False, 'cmake_clean_first': False, 'cmake_force_configure': False, 'cmake_target': None, 'cmake_target_skip_unavailable': False, 'install_base': '/Bt/install/ros2_aruco_interfaces', 'merge_install': False, 'path': '/Bt/ThirdParty/ros2_aruco/ros2_aruco_interfaces', 'symlink_install': False, 'test_result_base': None}
[0.338s] Level 5:colcon.colcon_core.verb:set package 'tiago_laser_sensors' build argument 'cmake_args' from command line to 'None'
[0.338s] Level 5:colcon.colcon_core.verb:set package 'tiago_laser_sensors' build argument 'cmake_target' from command line to 'None'
[0.338s] Level 5:colcon.colcon_core.verb:set package 'tiago_laser_sensors' build argument 'cmake_target_skip_unavailable' from command line to 'False'
[0.338s] Level 5:colcon.colcon_core.verb:set package 'tiago_laser_sensors' build argument 'cmake_clean_cache' from command line to 'False'
[0.338s] Level 5:colcon.colcon_core.verb:set package 'tiago_laser_sensors' build argument 'cmake_clean_first' from command line to 'False'
[0.338s] Level 5:colcon.colcon_core.verb:set package 'tiago_laser_sensors' build argument 'cmake_force_configure' from command line to 'False'
[0.338s] Level 5:colcon.colcon_core.verb:set package 'tiago_laser_sensors' build argument 'ament_cmake_args' from command line to 'None'
[0.338s] Level 5:colcon.colcon_core.verb:set package 'tiago_laser_sensors' build argument 'catkin_cmake_args' from command line to 'None'
[0.338s] Level 5:colcon.colcon_core.verb:set package 'tiago_laser_sensors' build argument 'catkin_skip_building_tests' from command line to 'False'
[0.339s] DEBUG:colcon.colcon_core.verb:Building package 'tiago_laser_sensors' with the following arguments: {'ament_cmake_args': None, 'build_base': '/Bt/build/tiago_laser_sensors', 'catkin_cmake_args': None, 'catkin_skip_building_tests': False, 'cmake_args': None, 'cmake_clean_cache': False, 'cmake_clean_first': False, 'cmake_force_configure': False, 'cmake_target': None, 'cmake_target_skip_unavailable': False, 'install_base': '/Bt/install/tiago_laser_sensors', 'merge_install': False, 'path': '/Bt/ThirdParty/tiago_navigation/tiago_laser_sensors', 'symlink_install': False, 'test_result_base': None}
[0.339s] Level 5:colcon.colcon_core.verb:set package 'tiago_nav' build argument 'cmake_args' from command line to 'None'
[0.339s] Level 5:colcon.colcon_core.verb:set package 'tiago_nav' build argument 'cmake_target' from command line to 'None'
[0.339s] Level 5:colcon.colcon_core.verb:set package 'tiago_nav' build argument 'cmake_target_skip_unavailable' from command line to 'False'
[0.339s] Level 5:colcon.colcon_core.verb:set package 'tiago_nav' build argument 'cmake_clean_cache' from command line to 'False'
[0.339s] Level 5:colcon.colcon_core.verb:set package 'tiago_nav' build argument 'cmake_clean_first' from command line to 'False'
[0.339s] Level 5:colcon.colcon_core.verb:set package 'tiago_nav' build argument 'cmake_force_configure' from command line to 'False'
[0.339s] Level 5:colcon.colcon_core.verb:set package 'tiago_nav' build argument 'ament_cmake_args' from command line to 'None'
[0.339s] Level 5:colcon.colcon_core.verb:set package 'tiago_nav' build argument 'catkin_cmake_args' from command line to 'None'
[0.339s] Level 5:colcon.colcon_core.verb:set package 'tiago_nav' build argument 'catkin_skip_building_tests' from command line to 'False'
[0.339s] DEBUG:colcon.colcon_core.verb:Building package 'tiago_nav' with the following arguments: {'ament_cmake_args': None, 'build_base': '/Bt/build/tiago_nav', 'catkin_cmake_args': None, 'catkin_skip_building_tests': False, 'cmake_args': None, 'cmake_clean_cache': False, 'cmake_clean_first': False, 'cmake_force_configure': False, 'cmake_target': None, 'cmake_target_skip_unavailable': False, 'install_base': '/Bt/install/tiago_nav', 'merge_install': False, 'path': '/Bt/tiago_nav', 'symlink_install': False, 'test_result_base': None}
[0.339s] Level 5:colcon.colcon_core.verb:set package 'tiago_sim' build argument 'cmake_args' from command line to 'None'
[0.339s] Level 5:colcon.colcon_core.verb:set package 'tiago_sim' build argument 'cmake_target' from command line to 'None'
[0.339s] Level 5:colcon.colcon_core.verb:set package 'tiago_sim' build argument 'cmake_target_skip_unavailable' from command line to 'False'
[0.339s] Level 5:colcon.colcon_core.verb:set package 'tiago_sim' build argument 'cmake_clean_cache' from command line to 'False'
[0.339s] Level 5:colcon.colcon_core.verb:set package 'tiago_sim' build argument 'cmake_clean_first' from command line to 'False'
[0.339s] Level 5:colcon.colcon_core.verb:set package 'tiago_sim' build argument 'cmake_force_configure' from command line to 'False'
[0.339s] Level 5:colcon.colcon_core.verb:set package 'tiago_sim' build argument 'ament_cmake_args' from command line to 'None'
[0.339s] Level 5:colcon.colcon_core.verb:set package 'tiago_sim' build argument 'catkin_cmake_args' from command line to 'None'
[0.339s] Level 5:colcon.colcon_core.verb:set package 'tiago_sim' build argument 'catkin_skip_building_tests' from command line to 'False'
[0.339s] DEBUG:colcon.colcon_core.verb:Building package 'tiago_sim' with the following arguments: {'ament_cmake_args': None, 'build_base': '/Bt/build/tiago_sim', 'catkin_cmake_args': None, 'catkin_skip_building_tests': False, 'cmake_args': None, 'cmake_clean_cache': False, 'cmake_clean_first': False, 'cmake_force_configure': False, 'cmake_target': None, 'cmake_target_skip_unavailable': False, 'install_base': '/Bt/install/tiago_sim', 'merge_install': False, 'path': '/Bt/tiago_sim', 'symlink_install': False, 'test_result_base': None}
[0.340s] Level 5:colcon.colcon_core.verb:set package 'tiago_slam' build argument 'cmake_args' from command line to 'None'
[0.340s] Level 5:colcon.colcon_core.verb:set package 'tiago_slam' build argument 'cmake_target' from command line to 'None'
[0.340s] Level 5:colcon.colcon_core.verb:set package 'tiago_slam' build argument 'cmake_target_skip_unavailable' from command line to 'False'
[0.340s] Level 5:colcon.colcon_core.verb:set package 'tiago_slam' build argument 'cmake_clean_cache' from command line to 'False'
[0.340s] Level 5:colcon.colcon_core.verb:set package 'tiago_slam' build argument 'cmake_clean_first' from command line to 'False'
[0.340s] Level 5:colcon.colcon_core.verb:set package 'tiago_slam' build argument 'cmake_force_configure' from command line to 'False'
[0.340s] Level 5:colcon.colcon_core.verb:set package 'tiago_slam' build argument 'ament_cmake_args' from command line to 'None'
[0.340s] Level 5:colcon.colcon_core.verb:set package 'tiago_slam' build argument 'catkin_cmake_args' from command line to 'None'
[0.340s] Level 5:colcon.colcon_core.verb:set package 'tiago_slam' build argument 'catkin_skip_building_tests' from command line to 'False'
[0.340s] DEBUG:colcon.colcon_core.verb:Building package 'tiago_slam' with the following arguments: {'ament_cmake_args': None, 'build_base': '/Bt/build/tiago_slam', 'catkin_cmake_args': None, 'catkin_skip_building_tests': False, 'cmake_args': None, 'cmake_clean_cache': False, 'cmake_clean_first': False, 'cmake_force_configure': False, 'cmake_target': None, 'cmake_target_skip_unavailable': False, 'install_base': '/Bt/install/tiago_slam', 'merge_install': False, 'path': '/Bt/tiago_slam', 'symlink_install': False, 'test_result_base': None}
[0.340s] Level 5:colcon.colcon_core.verb:set package 'yolo_msgs' build argument 'cmake_args' from command line to 'None'
[0.340s] Level 5:colcon.colcon_core.verb:set package 'yolo_msgs' build argument 'cmake_target' from command line to 'None'
[0.340s] Level 5:colcon.colcon_core.verb:set package 'yolo_msgs' build argument 'cmake_target_skip_unavailable' from command line to 'False'
[0.340s] Level 5:colcon.colcon_core.verb:set package 'yolo_msgs' build argument 'cmake_clean_cache' from command line to 'False'
[0.340s] Level 5:colcon.colcon_core.verb:set package 'yolo_msgs' build argument 'cmake_clean_first' from command line to 'False'
[0.340s] Level 5:colcon.colcon_core.verb:set package 'yolo_msgs' build argument 'cmake_force_configure' from command line to 'False'
[0.340s] Level 5:colcon.colcon_core.verb:set package 'yolo_msgs' build argument 'ament_cmake_args' from command line to 'None'
[0.340s] Level 5:colcon.colcon_core.verb:set package 'yolo_msgs' build argument 'catkin_cmake_args' from command line to 'None'
[0.340s] Level 5:colcon.colcon_core.verb:set package 'yolo_msgs' build argument 'catkin_skip_building_tests' from command line to 'False'
[0.340s] DEBUG:colcon.colcon_core.verb:Building package 'yolo_msgs' with the following arguments: {'ament_cmake_args': None, 'build_base': '/Bt/build/yolo_msgs', 'catkin_cmake_args': None, 'catkin_skip_building_tests': False, 'cmake_args': None, 'cmake_clean_cache': False, 'cmake_clean_first': False, 'cmake_force_configure': False, 'cmake_target': None, 'cmake_target_skip_unavailable': False, 'install_base': '/Bt/install/yolo_msgs', 'merge_install': False, 'path': '/Bt/ThirdParty/yolo_ros/yolo_msgs', 'symlink_install': False, 'test_result_base': None}
[0.341s] Level 5:colcon.colcon_core.verb:set package 'behaviortree_ros2' build argument 'cmake_args' from command line to 'None'
[0.341s] Level 5:colcon.colcon_core.verb:set package 'behaviortree_ros2' build argument 'cmake_target' from command line to 'None'
[0.341s] Level 5:colcon.colcon_core.verb:set package 'behaviortree_ros2' build argument 'cmake_target_skip_unavailable' from command line to 'False'
[0.341s] Level 5:colcon.colcon_core.verb:set package 'behaviortree_ros2' build argument 'cmake_clean_cache' from command line to 'False'
[0.341s] Level 5:colcon.colcon_core.verb:set package 'behaviortree_ros2' build argument 'cmake_clean_first' from command line to 'False'
[0.341s] Level 5:colcon.colcon_core.verb:set package 'behaviortree_ros2' build argument 'cmake_force_configure' from command line to 'False'
[0.341s] Level 5:colcon.colcon_core.verb:set package 'behaviortree_ros2' build argument 'ament_cmake_args' from command line to 'None'
[0.341s] Level 5:colcon.colcon_core.verb:set package 'behaviortree_ros2' build argument 'catkin_cmake_args' from command line to 'None'
[0.341s] Level 5:colcon.colcon_core.verb:set package 'behaviortree_ros2' build argument 'catkin_skip_building_tests' from command line to 'False'
[0.341s] DEBUG:colcon.colcon_core.verb:Building package 'behaviortree_ros2' with the following arguments: {'ament_cmake_args': None, 'build_base': '/Bt/build/behaviortree_ros2', 'catkin_cmake_args': None, 'catkin_skip_building_tests': False, 'cmake_args': None, 'cmake_clean_cache': False, 'cmake_clean_first': False, 'cmake_force_configure': False, 'cmake_target': None, 'cmake_target_skip_unavailable': False, 'install_base': '/Bt/install/behaviortree_ros2', 'merge_install': False, 'path': '/Bt/ThirdParty/BehaviorTree.ROS2/behaviortree_ros2', 'symlink_install': False, 'test_result_base': None}
[0.341s] Level 5:colcon.colcon_core.verb:set package 'grab2_msgs' build argument 'cmake_args' from command line to 'None'
[0.341s] Level 5:colcon.colcon_core.verb:set package 'grab2_msgs' build argument 'cmake_target' from command line to 'None'
[0.341s] Level 5:colcon.colcon_core.verb:set package 'grab2_msgs' build argument 'cmake_target_skip_unavailable' from command line to 'False'
[0.341s] Level 5:colcon.colcon_core.verb:set package 'grab2_msgs' build argument 'cmake_clean_cache' from command line to 'False'
[0.341s] Level 5:colcon.colcon_core.verb:set package 'grab2_msgs' build argument 'cmake_clean_first' from command line to 'False'
[0.341s] Level 5:colcon.colcon_core.verb:set package 'grab2_msgs' build argument 'cmake_force_configure' from command line to 'False'
[0.341s] Level 5:colcon.colcon_core.verb:set package 'grab2_msgs' build argument 'ament_cmake_args' from command line to 'None'
[0.341s] Level 5:colcon.colcon_core.verb:set package 'grab2_msgs' build argument 'catkin_cmake_args' from command line to 'None'
[0.341s] Level 5:colcon.colcon_core.verb:set package 'grab2_msgs' build argument 'catkin_skip_building_tests' from command line to 'False'
[0.341s] DEBUG:colcon.colcon_core.verb:Building package 'grab2_msgs' with the following arguments: {'ament_cmake_args': None, 'build_base': '/Bt/build/grab2_msgs', 'catkin_cmake_args': None, 'catkin_skip_building_tests': False, 'cmake_args': None, 'cmake_clean_cache': False, 'cmake_clean_first': False, 'cmake_force_configure': False, 'cmake_target': None, 'cmake_target_skip_unavailable': False, 'install_base': '/Bt/install/grab2_msgs', 'merge_install': False, 'path': '/Bt/ThirdParty/grab2/grab2_msgs', 'symlink_install': False, 'test_result_base': None}
[0.341s] Level 5:colcon.colcon_core.verb:set package 'omni_base_description' build argument 'cmake_args' from command line to 'None'
[0.342s] Level 5:colcon.colcon_core.verb:set package 'omni_base_description' build argument 'cmake_target' from command line to 'None'
[0.342s] Level 5:colcon.colcon_core.verb:set package 'omni_base_description' build argument 'cmake_target_skip_unavailable' from command line to 'False'
[0.342s] Level 5:colcon.colcon_core.verb:set package 'omni_base_description' build argument 'cmake_clean_cache' from command line to 'False'
[0.342s] Level 5:colcon.colcon_core.verb:set package 'omni_base_description' build argument 'cmake_clean_first' from command line to 'False'
[0.342s] Level 5:colcon.colcon_core.verb:set package 'omni_base_description' build argument 'cmake_force_configure' from command line to 'False'
[0.342s] Level 5:colcon.colcon_core.verb:set package 'omni_base_description' build argument 'ament_cmake_args' from command line to 'None'
[0.342s] Level 5:colcon.colcon_core.verb:set package 'omni_base_description' build argument 'catkin_cmake_args' from command line to 'None'
[0.342s] Level 5:colcon.colcon_core.verb:set package 'omni_base_description' build argument 'catkin_skip_building_tests' from command line to 'False'
[0.342s] DEBUG:colcon.colcon_core.verb:Building package 'omni_base_description' with the following arguments: {'ament_cmake_args': None, 'build_base': '/Bt/build/omni_base_description', 'catkin_cmake_args': None, 'catkin_skip_building_tests': False, 'cmake_args': None, 'cmake_clean_cache': False, 'cmake_clean_first': False, 'cmake_force_configure': False, 'cmake_target': None, 'cmake_target_skip_unavailable': False, 'install_base': '/Bt/install/omni_base_description', 'merge_install': False, 'path': '/Bt/ThirdParty/tiago_omni_base/omni_base_description', 'symlink_install': False, 'test_result_base': None}
[0.342s] Level 5:colcon.colcon_core.verb:set package 'pal_gripper_description' build argument 'cmake_args' from command line to 'None'
[0.342s] Level 5:colcon.colcon_core.verb:set package 'pal_gripper_description' build argument 'cmake_target' from command line to 'None'
[0.342s] Level 5:colcon.colcon_core.verb:set package 'pal_gripper_description' build argument 'cmake_target_skip_unavailable' from command line to 'False'
[0.342s] Level 5:colcon.colcon_core.verb:set package 'pal_gripper_description' build argument 'cmake_clean_cache' from command line to 'False'
[0.342s] Level 5:colcon.colcon_core.verb:set package 'pal_gripper_description' build argument 'cmake_clean_first' from command line to 'False'
[0.342s] Level 5:colcon.colcon_core.verb:set package 'pal_gripper_description' build argument 'cmake_force_configure' from command line to 'False'
[0.342s] Level 5:colcon.colcon_core.verb:set package 'pal_gripper_description' build argument 'ament_cmake_args' from command line to 'None'
[0.342s] Level 5:colcon.colcon_core.verb:set package 'pal_gripper_description' build argument 'catkin_cmake_args' from command line to 'None'
[0.342s] Level 5:colcon.colcon_core.verb:set package 'pal_gripper_description' build argument 'catkin_skip_building_tests' from command line to 'False'
[0.342s] DEBUG:colcon.colcon_core.verb:Building package 'pal_gripper_description' with the following arguments: {'ament_cmake_args': None, 'build_base': '/Bt/build/pal_gripper_description', 'catkin_cmake_args': None, 'catkin_skip_building_tests': False, 'cmake_args': None, 'cmake_clean_cache': False, 'cmake_clean_first': False, 'cmake_force_configure': False, 'cmake_target': None, 'cmake_target_skip_unavailable': False, 'install_base': '/Bt/install/pal_gripper_description', 'merge_install': False, 'path': '/Bt/ThirdParty/pal_gripper/pal_gripper_description', 'symlink_install': False, 'test_result_base': None}
[0.342s] Level 5:colcon.colcon_core.verb:set package 'pal_hey5_description' build argument 'cmake_args' from command line to 'None'
[0.342s] Level 5:colcon.colcon_core.verb:set package 'pal_hey5_description' build argument 'cmake_target' from command line to 'None'
[0.342s] Level 5:colcon.colcon_core.verb:set package 'pal_hey5_description' build argument 'cmake_target_skip_unavailable' from command line to 'False'
[0.342s] Level 5:colcon.colcon_core.verb:set package 'pal_hey5_description' build argument 'cmake_clean_cache' from command line to 'False'
[0.342s] Level 5:colcon.colcon_core.verb:set package 'pal_hey5_description' build argument 'cmake_clean_first' from command line to 'False'
[0.343s] Level 5:colcon.colcon_core.verb:set package 'pal_hey5_description' build argument 'cmake_force_configure' from command line to 'False'
[0.343s] Level 5:colcon.colcon_core.verb:set package 'pal_hey5_description' build argument 'ament_cmake_args' from command line to 'None'
[0.343s] Level 5:colcon.colcon_core.verb:set package 'pal_hey5_description' build argument 'catkin_cmake_args' from command line to 'None'
[0.343s] Level 5:colcon.colcon_core.verb:set package 'pal_hey5_description' build argument 'catkin_skip_building_tests' from command line to 'False'
[0.343s] DEBUG:colcon.colcon_core.verb:Building package 'pal_hey5_description' with the following arguments: {'ament_cmake_args': None, 'build_base': '/Bt/build/pal_hey5_description', 'catkin_cmake_args': None, 'catkin_skip_building_tests': False, 'cmake_args': None, 'cmake_clean_cache': False, 'cmake_clean_first': False, 'cmake_force_configure': False, 'cmake_target': None, 'cmake_target_skip_unavailable': False, 'install_base': '/Bt/install/pal_hey5_description', 'merge_install': False, 'path': '/Bt/ThirdParty/pal_hey5/pal_hey5_description', 'symlink_install': False, 'test_result_base': None}
[0.343s] Level 5:colcon.colcon_core.verb:set package 'pal_robotiq_gripper' build argument 'cmake_args' from command line to 'None'
[0.343s] Level 5:colcon.colcon_core.verb:set package 'pal_robotiq_gripper' build argument 'cmake_target' from command line to 'None'
[0.343s] Level 5:colcon.colcon_core.verb:set package 'pal_robotiq_gripper' build argument 'cmake_target_skip_unavailable' from command line to 'False'
[0.343s] Level 5:colcon.colcon_core.verb:set package 'pal_robotiq_gripper' build argument 'cmake_clean_cache' from command line to 'False'
[0.343s] Level 5:colcon.colcon_core.verb:set package 'pal_robotiq_gripper' build argument 'cmake_clean_first' from command line to 'False'
[0.343s] Level 5:colcon.colcon_core.verb:set package 'pal_robotiq_gripper' build argument 'cmake_force_configure' from command line to 'False'
[0.343s] Level 5:colcon.colcon_core.verb:set package 'pal_robotiq_gripper' build argument 'ament_cmake_args' from command line to 'None'
[0.343s] Level 5:colcon.colcon_core.verb:set package 'pal_robotiq_gripper' build argument 'catkin_cmake_args' from command line to 'None'
[0.343s] Level 5:colcon.colcon_core.verb:set package 'pal_robotiq_gripper' build argument 'catkin_skip_building_tests' from command line to 'False'
[0.343s] DEBUG:colcon.colcon_core.verb:Building package 'pal_robotiq_gripper' with the following arguments: {'ament_cmake_args': None, 'build_base': '/Bt/build/pal_robotiq_gripper', 'catkin_cmake_args': None, 'catkin_skip_building_tests': False, 'cmake_args': None, 'cmake_clean_cache': False, 'cmake_clean_first': False, 'cmake_force_configure': False, 'cmake_target': None, 'cmake_target_skip_unavailable': False, 'install_base': '/Bt/install/pal_robotiq_gripper', 'merge_install': False, 'path': '/Bt/ThirdParty/pal_robotiq_gripper/pal_robotiq_gripper', 'symlink_install': False, 'test_result_base': None}
[0.343s] Level 5:colcon.colcon_core.verb:set package 'play_motion2' build argument 'cmake_args' from command line to 'None'
[0.343s] Level 5:colcon.colcon_core.verb:set package 'play_motion2' build argument 'cmake_target' from command line to 'None'
[0.343s] Level 5:colcon.colcon_core.verb:set package 'play_motion2' build argument 'cmake_target_skip_unavailable' from command line to 'False'
[0.343s] Level 5:colcon.colcon_core.verb:set package 'play_motion2' build argument 'cmake_clean_cache' from command line to 'False'
[0.343s] Level 5:colcon.colcon_core.verb:set package 'play_motion2' build argument 'cmake_clean_first' from command line to 'False'
[0.343s] Level 5:colcon.colcon_core.verb:set package 'play_motion2' build argument 'cmake_force_configure' from command line to 'False'
[0.343s] Level 5:colcon.colcon_core.verb:set package 'play_motion2' build argument 'ament_cmake_args' from command line to 'None'
[0.343s] Level 5:colcon.colcon_core.verb:set package 'play_motion2' build argument 'catkin_cmake_args' from command line to 'None'
[0.343s] Level 5:colcon.colcon_core.verb:set package 'play_motion2' build argument 'catkin_skip_building_tests' from command line to 'False'
[0.344s] DEBUG:colcon.colcon_core.verb:Building package 'play_motion2' with the following arguments: {'ament_cmake_args': None, 'build_base': '/Bt/build/play_motion2', 'catkin_cmake_args': None, 'catkin_skip_building_tests': False, 'cmake_args': None, 'cmake_clean_cache': False, 'cmake_clean_first': False, 'cmake_force_configure': False, 'cmake_target': None, 'cmake_target_skip_unavailable': False, 'install_base': '/Bt/install/play_motion2', 'merge_install': False, 'path': '/Bt/ThirdParty/play_motion2/play_motion2', 'symlink_install': False, 'test_result_base': None}
[0.344s] Level 5:colcon.colcon_core.verb:set package 'pmb2_2dnav' build argument 'cmake_args' from command line to 'None'
[0.344s] Level 5:colcon.colcon_core.verb:set package 'pmb2_2dnav' build argument 'cmake_target' from command line to 'None'
[0.344s] Level 5:colcon.colcon_core.verb:set package 'pmb2_2dnav' build argument 'cmake_target_skip_unavailable' from command line to 'False'
[0.344s] Level 5:colcon.colcon_core.verb:set package 'pmb2_2dnav' build argument 'cmake_clean_cache' from command line to 'False'
[0.344s] Level 5:colcon.colcon_core.verb:set package 'pmb2_2dnav' build argument 'cmake_clean_first' from command line to 'False'
[0.344s] Level 5:colcon.colcon_core.verb:set package 'pmb2_2dnav' build argument 'cmake_force_configure' from command line to 'False'
[0.344s] Level 5:colcon.colcon_core.verb:set package 'pmb2_2dnav' build argument 'ament_cmake_args' from command line to 'None'
[0.344s] Level 5:colcon.colcon_core.verb:set package 'pmb2_2dnav' build argument 'catkin_cmake_args' from command line to 'None'
[0.344s] Level 5:colcon.colcon_core.verb:set package 'pmb2_2dnav' build argument 'catkin_skip_building_tests' from command line to 'False'
[0.344s] DEBUG:colcon.colcon_core.verb:Building package 'pmb2_2dnav' with the following arguments: {'ament_cmake_args': None, 'build_base': '/Bt/build/pmb2_2dnav', 'catkin_cmake_args': None, 'catkin_skip_building_tests': False, 'cmake_args': None, 'cmake_clean_cache': False, 'cmake_clean_first': False, 'cmake_force_configure': False, 'cmake_target': None, 'cmake_target_skip_unavailable': False, 'install_base': '/Bt/install/pmb2_2dnav', 'merge_install': False, 'path': '/Bt/ThirdParty/pmb2_navigation/pmb2_2dnav', 'symlink_install': False, 'test_result_base': None}
[0.344s] Level 5:colcon.colcon_core.verb:set package 'pmb2_controller_configuration' build argument 'cmake_args' from command line to 'None'
[0.344s] Level 5:colcon.colcon_core.verb:set package 'pmb2_controller_configuration' build argument 'cmake_target' from command line to 'None'
[0.344s] Level 5:colcon.colcon_core.verb:set package 'pmb2_controller_configuration' build argument 'cmake_target_skip_unavailable' from command line to 'False'
[0.344s] Level 5:colcon.colcon_core.verb:set package 'pmb2_controller_configuration' build argument 'cmake_clean_cache' from command line to 'False'
[0.344s] Level 5:colcon.colcon_core.verb:set package 'pmb2_controller_configuration' build argument 'cmake_clean_first' from command line to 'False'
[0.344s] Level 5:colcon.colcon_core.verb:set package 'pmb2_controller_configuration' build argument 'cmake_force_configure' from command line to 'False'
[0.344s] Level 5:colcon.colcon_core.verb:set package 'pmb2_controller_configuration' build argument 'ament_cmake_args' from command line to 'None'
[0.344s] Level 5:colcon.colcon_core.verb:set package 'pmb2_controller_configuration' build argument 'catkin_cmake_args' from command line to 'None'
[0.344s] Level 5:colcon.colcon_core.verb:set package 'pmb2_controller_configuration' build argument 'catkin_skip_building_tests' from command line to 'False'
[0.344s] DEBUG:colcon.colcon_core.verb:Building package 'pmb2_controller_configuration' with the following arguments: {'ament_cmake_args': None, 'build_base': '/Bt/build/pmb2_controller_configuration', 'catkin_cmake_args': None, 'catkin_skip_building_tests': False, 'cmake_args': None, 'cmake_clean_cache': False, 'cmake_clean_first': False, 'cmake_force_configure': False, 'cmake_target': None, 'cmake_target_skip_unavailable': False, 'install_base': '/Bt/install/pmb2_controller_configuration', 'merge_install': False, 'path': '/Bt/ThirdParty/pmb2_robot/pmb2_controller_configuration', 'symlink_install': False, 'test_result_base': None}
[0.345s] Level 5:colcon.colcon_core.verb:set package 'pmb2_description' build argument 'cmake_args' from command line to 'None'
[0.345s] Level 5:colcon.colcon_core.verb:set package 'pmb2_description' build argument 'cmake_target' from command line to 'None'
[0.345s] Level 5:colcon.colcon_core.verb:set package 'pmb2_description' build argument 'cmake_target_skip_unavailable' from command line to 'False'
[0.345s] Level 5:colcon.colcon_core.verb:set package 'pmb2_description' build argument 'cmake_clean_cache' from command line to 'False'
[0.345s] Level 5:colcon.colcon_core.verb:set package 'pmb2_description' build argument 'cmake_clean_first' from command line to 'False'
[0.345s] Level 5:colcon.colcon_core.verb:set package 'pmb2_description' build argument 'cmake_force_configure' from command line to 'False'
[0.345s] Level 5:colcon.colcon_core.verb:set package 'pmb2_description' build argument 'ament_cmake_args' from command line to 'None'
[0.345s] Level 5:colcon.colcon_core.verb:set package 'pmb2_description' build argument 'catkin_cmake_args' from command line to 'None'
[0.345s] Level 5:colcon.colcon_core.verb:set package 'pmb2_description' build argument 'catkin_skip_building_tests' from command line to 'False'
[0.345s] DEBUG:colcon.colcon_core.verb:Building package 'pmb2_description' with the following arguments: {'ament_cmake_args': None, 'build_base': '/Bt/build/pmb2_description', 'catkin_cmake_args': None, 'catkin_skip_building_tests': False, 'cmake_args': None, 'cmake_clean_cache': False, 'cmake_clean_first': False, 'cmake_force_configure': False, 'cmake_target': None, 'cmake_target_skip_unavailable': False, 'install_base': '/Bt/install/pmb2_description', 'merge_install': False, 'path': '/Bt/ThirdParty/pmb2_robot/pmb2_description', 'symlink_install': False, 'test_result_base': None}
[0.345s] Level 5:colcon.colcon_core.verb:set package 'pmb2_rgbd_sensors' build argument 'cmake_args' from command line to 'None'
[0.345s] Level 5:colcon.colcon_core.verb:set package 'pmb2_rgbd_sensors' build argument 'cmake_target' from command line to 'None'
[0.345s] Level 5:colcon.colcon_core.verb:set package 'pmb2_rgbd_sensors' build argument 'cmake_target_skip_unavailable' from command line to 'False'
[0.345s] Level 5:colcon.colcon_core.verb:set package 'pmb2_rgbd_sensors' build argument 'cmake_clean_cache' from command line to 'False'
[0.345s] Level 5:colcon.colcon_core.verb:set package 'pmb2_rgbd_sensors' build argument 'cmake_clean_first' from command line to 'False'
[0.345s] Level 5:colcon.colcon_core.verb:set package 'pmb2_rgbd_sensors' build argument 'cmake_force_configure' from command line to 'False'
[0.345s] Level 5:colcon.colcon_core.verb:set package 'pmb2_rgbd_sensors' build argument 'ament_cmake_args' from command line to 'None'
[0.345s] Level 5:colcon.colcon_core.verb:set package 'pmb2_rgbd_sensors' build argument 'catkin_cmake_args' from command line to 'None'
[0.345s] Level 5:colcon.colcon_core.verb:set package 'pmb2_rgbd_sensors' build argument 'catkin_skip_building_tests' from command line to 'False'
[0.345s] DEBUG:colcon.colcon_core.verb:Building package 'pmb2_rgbd_sensors' with the following arguments: {'ament_cmake_args': None, 'build_base': '/Bt/build/pmb2_rgbd_sensors', 'catkin_cmake_args': None, 'catkin_skip_building_tests': False, 'cmake_args': None, 'cmake_clean_cache': False, 'cmake_clean_first': False, 'cmake_force_configure': False, 'cmake_target': None, 'cmake_target_skip_unavailable': False, 'install_base': '/Bt/install/pmb2_rgbd_sensors', 'merge_install': False, 'path': '/Bt/ThirdParty/pmb2_navigation/pmb2_rgbd_sensors', 'symlink_install': False, 'test_result_base': None}
[0.346s] Level 5:colcon.colcon_core.verb:set package 'tiago_aruco_broadcast' build argument 'cmake_args' from command line to 'None'
[0.346s] Level 5:colcon.colcon_core.verb:set package 'tiago_aruco_broadcast' build argument 'cmake_target' from command line to 'None'
[0.346s] Level 5:colcon.colcon_core.verb:set package 'tiago_aruco_broadcast' build argument 'cmake_target_skip_unavailable' from command line to 'False'
[0.346s] Level 5:colcon.colcon_core.verb:set package 'tiago_aruco_broadcast' build argument 'cmake_clean_cache' from command line to 'False'
[0.346s] Level 5:colcon.colcon_core.verb:set package 'tiago_aruco_broadcast' build argument 'cmake_clean_first' from command line to 'False'
[0.346s] Level 5:colcon.colcon_core.verb:set package 'tiago_aruco_broadcast' build argument 'cmake_force_configure' from command line to 'False'
[0.346s] Level 5:colcon.colcon_core.verb:set package 'tiago_aruco_broadcast' build argument 'ament_cmake_args' from command line to 'None'
[0.346s] Level 5:colcon.colcon_core.verb:set package 'tiago_aruco_broadcast' build argument 'catkin_cmake_args' from command line to 'None'
[0.346s] Level 5:colcon.colcon_core.verb:set package 'tiago_aruco_broadcast' build argument 'catkin_skip_building_tests' from command line to 'False'
[0.346s] DEBUG:colcon.colcon_core.verb:Building package 'tiago_aruco_broadcast' with the following arguments: {'ament_cmake_args': None, 'build_base': '/Bt/build/tiago_aruco_broadcast', 'catkin_cmake_args': None, 'catkin_skip_building_tests': False, 'cmake_args': None, 'cmake_clean_cache': False, 'cmake_clean_first': False, 'cmake_force_configure': False, 'cmake_target': None, 'cmake_target_skip_unavailable': False, 'install_base': '/Bt/install/tiago_aruco_broadcast', 'merge_install': False, 'path': '/Bt/tiago_aruco_broadcast', 'symlink_install': False, 'test_result_base': None}
[0.346s] Level 5:colcon.colcon_core.verb:set package 'yolo_ros' build argument 'cmake_args' from command line to 'None'
[0.346s] Level 5:colcon.colcon_core.verb:set package 'yolo_ros' build argument 'cmake_target' from command line to 'None'
[0.346s] Level 5:colcon.colcon_core.verb:set package 'yolo_ros' build argument 'cmake_target_skip_unavailable' from command line to 'False'
[0.346s] Level 5:colcon.colcon_core.verb:set package 'yolo_ros' build argument 'cmake_clean_cache' from command line to 'False'
[0.346s] Level 5:colcon.colcon_core.verb:set package 'yolo_ros' build argument 'cmake_clean_first' from command line to 'False'
[0.346s] Level 5:colcon.colcon_core.verb:set package 'yolo_ros' build argument 'cmake_force_configure' from command line to 'False'
[0.346s] Level 5:colcon.colcon_core.verb:set package 'yolo_ros' build argument 'ament_cmake_args' from command line to 'None'
[0.346s] Level 5:colcon.colcon_core.verb:set package 'yolo_ros' build argument 'catkin_cmake_args' from command line to 'None'
[0.346s] Level 5:colcon.colcon_core.verb:set package 'yolo_ros' build argument 'catkin_skip_building_tests' from command line to 'False'
[0.346s] DEBUG:colcon.colcon_core.verb:Building package 'yolo_ros' with the following arguments: {'ament_cmake_args': None, 'build_base': '/Bt/build/yolo_ros', 'catkin_cmake_args': None, 'catkin_skip_building_tests': False, 'cmake_args': None, 'cmake_clean_cache': False, 'cmake_clean_first': False, 'cmake_force_configure': False, 'cmake_target': None, 'cmake_target_skip_unavailable': False, 'install_base': '/Bt/install/yolo_ros', 'merge_install': False, 'path': '/Bt/ThirdParty/yolo_ros/yolo_ros', 'symlink_install': False, 'test_result_base': None}
[0.347s] Level 5:colcon.colcon_core.verb:set package 'btcpp_ros2_samples' build argument 'cmake_args' from command line to 'None'
[0.347s] Level 5:colcon.colcon_core.verb:set package 'btcpp_ros2_samples' build argument 'cmake_target' from command line to 'None'
[0.347s] Level 5:colcon.colcon_core.verb:set package 'btcpp_ros2_samples' build argument 'cmake_target_skip_unavailable' from command line to 'False'
[0.347s] Level 5:colcon.colcon_core.verb:set package 'btcpp_ros2_samples' build argument 'cmake_clean_cache' from command line to 'False'
[0.347s] Level 5:colcon.colcon_core.verb:set package 'btcpp_ros2_samples' build argument 'cmake_clean_first' from command line to 'False'
[0.347s] Level 5:colcon.colcon_core.verb:set package 'btcpp_ros2_samples' build argument 'cmake_force_configure' from command line to 'False'
[0.347s] Level 5:colcon.colcon_core.verb:set package 'btcpp_ros2_samples' build argument 'ament_cmake_args' from command line to 'None'
[0.347s] Level 5:colcon.colcon_core.verb:set package 'btcpp_ros2_samples' build argument 'catkin_cmake_args' from command line to 'None'
[0.347s] Level 5:colcon.colcon_core.verb:set package 'btcpp_ros2_samples' build argument 'catkin_skip_building_tests' from command line to 'False'
[0.347s] DEBUG:colcon.colcon_core.verb:Building package 'btcpp_ros2_samples' with the following arguments: {'ament_cmake_args': None, 'build_base': '/Bt/build/btcpp_ros2_samples', 'catkin_cmake_args': None, 'catkin_skip_building_tests': False, 'cmake_args': None, 'cmake_clean_cache': False, 'cmake_clean_first': False, 'cmake_force_configure': False, 'cmake_target': None, 'cmake_target_skip_unavailable': False, 'install_base': '/Bt/install/btcpp_ros2_samples', 'merge_install': False, 'path': '/Bt/ThirdParty/BehaviorTree.ROS2/btcpp_ros2_samples', 'symlink_install': False, 'test_result_base': None}
[0.347s] Level 5:colcon.colcon_core.verb:set package 'grab2_behavior_tree' build argument 'cmake_args' from command line to 'None'
[0.347s] Level 5:colcon.colcon_core.verb:set package 'grab2_behavior_tree' build argument 'cmake_target' from command line to 'None'
[0.347s] Level 5:colcon.colcon_core.verb:set package 'grab2_behavior_tree' build argument 'cmake_target_skip_unavailable' from command line to 'False'
[0.347s] Level 5:colcon.colcon_core.verb:set package 'grab2_behavior_tree' build argument 'cmake_clean_cache' from command line to 'False'
[0.347s] Level 5:colcon.colcon_core.verb:set package 'grab2_behavior_tree' build argument 'cmake_clean_first' from command line to 'False'
[0.347s] Level 5:colcon.colcon_core.verb:set package 'grab2_behavior_tree' build argument 'cmake_force_configure' from command line to 'False'
[0.347s] Level 5:colcon.colcon_core.verb:set package 'grab2_behavior_tree' build argument 'ament_cmake_args' from command line to 'None'
[0.347s] Level 5:colcon.colcon_core.verb:set package 'grab2_behavior_tree' build argument 'catkin_cmake_args' from command line to 'None'
[0.347s] Level 5:colcon.colcon_core.verb:set package 'grab2_behavior_tree' build argument 'catkin_skip_building_tests' from command line to 'False'
[0.347s] DEBUG:colcon.colcon_core.verb:Building package 'grab2_behavior_tree' with the following arguments: {'ament_cmake_args': None, 'build_base': '/Bt/build/grab2_behavior_tree', 'catkin_cmake_args': None, 'catkin_skip_building_tests': False, 'cmake_args': None, 'cmake_clean_cache': False, 'cmake_clean_first': False, 'cmake_force_configure': False, 'cmake_target': None, 'cmake_target_skip_unavailable': False, 'install_base': '/Bt/install/grab2_behavior_tree', 'merge_install': False, 'path': '/Bt/ThirdParty/grab2/grab2_behavior_tree', 'symlink_install': False, 'test_result_base': None}
[0.347s] Level 5:colcon.colcon_core.verb:set package 'grab2_curobo_planner' build argument 'cmake_args' from command line to 'None'
[0.347s] Level 5:colcon.colcon_core.verb:set package 'grab2_curobo_planner' build argument 'cmake_target' from command line to 'None'
[0.347s] Level 5:colcon.colcon_core.verb:set package 'grab2_curobo_planner' build argument 'cmake_target_skip_unavailable' from command line to 'False'
[0.348s] Level 5:colcon.colcon_core.verb:set package 'grab2_curobo_planner' build argument 'cmake_clean_cache' from command line to 'False'
[0.348s] Level 5:colcon.colcon_core.verb:set package 'grab2_curobo_planner' build argument 'cmake_clean_first' from command line to 'False'
[0.348s] Level 5:colcon.colcon_core.verb:set package 'grab2_curobo_planner' build argument 'cmake_force_configure' from command line to 'False'
[0.348s] Level 5:colcon.colcon_core.verb:set package 'grab2_curobo_planner' build argument 'ament_cmake_args' from command line to 'None'
[0.348s] Level 5:colcon.colcon_core.verb:set package 'grab2_curobo_planner' build argument 'catkin_cmake_args' from command line to 'None'
[0.348s] Level 5:colcon.colcon_core.verb:set package 'grab2_curobo_planner' build argument 'catkin_skip_building_tests' from command line to 'False'
[0.348s] DEBUG:colcon.colcon_core.verb:Building package 'grab2_curobo_planner' with the following arguments: {'ament_cmake_args': None, 'build_base': '/Bt/build/grab2_curobo_planner', 'catkin_cmake_args': None, 'catkin_skip_building_tests': False, 'cmake_args': None, 'cmake_clean_cache': False, 'cmake_clean_first': False, 'cmake_force_configure': False, 'cmake_target': None, 'cmake_target_skip_unavailable': False, 'install_base': '/Bt/install/grab2_curobo_planner', 'merge_install': False, 'path': '/Bt/ThirdParty/grab2/grab2_curobo_planner', 'symlink_install': False, 'test_result_base': None}
[0.348s] Level 5:colcon.colcon_core.verb:set package 'grab2_ros_common' build argument 'cmake_args' from command line to 'None'
[0.348s] Level 5:colcon.colcon_core.verb:set package 'grab2_ros_common' build argument 'cmake_target' from command line to 'None'
[0.348s] Level 5:colcon.colcon_core.verb:set package 'grab2_ros_common' build argument 'cmake_target_skip_unavailable' from command line to 'False'
[0.348s] Level 5:colcon.colcon_core.verb:set package 'grab2_ros_common' build argument 'cmake_clean_cache' from command line to 'False'
[0.348s] Level 5:colcon.colcon_core.verb:set package 'grab2_ros_common' build argument 'cmake_clean_first' from command line to 'False'
[0.348s] Level 5:colcon.colcon_core.verb:set package 'grab2_ros_common' build argument 'cmake_force_configure' from command line to 'False'
[0.348s] Level 5:colcon.colcon_core.verb:set package 'grab2_ros_common' build argument 'ament_cmake_args' from command line to 'None'
[0.348s] Level 5:colcon.colcon_core.verb:set package 'grab2_ros_common' build argument 'catkin_cmake_args' from command line to 'None'
[0.348s] Level 5:colcon.colcon_core.verb:set package 'grab2_ros_common' build argument 'catkin_skip_building_tests' from command line to 'False'
[0.348s] DEBUG:colcon.colcon_core.verb:Building package 'grab2_ros_common' with the following arguments: {'ament_cmake_args': None, 'build_base': '/Bt/build/grab2_ros_common', 'catkin_cmake_args': None, 'catkin_skip_building_tests': False, 'cmake_args': None, 'cmake_clean_cache': False, 'cmake_clean_first': False, 'cmake_force_configure': False, 'cmake_target': None, 'cmake_target_skip_unavailable': False, 'install_base': '/Bt/install/grab2_ros_common', 'merge_install': False, 'path': '/Bt/ThirdParty/grab2/grab2_ros_common', 'symlink_install': False, 'test_result_base': None}
[0.348s] Level 5:colcon.colcon_core.verb:set package 'omni_base_bringup' build argument 'cmake_args' from command line to 'None'
[0.348s] Level 5:colcon.colcon_core.verb:set package 'omni_base_bringup' build argument 'cmake_target' from command line to 'None'
[0.348s] Level 5:colcon.colcon_core.verb:set package 'omni_base_bringup' build argument 'cmake_target_skip_unavailable' from command line to 'False'
[0.348s] Level 5:colcon.colcon_core.verb:set package 'omni_base_bringup' build argument 'cmake_clean_cache' from command line to 'False'
[0.348s] Level 5:colcon.colcon_core.verb:set package 'omni_base_bringup' build argument 'cmake_clean_first' from command line to 'False'
[0.348s] Level 5:colcon.colcon_core.verb:set package 'omni_base_bringup' build argument 'cmake_force_configure' from command line to 'False'
[0.348s] Level 5:colcon.colcon_core.verb:set package 'omni_base_bringup' build argument 'ament_cmake_args' from command line to 'None'
[0.349s] Level 5:colcon.colcon_core.verb:set package 'omni_base_bringup' build argument 'catkin_cmake_args' from command line to 'None'
[0.349s] Level 5:colcon.colcon_core.verb:set package 'omni_base_bringup' build argument 'catkin_skip_building_tests' from command line to 'False'
[0.349s] DEBUG:colcon.colcon_core.verb:Building package 'omni_base_bringup' with the following arguments: {'ament_cmake_args': None, 'build_base': '/Bt/build/omni_base_bringup', 'catkin_cmake_args': None, 'catkin_skip_building_tests': False, 'cmake_args': None, 'cmake_clean_cache': False, 'cmake_clean_first': False, 'cmake_force_configure': False, 'cmake_target': None, 'cmake_target_skip_unavailable': False, 'install_base': '/Bt/install/omni_base_bringup', 'merge_install': False, 'path': '/Bt/ThirdParty/tiago_omni_base/omni_base_bringup', 'symlink_install': False, 'test_result_base': None}
[0.349s] Level 5:colcon.colcon_core.verb:set package 'pal_gripper' build argument 'cmake_args' from command line to 'None'
[0.349s] Level 5:colcon.colcon_core.verb:set package 'pal_gripper' build argument 'cmake_target' from command line to 'None'
[0.349s] Level 5:colcon.colcon_core.verb:set package 'pal_gripper' build argument 'cmake_target_skip_unavailable' from command line to 'False'
[0.349s] Level 5:colcon.colcon_core.verb:set package 'pal_gripper' build argument 'cmake_clean_cache' from command line to 'False'
[0.349s] Level 5:colcon.colcon_core.verb:set package 'pal_gripper' build argument 'cmake_clean_first' from command line to 'False'
[0.349s] Level 5:colcon.colcon_core.verb:set package 'pal_gripper' build argument 'cmake_force_configure' from command line to 'False'
[0.349s] Level 5:colcon.colcon_core.verb:set package 'pal_gripper' build argument 'ament_cmake_args' from command line to 'None'
[0.349s] Level 5:colcon.colcon_core.verb:set package 'pal_gripper' build argument 'catkin_cmake_args' from command line to 'None'
[0.349s] Level 5:colcon.colcon_core.verb:set package 'pal_gripper' build argument 'catkin_skip_building_tests' from command line to 'False'
[0.349s] DEBUG:colcon.colcon_core.verb:Building package 'pal_gripper' with the following arguments: {'ament_cmake_args': None, 'build_base': '/Bt/build/pal_gripper', 'catkin_cmake_args': None, 'catkin_skip_building_tests': False, 'cmake_args': None, 'cmake_clean_cache': False, 'cmake_clean_first': False, 'cmake_force_configure': False, 'cmake_target': None, 'cmake_target_skip_unavailable': False, 'install_base': '/Bt/install/pal_gripper', 'merge_install': False, 'path': '/Bt/ThirdParty/pal_gripper/pal_gripper', 'symlink_install': False, 'test_result_base': None}
[0.349s] Level 5:colcon.colcon_core.verb:set package 'pal_gripper_simulation' build argument 'cmake_args' from command line to 'None'
[0.349s] Level 5:colcon.colcon_core.verb:set package 'pal_gripper_simulation' build argument 'cmake_target' from command line to 'None'
[0.349s] Level 5:colcon.colcon_core.verb:set package 'pal_gripper_simulation' build argument 'cmake_target_skip_unavailable' from command line to 'False'
[0.349s] Level 5:colcon.colcon_core.verb:set package 'pal_gripper_simulation' build argument 'cmake_clean_cache' from command line to 'False'
[0.349s] Level 5:colcon.colcon_core.verb:set package 'pal_gripper_simulation' build argument 'cmake_clean_first' from command line to 'False'
[0.349s] Level 5:colcon.colcon_core.verb:set package 'pal_gripper_simulation' build argument 'cmake_force_configure' from command line to 'False'
[0.349s] Level 5:colcon.colcon_core.verb:set package 'pal_gripper_simulation' build argument 'ament_cmake_args' from command line to 'None'
[0.349s] Level 5:colcon.colcon_core.verb:set package 'pal_gripper_simulation' build argument 'catkin_cmake_args' from command line to 'None'
[0.349s] Level 5:colcon.colcon_core.verb:set package 'pal_gripper_simulation' build argument 'catkin_skip_building_tests' from command line to 'False'
[0.349s] DEBUG:colcon.colcon_core.verb:Building package 'pal_gripper_simulation' with the following arguments: {'ament_cmake_args': None, 'build_base': '/Bt/build/pal_gripper_simulation', 'catkin_cmake_args': None, 'catkin_skip_building_tests': False, 'cmake_args': None, 'cmake_clean_cache': False, 'cmake_clean_first': False, 'cmake_force_configure': False, 'cmake_target': None, 'cmake_target_skip_unavailable': False, 'install_base': '/Bt/install/pal_gripper_simulation', 'merge_install': False, 'path': '/Bt/ThirdParty/pal_gripper/pal_gripper_simulation', 'symlink_install': False, 'test_result_base': None}
[0.350s] Level 5:colcon.colcon_core.verb:set package 'pal_hey5' build argument 'cmake_args' from command line to 'None'
[0.350s] Level 5:colcon.colcon_core.verb:set package 'pal_hey5' build argument 'cmake_target' from command line to 'None'
[0.350s] Level 5:colcon.colcon_core.verb:set package 'pal_hey5' build argument 'cmake_target_skip_unavailable' from command line to 'False'
[0.350s] Level 5:colcon.colcon_core.verb:set package 'pal_hey5' build argument 'cmake_clean_cache' from command line to 'False'
[0.350s] Level 5:colcon.colcon_core.verb:set package 'pal_hey5' build argument 'cmake_clean_first' from command line to 'False'
[0.350s] Level 5:colcon.colcon_core.verb:set package 'pal_hey5' build argument 'cmake_force_configure' from command line to 'False'
[0.350s] Level 5:colcon.colcon_core.verb:set package 'pal_hey5' build argument 'ament_cmake_args' from command line to 'None'
[0.350s] Level 5:colcon.colcon_core.verb:set package 'pal_hey5' build argument 'catkin_cmake_args' from command line to 'None'
[0.350s] Level 5:colcon.colcon_core.verb:set package 'pal_hey5' build argument 'catkin_skip_building_tests' from command line to 'False'
[0.350s] DEBUG:colcon.colcon_core.verb:Building package 'pal_hey5' with the following arguments: {'ament_cmake_args': None, 'build_base': '/Bt/build/pal_hey5', 'catkin_cmake_args': None, 'catkin_skip_building_tests': False, 'cmake_args': None, 'cmake_clean_cache': False, 'cmake_clean_first': False, 'cmake_force_configure': False, 'cmake_target': None, 'cmake_target_skip_unavailable': False, 'install_base': '/Bt/install/pal_hey5', 'merge_install': False, 'path': '/Bt/ThirdParty/pal_hey5/pal_hey5', 'symlink_install': False, 'test_result_base': None}
[0.350s] Level 5:colcon.colcon_core.verb:set package 'pmb2_bringup' build argument 'cmake_args' from command line to 'None'
[0.350s] Level 5:colcon.colcon_core.verb:set package 'pmb2_bringup' build argument 'cmake_target' from command line to 'None'
[0.350s] Level 5:colcon.colcon_core.verb:set package 'pmb2_bringup' build argument 'cmake_target_skip_unavailable' from command line to 'False'
[0.350s] Level 5:colcon.colcon_core.verb:set package 'pmb2_bringup' build argument 'cmake_clean_cache' from command line to 'False'
[0.350s] Level 5:colcon.colcon_core.verb:set package 'pmb2_bringup' build argument 'cmake_clean_first' from command line to 'False'
[0.350s] Level 5:colcon.colcon_core.verb:set package 'pmb2_bringup' build argument 'cmake_force_configure' from command line to 'False'
[0.350s] Level 5:colcon.colcon_core.verb:set package 'pmb2_bringup' build argument 'ament_cmake_args' from command line to 'None'
[0.350s] Level 5:colcon.colcon_core.verb:set package 'pmb2_bringup' build argument 'catkin_cmake_args' from command line to 'None'
[0.350s] Level 5:colcon.colcon_core.verb:set package 'pmb2_bringup' build argument 'catkin_skip_building_tests' from command line to 'False'
[0.350s] DEBUG:colcon.colcon_core.verb:Building package 'pmb2_bringup' with the following arguments: {'ament_cmake_args': None, 'build_base': '/Bt/build/pmb2_bringup', 'catkin_cmake_args': None, 'catkin_skip_building_tests': False, 'cmake_args': None, 'cmake_clean_cache': False, 'cmake_clean_first': False, 'cmake_force_configure': False, 'cmake_target': None, 'cmake_target_skip_unavailable': False, 'install_base': '/Bt/install/pmb2_bringup', 'merge_install': False, 'path': '/Bt/ThirdParty/pmb2_robot/pmb2_bringup', 'symlink_install': False, 'test_result_base': None}
[0.351s] Level 5:colcon.colcon_core.verb:set package 'pmb2_navigation' build argument 'cmake_args' from command line to 'None'
[0.351s] Level 5:colcon.colcon_core.verb:set package 'pmb2_navigation' build argument 'cmake_target' from command line to 'None'
[0.351s] Level 5:colcon.colcon_core.verb:set package 'pmb2_navigation' build argument 'cmake_target_skip_unavailable' from command line to 'False'
[0.351s] Level 5:colcon.colcon_core.verb:set package 'pmb2_navigation' build argument 'cmake_clean_cache' from command line to 'False'
[0.351s] Level 5:colcon.colcon_core.verb:set package 'pmb2_navigation' build argument 'cmake_clean_first' from command line to 'False'
[0.351s] Level 5:colcon.colcon_core.verb:set package 'pmb2_navigation' build argument 'cmake_force_configure' from command line to 'False'
[0.351s] Level 5:colcon.colcon_core.verb:set package 'pmb2_navigation' build argument 'ament_cmake_args' from command line to 'None'
[0.351s] Level 5:colcon.colcon_core.verb:set package 'pmb2_navigation' build argument 'catkin_cmake_args' from command line to 'None'
[0.351s] Level 5:colcon.colcon_core.verb:set package 'pmb2_navigation' build argument 'catkin_skip_building_tests' from command line to 'False'
[0.351s] DEBUG:colcon.colcon_core.verb:Building package 'pmb2_navigation' with the following arguments: {'ament_cmake_args': None, 'build_base': '/Bt/build/pmb2_navigation', 'catkin_cmake_args': None, 'catkin_skip_building_tests': False, 'cmake_args': None, 'cmake_clean_cache': False, 'cmake_clean_first': False, 'cmake_force_configure': False, 'cmake_target': None, 'cmake_target_skip_unavailable': False, 'install_base': '/Bt/install/pmb2_navigation', 'merge_install': False, 'path': '/Bt/ThirdParty/pmb2_navigation/pmb2_navigation', 'symlink_install': False, 'test_result_base': None}
[0.351s] Level 5:colcon.colcon_core.verb:set package 'tiago_behavior_tree' build argument 'cmake_args' from command line to 'None'
[0.351s] Level 5:colcon.colcon_core.verb:set package 'tiago_behavior_tree' build argument 'cmake_target' from command line to 'None'
[0.351s] Level 5:colcon.colcon_core.verb:set package 'tiago_behavior_tree' build argument 'cmake_target_skip_unavailable' from command line to 'False'
[0.351s] Level 5:colcon.colcon_core.verb:set package 'tiago_behavior_tree' build argument 'cmake_clean_cache' from command line to 'False'
[0.351s] Level 5:colcon.colcon_core.verb:set package 'tiago_behavior_tree' build argument 'cmake_clean_first' from command line to 'False'
[0.351s] Level 5:colcon.colcon_core.verb:set package 'tiago_behavior_tree' build argument 'cmake_force_configure' from command line to 'False'
[0.351s] Level 5:colcon.colcon_core.verb:set package 'tiago_behavior_tree' build argument 'ament_cmake_args' from command line to 'None'
[0.351s] Level 5:colcon.colcon_core.verb:set package 'tiago_behavior_tree' build argument 'catkin_cmake_args' from command line to 'None'
[0.351s] Level 5:colcon.colcon_core.verb:set package 'tiago_behavior_tree' build argument 'catkin_skip_building_tests' from command line to 'False'
[0.351s] DEBUG:colcon.colcon_core.verb:Building package 'tiago_behavior_tree' with the following arguments: {'ament_cmake_args': None, 'build_base': '/Bt/build/tiago_behavior_tree', 'catkin_cmake_args': None, 'catkin_skip_building_tests': False, 'cmake_args': None, 'cmake_clean_cache': False, 'cmake_clean_first': False, 'cmake_force_configure': False, 'cmake_target': None, 'cmake_target_skip_unavailable': False, 'install_base': '/Bt/install/tiago_behavior_tree', 'merge_install': False, 'path': '/Bt/tiago_behavior_tree', 'symlink_install': False, 'test_result_base': None}
[0.352s] Level 5:colcon.colcon_core.verb:set package 'tiago_controller_configuration' build argument 'cmake_args' from command line to 'None'
[0.352s] Level 5:colcon.colcon_core.verb:set package 'tiago_controller_configuration' build argument 'cmake_target' from command line to 'None'
[0.352s] Level 5:colcon.colcon_core.verb:set package 'tiago_controller_configuration' build argument 'cmake_target_skip_unavailable' from command line to 'False'
[0.352s] Level 5:colcon.colcon_core.verb:set package 'tiago_controller_configuration' build argument 'cmake_clean_cache' from command line to 'False'
[0.352s] Level 5:colcon.colcon_core.verb:set package 'tiago_controller_configuration' build argument 'cmake_clean_first' from command line to 'False'
[0.352s] Level 5:colcon.colcon_core.verb:set package 'tiago_controller_configuration' build argument 'cmake_force_configure' from command line to 'False'
[0.352s] Level 5:colcon.colcon_core.verb:set package 'tiago_controller_configuration' build argument 'ament_cmake_args' from command line to 'None'
[0.352s] Level 5:colcon.colcon_core.verb:set package 'tiago_controller_configuration' build argument 'catkin_cmake_args' from command line to 'None'
[0.352s] Level 5:colcon.colcon_core.verb:set package 'tiago_controller_configuration' build argument 'catkin_skip_building_tests' from command line to 'False'
[0.352s] DEBUG:colcon.colcon_core.verb:Building package 'tiago_controller_configuration' with the following arguments: {'ament_cmake_args': None, 'build_base': '/Bt/build/tiago_controller_configuration', 'catkin_cmake_args': None, 'catkin_skip_building_tests': False, 'cmake_args': None, 'cmake_clean_cache': False, 'cmake_clean_first': False, 'cmake_force_configure': False, 'cmake_target': None, 'cmake_target_skip_unavailable': False, 'install_base': '/Bt/install/tiago_controller_configuration', 'merge_install': False, 'path': '/Bt/ThirdParty/tiago_robot/tiago_controller_configuration', 'symlink_install': False, 'test_result_base': None}
[0.352s] Level 5:colcon.colcon_core.verb:set package 'tiago_description' build argument 'cmake_args' from command line to 'None'
[0.352s] Level 5:colcon.colcon_core.verb:set package 'tiago_description' build argument 'cmake_target' from command line to 'None'
[0.352s] Level 5:colcon.colcon_core.verb:set package 'tiago_description' build argument 'cmake_target_skip_unavailable' from command line to 'False'
[0.352s] Level 5:colcon.colcon_core.verb:set package 'tiago_description' build argument 'cmake_clean_cache' from command line to 'False'
[0.352s] Level 5:colcon.colcon_core.verb:set package 'tiago_description' build argument 'cmake_clean_first' from command line to 'False'
[0.352s] Level 5:colcon.colcon_core.verb:set package 'tiago_description' build argument 'cmake_force_configure' from command line to 'False'
[0.352s] Level 5:colcon.colcon_core.verb:set package 'tiago_description' build argument 'ament_cmake_args' from command line to 'None'
[0.352s] Level 5:colcon.colcon_core.verb:set package 'tiago_description' build argument 'catkin_cmake_args' from command line to 'None'
[0.352s] Level 5:colcon.colcon_core.verb:set package 'tiago_description' build argument 'catkin_skip_building_tests' from command line to 'False'
[0.352s] DEBUG:colcon.colcon_core.verb:Building package 'tiago_description' with the following arguments: {'ament_cmake_args': None, 'build_base': '/Bt/build/tiago_description', 'catkin_cmake_args': None, 'catkin_skip_building_tests': False, 'cmake_args': None, 'cmake_clean_cache': False, 'cmake_clean_first': False, 'cmake_force_configure': False, 'cmake_target': None, 'cmake_target_skip_unavailable': False, 'install_base': '/Bt/install/tiago_description', 'merge_install': False, 'path': '/Bt/ThirdParty/tiago_robot/tiago_description', 'symlink_install': False, 'test_result_base': None}
[0.352s] Level 5:colcon.colcon_core.verb:set package 'yolo_bringup' build argument 'cmake_args' from command line to 'None'
[0.353s] Level 5:colcon.colcon_core.verb:set package 'yolo_bringup' build argument 'cmake_target' from command line to 'None'
[0.353s] Level 5:colcon.colcon_core.verb:set package 'yolo_bringup' build argument 'cmake_target_skip_unavailable' from command line to 'False'
[0.353s] Level 5:colcon.colcon_core.verb:set package 'yolo_bringup' build argument 'cmake_clean_cache' from command line to 'False'
[0.353s] Level 5:colcon.colcon_core.verb:set package 'yolo_bringup' build argument 'cmake_clean_first' from command line to 'False'
[0.353s] Level 5:colcon.colcon_core.verb:set package 'yolo_bringup' build argument 'cmake_force_configure' from command line to 'False'
[0.353s] Level 5:colcon.colcon_core.verb:set package 'yolo_bringup' build argument 'ament_cmake_args' from command line to 'None'
[0.353s] Level 5:colcon.colcon_core.verb:set package 'yolo_bringup' build argument 'catkin_cmake_args' from command line to 'None'
[0.353s] Level 5:colcon.colcon_core.verb:set package 'yolo_bringup' build argument 'catkin_skip_building_tests' from command line to 'False'
[0.353s] DEBUG:colcon.colcon_core.verb:Building package 'yolo_bringup' with the following arguments: {'ament_cmake_args': None, 'build_base': '/Bt/build/yolo_bringup', 'catkin_cmake_args': None, 'catkin_skip_building_tests': False, 'cmake_args': None, 'cmake_clean_cache': False, 'cmake_clean_first': False, 'cmake_force_configure': False, 'cmake_target': None, 'cmake_target_skip_unavailable': False, 'install_base': '/Bt/install/yolo_bringup', 'merge_install': False, 'path': '/Bt/ThirdParty/yolo_ros/yolo_bringup', 'symlink_install': False, 'test_result_base': None}
[0.353s] Level 5:colcon.colcon_core.verb:set package 'grab2_bt_grabber' build argument 'cmake_args' from command line to 'None'
[0.353s] Level 5:colcon.colcon_core.verb:set package 'grab2_bt_grabber' build argument 'cmake_target' from command line to 'None'
[0.353s] Level 5:colcon.colcon_core.verb:set package 'grab2_bt_grabber' build argument 'cmake_target_skip_unavailable' from command line to 'False'
[0.353s] Level 5:colcon.colcon_core.verb:set package 'grab2_bt_grabber' build argument 'cmake_clean_cache' from command line to 'False'
[0.353s] Level 5:colcon.colcon_core.verb:set package 'grab2_bt_grabber' build argument 'cmake_clean_first' from command line to 'False'
[0.353s] Level 5:colcon.colcon_core.verb:set package 'grab2_bt_grabber' build argument 'cmake_force_configure' from command line to 'False'
[0.353s] Level 5:colcon.colcon_core.verb:set package 'grab2_bt_grabber' build argument 'ament_cmake_args' from command line to 'None'
[0.353s] Level 5:colcon.colcon_core.verb:set package 'grab2_bt_grabber' build argument 'catkin_cmake_args' from command line to 'None'
[0.353s] Level 5:colcon.colcon_core.verb:set package 'grab2_bt_grabber' build argument 'catkin_skip_building_tests' from command line to 'False'
[0.353s] DEBUG:colcon.colcon_core.verb:Building package 'grab2_bt_grabber' with the following arguments: {'ament_cmake_args': None, 'build_base': '/Bt/build/grab2_bt_grabber', 'catkin_cmake_args': None, 'catkin_skip_building_tests': False, 'cmake_args': None, 'cmake_clean_cache': False, 'cmake_clean_first': False, 'cmake_force_configure': False, 'cmake_target': None, 'cmake_target_skip_unavailable': False, 'install_base': '/Bt/install/grab2_bt_grabber', 'merge_install': False, 'path': '/Bt/ThirdParty/grab2/grab2_bt_grabber', 'symlink_install': False, 'test_result_base': None}
[0.353s] Level 5:colcon.colcon_core.verb:set package 'grab2_grasp_generator' build argument 'cmake_args' from command line to 'None'
[0.353s] Level 5:colcon.colcon_core.verb:set package 'grab2_grasp_generator' build argument 'cmake_target' from command line to 'None'
[0.353s] Level 5:colcon.colcon_core.verb:set package 'grab2_grasp_generator' build argument 'cmake_target_skip_unavailable' from command line to 'False'
[0.353s] Level 5:colcon.colcon_core.verb:set package 'grab2_grasp_generator' build argument 'cmake_clean_cache' from command line to 'False'
[0.354s] Level 5:colcon.colcon_core.verb:set package 'grab2_grasp_generator' build argument 'cmake_clean_first' from command line to 'False'
[0.354s] Level 5:colcon.colcon_core.verb:set package 'grab2_grasp_generator' build argument 'cmake_force_configure' from command line to 'False'
[0.354s] Level 5:colcon.colcon_core.verb:set package 'grab2_grasp_generator' build argument 'ament_cmake_args' from command line to 'None'
[0.354s] Level 5:colcon.colcon_core.verb:set package 'grab2_grasp_generator' build argument 'catkin_cmake_args' from command line to 'None'
[0.354s] Level 5:colcon.colcon_core.verb:set package 'grab2_grasp_generator' build argument 'catkin_skip_building_tests' from command line to 'False'
[0.354s] DEBUG:colcon.colcon_core.verb:Building package 'grab2_grasp_generator' with the following arguments: {'ament_cmake_args': None, 'build_base': '/Bt/build/grab2_grasp_generator', 'catkin_cmake_args': None, 'catkin_skip_building_tests': False, 'cmake_args': None, 'cmake_clean_cache': False, 'cmake_clean_first': False, 'cmake_force_configure': False, 'cmake_target': None, 'cmake_target_skip_unavailable': False, 'install_base': '/Bt/install/grab2_grasp_generator', 'merge_install': False, 'path': '/Bt/ThirdParty/grab2/grab2_grasp_generator', 'symlink_install': False, 'test_result_base': None}
[0.354s] Level 5:colcon.colcon_core.verb:set package 'grab2_planner' build argument 'cmake_args' from command line to 'None'
[0.354s] Level 5:colcon.colcon_core.verb:set package 'grab2_planner' build argument 'cmake_target' from command line to 'None'
[0.354s] Level 5:colcon.colcon_core.verb:set package 'grab2_planner' build argument 'cmake_target_skip_unavailable' from command line to 'False'
[0.354s] Level 5:colcon.colcon_core.verb:set package 'grab2_planner' build argument 'cmake_clean_cache' from command line to 'False'
[0.354s] Level 5:colcon.colcon_core.verb:set package 'grab2_planner' build argument 'cmake_clean_first' from command line to 'False'
[0.354s] Level 5:colcon.colcon_core.verb:set package 'grab2_planner' build argument 'cmake_force_configure' from command line to 'False'
[0.354s] Level 5:colcon.colcon_core.verb:set package 'grab2_planner' build argument 'ament_cmake_args' from command line to 'None'
[0.354s] Level 5:colcon.colcon_core.verb:set package 'grab2_planner' build argument 'catkin_cmake_args' from command line to 'None'
[0.354s] Level 5:colcon.colcon_core.verb:set package 'grab2_planner' build argument 'catkin_skip_building_tests' from command line to 'False'
[0.354s] DEBUG:colcon.colcon_core.verb:Building package 'grab2_planner' with the following arguments: {'ament_cmake_args': None, 'build_base': '/Bt/build/grab2_planner', 'catkin_cmake_args': None, 'catkin_skip_building_tests': False, 'cmake_args': None, 'cmake_clean_cache': False, 'cmake_clean_first': False, 'cmake_force_configure': False, 'cmake_target': None, 'cmake_target_skip_unavailable': False, 'install_base': '/Bt/install/grab2_planner', 'merge_install': False, 'path': '/Bt/ThirdParty/grab2/grab2_planner', 'symlink_install': False, 'test_result_base': None}
[0.354s] Level 5:colcon.colcon_core.verb:set package 'omni_base_robot' build argument 'cmake_args' from command line to 'None'
[0.354s] Level 5:colcon.colcon_core.verb:set package 'omni_base_robot' build argument 'cmake_target' from command line to 'None'
[0.354s] Level 5:colcon.colcon_core.verb:set package 'omni_base_robot' build argument 'cmake_target_skip_unavailable' from command line to 'False'
[0.354s] Level 5:colcon.colcon_core.verb:set package 'omni_base_robot' build argument 'cmake_clean_cache' from command line to 'False'
[0.354s] Level 5:colcon.colcon_core.verb:set package 'omni_base_robot' build argument 'cmake_clean_first' from command line to 'False'
[0.354s] Level 5:colcon.colcon_core.verb:set package 'omni_base_robot' build argument 'cmake_force_configure' from command line to 'False'
[0.354s] Level 5:colcon.colcon_core.verb:set package 'omni_base_robot' build argument 'ament_cmake_args' from command line to 'None'
[0.354s] Level 5:colcon.colcon_core.verb:set package 'omni_base_robot' build argument 'catkin_cmake_args' from command line to 'None'
[0.355s] Level 5:colcon.colcon_core.verb:set package 'omni_base_robot' build argument 'catkin_skip_building_tests' from command line to 'False'
[0.355s] DEBUG:colcon.colcon_core.verb:Building package 'omni_base_robot' with the following arguments: {'ament_cmake_args': None, 'build_base': '/Bt/build/omni_base_robot', 'catkin_cmake_args': None, 'catkin_skip_building_tests': False, 'cmake_args': None, 'cmake_clean_cache': False, 'cmake_clean_first': False, 'cmake_force_configure': False, 'cmake_target': None, 'cmake_target_skip_unavailable': False, 'install_base': '/Bt/install/omni_base_robot', 'merge_install': False, 'path': '/Bt/ThirdParty/tiago_omni_base/omni_base_robot', 'symlink_install': False, 'test_result_base': None}
[0.355s] Level 5:colcon.colcon_core.verb:set package 'pmb2_robot' build argument 'cmake_args' from command line to 'None'
[0.355s] Level 5:colcon.colcon_core.verb:set package 'pmb2_robot' build argument 'cmake_target' from command line to 'None'
[0.355s] Level 5:colcon.colcon_core.verb:set package 'pmb2_robot' build argument 'cmake_target_skip_unavailable' from command line to 'False'
[0.355s] Level 5:colcon.colcon_core.verb:set package 'pmb2_robot' build argument 'cmake_clean_cache' from command line to 'False'
[0.355s] Level 5:colcon.colcon_core.verb:set package 'pmb2_robot' build argument 'cmake_clean_first' from command line to 'False'
[0.355s] Level 5:colcon.colcon_core.verb:set package 'pmb2_robot' build argument 'cmake_force_configure' from command line to 'False'
[0.355s] Level 5:colcon.colcon_core.verb:set package 'pmb2_robot' build argument 'ament_cmake_args' from command line to 'None'
[0.355s] Level 5:colcon.colcon_core.verb:set package 'pmb2_robot' build argument 'catkin_cmake_args' from command line to 'None'
[0.355s] Level 5:colcon.colcon_core.verb:set package 'pmb2_robot' build argument 'catkin_skip_building_tests' from command line to 'False'
[0.355s] DEBUG:colcon.colcon_core.verb:Building package 'pmb2_robot' with the following arguments: {'ament_cmake_args': None, 'build_base': '/Bt/build/pmb2_robot', 'catkin_cmake_args': None, 'catkin_skip_building_tests': False, 'cmake_args': None, 'cmake_clean_cache': False, 'cmake_clean_first': False, 'cmake_force_configure': False, 'cmake_target': None, 'cmake_target_skip_unavailable': False, 'install_base': '/Bt/install/pmb2_robot', 'merge_install': False, 'path': '/Bt/ThirdParty/pmb2_robot/pmb2_robot', 'symlink_install': False, 'test_result_base': None}
[0.355s] Level 5:colcon.colcon_core.verb:set package 'tiago_2dnav' build argument 'cmake_args' from command line to 'None'
[0.355s] Level 5:colcon.colcon_core.verb:set package 'tiago_2dnav' build argument 'cmake_target' from command line to 'None'
[0.355s] Level 5:colcon.colcon_core.verb:set package 'tiago_2dnav' build argument 'cmake_target_skip_unavailable' from command line to 'False'
[0.355s] Level 5:colcon.colcon_core.verb:set package 'tiago_2dnav' build argument 'cmake_clean_cache' from command line to 'False'
[0.355s] Level 5:colcon.colcon_core.verb:set package 'tiago_2dnav' build argument 'cmake_clean_first' from command line to 'False'
[0.355s] Level 5:colcon.colcon_core.verb:set package 'tiago_2dnav' build argument 'cmake_force_configure' from command line to 'False'
[0.355s] Level 5:colcon.colcon_core.verb:set package 'tiago_2dnav' build argument 'ament_cmake_args' from command line to 'None'
[0.355s] Level 5:colcon.colcon_core.verb:set package 'tiago_2dnav' build argument 'catkin_cmake_args' from command line to 'None'
[0.355s] Level 5:colcon.colcon_core.verb:set package 'tiago_2dnav' build argument 'catkin_skip_building_tests' from command line to 'False'
[0.355s] DEBUG:colcon.colcon_core.verb:Building package 'tiago_2dnav' with the following arguments: {'ament_cmake_args': None, 'build_base': '/Bt/build/tiago_2dnav', 'catkin_cmake_args': None, 'catkin_skip_building_tests': False, 'cmake_args': None, 'cmake_clean_cache': False, 'cmake_clean_first': False, 'cmake_force_configure': False, 'cmake_target': None, 'cmake_target_skip_unavailable': False, 'install_base': '/Bt/install/tiago_2dnav', 'merge_install': False, 'path': '/Bt/ThirdParty/tiago_navigation/tiago_2dnav', 'symlink_install': False, 'test_result_base': None}
[0.356s] Level 5:colcon.colcon_core.verb:set package 'tiago_bringup' build argument 'cmake_args' from command line to 'None'
[0.356s] Level 5:colcon.colcon_core.verb:set package 'tiago_bringup' build argument 'cmake_target' from command line to 'None'
[0.356s] Level 5:colcon.colcon_core.verb:set package 'tiago_bringup' build argument 'cmake_target_skip_unavailable' from command line to 'False'
[0.356s] Level 5:colcon.colcon_core.verb:set package 'tiago_bringup' build argument 'cmake_clean_cache' from command line to 'False'
[0.356s] Level 5:colcon.colcon_core.verb:set package 'tiago_bringup' build argument 'cmake_clean_first' from command line to 'False'
[0.356s] Level 5:colcon.colcon_core.verb:set package 'tiago_bringup' build argument 'cmake_force_configure' from command line to 'False'
[0.356s] Level 5:colcon.colcon_core.verb:set package 'tiago_bringup' build argument 'ament_cmake_args' from command line to 'None'
[0.356s] Level 5:colcon.colcon_core.verb:set package 'tiago_bringup' build argument 'catkin_cmake_args' from command line to 'None'
[0.356s] Level 5:colcon.colcon_core.verb:set package 'tiago_bringup' build argument 'catkin_skip_building_tests' from command line to 'False'
[0.356s] DEBUG:colcon.colcon_core.verb:Building package 'tiago_bringup' with the following arguments: {'ament_cmake_args': None, 'build_base': '/Bt/build/tiago_bringup', 'catkin_cmake_args': None, 'catkin_skip_building_tests': False, 'cmake_args': None, 'cmake_clean_cache': False, 'cmake_clean_first': False, 'cmake_force_configure': False, 'cmake_target': None, 'cmake_target_skip_unavailable': False, 'install_base': '/Bt/install/tiago_bringup', 'merge_install': False, 'path': '/Bt/ThirdParty/tiago_robot/tiago_bringup', 'symlink_install': False, 'test_result_base': None}
[0.356s] Level 5:colcon.colcon_core.verb:set package 'tiago_moveit_config' build argument 'cmake_args' from command line to 'None'
[0.356s] Level 5:colcon.colcon_core.verb:set package 'tiago_moveit_config' build argument 'cmake_target' from command line to 'None'
[0.356s] Level 5:colcon.colcon_core.verb:set package 'tiago_moveit_config' build argument 'cmake_target_skip_unavailable' from command line to 'False'
[0.356s] Level 5:colcon.colcon_core.verb:set package 'tiago_moveit_config' build argument 'cmake_clean_cache' from command line to 'False'
[0.356s] Level 5:colcon.colcon_core.verb:set package 'tiago_moveit_config' build argument 'cmake_clean_first' from command line to 'False'
[0.356s] Level 5:colcon.colcon_core.verb:set package 'tiago_moveit_config' build argument 'cmake_force_configure' from command line to 'False'
[0.356s] Level 5:colcon.colcon_core.verb:set package 'tiago_moveit_config' build argument 'ament_cmake_args' from command line to 'None'
[0.356s] Level 5:colcon.colcon_core.verb:set package 'tiago_moveit_config' build argument 'catkin_cmake_args' from command line to 'None'
[0.356s] Level 5:colcon.colcon_core.verb:set package 'tiago_moveit_config' build argument 'catkin_skip_building_tests' from command line to 'False'
[0.356s] DEBUG:colcon.colcon_core.verb:Building package 'tiago_moveit_config' with the following arguments: {'ament_cmake_args': None, 'build_base': '/Bt/build/tiago_moveit_config', 'catkin_cmake_args': None, 'catkin_skip_building_tests': False, 'cmake_args': None, 'cmake_clean_cache': False, 'cmake_clean_first': False, 'cmake_force_configure': False, 'cmake_target': None, 'cmake_target_skip_unavailable': False, 'install_base': '/Bt/install/tiago_moveit_config', 'merge_install': False, 'path': '/Bt/ThirdParty/tiago_moveit_config', 'symlink_install': False, 'test_result_base': None}
[0.357s] Level 5:colcon.colcon_core.verb:set package 'tiago_gazebo' build argument 'cmake_args' from command line to 'None'
[0.357s] Level 5:colcon.colcon_core.verb:set package 'tiago_gazebo' build argument 'cmake_target' from command line to 'None'
[0.357s] Level 5:colcon.colcon_core.verb:set package 'tiago_gazebo' build argument 'cmake_target_skip_unavailable' from command line to 'False'
[0.357s] Level 5:colcon.colcon_core.verb:set package 'tiago_gazebo' build argument 'cmake_clean_cache' from command line to 'False'
[0.357s] Level 5:colcon.colcon_core.verb:set package 'tiago_gazebo' build argument 'cmake_clean_first' from command line to 'False'
[0.357s] Level 5:colcon.colcon_core.verb:set package 'tiago_gazebo' build argument 'cmake_force_configure' from command line to 'False'
[0.357s] Level 5:colcon.colcon_core.verb:set package 'tiago_gazebo' build argument 'ament_cmake_args' from command line to 'None'
[0.357s] Level 5:colcon.colcon_core.verb:set package 'tiago_gazebo' build argument 'catkin_cmake_args' from command line to 'None'
[0.357s] Level 5:colcon.colcon_core.verb:set package 'tiago_gazebo' build argument 'catkin_skip_building_tests' from command line to 'False'
[0.357s] DEBUG:colcon.colcon_core.verb:Building package 'tiago_gazebo' with the following arguments: {'ament_cmake_args': None, 'build_base': '/Bt/build/tiago_gazebo', 'catkin_cmake_args': None, 'catkin_skip_building_tests': False, 'cmake_args': None, 'cmake_clean_cache': False, 'cmake_clean_first': False, 'cmake_force_configure': False, 'cmake_target': None, 'cmake_target_skip_unavailable': False, 'install_base': '/Bt/install/tiago_gazebo', 'merge_install': False, 'path': '/Bt/ThirdParty/tiago_simulation/tiago_gazebo', 'symlink_install': False, 'test_result_base': None}
[0.357s] Level 5:colcon.colcon_core.verb:set package 'tiago_grab' build argument 'cmake_args' from command line to 'None'
[0.357s] Level 5:colcon.colcon_core.verb:set package 'tiago_grab' build argument 'cmake_target' from command line to 'None'
[0.357s] Level 5:colcon.colcon_core.verb:set package 'tiago_grab' build argument 'cmake_target_skip_unavailable' from command line to 'False'
[0.357s] Level 5:colcon.colcon_core.verb:set package 'tiago_grab' build argument 'cmake_clean_cache' from command line to 'False'
[0.357s] Level 5:colcon.colcon_core.verb:set package 'tiago_grab' build argument 'cmake_clean_first' from command line to 'False'
[0.357s] Level 5:colcon.colcon_core.verb:set package 'tiago_grab' build argument 'cmake_force_configure' from command line to 'False'
[0.357s] Level 5:colcon.colcon_core.verb:set package 'tiago_grab' build argument 'ament_cmake_args' from command line to 'None'
[0.357s] Level 5:colcon.colcon_core.verb:set package 'tiago_grab' build argument 'catkin_cmake_args' from command line to 'None'
[0.357s] Level 5:colcon.colcon_core.verb:set package 'tiago_grab' build argument 'catkin_skip_building_tests' from command line to 'False'
[0.357s] DEBUG:colcon.colcon_core.verb:Building package 'tiago_grab' with the following arguments: {'ament_cmake_args': None, 'build_base': '/Bt/build/tiago_grab', 'catkin_cmake_args': None, 'catkin_skip_building_tests': False, 'cmake_args': None, 'cmake_clean_cache': False, 'cmake_clean_first': False, 'cmake_force_configure': False, 'cmake_target': None, 'cmake_target_skip_unavailable': False, 'install_base': '/Bt/install/tiago_grab', 'merge_install': False, 'path': '/Bt/tiago_grab', 'symlink_install': False, 'test_result_base': None}
[0.358s] Level 5:colcon.colcon_core.verb:set package 'tiago_navigation' build argument 'cmake_args' from command line to 'None'
[0.358s] Level 5:colcon.colcon_core.verb:set package 'tiago_navigation' build argument 'cmake_target' from command line to 'None'
[0.358s] Level 5:colcon.colcon_core.verb:set package 'tiago_navigation' build argument 'cmake_target_skip_unavailable' from command line to 'False'
[0.358s] Level 5:colcon.colcon_core.verb:set package 'tiago_navigation' build argument 'cmake_clean_cache' from command line to 'False'
[0.358s] Level 5:colcon.colcon_core.verb:set package 'tiago_navigation' build argument 'cmake_clean_first' from command line to 'False'
[0.358s] Level 5:colcon.colcon_core.verb:set package 'tiago_navigation' build argument 'cmake_force_configure' from command line to 'False'
[0.358s] Level 5:colcon.colcon_core.verb:set package 'tiago_navigation' build argument 'ament_cmake_args' from command line to 'None'
[0.358s] Level 5:colcon.colcon_core.verb:set package 'tiago_navigation' build argument 'catkin_cmake_args' from command line to 'None'
[0.358s] Level 5:colcon.colcon_core.verb:set package 'tiago_navigation' build argument 'catkin_skip_building_tests' from command line to 'False'
[0.358s] DEBUG:colcon.colcon_core.verb:Building package 'tiago_navigation' with the following arguments: {'ament_cmake_args': None, 'build_base': '/Bt/build/tiago_navigation', 'catkin_cmake_args': None, 'catkin_skip_building_tests': False, 'cmake_args': None, 'cmake_clean_cache': False, 'cmake_clean_first': False, 'cmake_force_configure': False, 'cmake_target': None, 'cmake_target_skip_unavailable': False, 'install_base': '/Bt/install/tiago_navigation', 'merge_install': False, 'path': '/Bt/ThirdParty/tiago_navigation/tiago_navigation', 'symlink_install': False, 'test_result_base': None}
[0.358s] Level 5:colcon.colcon_core.verb:set package 'tiago_robot' build argument 'cmake_args' from command line to 'None'
[0.358s] Level 5:colcon.colcon_core.verb:set package 'tiago_robot' build argument 'cmake_target' from command line to 'None'
[0.358s] Level 5:colcon.colcon_core.verb:set package 'tiago_robot' build argument 'cmake_target_skip_unavailable' from command line to 'False'
[0.358s] Level 5:colcon.colcon_core.verb:set package 'tiago_robot' build argument 'cmake_clean_cache' from command line to 'False'
[0.358s] Level 5:colcon.colcon_core.verb:set package 'tiago_robot' build argument 'cmake_clean_first' from command line to 'False'
[0.358s] Level 5:colcon.colcon_core.verb:set package 'tiago_robot' build argument 'cmake_force_configure' from command line to 'False'
[0.358s] Level 5:colcon.colcon_core.verb:set package 'tiago_robot' build argument 'ament_cmake_args' from command line to 'None'
[0.358s] Level 5:colcon.colcon_core.verb:set package 'tiago_robot' build argument 'catkin_cmake_args' from command line to 'None'
[0.358s] Level 5:colcon.colcon_core.verb:set package 'tiago_robot' build argument 'catkin_skip_building_tests' from command line to 'False'
[0.358s] DEBUG:colcon.colcon_core.verb:Building package 'tiago_robot' with the following arguments: {'ament_cmake_args': None, 'build_base': '/Bt/build/tiago_robot', 'catkin_cmake_args': None, 'catkin_skip_building_tests': False, 'cmake_args': None, 'cmake_clean_cache': False, 'cmake_clean_first': False, 'cmake_force_configure': False, 'cmake_target': None, 'cmake_target_skip_unavailable': False, 'install_base': '/Bt/install/tiago_robot', 'merge_install': False, 'path': '/Bt/ThirdParty/tiago_robot/tiago_robot', 'symlink_install': False, 'test_result_base': None}
[0.359s] Level 5:colcon.colcon_core.verb:set package 'tiago_demos' build argument 'cmake_args' from command line to 'None'
[0.359s] Level 5:colcon.colcon_core.verb:set package 'tiago_demos' build argument 'cmake_target' from command line to 'None'
[0.359s] Level 5:colcon.colcon_core.verb:set package 'tiago_demos' build argument 'cmake_target_skip_unavailable' from command line to 'False'
[0.359s] Level 5:colcon.colcon_core.verb:set package 'tiago_demos' build argument 'cmake_clean_cache' from command line to 'False'
[0.359s] Level 5:colcon.colcon_core.verb:set package 'tiago_demos' build argument 'cmake_clean_first' from command line to 'False'
[0.359s] Level 5:colcon.colcon_core.verb:set package 'tiago_demos' build argument 'cmake_force_configure' from command line to 'False'
[0.359s] Level 5:colcon.colcon_core.verb:set package 'tiago_demos' build argument 'ament_cmake_args' from command line to 'None'
[0.359s] Level 5:colcon.colcon_core.verb:set package 'tiago_demos' build argument 'catkin_cmake_args' from command line to 'None'
[0.359s] Level 5:colcon.colcon_core.verb:set package 'tiago_demos' build argument 'catkin_skip_building_tests' from command line to 'False'
[0.359s] DEBUG:colcon.colcon_core.verb:Building package 'tiago_demos' with the following arguments: {'ament_cmake_args': None, 'build_base': '/Bt/build/tiago_demos', 'catkin_cmake_args': None, 'catkin_skip_building_tests': False, 'cmake_args': None, 'cmake_clean_cache': False, 'cmake_clean_first': False, 'cmake_force_configure': False, 'cmake_target': None, 'cmake_target_skip_unavailable': False, 'install_base': '/Bt/install/tiago_demos', 'merge_install': False, 'path': '/Bt/tiago_demos', 'symlink_install': False, 'test_result_base': None}
[0.359s] Level 5:colcon.colcon_core.verb:set package 'tiago_simulation' build argument 'cmake_args' from command line to 'None'
[0.359s] Level 5:colcon.colcon_core.verb:set package 'tiago_simulation' build argument 'cmake_target' from command line to 'None'
[0.359s] Level 5:colcon.colcon_core.verb:set package 'tiago_simulation' build argument 'cmake_target_skip_unavailable' from command line to 'False'
[0.359s] Level 5:colcon.colcon_core.verb:set package 'tiago_simulation' build argument 'cmake_clean_cache' from command line to 'False'
[0.359s] Level 5:colcon.colcon_core.verb:set package 'tiago_simulation' build argument 'cmake_clean_first' from command line to 'False'
[0.359s] Level 5:colcon.colcon_core.verb:set package 'tiago_simulation' build argument 'cmake_force_configure' from command line to 'False'
[0.359s] Level 5:colcon.colcon_core.verb:set package 'tiago_simulation' build argument 'ament_cmake_args' from command line to 'None'
[0.359s] Level 5:colcon.colcon_core.verb:set package 'tiago_simulation' build argument 'catkin_cmake_args' from command line to 'None'
[0.359s] Level 5:colcon.colcon_core.verb:set package 'tiago_simulation' build argument 'catkin_skip_building_tests' from command line to 'False'
[0.359s] DEBUG:colcon.colcon_core.verb:Building package 'tiago_simulation' with the following arguments: {'ament_cmake_args': None, 'build_base': '/Bt/build/tiago_simulation', 'catkin_cmake_args': None, 'catkin_skip_building_tests': False, 'cmake_args': None, 'cmake_clean_cache': False, 'cmake_clean_first': False, 'cmake_force_configure': False, 'cmake_target': None, 'cmake_target_skip_unavailable': False, 'install_base': '/Bt/install/tiago_simulation', 'merge_install': False, 'path': '/Bt/ThirdParty/tiago_simulation/tiago_simulation', 'symlink_install': False, 'test_result_base': None}
[0.359s] INFO:colcon.colcon_core.executor:Executing jobs using 'parallel' executor
[0.360s] DEBUG:colcon.colcon_parallel_executor.executor.parallel:run_until_complete
[0.361s] INFO:colcon.colcon_ros.task.ament_python.build:Building ROS package in '/Bt/ThirdParty/launch_pal' with build type 'ament_python'
[0.361s] Level 1:colcon.colcon_core.shell:create_environment_hook('launch_pal', 'ament_prefix_path')
[0.364s] INFO:colcon.colcon_core.plugin_system:Skipping extension 'colcon_core.shell.bat': Not used on non-Windows systems
[0.364s] INFO:colcon.colcon_core.shell:Creating environment hook '/Bt/install/launch_pal/share/launch_pal/hook/ament_prefix_path.ps1'
[0.365s] INFO:colcon.colcon_core.shell:Creating environment descriptor '/Bt/install/launch_pal/share/launch_pal/hook/ament_prefix_path.dsv'
[0.366s] INFO:colcon.colcon_core.shell:Creating environment hook '/Bt/install/launch_pal/share/launch_pal/hook/ament_prefix_path.sh'
[0.366s] INFO:colcon.colcon_core.shell:Skip shell extension 'powershell' for command environment: Not usable outside of PowerShell
[0.366s] DEBUG:colcon.colcon_core.shell:Skip shell extension 'dsv' for command environment
[0.371s] INFO:colcon.colcon_ros.task.ament_cmake.build:Building ROS package in '/Bt/ThirdParty/pal_urdf_utils' with build type 'ament_cmake'
[0.371s] INFO:colcon.colcon_cmake.task.cmake.build:Building CMake package in '/Bt/ThirdParty/pal_urdf_utils'
[0.371s] INFO:colcon.colcon_core.shell:Skip shell extension 'powershell' for command environment: Not usable outside of PowerShell
[0.372s] DEBUG:colcon.colcon_core.shell:Skip shell extension 'dsv' for command environment
[0.375s] INFO:colcon.colcon_ros.task.ament_cmake.build:Building ROS package in '/Bt/ThirdParty/BehaviorTree.ROS2/btcpp_ros2_interfaces' with build type 'ament_cmake'
[0.375s] INFO:colcon.colcon_cmake.task.cmake.build:Building CMake package in '/Bt/ThirdParty/BehaviorTree.ROS2/btcpp_ros2_interfaces'
[0.376s] INFO:colcon.colcon_core.shell:Skip shell extension 'powershell' for command environment: Not usable outside of PowerShell
[0.376s] DEBUG:colcon.colcon_core.shell:Skip shell extension 'dsv' for command environment
[0.379s] INFO:colcon.colcon_ros.task.ament_cmake.build:Building ROS package in '/Bt/ThirdParty/pal_robotiq_gripper/pal_robotiq_description' with build type 'ament_cmake'
[0.379s] INFO:colcon.colcon_cmake.task.cmake.build:Building CMake package in '/Bt/ThirdParty/pal_robotiq_gripper/pal_robotiq_description'
[0.380s] INFO:colcon.colcon_core.shell:Skip shell extension 'powershell' for command environment: Not usable outside of PowerShell
[0.380s] DEBUG:colcon.colcon_core.shell:Skip shell extension 'dsv' for command environment
[0.383s] INFO:colcon.colcon_ros.task.ament_cmake.build:Building ROS package in '/Bt/ThirdParty/tiago_omni_base/omni_base_controller_configuration' with build type 'ament_cmake'
[0.383s] INFO:colcon.colcon_cmake.task.cmake.build:Building CMake package in '/Bt/ThirdParty/tiago_omni_base/omni_base_controller_configuration'
[0.384s] INFO:colcon.colcon_core.shell:Skip shell extension 'powershell' for command environment: Not usable outside of PowerShell
[0.384s] DEBUG:colcon.colcon_core.shell:Skip shell extension 'dsv' for command environment
[0.387s] INFO:colcon.colcon_ros.task.ament_cmake.build:Building ROS package in '/Bt/ThirdParty/pal_gripper/pal_gripper_controller_configuration' with build type 'ament_cmake'
[0.387s] INFO:colcon.colcon_cmake.task.cmake.build:Building CMake package in '/Bt/ThirdParty/pal_gripper/pal_gripper_controller_configuration'
[0.387s] INFO:colcon.colcon_core.shell:Skip shell extension 'powershell' for command environment: Not usable outside of PowerShell
[0.388s] DEBUG:colcon.colcon_core.shell:Skip shell extension 'dsv' for command environment
[0.391s] INFO:colcon.colcon_ros.task.ament_cmake.build:Building ROS package in '/Bt/ThirdParty/pal_hey5/pal_hey5_controller_configuration' with build type 'ament_cmake'
[0.391s] INFO:colcon.colcon_cmake.task.cmake.build:Building CMake package in '/Bt/ThirdParty/pal_hey5/pal_hey5_controller_configuration'
[0.392s] INFO:colcon.colcon_core.shell:Skip shell extension 'powershell' for command environment: Not usable outside of PowerShell
[0.392s] DEBUG:colcon.colcon_core.shell:Skip shell extension 'dsv' for command environment
[0.395s] INFO:colcon.colcon_ros.task.ament_cmake.build:Building ROS package in '/Bt/ThirdParty/pal_maps' with build type 'ament_cmake'
[0.395s] INFO:colcon.colcon_cmake.task.cmake.build:Building CMake package in '/Bt/ThirdParty/pal_maps'
[0.396s] INFO:colcon.colcon_core.shell:Skip shell extension 'powershell' for command environment: Not usable outside of PowerShell
[0.396s] DEBUG:colcon.colcon_core.shell:Skip shell extension 'dsv' for command environment
[0.623s] INFO:colcon.colcon_core.task.python.build:Building Python package in '/Bt/ThirdParty/launch_pal'
[0.623s] INFO:colcon.colcon_core.shell:Skip shell extension 'powershell' for command environment: Not usable outside of PowerShell
[0.623s] DEBUG:colcon.colcon_core.shell:Skip shell extension 'dsv' for command environment
[0.630s] DEBUG:colcon.colcon_core.event_handler.log_command:Invoking command in '/Bt/build/pal_urdf_utils': CMAKE_PREFIX_PATH=${CMAKE_PREFIX_PATH}:/opt/ros/jazzy /usr/bin/cmake --build /Bt/build/pal_urdf_utils -- -j8 -l8
[0.632s] DEBUG:colcon.colcon_core.event_handler.log_command:Invoking command in '/Bt/build/btcpp_ros2_interfaces': CMAKE_PREFIX_PATH=${CMAKE_PREFIX_PATH}:/opt/ros/jazzy /usr/bin/cmake --build /Bt/build/btcpp_ros2_interfaces -- -j8 -l8
[0.634s] DEBUG:colcon.colcon_core.event_handler.log_command:Invoking command in '/Bt/build/pal_robotiq_description': CMAKE_PREFIX_PATH=${CMAKE_PREFIX_PATH}:/opt/ros/jazzy /usr/bin/cmake --build /Bt/build/pal_robotiq_description -- -j8 -l8
[0.636s] DEBUG:colcon.colcon_core.event_handler.log_command:Invoking command in '/Bt/build/omni_base_controller_configuration': CMAKE_PREFIX_PATH=${CMAKE_PREFIX_PATH}:/opt/ros/jazzy /usr/bin/cmake --build /Bt/build/omni_base_controller_configuration -- -j8 -l8
[0.638s] DEBUG:colcon.colcon_core.event_handler.log_command:Invoking command in '/Bt/build/pal_gripper_controller_configuration': CMAKE_PREFIX_PATH=${CMAKE_PREFIX_PATH}:/opt/ros/jazzy /usr/bin/cmake --build /Bt/build/pal_gripper_controller_configuration -- -j8 -l8
[0.641s] DEBUG:colcon.colcon_core.event_handler.log_command:Invoking command in '/Bt/build/pal_hey5_controller_configuration': CMAKE_PREFIX_PATH=${CMAKE_PREFIX_PATH}:/opt/ros/jazzy /usr/bin/cmake --build /Bt/build/pal_hey5_controller_configuration -- -j8 -l8
[0.646s] DEBUG:colcon.colcon_core.event_handler.log_command:Invoking command in '/Bt/build/pal_maps': CMAKE_PREFIX_PATH=${CMAKE_PREFIX_PATH}:/opt/ros/jazzy /usr/bin/cmake --build /Bt/build/pal_maps -- -j8 -l8
[0.691s] DEBUG:colcon.colcon_core.event_handler.log_command:Invoked command in '/Bt/build/pal_urdf_utils' returned '0': CMAKE_PREFIX_PATH=${CMAKE_PREFIX_PATH}:/opt/ros/jazzy /usr/bin/cmake --build /Bt/build/pal_urdf_utils -- -j8 -l8
[0.706s] DEBUG:colcon.colcon_core.event_handler.log_command:Invoking command in '/Bt/build/pal_urdf_utils': CMAKE_PREFIX_PATH=${CMAKE_PREFIX_PATH}:/opt/ros/jazzy /usr/bin/cmake --install /Bt/build/pal_urdf_utils
[0.708s] DEBUG:colcon.colcon_core.event_handler.log_command:Invoked command in '/Bt/build/pal_gripper_controller_configuration' returned '0': CMAKE_PREFIX_PATH=${CMAKE_PREFIX_PATH}:/opt/ros/jazzy /usr/bin/cmake --build /Bt/build/pal_gripper_controller_configuration -- -j8 -l8
[0.709s] DEBUG:colcon.colcon_core.event_handler.log_command:Invoking command in '/Bt/build/pal_gripper_controller_configuration': CMAKE_PREFIX_PATH=${CMAKE_PREFIX_PATH}:/opt/ros/jazzy /usr/bin/cmake --install /Bt/build/pal_gripper_controller_configuration
[0.709s] DEBUG:colcon.colcon_core.event_handler.log_command:Invoked command in '/Bt/build/omni_base_controller_configuration' returned '0': CMAKE_PREFIX_PATH=${CMAKE_PREFIX_PATH}:/opt/ros/jazzy /usr/bin/cmake --build /Bt/build/omni_base_controller_configuration -- -j8 -l8
[0.711s] DEBUG:colcon.colcon_core.event_handler.log_command:Invoking command in '/Bt/build/omni_base_controller_configuration': CMAKE_PREFIX_PATH=${CMAKE_PREFIX_PATH}:/opt/ros/jazzy /usr/bin/cmake --install /Bt/build/omni_base_controller_configuration
[0.713s] DEBUG:colcon.colcon_core.event_handler.log_command:Invoked command in '/Bt/build/pal_hey5_controller_configuration' returned '0': CMAKE_PREFIX_PATH=${CMAKE_PREFIX_PATH}:/opt/ros/jazzy /usr/bin/cmake --build /Bt/build/pal_hey5_controller_configuration -- -j8 -l8
[0.714s] DEBUG:colcon.colcon_core.event_handler.log_command:Invoking command in '/Bt/build/pal_hey5_controller_configuration': CMAKE_PREFIX_PATH=${CMAKE_PREFIX_PATH}:/opt/ros/jazzy /usr/bin/cmake --install /Bt/build/pal_hey5_controller_configuration
[0.718s] DEBUG:colcon.colcon_core.event_handler.log_command:Invoked command in '/Bt/build/pal_robotiq_description' returned '0': CMAKE_PREFIX_PATH=${CMAKE_PREFIX_PATH}:/opt/ros/jazzy /usr/bin/cmake --build /Bt/build/pal_robotiq_description -- -j8 -l8
[0.719s] DEBUG:colcon.colcon_core.event_handler.log_command:Invoking command in '/Bt/build/pal_robotiq_description': CMAKE_PREFIX_PATH=${CMAKE_PREFIX_PATH}:/opt/ros/jazzy /usr/bin/cmake --install /Bt/build/pal_robotiq_description
[0.733s] Level 1:colcon.colcon_core.environment:create_environment_scripts_only(pal_gripper_controller_configuration)
[0.733s] DEBUG:colcon.colcon_core.event_handler.log_command:Invoked command in '/Bt/build/pal_maps' returned '0': CMAKE_PREFIX_PATH=${CMAKE_PREFIX_PATH}:/opt/ros/jazzy /usr/bin/cmake --build /Bt/build/pal_maps -- -j8 -l8
[0.735s] DEBUG:colcon.colcon_core.event_handler.log_command:Invoking command in '/Bt/build/pal_maps': CMAKE_PREFIX_PATH=${CMAKE_PREFIX_PATH}:/opt/ros/jazzy /usr/bin/cmake --install /Bt/build/pal_maps
[0.745s] DEBUG:colcon.colcon_core.event_handler.log_command:Invoked command in '/Bt/build/pal_gripper_controller_configuration' returned '0': CMAKE_PREFIX_PATH=${CMAKE_PREFIX_PATH}:/opt/ros/jazzy /usr/bin/cmake --install /Bt/build/pal_gripper_controller_configuration
[0.755s] Level 1:colcon.colcon_core.environment:checking '/Bt/install/pal_gripper_controller_configuration' for CMake module files
[0.756s] Level 1:colcon.colcon_core.environment:checking '/Bt/install/pal_gripper_controller_configuration' for CMake config files
[0.756s] Level 1:colcon.colcon_core.shell:create_environment_hook('pal_gripper_controller_configuration', 'cmake_prefix_path')
[0.756s] INFO:colcon.colcon_core.shell:Creating environment hook '/Bt/install/pal_gripper_controller_configuration/share/pal_gripper_controller_configuration/hook/cmake_prefix_path.ps1'
[0.757s] INFO:colcon.colcon_core.shell:Creating environment descriptor '/Bt/install/pal_gripper_controller_configuration/share/pal_gripper_controller_configuration/hook/cmake_prefix_path.dsv'
[0.757s] INFO:colcon.colcon_core.shell:Creating environment hook '/Bt/install/pal_gripper_controller_configuration/share/pal_gripper_controller_configuration/hook/cmake_prefix_path.sh'
[0.766s] Level 1:colcon.colcon_core.environment:checking '/Bt/install/pal_gripper_controller_configuration/bin'
[0.766s] Level 1:colcon.colcon_core.environment:checking '/Bt/install/pal_gripper_controller_configuration/lib/pkgconfig/pal_gripper_controller_configuration.pc'
[0.766s] Level 1:colcon.colcon_core.environment:checking '/Bt/install/pal_gripper_controller_configuration/lib/python3.12/site-packages'
[0.767s] Level 1:colcon.colcon_core.environment:checking '/Bt/install/pal_gripper_controller_configuration/bin'
[0.767s] INFO:colcon.colcon_core.shell:Creating package script '/Bt/install/pal_gripper_controller_configuration/share/pal_gripper_controller_configuration/package.ps1'
[0.768s] INFO:colcon.colcon_core.shell:Creating package descriptor '/Bt/install/pal_gripper_controller_configuration/share/pal_gripper_controller_configuration/package.dsv'
[0.773s] INFO:colcon.colcon_core.shell:Creating package script '/Bt/install/pal_gripper_controller_configuration/share/pal_gripper_controller_configuration/package.sh'
[0.774s] INFO:colcon.colcon_core.shell:Creating package script '/Bt/install/pal_gripper_controller_configuration/share/pal_gripper_controller_configuration/package.bash'
[0.775s] INFO:colcon.colcon_core.shell:Creating package script '/Bt/install/pal_gripper_controller_configuration/share/pal_gripper_controller_configuration/package.zsh'
[0.776s] Level 1:colcon.colcon_core.environment:create_file_with_runtime_dependencies(/Bt/install/pal_gripper_controller_configuration/share/colcon-core/packages/pal_gripper_controller_configuration)
[0.777s] Level 1:colcon.colcon_core.environment:create_environment_scripts_only(pal_gripper_controller_configuration)
[0.777s] Level 1:colcon.colcon_core.environment:checking '/Bt/install/pal_gripper_controller_configuration' for CMake module files
[0.778s] Level 1:colcon.colcon_core.environment:checking '/Bt/install/pal_gripper_controller_configuration' for CMake config files
[0.778s] Level 1:colcon.colcon_core.shell:create_environment_hook('pal_gripper_controller_configuration', 'cmake_prefix_path')
[0.778s] INFO:colcon.colcon_core.shell:Creating environment hook '/Bt/install/pal_gripper_controller_configuration/share/pal_gripper_controller_configuration/hook/cmake_prefix_path.ps1'
[0.779s] INFO:colcon.colcon_core.shell:Creating environment descriptor '/Bt/install/pal_gripper_controller_configuration/share/pal_gripper_controller_configuration/hook/cmake_prefix_path.dsv'
[0.780s] INFO:colcon.colcon_core.shell:Creating environment hook '/Bt/install/pal_gripper_controller_configuration/share/pal_gripper_controller_configuration/hook/cmake_prefix_path.sh'
[0.780s] Level 1:colcon.colcon_core.environment:checking '/Bt/install/pal_gripper_controller_configuration/bin'
[0.780s] Level 1:colcon.colcon_core.environment:checking '/Bt/install/pal_gripper_controller_configuration/lib/pkgconfig/pal_gripper_controller_configuration.pc'
[0.781s] Level 1:colcon.colcon_core.environment:checking '/Bt/install/pal_gripper_controller_configuration/lib/python3.12/site-packages'
[0.781s] Level 1:colcon.colcon_core.environment:checking '/Bt/install/pal_gripper_controller_configuration/bin'
[0.782s] INFO:colcon.colcon_core.shell:Creating package script '/Bt/install/pal_gripper_controller_configuration/share/pal_gripper_controller_configuration/package.ps1'
[0.783s] INFO:colcon.colcon_core.shell:Creating package descriptor '/Bt/install/pal_gripper_controller_configuration/share/pal_gripper_controller_configuration/package.dsv'
[0.785s] INFO:colcon.colcon_core.shell:Creating package script '/Bt/install/pal_gripper_controller_configuration/share/pal_gripper_controller_configuration/package.sh'
[0.788s] INFO:colcon.colcon_core.shell:Creating package script '/Bt/install/pal_gripper_controller_configuration/share/pal_gripper_controller_configuration/package.bash'
[0.789s] INFO:colcon.colcon_core.shell:Creating package script '/Bt/install/pal_gripper_controller_configuration/share/pal_gripper_controller_configuration/package.zsh'
[0.790s] Level 1:colcon.colcon_core.environment:create_file_with_runtime_dependencies(/Bt/install/pal_gripper_controller_configuration/share/colcon-core/packages/pal_gripper_controller_configuration)
[0.790s] Level 1:colcon.colcon_core.environment:create_environment_scripts_only(omni_base_controller_configuration)
[0.790s] Level 1:colcon.colcon_core.environment:checking '/Bt/install/omni_base_controller_configuration' for CMake module files
[0.792s] DEBUG:colcon.colcon_core.event_handler.log_command:Invoked command in '/Bt/build/omni_base_controller_configuration' returned '0': CMAKE_PREFIX_PATH=${CMAKE_PREFIX_PATH}:/opt/ros/jazzy /usr/bin/cmake --install /Bt/build/omni_base_controller_configuration
[0.792s] Level 1:colcon.colcon_core.environment:checking '/Bt/install/omni_base_controller_configuration' for CMake config files
[0.792s] Level 1:colcon.colcon_core.shell:create_environment_hook('omni_base_controller_configuration', 'cmake_prefix_path')
[0.792s] INFO:colcon.colcon_core.shell:Creating environment hook '/Bt/install/omni_base_controller_configuration/share/omni_base_controller_configuration/hook/cmake_prefix_path.ps1'
[0.793s] INFO:colcon.colcon_core.shell:Creating environment descriptor '/Bt/install/omni_base_controller_configuration/share/omni_base_controller_configuration/hook/cmake_prefix_path.dsv'
[0.793s] INFO:colcon.colcon_core.shell:Creating environment hook '/Bt/install/omni_base_controller_configuration/share/omni_base_controller_configuration/hook/cmake_prefix_path.sh'
[0.794s] Level 1:colcon.colcon_core.environment:checking '/Bt/install/omni_base_controller_configuration/bin'
[0.794s] Level 1:colcon.colcon_core.environment:checking '/Bt/install/omni_base_controller_configuration/lib/pkgconfig/omni_base_controller_configuration.pc'
[0.794s] Level 1:colcon.colcon_core.environment:checking '/Bt/install/omni_base_controller_configuration/lib/python3.12/site-packages'
[0.794s] Level 1:colcon.colcon_core.environment:checking '/Bt/install/omni_base_controller_configuration/bin'
[0.795s] INFO:colcon.colcon_core.shell:Creating package script '/Bt/install/omni_base_controller_configuration/share/omni_base_controller_configuration/package.ps1'
[0.795s] INFO:colcon.colcon_core.shell:Creating package descriptor '/Bt/install/omni_base_controller_configuration/share/omni_base_controller_configuration/package.dsv'
[0.796s] INFO:colcon.colcon_core.shell:Creating package script '/Bt/install/omni_base_controller_configuration/share/omni_base_controller_configuration/package.sh'
[0.797s] INFO:colcon.colcon_core.shell:Creating package script '/Bt/install/omni_base_controller_configuration/share/omni_base_controller_configuration/package.bash'
[0.797s] INFO:colcon.colcon_core.shell:Creating package script '/Bt/install/omni_base_controller_configuration/share/omni_base_controller_configuration/package.zsh'
[0.797s] Level 1:colcon.colcon_core.environment:create_file_with_runtime_dependencies(/Bt/install/omni_base_controller_configuration/share/colcon-core/packages/omni_base_controller_configuration)
[0.798s] Level 1:colcon.colcon_core.environment:create_environment_scripts_only(omni_base_controller_configuration)
[0.798s] Level 1:colcon.colcon_core.environment:checking '/Bt/install/omni_base_controller_configuration' for CMake module files
[0.799s] Level 1:colcon.colcon_core.environment:checking '/Bt/install/omni_base_controller_configuration' for CMake config files
[0.799s] Level 1:colcon.colcon_core.shell:create_environment_hook('omni_base_controller_configuration', 'cmake_prefix_path')
[0.799s] INFO:colcon.colcon_core.shell:Creating environment hook '/Bt/install/omni_base_controller_configuration/share/omni_base_controller_configuration/hook/cmake_prefix_path.ps1'
[0.800s] INFO:colcon.colcon_core.shell:Creating environment descriptor '/Bt/install/omni_base_controller_configuration/share/omni_base_controller_configuration/hook/cmake_prefix_path.dsv'
[0.800s] INFO:colcon.colcon_core.shell:Creating environment hook '/Bt/install/omni_base_controller_configuration/share/omni_base_controller_configuration/hook/cmake_prefix_path.sh'
[0.800s] Level 1:colcon.colcon_core.environment:checking '/Bt/install/omni_base_controller_configuration/bin'
[0.800s] Level 1:colcon.colcon_core.environment:checking '/Bt/install/omni_base_controller_configuration/lib/pkgconfig/omni_base_controller_configuration.pc'
[0.801s] Level 1:colcon.colcon_core.environment:checking '/Bt/install/omni_base_controller_configuration/lib/python3.12/site-packages'
[0.801s] Level 1:colcon.colcon_core.environment:checking '/Bt/install/omni_base_controller_configuration/bin'
[0.801s] INFO:colcon.colcon_core.shell:Creating package script '/Bt/install/omni_base_controller_configuration/share/omni_base_controller_configuration/package.ps1'
[0.802s] INFO:colcon.colcon_core.shell:Creating package descriptor '/Bt/install/omni_base_controller_configuration/share/omni_base_controller_configuration/package.dsv'
[0.802s] INFO:colcon.colcon_core.shell:Creating package script '/Bt/install/omni_base_controller_configuration/share/omni_base_controller_configuration/package.sh'
[0.803s] INFO:colcon.colcon_core.shell:Creating package script '/Bt/install/omni_base_controller_configuration/share/omni_base_controller_configuration/package.bash'
[0.803s] INFO:colcon.colcon_core.shell:Creating package script '/Bt/install/omni_base_controller_configuration/share/omni_base_controller_configuration/package.zsh'
[0.803s] Level 1:colcon.colcon_core.environment:create_file_with_runtime_dependencies(/Bt/install/omni_base_controller_configuration/share/colcon-core/packages/omni_base_controller_configuration)
[0.804s] Level 1:colcon.colcon_core.environment:create_environment_scripts_only(pal_urdf_utils)
[0.804s] Level 1:colcon.colcon_core.environment:checking '/Bt/install/pal_urdf_utils' for CMake module files
[0.805s] DEBUG:colcon.colcon_core.event_handler.log_command:Invoked command in '/Bt/build/pal_urdf_utils' returned '0': CMAKE_PREFIX_PATH=${CMAKE_PREFIX_PATH}:/opt/ros/jazzy /usr/bin/cmake --install /Bt/build/pal_urdf_utils
[0.805s] Level 1:colcon.colcon_core.environment:checking '/Bt/install/pal_urdf_utils' for CMake config files
[0.805s] Level 1:colcon.colcon_core.shell:create_environment_hook('pal_urdf_utils', 'cmake_prefix_path')
[0.806s] INFO:colcon.colcon_core.shell:Creating environment hook '/Bt/install/pal_urdf_utils/share/pal_urdf_utils/hook/cmake_prefix_path.ps1'
[0.806s] INFO:colcon.colcon_core.shell:Creating environment descriptor '/Bt/install/pal_urdf_utils/share/pal_urdf_utils/hook/cmake_prefix_path.dsv'
[0.806s] INFO:colcon.colcon_core.shell:Creating environment hook '/Bt/install/pal_urdf_utils/share/pal_urdf_utils/hook/cmake_prefix_path.sh'
[0.807s] Level 1:colcon.colcon_core.environment:checking '/Bt/install/pal_urdf_utils/bin'
[0.807s] Level 1:colcon.colcon_core.environment:checking '/Bt/install/pal_urdf_utils/lib/pkgconfig/pal_urdf_utils.pc'
[0.807s] Level 1:colcon.colcon_core.environment:checking '/Bt/install/pal_urdf_utils/lib/python3.12/site-packages'
[0.808s] Level 1:colcon.colcon_core.environment:checking '/Bt/install/pal_urdf_utils/bin'
[0.808s] INFO:colcon.colcon_core.shell:Creating package script '/Bt/install/pal_urdf_utils/share/pal_urdf_utils/package.ps1'
[0.808s] INFO:colcon.colcon_core.shell:Creating package descriptor '/Bt/install/pal_urdf_utils/share/pal_urdf_utils/package.dsv'
[0.809s] INFO:colcon.colcon_core.shell:Creating package script '/Bt/install/pal_urdf_utils/share/pal_urdf_utils/package.sh'
[0.809s] INFO:colcon.colcon_core.shell:Creating package script '/Bt/install/pal_urdf_utils/share/pal_urdf_utils/package.bash'
[0.809s] INFO:colcon.colcon_core.shell:Creating package script '/Bt/install/pal_urdf_utils/share/pal_urdf_utils/package.zsh'
[0.810s] Level 1:colcon.colcon_core.environment:create_file_with_runtime_dependencies(/Bt/install/pal_urdf_utils/share/colcon-core/packages/pal_urdf_utils)
[0.810s] Level 1:colcon.colcon_core.environment:create_environment_scripts_only(pal_urdf_utils)
[0.810s] Level 1:colcon.colcon_core.environment:checking '/Bt/install/pal_urdf_utils' for CMake module files
[0.811s] Level 1:colcon.colcon_core.environment:checking '/Bt/install/pal_urdf_utils' for CMake config files
[0.811s] Level 1:colcon.colcon_core.shell:create_environment_hook('pal_urdf_utils', 'cmake_prefix_path')
[0.811s] INFO:colcon.colcon_core.shell:Creating environment hook '/Bt/install/pal_urdf_utils/share/pal_urdf_utils/hook/cmake_prefix_path.ps1'
[0.811s] INFO:colcon.colcon_core.shell:Creating environment descriptor '/Bt/install/pal_urdf_utils/share/pal_urdf_utils/hook/cmake_prefix_path.dsv'
[0.812s] INFO:colcon.colcon_core.shell:Creating environment hook '/Bt/install/pal_urdf_utils/share/pal_urdf_utils/hook/cmake_prefix_path.sh'
[0.812s] Level 1:colcon.colcon_core.environment:checking '/Bt/install/pal_urdf_utils/bin'
[0.812s] Level 1:colcon.colcon_core.environment:checking '/Bt/install/pal_urdf_utils/lib/pkgconfig/pal_urdf_utils.pc'
[0.813s] Level 1:colcon.colcon_core.environment:checking '/Bt/install/pal_urdf_utils/lib/python3.12/site-packages'
[0.813s] Level 1:colcon.colcon_core.environment:checking '/Bt/install/pal_urdf_utils/bin'
[0.813s] INFO:colcon.colcon_core.shell:Creating package script '/Bt/install/pal_urdf_utils/share/pal_urdf_utils/package.ps1'
[0.814s] INFO:colcon.colcon_core.shell:Creating package descriptor '/Bt/install/pal_urdf_utils/share/pal_urdf_utils/package.dsv'
[0.814s] INFO:colcon.colcon_core.shell:Creating package script '/Bt/install/pal_urdf_utils/share/pal_urdf_utils/package.sh'
[0.815s] INFO:colcon.colcon_core.shell:Creating package script '/Bt/install/pal_urdf_utils/share/pal_urdf_utils/package.bash'
[0.815s] INFO:colcon.colcon_core.shell:Creating package script '/Bt/install/pal_urdf_utils/share/pal_urdf_utils/package.zsh'
[0.815s] Level 1:colcon.colcon_core.environment:create_file_with_runtime_dependencies(/Bt/install/pal_urdf_utils/share/colcon-core/packages/pal_urdf_utils)
[0.816s] INFO:colcon.colcon_ros.task.ament_cmake.build:Building ROS package in '/Bt/ThirdParty/pal_gripper/pal_gripper_description' with build type 'ament_cmake'
[0.816s] INFO:colcon.colcon_cmake.task.cmake.build:Building CMake package in '/Bt/ThirdParty/pal_gripper/pal_gripper_description'
[0.817s] INFO:colcon.colcon_core.shell:Skip shell extension 'powershell' for command environment: Not usable outside of PowerShell
[0.817s] DEBUG:colcon.colcon_core.shell:Skip shell extension 'dsv' for command environment
[0.821s] INFO:colcon.colcon_ros.task.ament_cmake.build:Building ROS package in '/Bt/ThirdParty/pal_hey5/pal_hey5_description' with build type 'ament_cmake'
[0.821s] INFO:colcon.colcon_cmake.task.cmake.build:Building CMake package in '/Bt/ThirdParty/pal_hey5/pal_hey5_description'
[0.821s] INFO:colcon.colcon_core.shell:Skip shell extension 'powershell' for command environment: Not usable outside of PowerShell
[0.821s] DEBUG:colcon.colcon_core.shell:Skip shell extension 'dsv' for command environment
[0.827s] INFO:colcon.colcon_ros.task.ament_cmake.build:Building ROS package in '/Bt/ThirdParty/pal_robotiq_gripper/pal_robotiq_controller_configuration' with build type 'ament_cmake'
[0.827s] INFO:colcon.colcon_cmake.task.cmake.build:Building CMake package in '/Bt/ThirdParty/pal_robotiq_gripper/pal_robotiq_controller_configuration'
[0.827s] INFO:colcon.colcon_core.shell:Skip shell extension 'powershell' for command environment: Not usable outside of PowerShell
[0.827s] DEBUG:colcon.colcon_core.shell:Skip shell extension 'dsv' for command environment
[0.832s] Level 1:colcon.colcon_core.environment:create_environment_scripts_only(pal_hey5_controller_configuration)
[0.833s] Level 1:colcon.colcon_core.environment:checking '/Bt/install/pal_hey5_controller_configuration' for CMake module files
[0.833s] DEBUG:colcon.colcon_core.event_handler.log_command:Invoked command in '/Bt/build/pal_hey5_controller_configuration' returned '0': CMAKE_PREFIX_PATH=${CMAKE_PREFIX_PATH}:/opt/ros/jazzy /usr/bin/cmake --install /Bt/build/pal_hey5_controller_configuration
[0.834s] Level 1:colcon.colcon_core.environment:checking '/Bt/install/pal_hey5_controller_configuration' for CMake config files
[0.834s] Level 1:colcon.colcon_core.shell:create_environment_hook('pal_hey5_controller_configuration', 'cmake_prefix_path')
[0.834s] INFO:colcon.colcon_core.shell:Creating environment hook '/Bt/install/pal_hey5_controller_configuration/share/pal_hey5_controller_configuration/hook/cmake_prefix_path.ps1'
[0.835s] INFO:colcon.colcon_core.shell:Creating environment descriptor '/Bt/install/pal_hey5_controller_configuration/share/pal_hey5_controller_configuration/hook/cmake_prefix_path.dsv'
[0.835s] INFO:colcon.colcon_core.shell:Creating environment hook '/Bt/install/pal_hey5_controller_configuration/share/pal_hey5_controller_configuration/hook/cmake_prefix_path.sh'
[0.836s] Level 1:colcon.colcon_core.environment:checking '/Bt/install/pal_hey5_controller_configuration/bin'
[0.836s] Level 1:colcon.colcon_core.environment:checking '/Bt/install/pal_hey5_controller_configuration/lib/pkgconfig/pal_hey5_controller_configuration.pc'
[0.836s] Level 1:colcon.colcon_core.environment:checking '/Bt/install/pal_hey5_controller_configuration/lib/python3.12/site-packages'
[0.836s] Level 1:colcon.colcon_core.environment:checking '/Bt/install/pal_hey5_controller_configuration/bin'
[0.837s] INFO:colcon.colcon_core.shell:Creating package script '/Bt/install/pal_hey5_controller_configuration/share/pal_hey5_controller_configuration/package.ps1'
[0.837s] INFO:colcon.colcon_core.shell:Creating package descriptor '/Bt/install/pal_hey5_controller_configuration/share/pal_hey5_controller_configuration/package.dsv'
[0.837s] INFO:colcon.colcon_core.shell:Creating package script '/Bt/install/pal_hey5_controller_configuration/share/pal_hey5_controller_configuration/package.sh'
[0.838s] INFO:colcon.colcon_core.shell:Creating package script '/Bt/install/pal_hey5_controller_configuration/share/pal_hey5_controller_configuration/package.bash'
[0.838s] INFO:colcon.colcon_core.shell:Creating package script '/Bt/install/pal_hey5_controller_configuration/share/pal_hey5_controller_configuration/package.zsh'
[0.838s] Level 1:colcon.colcon_core.environment:create_file_with_runtime_dependencies(/Bt/install/pal_hey5_controller_configuration/share/colcon-core/packages/pal_hey5_controller_configuration)
[0.839s] Level 1:colcon.colcon_core.environment:create_environment_scripts_only(pal_hey5_controller_configuration)
[0.839s] Level 1:colcon.colcon_core.environment:checking '/Bt/install/pal_hey5_controller_configuration' for CMake module files
[0.839s] Level 1:colcon.colcon_core.environment:checking '/Bt/install/pal_hey5_controller_configuration' for CMake config files
[0.840s] Level 1:colcon.colcon_core.shell:create_environment_hook('pal_hey5_controller_configuration', 'cmake_prefix_path')
[0.840s] INFO:colcon.colcon_core.shell:Creating environment hook '/Bt/install/pal_hey5_controller_configuration/share/pal_hey5_controller_configuration/hook/cmake_prefix_path.ps1'
[0.840s] INFO:colcon.colcon_core.shell:Creating environment descriptor '/Bt/install/pal_hey5_controller_configuration/share/pal_hey5_controller_configuration/hook/cmake_prefix_path.dsv'
[0.841s] INFO:colcon.colcon_core.shell:Creating environment hook '/Bt/install/pal_hey5_controller_configuration/share/pal_hey5_controller_configuration/hook/cmake_prefix_path.sh'
[0.841s] Level 1:colcon.colcon_core.environment:checking '/Bt/install/pal_hey5_controller_configuration/bin'
[0.841s] Level 1:colcon.colcon_core.environment:checking '/Bt/install/pal_hey5_controller_configuration/lib/pkgconfig/pal_hey5_controller_configuration.pc'
[0.841s] Level 1:colcon.colcon_core.environment:checking '/Bt/install/pal_hey5_controller_configuration/lib/python3.12/site-packages'
[0.842s] Level 1:colcon.colcon_core.environment:checking '/Bt/install/pal_hey5_controller_configuration/bin'
[0.842s] INFO:colcon.colcon_core.shell:Creating package script '/Bt/install/pal_hey5_controller_configuration/share/pal_hey5_controller_configuration/package.ps1'
[0.843s] INFO:colcon.colcon_core.shell:Creating package descriptor '/Bt/install/pal_hey5_controller_configuration/share/pal_hey5_controller_configuration/package.dsv'
[0.843s] INFO:colcon.colcon_core.shell:Creating package script '/Bt/install/pal_hey5_controller_configuration/share/pal_hey5_controller_configuration/package.sh'
[0.844s] INFO:colcon.colcon_core.shell:Creating package script '/Bt/install/pal_hey5_controller_configuration/share/pal_hey5_controller_configuration/package.bash'
[0.844s] INFO:colcon.colcon_core.shell:Creating package script '/Bt/install/pal_hey5_controller_configuration/share/pal_hey5_controller_configuration/package.zsh'
[0.845s] Level 1:colcon.colcon_core.environment:create_file_with_runtime_dependencies(/Bt/install/pal_hey5_controller_configuration/share/colcon-core/packages/pal_hey5_controller_configuration)
[0.846s] INFO:colcon.colcon_ros.task.ament_cmake.build:Building ROS package in '/Bt/ThirdParty/play_motion2/play_motion2_msgs' with build type 'ament_cmake'
[0.846s] INFO:colcon.colcon_cmake.task.cmake.build:Building CMake package in '/Bt/ThirdParty/play_motion2/play_motion2_msgs'
[0.846s] INFO:colcon.colcon_core.shell:Skip shell extension 'powershell' for command environment: Not usable outside of PowerShell
[0.847s] DEBUG:colcon.colcon_core.shell:Skip shell extension 'dsv' for command environment
[0.853s] Level 1:colcon.colcon_core.environment:create_environment_scripts_only(pal_maps)
[0.853s] Level 1:colcon.colcon_core.environment:checking '/Bt/install/pal_maps' for CMake module files
[0.854s] DEBUG:colcon.colcon_core.event_handler.log_command:Invoked command in '/Bt/build/pal_maps' returned '0': CMAKE_PREFIX_PATH=${CMAKE_PREFIX_PATH}:/opt/ros/jazzy /usr/bin/cmake --install /Bt/build/pal_maps
[0.855s] Level 1:colcon.colcon_core.environment:checking '/Bt/install/pal_maps' for CMake config files
[0.855s] Level 1:colcon.colcon_core.shell:create_environment_hook('pal_maps', 'cmake_prefix_path')
[0.856s] INFO:colcon.colcon_core.shell:Creating environment hook '/Bt/install/pal_maps/share/pal_maps/hook/cmake_prefix_path.ps1'
[0.856s] INFO:colcon.colcon_core.shell:Creating environment descriptor '/Bt/install/pal_maps/share/pal_maps/hook/cmake_prefix_path.dsv'
[0.857s] INFO:colcon.colcon_core.shell:Creating environment hook '/Bt/install/pal_maps/share/pal_maps/hook/cmake_prefix_path.sh'
[0.857s] Level 1:colcon.colcon_core.environment:checking '/Bt/install/pal_maps/bin'
[0.858s] Level 1:colcon.colcon_core.environment:checking '/Bt/install/pal_maps/lib/pkgconfig/pal_maps.pc'
[0.858s] Level 1:colcon.colcon_core.environment:checking '/Bt/install/pal_maps/lib/python3.12/site-packages'
[0.859s] Level 1:colcon.colcon_core.environment:checking '/Bt/install/pal_maps/bin'
[0.859s] INFO:colcon.colcon_core.shell:Creating package script '/Bt/install/pal_maps/share/pal_maps/package.ps1'
[0.860s] INFO:colcon.colcon_core.shell:Creating package descriptor '/Bt/install/pal_maps/share/pal_maps/package.dsv'
[0.860s] INFO:colcon.colcon_core.shell:Creating package script '/Bt/install/pal_maps/share/pal_maps/package.sh'
[0.861s] INFO:colcon.colcon_core.shell:Creating package script '/Bt/install/pal_maps/share/pal_maps/package.bash'
[0.861s] INFO:colcon.colcon_core.shell:Creating package script '/Bt/install/pal_maps/share/pal_maps/package.zsh'
[0.862s] Level 1:colcon.colcon_core.environment:create_file_with_runtime_dependencies(/Bt/install/pal_maps/share/colcon-core/packages/pal_maps)
[0.862s] Level 1:colcon.colcon_core.environment:create_environment_scripts_only(pal_maps)
[0.863s] Level 1:colcon.colcon_core.environment:checking '/Bt/install/pal_maps' for CMake module files
[0.864s] Level 1:colcon.colcon_core.environment:checking '/Bt/install/pal_maps' for CMake config files
[0.864s] Level 1:colcon.colcon_core.shell:create_environment_hook('pal_maps', 'cmake_prefix_path')
[0.865s] INFO:colcon.colcon_core.shell:Creating environment hook '/Bt/install/pal_maps/share/pal_maps/hook/cmake_prefix_path.ps1'
[0.865s] INFO:colcon.colcon_core.shell:Creating environment descriptor '/Bt/install/pal_maps/share/pal_maps/hook/cmake_prefix_path.dsv'
[0.866s] INFO:colcon.colcon_core.shell:Creating environment hook '/Bt/install/pal_maps/share/pal_maps/hook/cmake_prefix_path.sh'
[0.867s] Level 1:colcon.colcon_core.environment:checking '/Bt/install/pal_maps/bin'
[0.867s] Level 1:colcon.colcon_core.environment:checking '/Bt/install/pal_maps/lib/pkgconfig/pal_maps.pc'
[0.867s] Level 1:colcon.colcon_core.environment:checking '/Bt/install/pal_maps/lib/python3.12/site-packages'
[0.868s] Level 1:colcon.colcon_core.environment:checking '/Bt/install/pal_maps/bin'
[0.868s] INFO:colcon.colcon_core.shell:Creating package script '/Bt/install/pal_maps/share/pal_maps/package.ps1'
[0.869s] INFO:colcon.colcon_core.shell:Creating package descriptor '/Bt/install/pal_maps/share/pal_maps/package.dsv'
[0.870s] INFO:colcon.colcon_core.shell:Creating package script '/Bt/install/pal_maps/share/pal_maps/package.sh'
[0.871s] INFO:colcon.colcon_core.shell:Creating package script '/Bt/install/pal_maps/share/pal_maps/package.bash'
[0.871s] INFO:colcon.colcon_core.shell:Creating package script '/Bt/install/pal_maps/share/pal_maps/package.zsh'
[0.872s] Level 1:colcon.colcon_core.environment:create_file_with_runtime_dependencies(/Bt/install/pal_maps/share/colcon-core/packages/pal_maps)
[0.873s] Level 1:colcon.colcon_core.environment:create_environment_scripts_only(pal_robotiq_description)
[0.873s] Level 1:colcon.colcon_core.environment:checking '/Bt/install/pal_robotiq_description' for CMake module files
[0.874s] DEBUG:colcon.colcon_core.event_handler.log_command:Invoked command in '/Bt/build/pal_robotiq_description' returned '0': CMAKE_PREFIX_PATH=${CMAKE_PREFIX_PATH}:/opt/ros/jazzy /usr/bin/cmake --install /Bt/build/pal_robotiq_description
[0.875s] Level 1:colcon.colcon_core.environment:checking '/Bt/install/pal_robotiq_description' for CMake config files
[0.875s] Level 1:colcon.colcon_core.shell:create_environment_hook('pal_robotiq_description', 'cmake_prefix_path')
[0.876s] INFO:colcon.colcon_core.shell:Creating environment hook '/Bt/install/pal_robotiq_description/share/pal_robotiq_description/hook/cmake_prefix_path.ps1'
[0.876s] INFO:colcon.colcon_core.shell:Creating environment descriptor '/Bt/install/pal_robotiq_description/share/pal_robotiq_description/hook/cmake_prefix_path.dsv'
[0.877s] INFO:colcon.colcon_core.shell:Creating environment hook '/Bt/install/pal_robotiq_description/share/pal_robotiq_description/hook/cmake_prefix_path.sh'
[0.877s] Level 1:colcon.colcon_core.environment:checking '/Bt/install/pal_robotiq_description/bin'
[0.878s] Level 1:colcon.colcon_core.environment:checking '/Bt/install/pal_robotiq_description/lib/pkgconfig/pal_robotiq_description.pc'
[0.878s] Level 1:colcon.colcon_core.environment:checking '/Bt/install/pal_robotiq_description/lib/python3.12/site-packages'
[0.878s] Level 1:colcon.colcon_core.environment:checking '/Bt/install/pal_robotiq_description/bin'
[0.879s] INFO:colcon.colcon_core.shell:Creating package script '/Bt/install/pal_robotiq_description/share/pal_robotiq_description/package.ps1'
[0.880s] INFO:colcon.colcon_core.shell:Creating package descriptor '/Bt/install/pal_robotiq_description/share/pal_robotiq_description/package.dsv'
[0.880s] INFO:colcon.colcon_core.shell:Creating package script '/Bt/install/pal_robotiq_description/share/pal_robotiq_description/package.sh'
[0.881s] INFO:colcon.colcon_core.shell:Creating package script '/Bt/install/pal_robotiq_description/share/pal_robotiq_description/package.bash'
[0.881s] INFO:colcon.colcon_core.shell:Creating package script '/Bt/install/pal_robotiq_description/share/pal_robotiq_description/package.zsh'
[0.882s] Level 1:colcon.colcon_core.environment:create_file_with_runtime_dependencies(/Bt/install/pal_robotiq_description/share/colcon-core/packages/pal_robotiq_description)
[0.882s] Level 1:colcon.colcon_core.environment:create_environment_scripts_only(pal_robotiq_description)
[0.883s] Level 1:colcon.colcon_core.environment:checking '/Bt/install/pal_robotiq_description' for CMake module files
[0.883s] Level 1:colcon.colcon_core.environment:checking '/Bt/install/pal_robotiq_description' for CMake config files
[0.884s] Level 1:colcon.colcon_core.shell:create_environment_hook('pal_robotiq_description', 'cmake_prefix_path')
[0.884s] INFO:colcon.colcon_core.shell:Creating environment hook '/Bt/install/pal_robotiq_description/share/pal_robotiq_description/hook/cmake_prefix_path.ps1'
[0.885s] INFO:colcon.colcon_core.shell:Creating environment descriptor '/Bt/install/pal_robotiq_description/share/pal_robotiq_description/hook/cmake_prefix_path.dsv'
[0.885s] INFO:colcon.colcon_core.shell:Creating environment hook '/Bt/install/pal_robotiq_description/share/pal_robotiq_description/hook/cmake_prefix_path.sh'
[0.886s] Level 1:colcon.colcon_core.environment:checking '/Bt/install/pal_robotiq_description/bin'
[0.886s] Level 1:colcon.colcon_core.environment:checking '/Bt/install/pal_robotiq_description/lib/pkgconfig/pal_robotiq_description.pc'
[0.887s] Level 1:colcon.colcon_core.environment:checking '/Bt/install/pal_robotiq_description/lib/python3.12/site-packages'
[0.887s] Level 1:colcon.colcon_core.environment:checking '/Bt/install/pal_robotiq_description/bin'
[0.888s] INFO:colcon.colcon_core.shell:Creating package script '/Bt/install/pal_robotiq_description/share/pal_robotiq_description/package.ps1'
[0.889s] INFO:colcon.colcon_core.shell:Creating package descriptor '/Bt/install/pal_robotiq_description/share/pal_robotiq_description/package.dsv'
[0.889s] INFO:colcon.colcon_core.shell:Creating package script '/Bt/install/pal_robotiq_description/share/pal_robotiq_description/package.sh'
[0.890s] INFO:colcon.colcon_core.shell:Creating package script '/Bt/install/pal_robotiq_description/share/pal_robotiq_description/package.bash'
[0.890s] INFO:colcon.colcon_core.shell:Creating package script '/Bt/install/pal_robotiq_description/share/pal_robotiq_description/package.zsh'
[0.891s] Level 1:colcon.colcon_core.environment:create_file_with_runtime_dependencies(/Bt/install/pal_robotiq_description/share/colcon-core/packages/pal_robotiq_description)
[0.893s] INFO:colcon.colcon_ros.task.ament_cmake.build:Building ROS package in '/Bt/ThirdParty/tiago_navigation/tiago_laser_sensors' with build type 'ament_cmake'
[0.893s] INFO:colcon.colcon_cmake.task.cmake.build:Building CMake package in '/Bt/ThirdParty/tiago_navigation/tiago_laser_sensors'
[0.893s] INFO:colcon.colcon_core.shell:Skip shell extension 'powershell' for command environment: Not usable outside of PowerShell
[0.893s] DEBUG:colcon.colcon_core.shell:Skip shell extension 'dsv' for command environment
[0.900s] INFO:colcon.colcon_ros.task.ament_cmake.build:Building ROS package in '/Bt/ThirdParty/yolo_ros/yolo_msgs' with build type 'ament_cmake'
[0.901s] INFO:colcon.colcon_cmake.task.cmake.build:Building CMake package in '/Bt/ThirdParty/yolo_ros/yolo_msgs'
[0.901s] INFO:colcon.colcon_core.shell:Skip shell extension 'powershell' for command environment: Not usable outside of PowerShell
[0.901s] DEBUG:colcon.colcon_core.shell:Skip shell extension 'dsv' for command environment
[0.910s] DEBUG:colcon.colcon_core.event_handler.log_command:Invoking command in '/Bt/build/pal_gripper_description': AMENT_PREFIX_PATH=/Bt/install/pal_urdf_utils:${AMENT_PREFIX_PATH} CMAKE_PREFIX_PATH=/Bt/install/pal_urdf_utils:/opt/ros/jazzy/opt/gz_sim_vendor:/opt/ros/jazzy/opt/gz_sensors_vendor:/opt/ros/jazzy/opt/gz_physics_vendor:/opt/ros/jazzy/opt/sdformat_vendor:/opt/ros/jazzy/opt/gz_gui_vendor:/opt/ros/jazzy/opt/gz_transport_vendor:/opt/ros/jazzy/opt/gz_rendering_vendor:/opt/ros/jazzy/opt/gz_plugin_vendor:/opt/ros/jazzy/opt/gz_fuel_tools_vendor:/opt/ros/jazzy/opt/gz_msgs_vendor:/opt/ros/jazzy/opt/gz_common_vendor:/opt/ros/jazzy/opt/gz_math_vendor:/opt/ros/jazzy/opt/gz_utils_vendor:/opt/ros/jazzy/opt/gz_tools_vendor:/opt/ros/jazzy/opt/gz_ogre_next_vendor:/opt/ros/jazzy/opt/gz_dartsim_vendor:/opt/ros/jazzy/opt/gz_cmake_vendor:/opt/ros/jazzy /usr/bin/cmake --build /Bt/build/pal_gripper_description -- -j8 -l8
[0.913s] DEBUG:colcon.colcon_core.event_handler.log_command:Invoking command in '/Bt/build/pal_hey5_description': AMENT_PREFIX_PATH=/Bt/install/pal_urdf_utils:${AMENT_PREFIX_PATH} CMAKE_PREFIX_PATH=/Bt/install/pal_urdf_utils:/opt/ros/jazzy/opt/gz_sim_vendor:/opt/ros/jazzy/opt/gz_sensors_vendor:/opt/ros/jazzy/opt/gz_physics_vendor:/opt/ros/jazzy/opt/sdformat_vendor:/opt/ros/jazzy/opt/gz_gui_vendor:/opt/ros/jazzy/opt/gz_transport_vendor:/opt/ros/jazzy/opt/gz_rendering_vendor:/opt/ros/jazzy/opt/gz_plugin_vendor:/opt/ros/jazzy/opt/gz_fuel_tools_vendor:/opt/ros/jazzy/opt/gz_msgs_vendor:/opt/ros/jazzy/opt/gz_common_vendor:/opt/ros/jazzy/opt/gz_math_vendor:/opt/ros/jazzy/opt/gz_utils_vendor:/opt/ros/jazzy/opt/gz_tools_vendor:/opt/ros/jazzy/opt/gz_ogre_next_vendor:/opt/ros/jazzy/opt/gz_dartsim_vendor:/opt/ros/jazzy/opt/gz_cmake_vendor:/opt/ros/jazzy /usr/bin/cmake --build /Bt/build/pal_hey5_description -- -j8 -l8
[0.917s] DEBUG:colcon.colcon_core.event_handler.log_command:Invoking command in '/Bt/build/pal_robotiq_controller_configuration': CMAKE_PREFIX_PATH=${CMAKE_PREFIX_PATH}:/opt/ros/jazzy /usr/bin/cmake --build /Bt/build/pal_robotiq_controller_configuration -- -j8 -l8
[0.920s] DEBUG:colcon.colcon_core.event_handler.log_command:Invoking command in '/Bt/build/play_motion2_msgs': CMAKE_PREFIX_PATH=${CMAKE_PREFIX_PATH}:/opt/ros/jazzy /usr/bin/cmake --build /Bt/build/play_motion2_msgs -- -j8 -l8
[0.928s] DEBUG:colcon.colcon_core.event_handler.log_command:Invoking command in '/Bt/build/tiago_laser_sensors': CMAKE_PREFIX_PATH=${CMAKE_PREFIX_PATH}:/opt/ros/jazzy /usr/bin/cmake --build /Bt/build/tiago_laser_sensors -- -j8 -l8
[0.930s] DEBUG:colcon.colcon_core.event_handler.log_command:Invoking command in '/Bt/build/yolo_msgs': CMAKE_PREFIX_PATH=${CMAKE_PREFIX_PATH}:/opt/ros/jazzy /usr/bin/cmake --build /Bt/build/yolo_msgs -- -j8 -l8
[0.969s] DEBUG:colcon.colcon_core.event_handler.log_command:Invoked command in '/Bt/build/pal_gripper_description' returned '0': AMENT_PREFIX_PATH=/Bt/install/pal_urdf_utils:${AMENT_PREFIX_PATH} CMAKE_PREFIX_PATH=/Bt/install/pal_urdf_utils:/opt/ros/jazzy/opt/gz_sim_vendor:/opt/ros/jazzy/opt/gz_sensors_vendor:/opt/ros/jazzy/opt/gz_physics_vendor:/opt/ros/jazzy/opt/sdformat_vendor:/opt/ros/jazzy/opt/gz_gui_vendor:/opt/ros/jazzy/opt/gz_transport_vendor:/opt/ros/jazzy/opt/gz_rendering_vendor:/opt/ros/jazzy/opt/gz_plugin_vendor:/opt/ros/jazzy/opt/gz_fuel_tools_vendor:/opt/ros/jazzy/opt/gz_msgs_vendor:/opt/ros/jazzy/opt/gz_common_vendor:/opt/ros/jazzy/opt/gz_math_vendor:/opt/ros/jazzy/opt/gz_utils_vendor:/opt/ros/jazzy/opt/gz_tools_vendor:/opt/ros/jazzy/opt/gz_ogre_next_vendor:/opt/ros/jazzy/opt/gz_dartsim_vendor:/opt/ros/jazzy/opt/gz_cmake_vendor:/opt/ros/jazzy /usr/bin/cmake --build /Bt/build/pal_gripper_description -- -j8 -l8
[0.971s] DEBUG:colcon.colcon_core.event_handler.log_command:Invoking command in '/Bt/build/pal_gripper_description': AMENT_PREFIX_PATH=/Bt/install/pal_urdf_utils:${AMENT_PREFIX_PATH} CMAKE_PREFIX_PATH=/Bt/install/pal_urdf_utils:/opt/ros/jazzy/opt/gz_sim_vendor:/opt/ros/jazzy/opt/gz_sensors_vendor:/opt/ros/jazzy/opt/gz_physics_vendor:/opt/ros/jazzy/opt/sdformat_vendor:/opt/ros/jazzy/opt/gz_gui_vendor:/opt/ros/jazzy/opt/gz_transport_vendor:/opt/ros/jazzy/opt/gz_rendering_vendor:/opt/ros/jazzy/opt/gz_plugin_vendor:/opt/ros/jazzy/opt/gz_fuel_tools_vendor:/opt/ros/jazzy/opt/gz_msgs_vendor:/opt/ros/jazzy/opt/gz_common_vendor:/opt/ros/jazzy/opt/gz_math_vendor:/opt/ros/jazzy/opt/gz_utils_vendor:/opt/ros/jazzy/opt/gz_tools_vendor:/opt/ros/jazzy/opt/gz_ogre_next_vendor:/opt/ros/jazzy/opt/gz_dartsim_vendor:/opt/ros/jazzy/opt/gz_cmake_vendor:/opt/ros/jazzy /usr/bin/cmake --install /Bt/build/pal_gripper_description
[0.977s] DEBUG:colcon.colcon_core.event_handler.log_command:Invoked command in '/Bt/build/pal_hey5_description' returned '0': AMENT_PREFIX_PATH=/Bt/install/pal_urdf_utils:${AMENT_PREFIX_PATH} CMAKE_PREFIX_PATH=/Bt/install/pal_urdf_utils:/opt/ros/jazzy/opt/gz_sim_vendor:/opt/ros/jazzy/opt/gz_sensors_vendor:/opt/ros/jazzy/opt/gz_physics_vendor:/opt/ros/jazzy/opt/sdformat_vendor:/opt/ros/jazzy/opt/gz_gui_vendor:/opt/ros/jazzy/opt/gz_transport_vendor:/opt/ros/jazzy/opt/gz_rendering_vendor:/opt/ros/jazzy/opt/gz_plugin_vendor:/opt/ros/jazzy/opt/gz_fuel_tools_vendor:/opt/ros/jazzy/opt/gz_msgs_vendor:/opt/ros/jazzy/opt/gz_common_vendor:/opt/ros/jazzy/opt/gz_math_vendor:/opt/ros/jazzy/opt/gz_utils_vendor:/opt/ros/jazzy/opt/gz_tools_vendor:/opt/ros/jazzy/opt/gz_ogre_next_vendor:/opt/ros/jazzy/opt/gz_dartsim_vendor:/opt/ros/jazzy/opt/gz_cmake_vendor:/opt/ros/jazzy /usr/bin/cmake --build /Bt/build/pal_hey5_description -- -j8 -l8
[0.977s] DEBUG:colcon.colcon_core.event_handler.log_command:Invoking command in '/Bt/build/pal_hey5_description': AMENT_PREFIX_PATH=/Bt/install/pal_urdf_utils:${AMENT_PREFIX_PATH} CMAKE_PREFIX_PATH=/Bt/install/pal_urdf_utils:/opt/ros/jazzy/opt/gz_sim_vendor:/opt/ros/jazzy/opt/gz_sensors_vendor:/opt/ros/jazzy/opt/gz_physics_vendor:/opt/ros/jazzy/opt/sdformat_vendor:/opt/ros/jazzy/opt/gz_gui_vendor:/opt/ros/jazzy/opt/gz_transport_vendor:/opt/ros/jazzy/opt/gz_rendering_vendor:/opt/ros/jazzy/opt/gz_plugin_vendor:/opt/ros/jazzy/opt/gz_fuel_tools_vendor:/opt/ros/jazzy/opt/gz_msgs_vendor:/opt/ros/jazzy/opt/gz_common_vendor:/opt/ros/jazzy/opt/gz_math_vendor:/opt/ros/jazzy/opt/gz_utils_vendor:/opt/ros/jazzy/opt/gz_tools_vendor:/opt/ros/jazzy/opt/gz_ogre_next_vendor:/opt/ros/jazzy/opt/gz_dartsim_vendor:/opt/ros/jazzy/opt/gz_cmake_vendor:/opt/ros/jazzy /usr/bin/cmake --install /Bt/build/pal_hey5_description
[0.979s] DEBUG:colcon.colcon_core.event_handler.log_command:Invoked command in '/Bt/build/pal_robotiq_controller_configuration' returned '0': CMAKE_PREFIX_PATH=${CMAKE_PREFIX_PATH}:/opt/ros/jazzy /usr/bin/cmake --build /Bt/build/pal_robotiq_controller_configuration -- -j8 -l8
[0.980s] DEBUG:colcon.colcon_core.event_handler.log_command:Invoking command in '/Bt/build/pal_robotiq_controller_configuration': CMAKE_PREFIX_PATH=${CMAKE_PREFIX_PATH}:/opt/ros/jazzy /usr/bin/cmake --install /Bt/build/pal_robotiq_controller_configuration
[0.982s] DEBUG:colcon.colcon_core.event_handler.log_command:Invoked command in '/Bt/build/tiago_laser_sensors' returned '0': CMAKE_PREFIX_PATH=${CMAKE_PREFIX_PATH}:/opt/ros/jazzy /usr/bin/cmake --build /Bt/build/tiago_laser_sensors -- -j8 -l8
[0.983s] DEBUG:colcon.colcon_core.event_handler.log_command:Invoking command in '/Bt/build/tiago_laser_sensors': CMAKE_PREFIX_PATH=${CMAKE_PREFIX_PATH}:/opt/ros/jazzy /usr/bin/cmake --install /Bt/build/tiago_laser_sensors
[1.000s] Level 1:colcon.colcon_core.environment:create_environment_scripts_only(pal_gripper_description)
[1.001s] Level 1:colcon.colcon_core.environment:checking '/Bt/install/pal_gripper_description' for CMake module files
[1.003s] Level 1:colcon.colcon_core.environment:checking '/Bt/install/pal_gripper_description' for CMake config files
[1.006s] Level 1:colcon.colcon_core.shell:create_environment_hook('pal_gripper_description', 'cmake_prefix_path')
[1.006s] INFO:colcon.colcon_core.shell:Creating environment hook '/Bt/install/pal_gripper_description/share/pal_gripper_description/hook/cmake_prefix_path.ps1'
[1.008s] INFO:colcon.colcon_core.shell:Creating environment descriptor '/Bt/install/pal_gripper_description/share/pal_gripper_description/hook/cmake_prefix_path.dsv'
[1.011s] INFO:colcon.colcon_core.shell:Creating environment hook '/Bt/install/pal_gripper_description/share/pal_gripper_description/hook/cmake_prefix_path.sh'
[1.013s] Level 1:colcon.colcon_core.environment:checking '/Bt/install/pal_gripper_description/bin'
[1.013s] Level 1:colcon.colcon_core.environment:checking '/Bt/install/pal_gripper_description/lib/pkgconfig/pal_gripper_description.pc'
[1.013s] Level 1:colcon.colcon_core.environment:checking '/Bt/install/pal_gripper_description/lib/python3.12/site-packages'
[1.014s] Level 1:colcon.colcon_core.environment:checking '/Bt/install/pal_gripper_description/bin'
[1.014s] INFO:colcon.colcon_core.shell:Creating package script '/Bt/install/pal_gripper_description/share/pal_gripper_description/package.ps1'
[1.018s] INFO:colcon.colcon_core.shell:Creating package descriptor '/Bt/install/pal_gripper_description/share/pal_gripper_description/package.dsv'
[1.018s] DEBUG:colcon.colcon_core.event_handler.log_command:Invoked command in '/Bt/build/pal_gripper_description' returned '0': AMENT_PREFIX_PATH=/Bt/install/pal_urdf_utils:${AMENT_PREFIX_PATH} CMAKE_PREFIX_PATH=/Bt/install/pal_urdf_utils:/opt/ros/jazzy/opt/gz_sim_vendor:/opt/ros/jazzy/opt/gz_sensors_vendor:/opt/ros/jazzy/opt/gz_physics_vendor:/opt/ros/jazzy/opt/sdformat_vendor:/opt/ros/jazzy/opt/gz_gui_vendor:/opt/ros/jazzy/opt/gz_transport_vendor:/opt/ros/jazzy/opt/gz_rendering_vendor:/opt/ros/jazzy/opt/gz_plugin_vendor:/opt/ros/jazzy/opt/gz_fuel_tools_vendor:/opt/ros/jazzy/opt/gz_msgs_vendor:/opt/ros/jazzy/opt/gz_common_vendor:/opt/ros/jazzy/opt/gz_math_vendor:/opt/ros/jazzy/opt/gz_utils_vendor:/opt/ros/jazzy/opt/gz_tools_vendor:/opt/ros/jazzy/opt/gz_ogre_next_vendor:/opt/ros/jazzy/opt/gz_dartsim_vendor:/opt/ros/jazzy/opt/gz_cmake_vendor:/opt/ros/jazzy /usr/bin/cmake --install /Bt/build/pal_gripper_description
[1.019s] INFO:colcon.colcon_core.shell:Creating package script '/Bt/install/pal_gripper_description/share/pal_gripper_description/package.sh'
[1.020s] INFO:colcon.colcon_core.shell:Creating package script '/Bt/install/pal_gripper_description/share/pal_gripper_description/package.bash'
[1.020s] INFO:colcon.colcon_core.shell:Creating package script '/Bt/install/pal_gripper_description/share/pal_gripper_description/package.zsh'
[1.029s] Level 1:colcon.colcon_core.environment:create_file_with_runtime_dependencies(/Bt/install/pal_gripper_description/share/colcon-core/packages/pal_gripper_description)
[1.030s] Level 1:colcon.colcon_core.environment:create_environment_scripts_only(pal_gripper_description)
[1.030s] Level 1:colcon.colcon_core.environment:checking '/Bt/install/pal_gripper_description' for CMake module files
[1.031s] Level 1:colcon.colcon_core.environment:checking '/Bt/install/pal_gripper_description' for CMake config files
[1.032s] Level 1:colcon.colcon_core.shell:create_environment_hook('pal_gripper_description', 'cmake_prefix_path')
[1.032s] INFO:colcon.colcon_core.shell:Creating environment hook '/Bt/install/pal_gripper_description/share/pal_gripper_description/hook/cmake_prefix_path.ps1'
[1.033s] INFO:colcon.colcon_core.shell:Creating environment descriptor '/Bt/install/pal_gripper_description/share/pal_gripper_description/hook/cmake_prefix_path.dsv'
[1.033s] INFO:colcon.colcon_core.shell:Creating environment hook '/Bt/install/pal_gripper_description/share/pal_gripper_description/hook/cmake_prefix_path.sh'
[1.034s] Level 1:colcon.colcon_core.environment:checking '/Bt/install/pal_gripper_description/bin'
[1.034s] Level 1:colcon.colcon_core.environment:checking '/Bt/install/pal_gripper_description/lib/pkgconfig/pal_gripper_description.pc'
[1.035s] Level 1:colcon.colcon_core.environment:checking '/Bt/install/pal_gripper_description/lib/python3.12/site-packages'
[1.035s] Level 1:colcon.colcon_core.environment:checking '/Bt/install/pal_gripper_description/bin'
[1.036s] INFO:colcon.colcon_core.shell:Creating package script '/Bt/install/pal_gripper_description/share/pal_gripper_description/package.ps1'
[1.036s] INFO:colcon.colcon_core.shell:Creating package descriptor '/Bt/install/pal_gripper_description/share/pal_gripper_description/package.dsv'
[1.037s] INFO:colcon.colcon_core.shell:Creating package script '/Bt/install/pal_gripper_description/share/pal_gripper_description/package.sh'
[1.037s] INFO:colcon.colcon_core.shell:Creating package script '/Bt/install/pal_gripper_description/share/pal_gripper_description/package.bash'
[1.038s] INFO:colcon.colcon_core.shell:Creating package script '/Bt/install/pal_gripper_description/share/pal_gripper_description/package.zsh'
[1.039s] Level 1:colcon.colcon_core.environment:create_file_with_runtime_dependencies(/Bt/install/pal_gripper_description/share/colcon-core/packages/pal_gripper_description)
[1.039s] Level 1:colcon.colcon_core.environment:create_environment_scripts_only(tiago_laser_sensors)
[1.039s] Level 1:colcon.colcon_core.environment:checking '/Bt/install/tiago_laser_sensors' for CMake module files
[1.041s] DEBUG:colcon.colcon_core.event_handler.log_command:Invoked command in '/Bt/build/tiago_laser_sensors' returned '0': CMAKE_PREFIX_PATH=${CMAKE_PREFIX_PATH}:/opt/ros/jazzy /usr/bin/cmake --install /Bt/build/tiago_laser_sensors
[1.041s] Level 1:colcon.colcon_core.environment:checking '/Bt/install/tiago_laser_sensors' for CMake config files
[1.041s] Level 1:colcon.colcon_core.shell:create_environment_hook('tiago_laser_sensors', 'cmake_prefix_path')
[1.042s] INFO:colcon.colcon_core.shell:Creating environment hook '/Bt/install/tiago_laser_sensors/share/tiago_laser_sensors/hook/cmake_prefix_path.ps1'
[1.042s] INFO:colcon.colcon_core.shell:Creating environment descriptor '/Bt/install/tiago_laser_sensors/share/tiago_laser_sensors/hook/cmake_prefix_path.dsv'
[1.043s] INFO:colcon.colcon_core.shell:Creating environment hook '/Bt/install/tiago_laser_sensors/share/tiago_laser_sensors/hook/cmake_prefix_path.sh'
[1.044s] Level 1:colcon.colcon_core.environment:checking '/Bt/install/tiago_laser_sensors/bin'
[1.044s] Level 1:colcon.colcon_core.environment:checking '/Bt/install/tiago_laser_sensors/lib/pkgconfig/tiago_laser_sensors.pc'
[1.044s] Level 1:colcon.colcon_core.environment:checking '/Bt/install/tiago_laser_sensors/lib/python3.12/site-packages'
[1.045s] Level 1:colcon.colcon_core.environment:checking '/Bt/install/tiago_laser_sensors/bin'
[1.045s] INFO:colcon.colcon_core.shell:Creating package script '/Bt/install/tiago_laser_sensors/share/tiago_laser_sensors/package.ps1'
[1.046s] INFO:colcon.colcon_core.shell:Creating package descriptor '/Bt/install/tiago_laser_sensors/share/tiago_laser_sensors/package.dsv'
[1.046s] INFO:colcon.colcon_core.shell:Creating package script '/Bt/install/tiago_laser_sensors/share/tiago_laser_sensors/package.sh'
[1.047s] INFO:colcon.colcon_core.shell:Creating package script '/Bt/install/tiago_laser_sensors/share/tiago_laser_sensors/package.bash'
[1.048s] INFO:colcon.colcon_core.shell:Creating package script '/Bt/install/tiago_laser_sensors/share/tiago_laser_sensors/package.zsh'
[1.048s] Level 1:colcon.colcon_core.environment:create_file_with_runtime_dependencies(/Bt/install/tiago_laser_sensors/share/colcon-core/packages/tiago_laser_sensors)
[1.049s] Level 1:colcon.colcon_core.environment:create_environment_scripts_only(tiago_laser_sensors)
[1.049s] Level 1:colcon.colcon_core.environment:checking '/Bt/install/tiago_laser_sensors' for CMake module files
[1.050s] Level 1:colcon.colcon_core.environment:checking '/Bt/install/tiago_laser_sensors' for CMake config files
[1.051s] Level 1:colcon.colcon_core.shell:create_environment_hook('tiago_laser_sensors', 'cmake_prefix_path')
[1.051s] INFO:colcon.colcon_core.shell:Creating environment hook '/Bt/install/tiago_laser_sensors/share/tiago_laser_sensors/hook/cmake_prefix_path.ps1'
[1.051s] INFO:colcon.colcon_core.shell:Creating environment descriptor '/Bt/install/tiago_laser_sensors/share/tiago_laser_sensors/hook/cmake_prefix_path.dsv'
[1.052s] INFO:colcon.colcon_core.shell:Creating environment hook '/Bt/install/tiago_laser_sensors/share/tiago_laser_sensors/hook/cmake_prefix_path.sh'
[1.053s] Level 1:colcon.colcon_core.environment:checking '/Bt/install/tiago_laser_sensors/bin'
[1.053s] Level 1:colcon.colcon_core.environment:checking '/Bt/install/tiago_laser_sensors/lib/pkgconfig/tiago_laser_sensors.pc'
[1.053s] Level 1:colcon.colcon_core.environment:checking '/Bt/install/tiago_laser_sensors/lib/python3.12/site-packages'
[1.054s] Level 1:colcon.colcon_core.environment:checking '/Bt/install/tiago_laser_sensors/bin'
[1.054s] INFO:colcon.colcon_core.shell:Creating package script '/Bt/install/tiago_laser_sensors/share/tiago_laser_sensors/package.ps1'
[1.055s] INFO:colcon.colcon_core.shell:Creating package descriptor '/Bt/install/tiago_laser_sensors/share/tiago_laser_sensors/package.dsv'
[1.056s] INFO:colcon.colcon_core.shell:Creating package script '/Bt/install/tiago_laser_sensors/share/tiago_laser_sensors/package.sh'
[1.057s] INFO:colcon.colcon_core.shell:Creating package script '/Bt/install/tiago_laser_sensors/share/tiago_laser_sensors/package.bash'
[1.060s] INFO:colcon.colcon_core.shell:Creating package script '/Bt/install/tiago_laser_sensors/share/tiago_laser_sensors/package.zsh'
[1.061s] Level 1:colcon.colcon_core.environment:create_file_with_runtime_dependencies(/Bt/install/tiago_laser_sensors/share/colcon-core/packages/tiago_laser_sensors)
[1.062s] INFO:colcon.colcon_ros.task.ament_cmake.build:Building ROS package in '/Bt/ThirdParty/pmb2_navigation/pmb2_laser_sensors' with build type 'ament_cmake'
[1.062s] INFO:colcon.colcon_cmake.task.cmake.build:Building CMake package in '/Bt/ThirdParty/pmb2_navigation/pmb2_laser_sensors'
[1.062s] INFO:colcon.colcon_core.shell:Skip shell extension 'powershell' for command environment: Not usable outside of PowerShell
[1.062s] DEBUG:colcon.colcon_core.shell:Skip shell extension 'dsv' for command environment
[1.081s] INFO:colcon.colcon_ros.task.ament_cmake.build:Building ROS package in '/Bt/ThirdParty/ros2_aruco/ros2_aruco_interfaces' with build type 'ament_cmake'
[1.081s] INFO:colcon.colcon_cmake.task.cmake.build:Building CMake package in '/Bt/ThirdParty/ros2_aruco/ros2_aruco_interfaces'
[1.081s] INFO:colcon.colcon_core.shell:Skip shell extension 'powershell' for command environment: Not usable outside of PowerShell
[1.081s] DEBUG:colcon.colcon_core.shell:Skip shell extension 'dsv' for command environment
[1.095s] Level 1:colcon.colcon_core.environment:create_environment_scripts_only(pal_hey5_description)
[1.096s] DEBUG:colcon.colcon_core.event_handler.log_command:Invoked command in '/Bt/build/pal_hey5_description' returned '0': AMENT_PREFIX_PATH=/Bt/install/pal_urdf_utils:${AMENT_PREFIX_PATH} CMAKE_PREFIX_PATH=/Bt/install/pal_urdf_utils:/opt/ros/jazzy/opt/gz_sim_vendor:/opt/ros/jazzy/opt/gz_sensors_vendor:/opt/ros/jazzy/opt/gz_physics_vendor:/opt/ros/jazzy/opt/sdformat_vendor:/opt/ros/jazzy/opt/gz_gui_vendor:/opt/ros/jazzy/opt/gz_transport_vendor:/opt/ros/jazzy/opt/gz_rendering_vendor:/opt/ros/jazzy/opt/gz_plugin_vendor:/opt/ros/jazzy/opt/gz_fuel_tools_vendor:/opt/ros/jazzy/opt/gz_msgs_vendor:/opt/ros/jazzy/opt/gz_common_vendor:/opt/ros/jazzy/opt/gz_math_vendor:/opt/ros/jazzy/opt/gz_utils_vendor:/opt/ros/jazzy/opt/gz_tools_vendor:/opt/ros/jazzy/opt/gz_ogre_next_vendor:/opt/ros/jazzy/opt/gz_dartsim_vendor:/opt/ros/jazzy/opt/gz_cmake_vendor:/opt/ros/jazzy /usr/bin/cmake --install /Bt/build/pal_hey5_description
[1.096s] Level 1:colcon.colcon_core.environment:checking '/Bt/install/pal_hey5_description' for CMake module files
[1.097s] Level 1:colcon.colcon_core.environment:checking '/Bt/install/pal_hey5_description' for CMake config files
[1.098s] Level 1:colcon.colcon_core.shell:create_environment_hook('pal_hey5_description', 'cmake_prefix_path')
[1.098s] INFO:colcon.colcon_core.shell:Creating environment hook '/Bt/install/pal_hey5_description/share/pal_hey5_description/hook/cmake_prefix_path.ps1'
[1.098s] INFO:colcon.colcon_core.shell:Creating environment descriptor '/Bt/install/pal_hey5_description/share/pal_hey5_description/hook/cmake_prefix_path.dsv'
[1.099s] INFO:colcon.colcon_core.shell:Creating environment hook '/Bt/install/pal_hey5_description/share/pal_hey5_description/hook/cmake_prefix_path.sh'
[1.100s] Level 1:colcon.colcon_core.environment:checking '/Bt/install/pal_hey5_description/bin'
[1.100s] Level 1:colcon.colcon_core.environment:checking '/Bt/install/pal_hey5_description/lib/pkgconfig/pal_hey5_description.pc'
[1.100s] Level 1:colcon.colcon_core.environment:checking '/Bt/install/pal_hey5_description/lib/python3.12/site-packages'
[1.101s] Level 1:colcon.colcon_core.environment:checking '/Bt/install/pal_hey5_description/bin'
[1.102s] INFO:colcon.colcon_core.shell:Creating package script '/Bt/install/pal_hey5_description/share/pal_hey5_description/package.ps1'
[1.102s] INFO:colcon.colcon_core.shell:Creating package descriptor '/Bt/install/pal_hey5_description/share/pal_hey5_description/package.dsv'
[1.103s] INFO:colcon.colcon_core.shell:Creating package script '/Bt/install/pal_hey5_description/share/pal_hey5_description/package.sh'
[1.108s] INFO:colcon.colcon_core.shell:Creating package script '/Bt/install/pal_hey5_description/share/pal_hey5_description/package.bash'
[1.110s] INFO:colcon.colcon_core.shell:Creating package script '/Bt/install/pal_hey5_description/share/pal_hey5_description/package.zsh'
[1.110s] Level 1:colcon.colcon_core.environment:create_file_with_runtime_dependencies(/Bt/install/pal_hey5_description/share/colcon-core/packages/pal_hey5_description)
[1.111s] Level 1:colcon.colcon_core.environment:create_environment_scripts_only(pal_hey5_description)
[1.111s] Level 1:colcon.colcon_core.environment:checking '/Bt/install/pal_hey5_description' for CMake module files
[1.112s] Level 1:colcon.colcon_core.environment:checking '/Bt/install/pal_hey5_description' for CMake config files
[1.113s] Level 1:colcon.colcon_core.shell:create_environment_hook('pal_hey5_description', 'cmake_prefix_path')
[1.113s] INFO:colcon.colcon_core.shell:Creating environment hook '/Bt/install/pal_hey5_description/share/pal_hey5_description/hook/cmake_prefix_path.ps1'
[1.114s] INFO:colcon.colcon_core.shell:Creating environment descriptor '/Bt/install/pal_hey5_description/share/pal_hey5_description/hook/cmake_prefix_path.dsv'
[1.119s] INFO:colcon.colcon_core.shell:Creating environment hook '/Bt/install/pal_hey5_description/share/pal_hey5_description/hook/cmake_prefix_path.sh'
[1.125s] Level 1:colcon.colcon_core.environment:checking '/Bt/install/pal_hey5_description/bin'
[1.125s] Level 1:colcon.colcon_core.environment:checking '/Bt/install/pal_hey5_description/lib/pkgconfig/pal_hey5_description.pc'
[1.125s] Level 1:colcon.colcon_core.environment:checking '/Bt/install/pal_hey5_description/lib/python3.12/site-packages'
[1.126s] Level 1:colcon.colcon_core.environment:checking '/Bt/install/pal_hey5_description/bin'
[1.128s] INFO:colcon.colcon_core.shell:Creating package script '/Bt/install/pal_hey5_description/share/pal_hey5_description/package.ps1'
[1.136s] INFO:colcon.colcon_core.shell:Creating package descriptor '/Bt/install/pal_hey5_description/share/pal_hey5_description/package.dsv'
[1.138s] INFO:colcon.colcon_core.shell:Creating package script '/Bt/install/pal_hey5_description/share/pal_hey5_description/package.sh'
[1.142s] INFO:colcon.colcon_core.shell:Creating package script '/Bt/install/pal_hey5_description/share/pal_hey5_description/package.bash'
[1.145s] INFO:colcon.colcon_core.shell:Creating package script '/Bt/install/pal_hey5_description/share/pal_hey5_description/package.zsh'
[1.146s] Level 1:colcon.colcon_core.environment:create_file_with_runtime_dependencies(/Bt/install/pal_hey5_description/share/colcon-core/packages/pal_hey5_description)
[1.154s] INFO:colcon.colcon_ros.task.ament_cmake.build:Building ROS package in '/Bt/tiago_nav' with build type 'ament_cmake'
[1.154s] INFO:colcon.colcon_cmake.task.cmake.build:Building CMake package in '/Bt/tiago_nav'
[1.156s] INFO:colcon.colcon_core.shell:Skip shell extension 'powershell' for command environment: Not usable outside of PowerShell
[1.156s] DEBUG:colcon.colcon_core.shell:Skip shell extension 'dsv' for command environment
[1.178s] Level 1:colcon.colcon_core.environment:create_environment_scripts_only(pal_robotiq_controller_configuration)
[1.179s] Level 1:colcon.colcon_core.environment:checking '/Bt/install/pal_robotiq_controller_configuration' for CMake module files
[1.180s] Level 1:colcon.colcon_core.environment:checking '/Bt/install/pal_robotiq_controller_configuration' for CMake config files
[1.180s] Level 1:colcon.colcon_core.shell:create_environment_hook('pal_robotiq_controller_configuration', 'cmake_prefix_path')
[1.181s] INFO:colcon.colcon_core.shell:Creating environment hook '/Bt/install/pal_robotiq_controller_configuration/share/pal_robotiq_controller_configuration/hook/cmake_prefix_path.ps1'
[1.181s] INFO:colcon.colcon_core.shell:Creating environment descriptor '/Bt/install/pal_robotiq_controller_configuration/share/pal_robotiq_controller_configuration/hook/cmake_prefix_path.dsv'
[1.182s] INFO:colcon.colcon_core.shell:Creating environment hook '/Bt/install/pal_robotiq_controller_configuration/share/pal_robotiq_controller_configuration/hook/cmake_prefix_path.sh'
[1.179s] DEBUG:colcon.colcon_core.event_handler.log_command:Invoked command in '/Bt/build/pal_robotiq_controller_configuration' returned '0': CMAKE_PREFIX_PATH=${CMAKE_PREFIX_PATH}:/opt/ros/jazzy /usr/bin/cmake --install /Bt/build/pal_robotiq_controller_configuration
[1.183s] Level 1:colcon.colcon_core.environment:checking '/Bt/install/pal_robotiq_controller_configuration/bin'
[1.184s] Level 1:colcon.colcon_core.environment:checking '/Bt/install/pal_robotiq_controller_configuration/lib/pkgconfig/pal_robotiq_controller_configuration.pc'
[1.184s] Level 1:colcon.colcon_core.environment:checking '/Bt/install/pal_robotiq_controller_configuration/lib/python3.12/site-packages'
[1.185s] Level 1:colcon.colcon_core.environment:checking '/Bt/install/pal_robotiq_controller_configuration/bin'
[1.185s] INFO:colcon.colcon_core.shell:Creating package script '/Bt/install/pal_robotiq_controller_configuration/share/pal_robotiq_controller_configuration/package.ps1'
[1.186s] INFO:colcon.colcon_core.shell:Creating package descriptor '/Bt/install/pal_robotiq_controller_configuration/share/pal_robotiq_controller_configuration/package.dsv'
[1.186s] INFO:colcon.colcon_core.shell:Creating package script '/Bt/install/pal_robotiq_controller_configuration/share/pal_robotiq_controller_configuration/package.sh'
[1.187s] INFO:colcon.colcon_core.shell:Creating package script '/Bt/install/pal_robotiq_controller_configuration/share/pal_robotiq_controller_configuration/package.bash'
[1.188s] INFO:colcon.colcon_core.shell:Creating package script '/Bt/install/pal_robotiq_controller_configuration/share/pal_robotiq_controller_configuration/package.zsh'
[1.192s] Level 1:colcon.colcon_core.environment:create_file_with_runtime_dependencies(/Bt/install/pal_robotiq_controller_configuration/share/colcon-core/packages/pal_robotiq_controller_configuration)
[1.193s] Level 1:colcon.colcon_core.environment:create_environment_scripts_only(pal_robotiq_controller_configuration)
[1.193s] Level 1:colcon.colcon_core.environment:checking '/Bt/install/pal_robotiq_controller_configuration' for CMake module files
[1.200s] Level 1:colcon.colcon_core.environment:checking '/Bt/install/pal_robotiq_controller_configuration' for CMake config files
[1.201s] Level 1:colcon.colcon_core.shell:create_environment_hook('pal_robotiq_controller_configuration', 'cmake_prefix_path')
[1.201s] INFO:colcon.colcon_core.shell:Creating environment hook '/Bt/install/pal_robotiq_controller_configuration/share/pal_robotiq_controller_configuration/hook/cmake_prefix_path.ps1'
[1.202s] INFO:colcon.colcon_core.shell:Creating environment descriptor '/Bt/install/pal_robotiq_controller_configuration/share/pal_robotiq_controller_configuration/hook/cmake_prefix_path.dsv'
[1.202s] INFO:colcon.colcon_core.shell:Creating environment hook '/Bt/install/pal_robotiq_controller_configuration/share/pal_robotiq_controller_configuration/hook/cmake_prefix_path.sh'
[1.203s] Level 1:colcon.colcon_core.environment:checking '/Bt/install/pal_robotiq_controller_configuration/bin'
[1.203s] Level 1:colcon.colcon_core.environment:checking '/Bt/install/pal_robotiq_controller_configuration/lib/pkgconfig/pal_robotiq_controller_configuration.pc'
[1.206s] Level 1:colcon.colcon_core.environment:checking '/Bt/install/pal_robotiq_controller_configuration/lib/python3.12/site-packages'
[1.209s] Level 1:colcon.colcon_core.environment:checking '/Bt/install/pal_robotiq_controller_configuration/bin'
[1.209s] INFO:colcon.colcon_core.shell:Creating package script '/Bt/install/pal_robotiq_controller_configuration/share/pal_robotiq_controller_configuration/package.ps1'
[1.210s] INFO:colcon.colcon_core.shell:Creating package descriptor '/Bt/install/pal_robotiq_controller_configuration/share/pal_robotiq_controller_configuration/package.dsv'
[1.212s] INFO:colcon.colcon_core.shell:Creating package script '/Bt/install/pal_robotiq_controller_configuration/share/pal_robotiq_controller_configuration/package.sh'
[1.212s] INFO:colcon.colcon_core.shell:Creating package script '/Bt/install/pal_robotiq_controller_configuration/share/pal_robotiq_controller_configuration/package.bash'
[1.213s] INFO:colcon.colcon_core.shell:Creating package script '/Bt/install/pal_robotiq_controller_configuration/share/pal_robotiq_controller_configuration/package.zsh'
[1.214s] Level 1:colcon.colcon_core.environment:create_file_with_runtime_dependencies(/Bt/install/pal_robotiq_controller_configuration/share/colcon-core/packages/pal_robotiq_controller_configuration)
[1.215s] INFO:colcon.colcon_ros.task.ament_cmake.build:Building ROS package in '/Bt/ThirdParty/grab2/grab2_controller' with build type 'ament_cmake'
[1.215s] INFO:colcon.colcon_cmake.task.cmake.build:Building CMake package in '/Bt/ThirdParty/grab2/grab2_controller'
[1.215s] INFO:colcon.colcon_core.shell:Skip shell extension 'powershell' for command environment: Not usable outside of PowerShell
[1.215s] DEBUG:colcon.colcon_core.shell:Skip shell extension 'dsv' for command environment
[1.222s] DEBUG:colcon.colcon_core.event_handler.log_command:Invoking command in '/Bt/build/pmb2_laser_sensors': CMAKE_PREFIX_PATH=${CMAKE_PREFIX_PATH}:/opt/ros/jazzy /usr/bin/cmake --build /Bt/build/pmb2_laser_sensors -- -j8 -l8
[1.225s] DEBUG:colcon.colcon_core.event_handler.log_command:Invoking command in '/Bt/build/ros2_aruco_interfaces': CMAKE_PREFIX_PATH=${CMAKE_PREFIX_PATH}:/opt/ros/jazzy /usr/bin/cmake --build /Bt/build/ros2_aruco_interfaces -- -j8 -l8
[1.232s] DEBUG:colcon.colcon_core.event_handler.log_command:Invoking command in '/Bt/build/tiago_nav': CMAKE_PREFIX_PATH=${CMAKE_PREFIX_PATH}:/opt/ros/jazzy /usr/bin/cmake --build /Bt/build/tiago_nav -- -j8 -l8
[1.239s] DEBUG:colcon.colcon_core.event_handler.log_command:Invoking command in '/Bt/build/grab2_controller': CMAKE_PREFIX_PATH=${CMAKE_PREFIX_PATH}:/opt/ros/jazzy /usr/bin/cmake --build /Bt/build/grab2_controller -- -j8 -l8
[1.316s] DEBUG:colcon.colcon_core.event_handler.log_command:Invoked command in '/Bt/build/tiago_nav' returned '0': CMAKE_PREFIX_PATH=${CMAKE_PREFIX_PATH}:/opt/ros/jazzy /usr/bin/cmake --build /Bt/build/tiago_nav -- -j8 -l8
[1.317s] DEBUG:colcon.colcon_core.event_handler.log_command:Invoking command in '/Bt/build/tiago_nav': CMAKE_PREFIX_PATH=${CMAKE_PREFIX_PATH}:/opt/ros/jazzy /usr/bin/cmake --install /Bt/build/tiago_nav
[1.319s] DEBUG:colcon.colcon_core.event_handler.log_command:Invoked command in '/Bt/build/pmb2_laser_sensors' returned '0': CMAKE_PREFIX_PATH=${CMAKE_PREFIX_PATH}:/opt/ros/jazzy /usr/bin/cmake --build /Bt/build/pmb2_laser_sensors -- -j8 -l8
[1.323s] DEBUG:colcon.colcon_core.event_handler.log_command:Invoking command in '/Bt/build/pmb2_laser_sensors': CMAKE_PREFIX_PATH=${CMAKE_PREFIX_PATH}:/opt/ros/jazzy /usr/bin/cmake --install /Bt/build/pmb2_laser_sensors
[1.333s] DEBUG:colcon.colcon_core.event_handler.log_command:Invoked command in '/Bt/build/grab2_controller' returned '0': CMAKE_PREFIX_PATH=${CMAKE_PREFIX_PATH}:/opt/ros/jazzy /usr/bin/cmake --build /Bt/build/grab2_controller -- -j8 -l8
[1.333s] DEBUG:colcon.colcon_core.event_handler.log_command:Invoking command in '/Bt/build/grab2_controller': CMAKE_PREFIX_PATH=${CMAKE_PREFIX_PATH}:/opt/ros/jazzy /usr/bin/cmake --install /Bt/build/grab2_controller
[1.348s] Level 1:colcon.colcon_core.environment:create_environment_scripts_only(tiago_nav)
[1.348s] Level 1:colcon.colcon_core.environment:checking '/Bt/install/tiago_nav' for CMake module files
[1.349s] Level 1:colcon.colcon_core.environment:checking '/Bt/install/tiago_nav' for CMake config files
[1.350s] Level 1:colcon.colcon_core.shell:create_environment_hook('tiago_nav', 'cmake_prefix_path')
[1.350s] INFO:colcon.colcon_core.shell:Creating environment hook '/Bt/install/tiago_nav/share/tiago_nav/hook/cmake_prefix_path.ps1'
[1.351s] INFO:colcon.colcon_core.shell:Creating environment descriptor '/Bt/install/tiago_nav/share/tiago_nav/hook/cmake_prefix_path.dsv'
[1.351s] INFO:colcon.colcon_core.shell:Creating environment hook '/Bt/install/tiago_nav/share/tiago_nav/hook/cmake_prefix_path.sh'
[1.352s] Level 1:colcon.colcon_core.environment:checking '/Bt/install/tiago_nav/bin'
[1.352s] Level 1:colcon.colcon_core.environment:checking '/Bt/install/tiago_nav/lib/pkgconfig/tiago_nav.pc'
[1.353s] Level 1:colcon.colcon_core.environment:checking '/Bt/install/tiago_nav/lib/python3.12/site-packages'
[1.353s] Level 1:colcon.colcon_core.environment:checking '/Bt/install/tiago_nav/bin'
[1.354s] INFO:colcon.colcon_core.shell:Creating package script '/Bt/install/tiago_nav/share/tiago_nav/package.ps1'
[1.354s] INFO:colcon.colcon_core.shell:Creating package descriptor '/Bt/install/tiago_nav/share/tiago_nav/package.dsv'
[1.356s] DEBUG:colcon.colcon_core.event_handler.log_command:Invoked command in '/Bt/build/tiago_nav' returned '0': CMAKE_PREFIX_PATH=${CMAKE_PREFIX_PATH}:/opt/ros/jazzy /usr/bin/cmake --install /Bt/build/tiago_nav
[1.368s] INFO:colcon.colcon_core.shell:Creating package script '/Bt/install/tiago_nav/share/tiago_nav/package.sh'
[1.369s] INFO:colcon.colcon_core.shell:Creating package script '/Bt/install/tiago_nav/share/tiago_nav/package.bash'
[1.370s] INFO:colcon.colcon_core.shell:Creating package script '/Bt/install/tiago_nav/share/tiago_nav/package.zsh'
[1.370s] Level 1:colcon.colcon_core.environment:create_file_with_runtime_dependencies(/Bt/install/tiago_nav/share/colcon-core/packages/tiago_nav)
[1.371s] Level 1:colcon.colcon_core.environment:create_environment_scripts_only(tiago_nav)
[1.372s] Level 1:colcon.colcon_core.environment:checking '/Bt/install/tiago_nav' for CMake module files
[1.372s] Level 1:colcon.colcon_core.environment:checking '/Bt/install/tiago_nav' for CMake config files
[1.382s] Level 1:colcon.colcon_core.shell:create_environment_hook('tiago_nav', 'cmake_prefix_path')
[1.383s] INFO:colcon.colcon_core.shell:Creating environment hook '/Bt/install/tiago_nav/share/tiago_nav/hook/cmake_prefix_path.ps1'
[1.383s] INFO:colcon.colcon_core.shell:Creating environment descriptor '/Bt/install/tiago_nav/share/tiago_nav/hook/cmake_prefix_path.dsv'
[1.384s] INFO:colcon.colcon_core.shell:Creating environment hook '/Bt/install/tiago_nav/share/tiago_nav/hook/cmake_prefix_path.sh'
[1.385s] Level 1:colcon.colcon_core.environment:checking '/Bt/install/tiago_nav/bin'
[1.385s] Level 1:colcon.colcon_core.environment:checking '/Bt/install/tiago_nav/lib/pkgconfig/tiago_nav.pc'
[1.385s] Level 1:colcon.colcon_core.environment:checking '/Bt/install/tiago_nav/lib/python3.12/site-packages'
[1.386s] Level 1:colcon.colcon_core.environment:checking '/Bt/install/tiago_nav/bin'
[1.386s] INFO:colcon.colcon_core.shell:Creating package script '/Bt/install/tiago_nav/share/tiago_nav/package.ps1'
[1.387s] INFO:colcon.colcon_core.shell:Creating package descriptor '/Bt/install/tiago_nav/share/tiago_nav/package.dsv'
[1.388s] INFO:colcon.colcon_core.shell:Creating package script '/Bt/install/tiago_nav/share/tiago_nav/package.sh'
[1.389s] INFO:colcon.colcon_core.shell:Creating package script '/Bt/install/tiago_nav/share/tiago_nav/package.bash'
[1.390s] INFO:colcon.colcon_core.shell:Creating package script '/Bt/install/tiago_nav/share/tiago_nav/package.zsh'
[1.400s] Level 1:colcon.colcon_core.environment:create_file_with_runtime_dependencies(/Bt/install/tiago_nav/share/colcon-core/packages/tiago_nav)
[1.401s] INFO:colcon.colcon_ros.task.ament_python.build:Building ROS package in '/Bt/ThirdParty/ros2_aruco/ros2_aruco' with build type 'ament_python'
[1.401s] Level 1:colcon.colcon_core.shell:create_environment_hook('ros2_aruco', 'ament_prefix_path')
[1.401s] INFO:colcon.colcon_core.shell:Creating environment hook '/Bt/install/ros2_aruco/share/ros2_aruco/hook/ament_prefix_path.ps1'
[1.403s] INFO:colcon.colcon_core.shell:Creating environment descriptor '/Bt/install/ros2_aruco/share/ros2_aruco/hook/ament_prefix_path.dsv'
[1.404s] INFO:colcon.colcon_core.shell:Creating environment hook '/Bt/install/ros2_aruco/share/ros2_aruco/hook/ament_prefix_path.sh'
[1.408s] INFO:colcon.colcon_core.shell:Skip shell extension 'powershell' for command environment: Not usable outside of PowerShell
[1.408s] DEBUG:colcon.colcon_core.shell:Skip shell extension 'dsv' for command environment
[1.425s] Level 1:colcon.colcon_core.environment:create_environment_scripts_only(pmb2_laser_sensors)
[1.426s] Level 1:colcon.colcon_core.environment:checking '/Bt/install/pmb2_laser_sensors' for CMake module files
[1.428s] Level 1:colcon.colcon_core.environment:checking '/Bt/install/pmb2_laser_sensors' for CMake config files
[1.429s] Level 1:colcon.colcon_core.shell:create_environment_hook('pmb2_laser_sensors', 'cmake_prefix_path')
[1.429s] INFO:colcon.colcon_core.shell:Creating environment hook '/Bt/install/pmb2_laser_sensors/share/pmb2_laser_sensors/hook/cmake_prefix_path.ps1'
[1.430s] INFO:colcon.colcon_core.shell:Creating environment descriptor '/Bt/install/pmb2_laser_sensors/share/pmb2_laser_sensors/hook/cmake_prefix_path.dsv'
[1.425s] DEBUG:colcon.colcon_core.event_handler.log_command:Invoked command in '/Bt/build/pmb2_laser_sensors' returned '0': CMAKE_PREFIX_PATH=${CMAKE_PREFIX_PATH}:/opt/ros/jazzy /usr/bin/cmake --install /Bt/build/pmb2_laser_sensors
[1.431s] INFO:colcon.colcon_core.shell:Creating environment hook '/Bt/install/pmb2_laser_sensors/share/pmb2_laser_sensors/hook/cmake_prefix_path.sh'
[1.432s] Level 1:colcon.colcon_core.environment:checking '/Bt/install/pmb2_laser_sensors/bin'
[1.432s] Level 1:colcon.colcon_core.environment:checking '/Bt/install/pmb2_laser_sensors/lib/pkgconfig/pmb2_laser_sensors.pc'
[1.432s] Level 1:colcon.colcon_core.environment:checking '/Bt/install/pmb2_laser_sensors/lib/python3.12/site-packages'
[1.433s] Level 1:colcon.colcon_core.environment:checking '/Bt/install/pmb2_laser_sensors/bin'
[1.433s] INFO:colcon.colcon_core.shell:Creating package script '/Bt/install/pmb2_laser_sensors/share/pmb2_laser_sensors/package.ps1'
[1.434s] INFO:colcon.colcon_core.shell:Creating package descriptor '/Bt/install/pmb2_laser_sensors/share/pmb2_laser_sensors/package.dsv'
[1.434s] INFO:colcon.colcon_core.shell:Creating package script '/Bt/install/pmb2_laser_sensors/share/pmb2_laser_sensors/package.sh'
[1.435s] INFO:colcon.colcon_core.shell:Creating package script '/Bt/install/pmb2_laser_sensors/share/pmb2_laser_sensors/package.bash'
[1.436s] INFO:colcon.colcon_core.shell:Creating package script '/Bt/install/pmb2_laser_sensors/share/pmb2_laser_sensors/package.zsh'
[1.436s] Level 1:colcon.colcon_core.environment:create_file_with_runtime_dependencies(/Bt/install/pmb2_laser_sensors/share/colcon-core/packages/pmb2_laser_sensors)
[1.437s] Level 1:colcon.colcon_core.environment:create_environment_scripts_only(pmb2_laser_sensors)
[1.438s] Level 1:colcon.colcon_core.environment:checking '/Bt/install/pmb2_laser_sensors' for CMake module files
[1.439s] Level 1:colcon.colcon_core.environment:checking '/Bt/install/pmb2_laser_sensors' for CMake config files
[1.439s] Level 1:colcon.colcon_core.shell:create_environment_hook('pmb2_laser_sensors', 'cmake_prefix_path')
[1.440s] INFO:colcon.colcon_core.shell:Creating environment hook '/Bt/install/pmb2_laser_sensors/share/pmb2_laser_sensors/hook/cmake_prefix_path.ps1'
[1.440s] INFO:colcon.colcon_core.shell:Creating environment descriptor '/Bt/install/pmb2_laser_sensors/share/pmb2_laser_sensors/hook/cmake_prefix_path.dsv'
[1.441s] INFO:colcon.colcon_core.shell:Creating environment hook '/Bt/install/pmb2_laser_sensors/share/pmb2_laser_sensors/hook/cmake_prefix_path.sh'
[1.442s] Level 1:colcon.colcon_core.environment:checking '/Bt/install/pmb2_laser_sensors/bin'
[1.442s] Level 1:colcon.colcon_core.environment:checking '/Bt/install/pmb2_laser_sensors/lib/pkgconfig/pmb2_laser_sensors.pc'
[1.442s] Level 1:colcon.colcon_core.environment:checking '/Bt/install/pmb2_laser_sensors/lib/python3.12/site-packages'
[1.443s] Level 1:colcon.colcon_core.environment:checking '/Bt/install/pmb2_laser_sensors/bin'
[1.443s] INFO:colcon.colcon_core.shell:Creating package script '/Bt/install/pmb2_laser_sensors/share/pmb2_laser_sensors/package.ps1'
[1.444s] INFO:colcon.colcon_core.shell:Creating package descriptor '/Bt/install/pmb2_laser_sensors/share/pmb2_laser_sensors/package.dsv'
[1.445s] INFO:colcon.colcon_core.shell:Creating package script '/Bt/install/pmb2_laser_sensors/share/pmb2_laser_sensors/package.sh'
[1.445s] INFO:colcon.colcon_core.shell:Creating package script '/Bt/install/pmb2_laser_sensors/share/pmb2_laser_sensors/package.bash'
[1.446s] INFO:colcon.colcon_core.shell:Creating package script '/Bt/install/pmb2_laser_sensors/share/pmb2_laser_sensors/package.zsh'
[1.447s] Level 1:colcon.colcon_core.environment:create_file_with_runtime_dependencies(/Bt/install/pmb2_laser_sensors/share/colcon-core/packages/pmb2_laser_sensors)
[1.447s] Level 1:colcon.colcon_core.environment:create_environment_scripts_only(grab2_controller)
[1.448s] Level 1:colcon.colcon_core.environment:checking '/Bt/install/grab2_controller' for CMake module files
[1.448s] Level 1:colcon.colcon_core.environment:checking '/Bt/install/grab2_controller' for CMake config files
[1.449s] Level 1:colcon.colcon_core.shell:create_environment_hook('grab2_controller', 'cmake_prefix_path')
[1.449s] INFO:colcon.colcon_core.shell:Creating environment hook '/Bt/install/grab2_controller/share/grab2_controller/hook/cmake_prefix_path.ps1'
[1.451s] DEBUG:colcon.colcon_core.event_handler.log_command:Invoked command in '/Bt/build/grab2_controller' returned '0': CMAKE_PREFIX_PATH=${CMAKE_PREFIX_PATH}:/opt/ros/jazzy /usr/bin/cmake --install /Bt/build/grab2_controller
[1.451s] INFO:colcon.colcon_core.shell:Creating environment descriptor '/Bt/install/grab2_controller/share/grab2_controller/hook/cmake_prefix_path.dsv'
[1.452s] INFO:colcon.colcon_core.shell:Creating environment hook '/Bt/install/grab2_controller/share/grab2_controller/hook/cmake_prefix_path.sh'
[1.453s] Level 1:colcon.colcon_core.environment:checking '/Bt/install/grab2_controller/bin'
[1.453s] Level 1:colcon.colcon_core.environment:checking '/Bt/install/grab2_controller/lib/pkgconfig/grab2_controller.pc'
[1.453s] Level 1:colcon.colcon_core.environment:checking '/Bt/install/grab2_controller/lib/python3.12/site-packages'
[1.454s] Level 1:colcon.colcon_core.environment:checking '/Bt/install/grab2_controller/bin'
[1.454s] INFO:colcon.colcon_core.shell:Creating package script '/Bt/install/grab2_controller/share/grab2_controller/package.ps1'
[1.455s] INFO:colcon.colcon_core.shell:Creating package descriptor '/Bt/install/grab2_controller/share/grab2_controller/package.dsv'
[1.456s] INFO:colcon.colcon_core.shell:Creating package script '/Bt/install/grab2_controller/share/grab2_controller/package.sh'
[1.457s] INFO:colcon.colcon_core.shell:Creating package script '/Bt/install/grab2_controller/share/grab2_controller/package.bash'
[1.457s] INFO:colcon.colcon_core.shell:Creating package script '/Bt/install/grab2_controller/share/grab2_controller/package.zsh'
[1.458s] Level 1:colcon.colcon_core.environment:create_file_with_runtime_dependencies(/Bt/install/grab2_controller/share/colcon-core/packages/grab2_controller)
[1.458s] Level 1:colcon.colcon_core.environment:create_environment_scripts_only(grab2_controller)
[1.459s] Level 1:colcon.colcon_core.environment:checking '/Bt/install/grab2_controller' for CMake module files
[1.460s] Level 1:colcon.colcon_core.environment:checking '/Bt/install/grab2_controller' for CMake config files
[1.460s] Level 1:colcon.colcon_core.shell:create_environment_hook('grab2_controller', 'cmake_prefix_path')
[1.461s] INFO:colcon.colcon_core.shell:Creating environment hook '/Bt/install/grab2_controller/share/grab2_controller/hook/cmake_prefix_path.ps1'
[1.461s] INFO:colcon.colcon_core.shell:Creating environment descriptor '/Bt/install/grab2_controller/share/grab2_controller/hook/cmake_prefix_path.dsv'
[1.462s] INFO:colcon.colcon_core.shell:Creating environment hook '/Bt/install/grab2_controller/share/grab2_controller/hook/cmake_prefix_path.sh'
[1.463s] Level 1:colcon.colcon_core.environment:checking '/Bt/install/grab2_controller/bin'
[1.463s] Level 1:colcon.colcon_core.environment:checking '/Bt/install/grab2_controller/lib/pkgconfig/grab2_controller.pc'
[1.463s] Level 1:colcon.colcon_core.environment:checking '/Bt/install/grab2_controller/lib/python3.12/site-packages'
[1.464s] Level 1:colcon.colcon_core.environment:checking '/Bt/install/grab2_controller/bin'
[1.464s] INFO:colcon.colcon_core.shell:Creating package script '/Bt/install/grab2_controller/share/grab2_controller/package.ps1'
[1.465s] INFO:colcon.colcon_core.shell:Creating package descriptor '/Bt/install/grab2_controller/share/grab2_controller/package.dsv'
[1.466s] INFO:colcon.colcon_core.shell:Creating package script '/Bt/install/grab2_controller/share/grab2_controller/package.sh'
[1.466s] INFO:colcon.colcon_core.shell:Creating package script '/Bt/install/grab2_controller/share/grab2_controller/package.bash'
[1.467s] INFO:colcon.colcon_core.shell:Creating package script '/Bt/install/grab2_controller/share/grab2_controller/package.zsh'
[1.468s] Level 1:colcon.colcon_core.environment:create_file_with_runtime_dependencies(/Bt/install/grab2_controller/share/colcon-core/packages/grab2_controller)
[1.469s] INFO:colcon.colcon_ros.task.ament_cmake.build:Building ROS package in '/Bt/tiago_sim' with build type 'ament_cmake'
[1.469s] INFO:colcon.colcon_cmake.task.cmake.build:Building CMake package in '/Bt/tiago_sim'
[1.470s] INFO:colcon.colcon_core.shell:Skip shell extension 'powershell' for command environment: Not usable outside of PowerShell
[1.470s] DEBUG:colcon.colcon_core.shell:Skip shell extension 'dsv' for command environment
[1.481s] INFO:colcon.colcon_ros.task.ament_cmake.build:Building ROS package in '/Bt/tiago_slam' with build type 'ament_cmake'
[1.481s] INFO:colcon.colcon_cmake.task.cmake.build:Building CMake package in '/Bt/tiago_slam'
[1.481s] INFO:colcon.colcon_core.shell:Skip shell extension 'powershell' for command environment: Not usable outside of PowerShell
[1.481s] DEBUG:colcon.colcon_core.shell:Skip shell extension 'dsv' for command environment
[1.496s] DEBUG:colcon.colcon_core.event_handler.log_command:Invoked command in '/Bt/build/btcpp_ros2_interfaces' returned '0': CMAKE_PREFIX_PATH=${CMAKE_PREFIX_PATH}:/opt/ros/jazzy /usr/bin/cmake --build /Bt/build/btcpp_ros2_interfaces -- -j8 -l8
[1.498s] DEBUG:colcon.colcon_core.event_handler.log_command:Invoking command in '/Bt/build/btcpp_ros2_interfaces': CMAKE_PREFIX_PATH=${CMAKE_PREFIX_PATH}:/opt/ros/jazzy /usr/bin/cmake --install /Bt/build/btcpp_ros2_interfaces
[1.771s] INFO:colcon.colcon_core.task.python.build:Building Python package in '/Bt/ThirdParty/ros2_aruco/ros2_aruco'
[1.771s] INFO:colcon.colcon_core.shell:Skip shell extension 'powershell' for command environment: Not usable outside of PowerShell
[1.771s] DEBUG:colcon.colcon_core.shell:Skip shell extension 'dsv' for command environment
[1.791s] DEBUG:colcon.colcon_core.event_handler.log_command:Invoked command in '/Bt/build/play_motion2_msgs' returned '0': CMAKE_PREFIX_PATH=${CMAKE_PREFIX_PATH}:/opt/ros/jazzy /usr/bin/cmake --build /Bt/build/play_motion2_msgs -- -j8 -l8
[1.792s] DEBUG:colcon.colcon_core.event_handler.log_command:Invoking command in '/Bt/build/play_motion2_msgs': CMAKE_PREFIX_PATH=${CMAKE_PREFIX_PATH}:/opt/ros/jazzy /usr/bin/cmake --install /Bt/build/play_motion2_msgs
[1.795s] DEBUG:colcon.colcon_core.event_handler.log_command:Invoking command in '/Bt/build/tiago_sim': CMAKE_PREFIX_PATH=${CMAKE_PREFIX_PATH}:/opt/ros/jazzy /usr/bin/cmake --build /Bt/build/tiago_sim -- -j8 -l8
[1.798s] DEBUG:colcon.colcon_core.event_handler.log_command:Invoking command in '/Bt/build/tiago_slam': CMAKE_PREFIX_PATH=${CMAKE_PREFIX_PATH}:/opt/ros/jazzy /usr/bin/cmake --build /Bt/build/tiago_slam -- -j8 -l8
[1.800s] DEBUG:colcon.colcon_core.event_handler.log_command:Invoking command in '/Bt/ThirdParty/launch_pal': PYTHONPATH=/Bt/build/launch_pal/prefix_override:/usr/lib/python3/dist-packages/colcon_core/task/python/colcon_distutils_commands:/Bt/install/launch_pal/lib/python3.12/site-packages:${PYTHONPATH} /usr/bin/python3 -W ignore:setup.py install is deprecated -W ignore:easy_install command is deprecated setup.py egg_info --egg-base ../../build/launch_pal build --build-base /Bt/build/launch_pal/build install --record /Bt/build/launch_pal/install.log --single-version-externally-managed install_data
[1.800s] DEBUG:colcon.colcon_core.event_handler.log_command:Invoked command in '/Bt/build/yolo_msgs' returned '0': CMAKE_PREFIX_PATH=${CMAKE_PREFIX_PATH}:/opt/ros/jazzy /usr/bin/cmake --build /Bt/build/yolo_msgs -- -j8 -l8
[1.801s] DEBUG:colcon.colcon_core.event_handler.log_command:Invoking command in '/Bt/build/yolo_msgs': CMAKE_PREFIX_PATH=${CMAKE_PREFIX_PATH}:/opt/ros/jazzy /usr/bin/cmake --install /Bt/build/yolo_msgs
[1.873s] Level 1:colcon.colcon_core.environment:create_environment_scripts_only(btcpp_ros2_interfaces)
[1.873s] Level 1:colcon.colcon_core.environment:checking '/Bt/install/btcpp_ros2_interfaces' for CMake module files
[1.875s] Level 1:colcon.colcon_core.environment:checking '/Bt/install/btcpp_ros2_interfaces' for CMake config files
[1.876s] Level 1:colcon.colcon_core.shell:create_environment_hook('btcpp_ros2_interfaces', 'cmake_prefix_path')
[1.877s] INFO:colcon.colcon_core.shell:Creating environment hook '/Bt/install/btcpp_ros2_interfaces/share/btcpp_ros2_interfaces/hook/cmake_prefix_path.ps1'
[1.877s] INFO:colcon.colcon_core.shell:Creating environment descriptor '/Bt/install/btcpp_ros2_interfaces/share/btcpp_ros2_interfaces/hook/cmake_prefix_path.dsv'
[1.882s] INFO:colcon.colcon_core.shell:Creating environment hook '/Bt/install/btcpp_ros2_interfaces/share/btcpp_ros2_interfaces/hook/cmake_prefix_path.sh'
[1.883s] Level 1:colcon.colcon_core.environment:checking '/Bt/install/btcpp_ros2_interfaces/lib'
[1.883s] Level 1:colcon.colcon_core.shell:create_environment_hook('btcpp_ros2_interfaces', 'ld_library_path_lib')
[1.884s] INFO:colcon.colcon_core.shell:Creating environment hook '/Bt/install/btcpp_ros2_interfaces/share/btcpp_ros2_interfaces/hook/ld_library_path_lib.ps1'
[1.884s] INFO:colcon.colcon_core.shell:Creating environment descriptor '/Bt/install/btcpp_ros2_interfaces/share/btcpp_ros2_interfaces/hook/ld_library_path_lib.dsv'
[1.885s] INFO:colcon.colcon_core.shell:Creating environment hook '/Bt/install/btcpp_ros2_interfaces/share/btcpp_ros2_interfaces/hook/ld_library_path_lib.sh'
[1.886s] Level 1:colcon.colcon_core.environment:checking '/Bt/install/btcpp_ros2_interfaces/bin'
[1.886s] Level 1:colcon.colcon_core.environment:checking '/Bt/install/btcpp_ros2_interfaces/lib/pkgconfig/btcpp_ros2_interfaces.pc'
[1.887s] Level 1:colcon.colcon_core.environment:checking '/Bt/install/btcpp_ros2_interfaces/lib/python3.12/site-packages'
[1.887s] Level 1:colcon.colcon_core.shell:create_environment_hook('btcpp_ros2_interfaces', 'pythonpath')
[1.887s] INFO:colcon.colcon_core.shell:Creating environment hook '/Bt/install/btcpp_ros2_interfaces/share/btcpp_ros2_interfaces/hook/pythonpath.ps1'
[1.895s] INFO:colcon.colcon_core.shell:Creating environment descriptor '/Bt/install/btcpp_ros2_interfaces/share/btcpp_ros2_interfaces/hook/pythonpath.dsv'
[1.899s] INFO:colcon.colcon_core.shell:Creating environment hook '/Bt/install/btcpp_ros2_interfaces/share/btcpp_ros2_interfaces/hook/pythonpath.sh'
[1.902s] Level 1:colcon.colcon_core.environment:checking '/Bt/install/btcpp_ros2_interfaces/bin'
[1.902s] INFO:colcon.colcon_core.shell:Creating package script '/Bt/install/btcpp_ros2_interfaces/share/btcpp_ros2_interfaces/package.ps1'
[1.904s] INFO:colcon.colcon_core.shell:Creating package descriptor '/Bt/install/btcpp_ros2_interfaces/share/btcpp_ros2_interfaces/package.dsv'
[1.906s] DEBUG:colcon.colcon_core.event_handler.log_command:Invoked command in '/Bt/build/tiago_sim' returned '0': CMAKE_PREFIX_PATH=${CMAKE_PREFIX_PATH}:/opt/ros/jazzy /usr/bin/cmake --build /Bt/build/tiago_sim -- -j8 -l8
[1.908s] INFO:colcon.colcon_core.shell:Creating package script '/Bt/install/btcpp_ros2_interfaces/share/btcpp_ros2_interfaces/package.sh'
[1.909s] INFO:colcon.colcon_core.shell:Creating package script '/Bt/install/btcpp_ros2_interfaces/share/btcpp_ros2_interfaces/package.bash'
[1.910s] INFO:colcon.colcon_core.shell:Creating package script '/Bt/install/btcpp_ros2_interfaces/share/btcpp_ros2_interfaces/package.zsh'
[1.911s] Level 1:colcon.colcon_core.environment:create_file_with_runtime_dependencies(/Bt/install/btcpp_ros2_interfaces/share/colcon-core/packages/btcpp_ros2_interfaces)
[1.912s] Level 1:colcon.colcon_core.environment:create_environment_scripts_only(btcpp_ros2_interfaces)
[1.912s] Level 1:colcon.colcon_core.environment:checking '/Bt/install/btcpp_ros2_interfaces' for CMake module files
[1.915s] Level 1:colcon.colcon_core.environment:checking '/Bt/install/btcpp_ros2_interfaces' for CMake config files
[1.935s] DEBUG:colcon.colcon_core.event_handler.log_command:Invoking command in '/Bt/build/tiago_sim': CMAKE_PREFIX_PATH=${CMAKE_PREFIX_PATH}:/opt/ros/jazzy /usr/bin/cmake --install /Bt/build/tiago_sim
[1.944s] Level 1:colcon.colcon_core.shell:create_environment_hook('btcpp_ros2_interfaces', 'cmake_prefix_path')
[1.944s] INFO:colcon.colcon_core.shell:Creating environment hook '/Bt/install/btcpp_ros2_interfaces/share/btcpp_ros2_interfaces/hook/cmake_prefix_path.ps1'
[1.945s] DEBUG:colcon.colcon_core.event_handler.log_command:Invoked command in '/Bt/build/tiago_slam' returned '0': CMAKE_PREFIX_PATH=${CMAKE_PREFIX_PATH}:/opt/ros/jazzy /usr/bin/cmake --build /Bt/build/tiago_slam -- -j8 -l8
[1.946s] INFO:colcon.colcon_core.shell:Creating environment descriptor '/Bt/install/btcpp_ros2_interfaces/share/btcpp_ros2_interfaces/hook/cmake_prefix_path.dsv'
[1.947s] INFO:colcon.colcon_core.shell:Creating environment hook '/Bt/install/btcpp_ros2_interfaces/share/btcpp_ros2_interfaces/hook/cmake_prefix_path.sh'
[1.949s] DEBUG:colcon.colcon_core.event_handler.log_command:Invoking command in '/Bt/build/tiago_slam': CMAKE_PREFIX_PATH=${CMAKE_PREFIX_PATH}:/opt/ros/jazzy /usr/bin/cmake --install /Bt/build/tiago_slam
[1.949s] DEBUG:colcon.colcon_core.event_handler.log_command:Invoked command in '/Bt/build/btcpp_ros2_interfaces' returned '0': CMAKE_PREFIX_PATH=${CMAKE_PREFIX_PATH}:/opt/ros/jazzy /usr/bin/cmake --install /Bt/build/btcpp_ros2_interfaces
[1.950s] Level 1:colcon.colcon_core.environment:checking '/Bt/install/btcpp_ros2_interfaces/lib'
[1.952s] Level 1:colcon.colcon_core.shell:create_environment_hook('btcpp_ros2_interfaces', 'ld_library_path_lib')
[1.953s] INFO:colcon.colcon_core.shell:Creating environment hook '/Bt/install/btcpp_ros2_interfaces/share/btcpp_ros2_interfaces/hook/ld_library_path_lib.ps1'
[1.955s] INFO:colcon.colcon_core.shell:Creating environment descriptor '/Bt/install/btcpp_ros2_interfaces/share/btcpp_ros2_interfaces/hook/ld_library_path_lib.dsv'
[1.958s] INFO:colcon.colcon_core.shell:Creating environment hook '/Bt/install/btcpp_ros2_interfaces/share/btcpp_ros2_interfaces/hook/ld_library_path_lib.sh'
[1.959s] Level 1:colcon.colcon_core.environment:checking '/Bt/install/btcpp_ros2_interfaces/bin'
[1.959s] Level 1:colcon.colcon_core.environment:checking '/Bt/install/btcpp_ros2_interfaces/lib/pkgconfig/btcpp_ros2_interfaces.pc'
[1.960s] Level 1:colcon.colcon_core.environment:checking '/Bt/install/btcpp_ros2_interfaces/lib/python3.12/site-packages'
[1.960s] Level 1:colcon.colcon_core.shell:create_environment_hook('btcpp_ros2_interfaces', 'pythonpath')
[1.960s] INFO:colcon.colcon_core.shell:Creating environment hook '/Bt/install/btcpp_ros2_interfaces/share/btcpp_ros2_interfaces/hook/pythonpath.ps1'
[1.963s] INFO:colcon.colcon_core.shell:Creating environment descriptor '/Bt/install/btcpp_ros2_interfaces/share/btcpp_ros2_interfaces/hook/pythonpath.dsv'
[1.966s] INFO:colcon.colcon_core.shell:Creating environment hook '/Bt/install/btcpp_ros2_interfaces/share/btcpp_ros2_interfaces/hook/pythonpath.sh'
[1.968s] Level 1:colcon.colcon_core.environment:checking '/Bt/install/btcpp_ros2_interfaces/bin'
[1.968s] INFO:colcon.colcon_core.shell:Creating package script '/Bt/install/btcpp_ros2_interfaces/share/btcpp_ros2_interfaces/package.ps1'
[1.970s] INFO:colcon.colcon_core.shell:Creating package descriptor '/Bt/install/btcpp_ros2_interfaces/share/btcpp_ros2_interfaces/package.dsv'
[1.973s] INFO:colcon.colcon_core.shell:Creating package script '/Bt/install/btcpp_ros2_interfaces/share/btcpp_ros2_interfaces/package.sh'
[1.976s] INFO:colcon.colcon_core.shell:Creating package script '/Bt/install/btcpp_ros2_interfaces/share/btcpp_ros2_interfaces/package.bash'
[1.979s] INFO:colcon.colcon_core.shell:Creating package script '/Bt/install/btcpp_ros2_interfaces/share/btcpp_ros2_interfaces/package.zsh'
[1.982s] Level 1:colcon.colcon_core.environment:create_file_with_runtime_dependencies(/Bt/install/btcpp_ros2_interfaces/share/colcon-core/packages/btcpp_ros2_interfaces)
[1.986s] INFO:colcon.colcon_ros.task.ament_cmake.build:Building ROS package in '/Bt/ThirdParty/BehaviorTree.ROS2/behaviortree_ros2' with build type 'ament_cmake'
[1.986s] INFO:colcon.colcon_cmake.task.cmake.build:Building CMake package in '/Bt/ThirdParty/BehaviorTree.ROS2/behaviortree_ros2'
[1.986s] INFO:colcon.colcon_core.shell:Skip shell extension 'powershell' for command environment: Not usable outside of PowerShell
[1.986s] DEBUG:colcon.colcon_core.shell:Skip shell extension 'dsv' for command environment
[2.024s] Level 1:colcon.colcon_core.environment:create_environment_scripts_only(tiago_slam)
[2.024s] Level 1:colcon.colcon_core.environment:checking '/Bt/install/tiago_slam' for CMake module files
[2.025s] DEBUG:colcon.colcon_core.event_handler.log_command:Invoked command in '/Bt/build/tiago_slam' returned '0': CMAKE_PREFIX_PATH=${CMAKE_PREFIX_PATH}:/opt/ros/jazzy /usr/bin/cmake --install /Bt/build/tiago_slam
[2.025s] Level 1:colcon.colcon_core.environment:checking '/Bt/install/tiago_slam' for CMake config files
[2.026s] Level 1:colcon.colcon_core.shell:create_environment_hook('tiago_slam', 'cmake_prefix_path')
[2.026s] INFO:colcon.colcon_core.shell:Creating environment hook '/Bt/install/tiago_slam/share/tiago_slam/hook/cmake_prefix_path.ps1'
[2.027s] INFO:colcon.colcon_core.shell:Creating environment descriptor '/Bt/install/tiago_slam/share/tiago_slam/hook/cmake_prefix_path.dsv'
[2.027s] INFO:colcon.colcon_core.shell:Creating environment hook '/Bt/install/tiago_slam/share/tiago_slam/hook/cmake_prefix_path.sh'
[2.028s] Level 1:colcon.colcon_core.environment:checking '/Bt/install/tiago_slam/bin'
[2.028s] Level 1:colcon.colcon_core.environment:checking '/Bt/install/tiago_slam/lib/pkgconfig/tiago_slam.pc'
[2.029s] Level 1:colcon.colcon_core.environment:checking '/Bt/install/tiago_slam/lib/python3.12/site-packages'
[2.029s] Level 1:colcon.colcon_core.environment:checking '/Bt/install/tiago_slam/bin'
[2.029s] INFO:colcon.colcon_core.shell:Creating package script '/Bt/install/tiago_slam/share/tiago_slam/package.ps1'
[2.030s] INFO:colcon.colcon_core.shell:Creating package descriptor '/Bt/install/tiago_slam/share/tiago_slam/package.dsv'
[2.031s] INFO:colcon.colcon_core.shell:Creating package script '/Bt/install/tiago_slam/share/tiago_slam/package.sh'
[2.031s] INFO:colcon.colcon_core.shell:Creating package script '/Bt/install/tiago_slam/share/tiago_slam/package.bash'
[2.032s] INFO:colcon.colcon_core.shell:Creating package script '/Bt/install/tiago_slam/share/tiago_slam/package.zsh'
[2.032s] Level 1:colcon.colcon_core.environment:create_file_with_runtime_dependencies(/Bt/install/tiago_slam/share/colcon-core/packages/tiago_slam)
[2.033s] Level 1:colcon.colcon_core.environment:create_environment_scripts_only(tiago_slam)
[2.033s] Level 1:colcon.colcon_core.environment:checking '/Bt/install/tiago_slam' for CMake module files
[2.034s] Level 1:colcon.colcon_core.environment:checking '/Bt/install/tiago_slam' for CMake config files
[2.034s] Level 1:colcon.colcon_core.shell:create_environment_hook('tiago_slam', 'cmake_prefix_path')
[2.035s] INFO:colcon.colcon_core.shell:Creating environment hook '/Bt/install/tiago_slam/share/tiago_slam/hook/cmake_prefix_path.ps1'
[2.035s] INFO:colcon.colcon_core.shell:Creating environment descriptor '/Bt/install/tiago_slam/share/tiago_slam/hook/cmake_prefix_path.dsv'
[2.036s] INFO:colcon.colcon_core.shell:Creating environment hook '/Bt/install/tiago_slam/share/tiago_slam/hook/cmake_prefix_path.sh'
[2.036s] Level 1:colcon.colcon_core.environment:checking '/Bt/install/tiago_slam/bin'
[2.036s] Level 1:colcon.colcon_core.environment:checking '/Bt/install/tiago_slam/lib/pkgconfig/tiago_slam.pc'
[2.037s] Level 1:colcon.colcon_core.environment:checking '/Bt/install/tiago_slam/lib/python3.12/site-packages'
[2.037s] Level 1:colcon.colcon_core.environment:checking '/Bt/install/tiago_slam/bin'
[2.038s] INFO:colcon.colcon_core.shell:Creating package script '/Bt/install/tiago_slam/share/tiago_slam/package.ps1'
[2.039s] INFO:colcon.colcon_core.shell:Creating package descriptor '/Bt/install/tiago_slam/share/tiago_slam/package.dsv'
[2.039s] INFO:colcon.colcon_core.shell:Creating package script '/Bt/install/tiago_slam/share/tiago_slam/package.sh'
[2.040s] INFO:colcon.colcon_core.shell:Creating package script '/Bt/install/tiago_slam/share/tiago_slam/package.bash'
[2.040s] INFO:colcon.colcon_core.shell:Creating package script '/Bt/install/tiago_slam/share/tiago_slam/package.zsh'
[2.041s] Level 1:colcon.colcon_core.environment:create_file_with_runtime_dependencies(/Bt/install/tiago_slam/share/colcon-core/packages/tiago_slam)
[2.041s] Level 1:colcon.colcon_core.environment:create_environment_scripts_only(play_motion2_msgs)
[2.042s] Level 1:colcon.colcon_core.environment:checking '/Bt/install/play_motion2_msgs' for CMake module files
[2.042s] DEBUG:colcon.colcon_core.event_handler.log_command:Invoked command in '/Bt/build/play_motion2_msgs' returned '0': CMAKE_PREFIX_PATH=${CMAKE_PREFIX_PATH}:/opt/ros/jazzy /usr/bin/cmake --install /Bt/build/play_motion2_msgs
[2.043s] Level 1:colcon.colcon_core.environment:checking '/Bt/install/play_motion2_msgs' for CMake config files
[2.045s] Level 1:colcon.colcon_core.shell:create_environment_hook('play_motion2_msgs', 'cmake_prefix_path')
[2.045s] INFO:colcon.colcon_core.shell:Creating environment hook '/Bt/install/play_motion2_msgs/share/play_motion2_msgs/hook/cmake_prefix_path.ps1'
[2.046s] INFO:colcon.colcon_core.shell:Creating environment descriptor '/Bt/install/play_motion2_msgs/share/play_motion2_msgs/hook/cmake_prefix_path.dsv'
[2.046s] INFO:colcon.colcon_core.shell:Creating environment hook '/Bt/install/play_motion2_msgs/share/play_motion2_msgs/hook/cmake_prefix_path.sh'
[2.047s] Level 1:colcon.colcon_core.environment:checking '/Bt/install/play_motion2_msgs/lib'
[2.047s] Level 1:colcon.colcon_core.shell:create_environment_hook('play_motion2_msgs', 'ld_library_path_lib')
[2.047s] INFO:colcon.colcon_core.shell:Creating environment hook '/Bt/install/play_motion2_msgs/share/play_motion2_msgs/hook/ld_library_path_lib.ps1'
[2.048s] INFO:colcon.colcon_core.shell:Creating environment descriptor '/Bt/install/play_motion2_msgs/share/play_motion2_msgs/hook/ld_library_path_lib.dsv'
[2.048s] INFO:colcon.colcon_core.shell:Creating environment hook '/Bt/install/play_motion2_msgs/share/play_motion2_msgs/hook/ld_library_path_lib.sh'
[2.049s] Level 1:colcon.colcon_core.environment:checking '/Bt/install/play_motion2_msgs/bin'
[2.049s] Level 1:colcon.colcon_core.environment:checking '/Bt/install/play_motion2_msgs/lib/pkgconfig/play_motion2_msgs.pc'
[2.049s] Level 1:colcon.colcon_core.environment:checking '/Bt/install/play_motion2_msgs/lib/python3.12/site-packages'
[2.049s] Level 1:colcon.colcon_core.shell:create_environment_hook('play_motion2_msgs', 'pythonpath')
[2.050s] INFO:colcon.colcon_core.shell:Creating environment hook '/Bt/install/play_motion2_msgs/share/play_motion2_msgs/hook/pythonpath.ps1'
[2.050s] INFO:colcon.colcon_core.shell:Creating environment descriptor '/Bt/install/play_motion2_msgs/share/play_motion2_msgs/hook/pythonpath.dsv'
[2.051s] INFO:colcon.colcon_core.shell:Creating environment hook '/Bt/install/play_motion2_msgs/share/play_motion2_msgs/hook/pythonpath.sh'
[2.052s] Level 1:colcon.colcon_core.environment:checking '/Bt/install/play_motion2_msgs/bin'
[2.052s] INFO:colcon.colcon_core.shell:Creating package script '/Bt/install/play_motion2_msgs/share/play_motion2_msgs/package.ps1'
[2.053s] INFO:colcon.colcon_core.shell:Creating package descriptor '/Bt/install/play_motion2_msgs/share/play_motion2_msgs/package.dsv'
[2.054s] INFO:colcon.colcon_core.shell:Creating package script '/Bt/install/play_motion2_msgs/share/play_motion2_msgs/package.sh'
[2.054s] INFO:colcon.colcon_core.shell:Creating package script '/Bt/install/play_motion2_msgs/share/play_motion2_msgs/package.bash'
[2.055s] INFO:colcon.colcon_core.shell:Creating package script '/Bt/install/play_motion2_msgs/share/play_motion2_msgs/package.zsh'
[2.055s] Level 1:colcon.colcon_core.environment:create_file_with_runtime_dependencies(/Bt/install/play_motion2_msgs/share/colcon-core/packages/play_motion2_msgs)
[2.056s] Level 1:colcon.colcon_core.environment:create_environment_scripts_only(play_motion2_msgs)
[2.056s] Level 1:colcon.colcon_core.environment:checking '/Bt/install/play_motion2_msgs' for CMake module files
[2.057s] Level 1:colcon.colcon_core.environment:checking '/Bt/install/play_motion2_msgs' for CMake config files
[2.059s] Level 1:colcon.colcon_core.shell:create_environment_hook('play_motion2_msgs', 'cmake_prefix_path')
[2.059s] INFO:colcon.colcon_core.shell:Creating environment hook '/Bt/install/play_motion2_msgs/share/play_motion2_msgs/hook/cmake_prefix_path.ps1'
[2.060s] INFO:colcon.colcon_core.shell:Creating environment descriptor '/Bt/install/play_motion2_msgs/share/play_motion2_msgs/hook/cmake_prefix_path.dsv'
[2.060s] INFO:colcon.colcon_core.shell:Creating environment hook '/Bt/install/play_motion2_msgs/share/play_motion2_msgs/hook/cmake_prefix_path.sh'
[2.061s] Level 1:colcon.colcon_core.environment:checking '/Bt/install/play_motion2_msgs/lib'
[2.061s] Level 1:colcon.colcon_core.shell:create_environment_hook('play_motion2_msgs', 'ld_library_path_lib')
[2.061s] INFO:colcon.colcon_core.shell:Creating environment hook '/Bt/install/play_motion2_msgs/share/play_motion2_msgs/hook/ld_library_path_lib.ps1'
[2.062s] INFO:colcon.colcon_core.shell:Creating environment descriptor '/Bt/install/play_motion2_msgs/share/play_motion2_msgs/hook/ld_library_path_lib.dsv'
[2.062s] INFO:colcon.colcon_core.shell:Creating environment hook '/Bt/install/play_motion2_msgs/share/play_motion2_msgs/hook/ld_library_path_lib.sh'
[2.063s] Level 1:colcon.colcon_core.environment:checking '/Bt/install/play_motion2_msgs/bin'
[2.063s] Level 1:colcon.colcon_core.environment:checking '/Bt/install/play_motion2_msgs/lib/pkgconfig/play_motion2_msgs.pc'
[2.063s] Level 1:colcon.colcon_core.environment:checking '/Bt/install/play_motion2_msgs/lib/python3.12/site-packages'
[2.063s] Level 1:colcon.colcon_core.shell:create_environment_hook('play_motion2_msgs', 'pythonpath')
[2.063s] INFO:colcon.colcon_core.shell:Creating environment hook '/Bt/install/play_motion2_msgs/share/play_motion2_msgs/hook/pythonpath.ps1'
[2.064s] INFO:colcon.colcon_core.shell:Creating environment descriptor '/Bt/install/play_motion2_msgs/share/play_motion2_msgs/hook/pythonpath.dsv'
[2.064s] INFO:colcon.colcon_core.shell:Creating environment hook '/Bt/install/play_motion2_msgs/share/play_motion2_msgs/hook/pythonpath.sh'
[2.065s] Level 1:colcon.colcon_core.environment:checking '/Bt/install/play_motion2_msgs/bin'
[2.065s] INFO:colcon.colcon_core.shell:Creating package script '/Bt/install/play_motion2_msgs/share/play_motion2_msgs/package.ps1'
[2.065s] INFO:colcon.colcon_core.shell:Creating package descriptor '/Bt/install/play_motion2_msgs/share/play_motion2_msgs/package.dsv'
[2.066s] INFO:colcon.colcon_core.shell:Creating package script '/Bt/install/play_motion2_msgs/share/play_motion2_msgs/package.sh'
[2.066s] INFO:colcon.colcon_core.shell:Creating package script '/Bt/install/play_motion2_msgs/share/play_motion2_msgs/package.bash'
[2.067s] INFO:colcon.colcon_core.shell:Creating package script '/Bt/install/play_motion2_msgs/share/play_motion2_msgs/package.zsh'
[2.067s] Level 1:colcon.colcon_core.environment:create_file_with_runtime_dependencies(/Bt/install/play_motion2_msgs/share/colcon-core/packages/play_motion2_msgs)
[2.068s] Level 1:colcon.colcon_core.environment:create_environment_scripts_only(tiago_sim)
[2.068s] Level 1:colcon.colcon_core.environment:checking '/Bt/install/tiago_sim' for CMake module files
[2.069s] DEBUG:colcon.colcon_core.event_handler.log_command:Invoked command in '/Bt/build/tiago_sim' returned '0': CMAKE_PREFIX_PATH=${CMAKE_PREFIX_PATH}:/opt/ros/jazzy /usr/bin/cmake --install /Bt/build/tiago_sim
[2.070s] Level 1:colcon.colcon_core.environment:checking '/Bt/install/tiago_sim' for CMake config files
[2.073s] Level 1:colcon.colcon_core.shell:create_environment_hook('tiago_sim', 'cmake_prefix_path')
[2.073s] INFO:colcon.colcon_core.shell:Creating environment hook '/Bt/install/tiago_sim/share/tiago_sim/hook/cmake_prefix_path.ps1'
[2.074s] INFO:colcon.colcon_core.shell:Creating environment descriptor '/Bt/install/tiago_sim/share/tiago_sim/hook/cmake_prefix_path.dsv'
[2.074s] INFO:colcon.colcon_core.shell:Creating environment hook '/Bt/install/tiago_sim/share/tiago_sim/hook/cmake_prefix_path.sh'
[2.075s] Level 1:colcon.colcon_core.environment:checking '/Bt/install/tiago_sim/bin'
[2.075s] Level 1:colcon.colcon_core.environment:checking '/Bt/install/tiago_sim/lib/pkgconfig/tiago_sim.pc'
[2.075s] Level 1:colcon.colcon_core.environment:checking '/Bt/install/tiago_sim/lib/python3.12/site-packages'
[2.075s] Level 1:colcon.colcon_core.environment:checking '/Bt/install/tiago_sim/bin'
[2.076s] INFO:colcon.colcon_core.shell:Creating package script '/Bt/install/tiago_sim/share/tiago_sim/package.ps1'
[2.076s] INFO:colcon.colcon_core.shell:Creating package descriptor '/Bt/install/tiago_sim/share/tiago_sim/package.dsv'
[2.076s] INFO:colcon.colcon_core.shell:Creating package script '/Bt/install/tiago_sim/share/tiago_sim/package.sh'
[2.077s] INFO:colcon.colcon_core.shell:Creating package script '/Bt/install/tiago_sim/share/tiago_sim/package.bash'
[2.077s] INFO:colcon.colcon_core.shell:Creating package script '/Bt/install/tiago_sim/share/tiago_sim/package.zsh'
[2.077s] Level 1:colcon.colcon_core.environment:create_file_with_runtime_dependencies(/Bt/install/tiago_sim/share/colcon-core/packages/tiago_sim)
[2.078s] Level 1:colcon.colcon_core.environment:create_environment_scripts_only(tiago_sim)
[2.078s] Level 1:colcon.colcon_core.environment:checking '/Bt/install/tiago_sim' for CMake module files
[2.079s] Level 1:colcon.colcon_core.environment:checking '/Bt/install/tiago_sim' for CMake config files
[2.082s] Level 1:colcon.colcon_core.shell:create_environment_hook('tiago_sim', 'cmake_prefix_path')
[2.082s] INFO:colcon.colcon_core.shell:Creating environment hook '/Bt/install/tiago_sim/share/tiago_sim/hook/cmake_prefix_path.ps1'
[2.082s] INFO:colcon.colcon_core.shell:Creating environment descriptor '/Bt/install/tiago_sim/share/tiago_sim/hook/cmake_prefix_path.dsv'
[2.083s] INFO:colcon.colcon_core.shell:Creating environment hook '/Bt/install/tiago_sim/share/tiago_sim/hook/cmake_prefix_path.sh'
[2.083s] Level 1:colcon.colcon_core.environment:checking '/Bt/install/tiago_sim/bin'
[2.083s] Level 1:colcon.colcon_core.environment:checking '/Bt/install/tiago_sim/lib/pkgconfig/tiago_sim.pc'
[2.083s] Level 1:colcon.colcon_core.environment:checking '/Bt/install/tiago_sim/lib/python3.12/site-packages'
[2.084s] Level 1:colcon.colcon_core.environment:checking '/Bt/install/tiago_sim/bin'
[2.084s] INFO:colcon.colcon_core.shell:Creating package script '/Bt/install/tiago_sim/share/tiago_sim/package.ps1'
[2.084s] INFO:colcon.colcon_core.shell:Creating package descriptor '/Bt/install/tiago_sim/share/tiago_sim/package.dsv'
[2.085s] INFO:colcon.colcon_core.shell:Creating package script '/Bt/install/tiago_sim/share/tiago_sim/package.sh'
[2.086s] INFO:colcon.colcon_core.shell:Creating package script '/Bt/install/tiago_sim/share/tiago_sim/package.bash'
[2.086s] INFO:colcon.colcon_core.shell:Creating package script '/Bt/install/tiago_sim/share/tiago_sim/package.zsh'
[2.087s] Level 1:colcon.colcon_core.environment:create_file_with_runtime_dependencies(/Bt/install/tiago_sim/share/colcon-core/packages/tiago_sim)
[2.088s] DEBUG:colcon.colcon_core.event_handler.log_command:Invoked command in '/Bt/build/ros2_aruco_interfaces' returned '0': CMAKE_PREFIX_PATH=${CMAKE_PREFIX_PATH}:/opt/ros/jazzy /usr/bin/cmake --build /Bt/build/ros2_aruco_interfaces -- -j8 -l8
[2.088s] DEBUG:colcon.colcon_core.event_handler.log_command:Invoking command in '/Bt/build/ros2_aruco_interfaces': CMAKE_PREFIX_PATH=${CMAKE_PREFIX_PATH}:/opt/ros/jazzy /usr/bin/cmake --install /Bt/build/ros2_aruco_interfaces
[2.089s] Level 1:colcon.colcon_core.environment:create_environment_scripts_only(yolo_msgs)
[2.089s] Level 1:colcon.colcon_core.environment:checking '/Bt/install/yolo_msgs' for CMake module files
[2.089s] DEBUG:colcon.colcon_core.event_handler.log_command:Invoked command in '/Bt/build/yolo_msgs' returned '0': CMAKE_PREFIX_PATH=${CMAKE_PREFIX_PATH}:/opt/ros/jazzy /usr/bin/cmake --install /Bt/build/yolo_msgs
[2.090s] Level 1:colcon.colcon_core.environment:checking '/Bt/install/yolo_msgs' for CMake config files
[2.091s] Level 1:colcon.colcon_core.shell:create_environment_hook('yolo_msgs', 'cmake_prefix_path')
[2.091s] INFO:colcon.colcon_core.shell:Creating environment hook '/Bt/install/yolo_msgs/share/yolo_msgs/hook/cmake_prefix_path.ps1'
[2.091s] INFO:colcon.colcon_core.shell:Creating environment descriptor '/Bt/install/yolo_msgs/share/yolo_msgs/hook/cmake_prefix_path.dsv'
[2.092s] INFO:colcon.colcon_core.shell:Creating environment hook '/Bt/install/yolo_msgs/share/yolo_msgs/hook/cmake_prefix_path.sh'
[2.092s] Level 1:colcon.colcon_core.environment:checking '/Bt/install/yolo_msgs/lib'
[2.092s] Level 1:colcon.colcon_core.shell:create_environment_hook('yolo_msgs', 'ld_library_path_lib')
[2.092s] INFO:colcon.colcon_core.shell:Creating environment hook '/Bt/install/yolo_msgs/share/yolo_msgs/hook/ld_library_path_lib.ps1'
[2.093s] INFO:colcon.colcon_core.shell:Creating environment descriptor '/Bt/install/yolo_msgs/share/yolo_msgs/hook/ld_library_path_lib.dsv'
[2.093s] INFO:colcon.colcon_core.shell:Creating environment hook '/Bt/install/yolo_msgs/share/yolo_msgs/hook/ld_library_path_lib.sh'
[2.093s] Level 1:colcon.colcon_core.environment:checking '/Bt/install/yolo_msgs/bin'
[2.094s] Level 1:colcon.colcon_core.environment:checking '/Bt/install/yolo_msgs/lib/pkgconfig/yolo_msgs.pc'
[2.094s] Level 1:colcon.colcon_core.environment:checking '/Bt/install/yolo_msgs/lib/python3.12/site-packages'
[2.094s] Level 1:colcon.colcon_core.shell:create_environment_hook('yolo_msgs', 'pythonpath')
[2.094s] INFO:colcon.colcon_core.shell:Creating environment hook '/Bt/install/yolo_msgs/share/yolo_msgs/hook/pythonpath.ps1'
[2.094s] INFO:colcon.colcon_core.shell:Creating environment descriptor '/Bt/install/yolo_msgs/share/yolo_msgs/hook/pythonpath.dsv'
[2.095s] INFO:colcon.colcon_core.shell:Creating environment hook '/Bt/install/yolo_msgs/share/yolo_msgs/hook/pythonpath.sh'
[2.095s] Level 1:colcon.colcon_core.environment:checking '/Bt/install/yolo_msgs/bin'
[2.096s] INFO:colcon.colcon_core.shell:Creating package script '/Bt/install/yolo_msgs/share/yolo_msgs/package.ps1'
[2.096s] INFO:colcon.colcon_core.shell:Creating package descriptor '/Bt/install/yolo_msgs/share/yolo_msgs/package.dsv'
[2.097s] INFO:colcon.colcon_core.shell:Creating package script '/Bt/install/yolo_msgs/share/yolo_msgs/package.sh'
[2.097s] INFO:colcon.colcon_core.shell:Creating package script '/Bt/install/yolo_msgs/share/yolo_msgs/package.bash'
[2.097s] INFO:colcon.colcon_core.shell:Creating package script '/Bt/install/yolo_msgs/share/yolo_msgs/package.zsh'
[2.098s] Level 1:colcon.colcon_core.environment:create_file_with_runtime_dependencies(/Bt/install/yolo_msgs/share/colcon-core/packages/yolo_msgs)
[2.098s] Level 1:colcon.colcon_core.environment:create_environment_scripts_only(yolo_msgs)
[2.098s] Level 1:colcon.colcon_core.environment:checking '/Bt/install/yolo_msgs' for CMake module files
[2.099s] Level 1:colcon.colcon_core.environment:checking '/Bt/install/yolo_msgs' for CMake config files
[2.100s] Level 1:colcon.colcon_core.shell:create_environment_hook('yolo_msgs', 'cmake_prefix_path')
[2.100s] INFO:colcon.colcon_core.shell:Creating environment hook '/Bt/install/yolo_msgs/share/yolo_msgs/hook/cmake_prefix_path.ps1'
[2.101s] INFO:colcon.colcon_core.shell:Creating environment descriptor '/Bt/install/yolo_msgs/share/yolo_msgs/hook/cmake_prefix_path.dsv'
[2.101s] INFO:colcon.colcon_core.shell:Creating environment hook '/Bt/install/yolo_msgs/share/yolo_msgs/hook/cmake_prefix_path.sh'
[2.101s] Level 1:colcon.colcon_core.environment:checking '/Bt/install/yolo_msgs/lib'
[2.102s] Level 1:colcon.colcon_core.shell:create_environment_hook('yolo_msgs', 'ld_library_path_lib')
[2.102s] INFO:colcon.colcon_core.shell:Creating environment hook '/Bt/install/yolo_msgs/share/yolo_msgs/hook/ld_library_path_lib.ps1'
[2.102s] INFO:colcon.colcon_core.shell:Creating environment descriptor '/Bt/install/yolo_msgs/share/yolo_msgs/hook/ld_library_path_lib.dsv'
[2.102s] INFO:colcon.colcon_core.shell:Creating environment hook '/Bt/install/yolo_msgs/share/yolo_msgs/hook/ld_library_path_lib.sh'
[2.103s] Level 1:colcon.colcon_core.environment:checking '/Bt/install/yolo_msgs/bin'
[2.103s] Level 1:colcon.colcon_core.environment:checking '/Bt/install/yolo_msgs/lib/pkgconfig/yolo_msgs.pc'
[2.103s] Level 1:colcon.colcon_core.environment:checking '/Bt/install/yolo_msgs/lib/python3.12/site-packages'
[2.103s] Level 1:colcon.colcon_core.shell:create_environment_hook('yolo_msgs', 'pythonpath')
[2.104s] INFO:colcon.colcon_core.shell:Creating environment hook '/Bt/install/yolo_msgs/share/yolo_msgs/hook/pythonpath.ps1'
[2.104s] INFO:colcon.colcon_core.shell:Creating environment descriptor '/Bt/install/yolo_msgs/share/yolo_msgs/hook/pythonpath.dsv'
[2.104s] INFO:colcon.colcon_core.shell:Creating environment hook '/Bt/install/yolo_msgs/share/yolo_msgs/hook/pythonpath.sh'
[2.105s] Level 1:colcon.colcon_core.environment:checking '/Bt/install/yolo_msgs/bin'
[2.105s] INFO:colcon.colcon_core.shell:Creating package script '/Bt/install/yolo_msgs/share/yolo_msgs/package.ps1'
[2.106s] INFO:colcon.colcon_core.shell:Creating package descriptor '/Bt/install/yolo_msgs/share/yolo_msgs/package.dsv'
[2.106s] INFO:colcon.colcon_core.shell:Creating package script '/Bt/install/yolo_msgs/share/yolo_msgs/package.sh'
[2.107s] INFO:colcon.colcon_core.shell:Creating package script '/Bt/install/yolo_msgs/share/yolo_msgs/package.bash'
[2.107s] INFO:colcon.colcon_core.shell:Creating package script '/Bt/install/yolo_msgs/share/yolo_msgs/package.zsh'
[2.108s] Level 1:colcon.colcon_core.environment:create_file_with_runtime_dependencies(/Bt/install/yolo_msgs/share/colcon-core/packages/yolo_msgs)
[2.109s] INFO:colcon.colcon_ros.task.ament_cmake.build:Building ROS package in '/Bt/ThirdParty/grab2/grab2_msgs' with build type 'ament_cmake'
[2.109s] INFO:colcon.colcon_cmake.task.cmake.build:Building CMake package in '/Bt/ThirdParty/grab2/grab2_msgs'
[2.109s] INFO:colcon.colcon_core.shell:Skip shell extension 'powershell' for command environment: Not usable outside of PowerShell
[2.109s] DEBUG:colcon.colcon_core.shell:Skip shell extension 'dsv' for command environment
[2.113s] INFO:colcon.colcon_ros.task.ament_cmake.build:Building ROS package in '/Bt/ThirdParty/play_motion2/play_motion2' with build type 'ament_cmake'
[2.113s] INFO:colcon.colcon_cmake.task.cmake.build:Building CMake package in '/Bt/ThirdParty/play_motion2/play_motion2'
[2.114s] INFO:colcon.colcon_core.shell:Skip shell extension 'powershell' for command environment: Not usable outside of PowerShell
[2.114s] DEBUG:colcon.colcon_core.shell:Skip shell extension 'dsv' for command environment
[2.120s] INFO:colcon.colcon_ros.task.ament_python.build:Building ROS package in '/Bt/ThirdParty/yolo_ros/yolo_ros' with build type 'ament_python'
[2.120s] Level 1:colcon.colcon_core.shell:create_environment_hook('yolo_ros', 'ament_prefix_path')
[2.121s] INFO:colcon.colcon_core.shell:Creating environment hook '/Bt/install/yolo_ros/share/yolo_ros/hook/ament_prefix_path.ps1'
[2.121s] INFO:colcon.colcon_core.shell:Creating environment descriptor '/Bt/install/yolo_ros/share/yolo_ros/hook/ament_prefix_path.dsv'
[2.122s] INFO:colcon.colcon_core.shell:Creating environment hook '/Bt/install/yolo_ros/share/yolo_ros/hook/ament_prefix_path.sh'
[2.122s] INFO:colcon.colcon_core.shell:Skip shell extension 'powershell' for command environment: Not usable outside of PowerShell
[2.122s] DEBUG:colcon.colcon_core.shell:Skip shell extension 'dsv' for command environment
[2.127s] INFO:colcon.colcon_ros.task.ament_cmake.build:Building ROS package in '/Bt/ThirdParty/pal_robotiq_gripper/pal_robotiq_gripper' with build type 'ament_cmake'
[2.127s] INFO:colcon.colcon_cmake.task.cmake.build:Building CMake package in '/Bt/ThirdParty/pal_robotiq_gripper/pal_robotiq_gripper'
[2.127s] INFO:colcon.colcon_core.shell:Skip shell extension 'powershell' for command environment: Not usable outside of PowerShell
[2.127s] DEBUG:colcon.colcon_core.shell:Skip shell extension 'dsv' for command environment
[2.155s] DEBUG:colcon.colcon_core.event_handler.log_command:Invoking command in '/Bt/build/behaviortree_ros2': AMENT_PREFIX_PATH=/Bt/install/btcpp_ros2_interfaces:${AMENT_PREFIX_PATH} CMAKE_PREFIX_PATH=/Bt/install/btcpp_ros2_interfaces:/opt/ros/jazzy/opt/gz_sim_vendor:/opt/ros/jazzy/opt/gz_sensors_vendor:/opt/ros/jazzy/opt/gz_physics_vendor:/opt/ros/jazzy/opt/sdformat_vendor:/opt/ros/jazzy/opt/gz_gui_vendor:/opt/ros/jazzy/opt/gz_transport_vendor:/opt/ros/jazzy/opt/gz_rendering_vendor:/opt/ros/jazzy/opt/gz_plugin_vendor:/opt/ros/jazzy/opt/gz_fuel_tools_vendor:/opt/ros/jazzy/opt/gz_msgs_vendor:/opt/ros/jazzy/opt/gz_common_vendor:/opt/ros/jazzy/opt/gz_math_vendor:/opt/ros/jazzy/opt/gz_utils_vendor:/opt/ros/jazzy/opt/gz_tools_vendor:/opt/ros/jazzy/opt/gz_ogre_next_vendor:/opt/ros/jazzy/opt/gz_dartsim_vendor:/opt/ros/jazzy/opt/gz_cmake_vendor:/opt/ros/jazzy LD_LIBRARY_PATH=/Bt/install/btcpp_ros2_interfaces/lib:${LD_LIBRARY_PATH} PYTHONPATH=/Bt/install/btcpp_ros2_interfaces/lib/python3.12/site-packages:${PYTHONPATH} /usr/bin/cmake --build /Bt/build/behaviortree_ros2 -- -j8 -l8
[2.157s] DEBUG:colcon.colcon_core.event_handler.log_command:Invoking command in '/Bt/build/grab2_msgs': AMENT_PREFIX_PATH=/Bt/install/btcpp_ros2_interfaces:${AMENT_PREFIX_PATH} CMAKE_PREFIX_PATH=/Bt/install/btcpp_ros2_interfaces:/opt/ros/jazzy/opt/gz_sim_vendor:/opt/ros/jazzy/opt/gz_sensors_vendor:/opt/ros/jazzy/opt/gz_physics_vendor:/opt/ros/jazzy/opt/sdformat_vendor:/opt/ros/jazzy/opt/gz_gui_vendor:/opt/ros/jazzy/opt/gz_transport_vendor:/opt/ros/jazzy/opt/gz_rendering_vendor:/opt/ros/jazzy/opt/gz_plugin_vendor:/opt/ros/jazzy/opt/gz_fuel_tools_vendor:/opt/ros/jazzy/opt/gz_msgs_vendor:/opt/ros/jazzy/opt/gz_common_vendor:/opt/ros/jazzy/opt/gz_math_vendor:/opt/ros/jazzy/opt/gz_utils_vendor:/opt/ros/jazzy/opt/gz_tools_vendor:/opt/ros/jazzy/opt/gz_ogre_next_vendor:/opt/ros/jazzy/opt/gz_dartsim_vendor:/opt/ros/jazzy/opt/gz_cmake_vendor:/opt/ros/jazzy LD_LIBRARY_PATH=/Bt/install/btcpp_ros2_interfaces/lib:${LD_LIBRARY_PATH} PYTHONPATH=/Bt/install/btcpp_ros2_interfaces/lib/python3.12/site-packages:${PYTHONPATH} /usr/bin/cmake --build /Bt/build/grab2_msgs -- -j8 -l8
[2.163s] DEBUG:colcon.colcon_core.event_handler.log_command:Invoking command in '/Bt/build/play_motion2': AMENT_PREFIX_PATH=/Bt/install/play_motion2_msgs:${AMENT_PREFIX_PATH} CMAKE_PREFIX_PATH=/Bt/install/play_motion2_msgs:/opt/ros/jazzy/opt/gz_sim_vendor:/opt/ros/jazzy/opt/gz_sensors_vendor:/opt/ros/jazzy/opt/gz_physics_vendor:/opt/ros/jazzy/opt/sdformat_vendor:/opt/ros/jazzy/opt/gz_gui_vendor:/opt/ros/jazzy/opt/gz_transport_vendor:/opt/ros/jazzy/opt/gz_rendering_vendor:/opt/ros/jazzy/opt/gz_plugin_vendor:/opt/ros/jazzy/opt/gz_fuel_tools_vendor:/opt/ros/jazzy/opt/gz_msgs_vendor:/opt/ros/jazzy/opt/gz_common_vendor:/opt/ros/jazzy/opt/gz_math_vendor:/opt/ros/jazzy/opt/gz_utils_vendor:/opt/ros/jazzy/opt/gz_tools_vendor:/opt/ros/jazzy/opt/gz_ogre_next_vendor:/opt/ros/jazzy/opt/gz_dartsim_vendor:/opt/ros/jazzy/opt/gz_cmake_vendor:/opt/ros/jazzy LD_LIBRARY_PATH=/Bt/install/play_motion2_msgs/lib:${LD_LIBRARY_PATH} PYTHONPATH=/Bt/install/play_motion2_msgs/lib/python3.12/site-packages:${PYTHONPATH} /usr/bin/cmake --build /Bt/build/play_motion2 -- -j8 -l8
[2.510s] INFO:colcon.colcon_core.task.python.build:Building Python package in '/Bt/ThirdParty/yolo_ros/yolo_ros'
[2.510s] INFO:colcon.colcon_core.shell:Skip shell extension 'powershell' for command environment: Not usable outside of PowerShell
[2.510s] DEBUG:colcon.colcon_core.shell:Skip shell extension 'dsv' for command environment
[2.524s] DEBUG:colcon.colcon_core.event_handler.log_command:Invoking command in '/Bt/build/pal_robotiq_gripper': AMENT_PREFIX_PATH=/Bt/install/pal_robotiq_description:/Bt/install/pal_robotiq_controller_configuration:${AMENT_PREFIX_PATH} CMAKE_PREFIX_PATH=/Bt/install/pal_robotiq_description:/Bt/install/pal_robotiq_controller_configuration:/opt/ros/jazzy/opt/gz_sim_vendor:/opt/ros/jazzy/opt/gz_sensors_vendor:/opt/ros/jazzy/opt/gz_physics_vendor:/opt/ros/jazzy/opt/sdformat_vendor:/opt/ros/jazzy/opt/gz_gui_vendor:/opt/ros/jazzy/opt/gz_transport_vendor:/opt/ros/jazzy/opt/gz_rendering_vendor:/opt/ros/jazzy/opt/gz_plugin_vendor:/opt/ros/jazzy/opt/gz_fuel_tools_vendor:/opt/ros/jazzy/opt/gz_msgs_vendor:/opt/ros/jazzy/opt/gz_common_vendor:/opt/ros/jazzy/opt/gz_math_vendor:/opt/ros/jazzy/opt/gz_utils_vendor:/opt/ros/jazzy/opt/gz_tools_vendor:/opt/ros/jazzy/opt/gz_ogre_next_vendor:/opt/ros/jazzy/opt/gz_dartsim_vendor:/opt/ros/jazzy/opt/gz_cmake_vendor:/opt/ros/jazzy /usr/bin/cmake --build /Bt/build/pal_robotiq_gripper -- -j8 -l8
[2.529s] DEBUG:colcon.colcon_core.event_handler.log_command:Invoked command in '/Bt/build/play_motion2' returned '0': AMENT_PREFIX_PATH=/Bt/install/play_motion2_msgs:${AMENT_PREFIX_PATH} CMAKE_PREFIX_PATH=/Bt/install/play_motion2_msgs:/opt/ros/jazzy/opt/gz_sim_vendor:/opt/ros/jazzy/opt/gz_sensors_vendor:/opt/ros/jazzy/opt/gz_physics_vendor:/opt/ros/jazzy/opt/sdformat_vendor:/opt/ros/jazzy/opt/gz_gui_vendor:/opt/ros/jazzy/opt/gz_transport_vendor:/opt/ros/jazzy/opt/gz_rendering_vendor:/opt/ros/jazzy/opt/gz_plugin_vendor:/opt/ros/jazzy/opt/gz_fuel_tools_vendor:/opt/ros/jazzy/opt/gz_msgs_vendor:/opt/ros/jazzy/opt/gz_common_vendor:/opt/ros/jazzy/opt/gz_math_vendor:/opt/ros/jazzy/opt/gz_utils_vendor:/opt/ros/jazzy/opt/gz_tools_vendor:/opt/ros/jazzy/opt/gz_ogre_next_vendor:/opt/ros/jazzy/opt/gz_dartsim_vendor:/opt/ros/jazzy/opt/gz_cmake_vendor:/opt/ros/jazzy LD_LIBRARY_PATH=/Bt/install/play_motion2_msgs/lib:${LD_LIBRARY_PATH} PYTHONPATH=/Bt/install/play_motion2_msgs/lib/python3.12/site-packages:${PYTHONPATH} /usr/bin/cmake --build /Bt/build/play_motion2 -- -j8 -l8
[2.529s] DEBUG:colcon.colcon_core.event_handler.log_command:Invoking command in '/Bt/build/play_motion2': AMENT_PREFIX_PATH=/Bt/install/play_motion2_msgs:${AMENT_PREFIX_PATH} CMAKE_PREFIX_PATH=/Bt/install/play_motion2_msgs:/opt/ros/jazzy/opt/gz_sim_vendor:/opt/ros/jazzy/opt/gz_sensors_vendor:/opt/ros/jazzy/opt/gz_physics_vendor:/opt/ros/jazzy/opt/sdformat_vendor:/opt/ros/jazzy/opt/gz_gui_vendor:/opt/ros/jazzy/opt/gz_transport_vendor:/opt/ros/jazzy/opt/gz_rendering_vendor:/opt/ros/jazzy/opt/gz_plugin_vendor:/opt/ros/jazzy/opt/gz_fuel_tools_vendor:/opt/ros/jazzy/opt/gz_msgs_vendor:/opt/ros/jazzy/opt/gz_common_vendor:/opt/ros/jazzy/opt/gz_math_vendor:/opt/ros/jazzy/opt/gz_utils_vendor:/opt/ros/jazzy/opt/gz_tools_vendor:/opt/ros/jazzy/opt/gz_ogre_next_vendor:/opt/ros/jazzy/opt/gz_dartsim_vendor:/opt/ros/jazzy/opt/gz_cmake_vendor:/opt/ros/jazzy LD_LIBRARY_PATH=/Bt/install/play_motion2_msgs/lib:${LD_LIBRARY_PATH} PYTHONPATH=/Bt/install/play_motion2_msgs/lib/python3.12/site-packages:${PYTHONPATH} /usr/bin/cmake --install /Bt/build/play_motion2
[2.531s] DEBUG:colcon.colcon_core.event_handler.log_command:Invoked command in '/Bt/build/behaviortree_ros2' returned '0': AMENT_PREFIX_PATH=/Bt/install/btcpp_ros2_interfaces:${AMENT_PREFIX_PATH} CMAKE_PREFIX_PATH=/Bt/install/btcpp_ros2_interfaces:/opt/ros/jazzy/opt/gz_sim_vendor:/opt/ros/jazzy/opt/gz_sensors_vendor:/opt/ros/jazzy/opt/gz_physics_vendor:/opt/ros/jazzy/opt/sdformat_vendor:/opt/ros/jazzy/opt/gz_gui_vendor:/opt/ros/jazzy/opt/gz_transport_vendor:/opt/ros/jazzy/opt/gz_rendering_vendor:/opt/ros/jazzy/opt/gz_plugin_vendor:/opt/ros/jazzy/opt/gz_fuel_tools_vendor:/opt/ros/jazzy/opt/gz_msgs_vendor:/opt/ros/jazzy/opt/gz_common_vendor:/opt/ros/jazzy/opt/gz_math_vendor:/opt/ros/jazzy/opt/gz_utils_vendor:/opt/ros/jazzy/opt/gz_tools_vendor:/opt/ros/jazzy/opt/gz_ogre_next_vendor:/opt/ros/jazzy/opt/gz_dartsim_vendor:/opt/ros/jazzy/opt/gz_cmake_vendor:/opt/ros/jazzy LD_LIBRARY_PATH=/Bt/install/btcpp_ros2_interfaces/lib:${LD_LIBRARY_PATH} PYTHONPATH=/Bt/install/btcpp_ros2_interfaces/lib/python3.12/site-packages:${PYTHONPATH} /usr/bin/cmake --build /Bt/build/behaviortree_ros2 -- -j8 -l8
[2.531s] DEBUG:colcon.colcon_core.event_handler.log_command:Invoking command in '/Bt/build/behaviortree_ros2': AMENT_PREFIX_PATH=/Bt/install/btcpp_ros2_interfaces:${AMENT_PREFIX_PATH} CMAKE_PREFIX_PATH=/Bt/install/btcpp_ros2_interfaces:/opt/ros/jazzy/opt/gz_sim_vendor:/opt/ros/jazzy/opt/gz_sensors_vendor:/opt/ros/jazzy/opt/gz_physics_vendor:/opt/ros/jazzy/opt/sdformat_vendor:/opt/ros/jazzy/opt/gz_gui_vendor:/opt/ros/jazzy/opt/gz_transport_vendor:/opt/ros/jazzy/opt/gz_rendering_vendor:/opt/ros/jazzy/opt/gz_plugin_vendor:/opt/ros/jazzy/opt/gz_fuel_tools_vendor:/opt/ros/jazzy/opt/gz_msgs_vendor:/opt/ros/jazzy/opt/gz_common_vendor:/opt/ros/jazzy/opt/gz_math_vendor:/opt/ros/jazzy/opt/gz_utils_vendor:/opt/ros/jazzy/opt/gz_tools_vendor:/opt/ros/jazzy/opt/gz_ogre_next_vendor:/opt/ros/jazzy/opt/gz_dartsim_vendor:/opt/ros/jazzy/opt/gz_cmake_vendor:/opt/ros/jazzy LD_LIBRARY_PATH=/Bt/install/btcpp_ros2_interfaces/lib:${LD_LIBRARY_PATH} PYTHONPATH=/Bt/install/btcpp_ros2_interfaces/lib/python3.12/site-packages:${PYTHONPATH} /usr/bin/cmake --install /Bt/build/behaviortree_ros2
[2.534s] Level 1:colcon.colcon_core.environment:create_environment_scripts_only(ros2_aruco_interfaces)
[2.534s] Level 1:colcon.colcon_core.environment:checking '/Bt/install/ros2_aruco_interfaces' for CMake module files
[2.536s] Level 1:colcon.colcon_core.environment:checking '/Bt/install/ros2_aruco_interfaces' for CMake config files
[2.536s] Level 1:colcon.colcon_core.shell:create_environment_hook('ros2_aruco_interfaces', 'cmake_prefix_path')
[2.537s] INFO:colcon.colcon_core.shell:Creating environment hook '/Bt/install/ros2_aruco_interfaces/share/ros2_aruco_interfaces/hook/cmake_prefix_path.ps1'
[2.541s] DEBUG:colcon.colcon_core.event_handler.log_command:Invoked command in '/Bt/build/ros2_aruco_interfaces' returned '0': CMAKE_PREFIX_PATH=${CMAKE_PREFIX_PATH}:/opt/ros/jazzy /usr/bin/cmake --install /Bt/build/ros2_aruco_interfaces
[2.546s] INFO:colcon.colcon_core.shell:Creating environment descriptor '/Bt/install/ros2_aruco_interfaces/share/ros2_aruco_interfaces/hook/cmake_prefix_path.dsv'
[2.548s] INFO:colcon.colcon_core.shell:Creating environment hook '/Bt/install/ros2_aruco_interfaces/share/ros2_aruco_interfaces/hook/cmake_prefix_path.sh'
[2.553s] Level 1:colcon.colcon_core.environment:checking '/Bt/install/ros2_aruco_interfaces/lib'
[2.553s] Level 1:colcon.colcon_core.shell:create_environment_hook('ros2_aruco_interfaces', 'ld_library_path_lib')
[2.553s] INFO:colcon.colcon_core.shell:Creating environment hook '/Bt/install/ros2_aruco_interfaces/share/ros2_aruco_interfaces/hook/ld_library_path_lib.ps1'
[2.554s] INFO:colcon.colcon_core.shell:Creating environment descriptor '/Bt/install/ros2_aruco_interfaces/share/ros2_aruco_interfaces/hook/ld_library_path_lib.dsv'
[2.554s] INFO:colcon.colcon_core.shell:Creating environment hook '/Bt/install/ros2_aruco_interfaces/share/ros2_aruco_interfaces/hook/ld_library_path_lib.sh'
[2.555s] Level 1:colcon.colcon_core.environment:checking '/Bt/install/ros2_aruco_interfaces/bin'
[2.555s] Level 1:colcon.colcon_core.environment:checking '/Bt/install/ros2_aruco_interfaces/lib/pkgconfig/ros2_aruco_interfaces.pc'
[2.555s] Level 1:colcon.colcon_core.environment:checking '/Bt/install/ros2_aruco_interfaces/lib/python3.12/site-packages'
[2.556s] Level 1:colcon.colcon_core.shell:create_environment_hook('ros2_aruco_interfaces', 'pythonpath')
[2.556s] INFO:colcon.colcon_core.shell:Creating environment hook '/Bt/install/ros2_aruco_interfaces/share/ros2_aruco_interfaces/hook/pythonpath.ps1'
[2.556s] INFO:colcon.colcon_core.shell:Creating environment descriptor '/Bt/install/ros2_aruco_interfaces/share/ros2_aruco_interfaces/hook/pythonpath.dsv'
[2.558s] INFO:colcon.colcon_core.shell:Creating environment hook '/Bt/install/ros2_aruco_interfaces/share/ros2_aruco_interfaces/hook/pythonpath.sh'
[2.559s] Level 1:colcon.colcon_core.environment:checking '/Bt/install/ros2_aruco_interfaces/bin'
[2.560s] INFO:colcon.colcon_core.shell:Creating package script '/Bt/install/ros2_aruco_interfaces/share/ros2_aruco_interfaces/package.ps1'
[2.561s] INFO:colcon.colcon_core.shell:Creating package descriptor '/Bt/install/ros2_aruco_interfaces/share/ros2_aruco_interfaces/package.dsv'
[2.561s] INFO:colcon.colcon_core.shell:Creating package script '/Bt/install/ros2_aruco_interfaces/share/ros2_aruco_interfaces/package.sh'
[2.562s] INFO:colcon.colcon_core.shell:Creating package script '/Bt/install/ros2_aruco_interfaces/share/ros2_aruco_interfaces/package.bash'
[2.563s] INFO:colcon.colcon_core.shell:Creating package script '/Bt/install/ros2_aruco_interfaces/share/ros2_aruco_interfaces/package.zsh'
[2.563s] Level 1:colcon.colcon_core.environment:create_file_with_runtime_dependencies(/Bt/install/ros2_aruco_interfaces/share/colcon-core/packages/ros2_aruco_interfaces)
[2.564s] Level 1:colcon.colcon_core.environment:create_environment_scripts_only(ros2_aruco_interfaces)
[2.565s] Level 1:colcon.colcon_core.environment:checking '/Bt/install/ros2_aruco_interfaces' for CMake module files
[2.566s] Level 1:colcon.colcon_core.environment:checking '/Bt/install/ros2_aruco_interfaces' for CMake config files
[2.567s] Level 1:colcon.colcon_core.shell:create_environment_hook('ros2_aruco_interfaces', 'cmake_prefix_path')
[2.567s] INFO:colcon.colcon_core.shell:Creating environment hook '/Bt/install/ros2_aruco_interfaces/share/ros2_aruco_interfaces/hook/cmake_prefix_path.ps1'
[2.568s] INFO:colcon.colcon_core.shell:Creating environment descriptor '/Bt/install/ros2_aruco_interfaces/share/ros2_aruco_interfaces/hook/cmake_prefix_path.dsv'
[2.569s] INFO:colcon.colcon_core.shell:Creating environment hook '/Bt/install/ros2_aruco_interfaces/share/ros2_aruco_interfaces/hook/cmake_prefix_path.sh'
[2.569s] Level 1:colcon.colcon_core.environment:checking '/Bt/install/ros2_aruco_interfaces/lib'
[2.569s] Level 1:colcon.colcon_core.shell:create_environment_hook('ros2_aruco_interfaces', 'ld_library_path_lib')
[2.570s] INFO:colcon.colcon_core.shell:Creating environment hook '/Bt/install/ros2_aruco_interfaces/share/ros2_aruco_interfaces/hook/ld_library_path_lib.ps1'
[2.570s] INFO:colcon.colcon_core.shell:Creating environment descriptor '/Bt/install/ros2_aruco_interfaces/share/ros2_aruco_interfaces/hook/ld_library_path_lib.dsv'
[2.571s] INFO:colcon.colcon_core.shell:Creating environment hook '/Bt/install/ros2_aruco_interfaces/share/ros2_aruco_interfaces/hook/ld_library_path_lib.sh'
[2.571s] Level 1:colcon.colcon_core.environment:checking '/Bt/install/ros2_aruco_interfaces/bin'
[2.571s] Level 1:colcon.colcon_core.environment:checking '/Bt/install/ros2_aruco_interfaces/lib/pkgconfig/ros2_aruco_interfaces.pc'
[2.572s] Level 1:colcon.colcon_core.environment:checking '/Bt/install/ros2_aruco_interfaces/lib/python3.12/site-packages'
[2.572s] Level 1:colcon.colcon_core.shell:create_environment_hook('ros2_aruco_interfaces', 'pythonpath')
[2.572s] INFO:colcon.colcon_core.shell:Creating environment hook '/Bt/install/ros2_aruco_interfaces/share/ros2_aruco_interfaces/hook/pythonpath.ps1'
[2.573s] INFO:colcon.colcon_core.shell:Creating environment descriptor '/Bt/install/ros2_aruco_interfaces/share/ros2_aruco_interfaces/hook/pythonpath.dsv'
[2.573s] INFO:colcon.colcon_core.shell:Creating environment hook '/Bt/install/ros2_aruco_interfaces/share/ros2_aruco_interfaces/hook/pythonpath.sh'
[2.574s] Level 1:colcon.colcon_core.environment:checking '/Bt/install/ros2_aruco_interfaces/bin'
[2.575s] INFO:colcon.colcon_core.shell:Creating package script '/Bt/install/ros2_aruco_interfaces/share/ros2_aruco_interfaces/package.ps1'
[2.576s] INFO:colcon.colcon_core.shell:Creating package descriptor '/Bt/install/ros2_aruco_interfaces/share/ros2_aruco_interfaces/package.dsv'
[2.576s] INFO:colcon.colcon_core.shell:Creating package script '/Bt/install/ros2_aruco_interfaces/share/ros2_aruco_interfaces/package.sh'
[2.577s] INFO:colcon.colcon_core.shell:Creating package script '/Bt/install/ros2_aruco_interfaces/share/ros2_aruco_interfaces/package.bash'
[2.578s] INFO:colcon.colcon_core.shell:Creating package script '/Bt/install/ros2_aruco_interfaces/share/ros2_aruco_interfaces/package.zsh'
[2.579s] Level 1:colcon.colcon_core.environment:create_file_with_runtime_dependencies(/Bt/install/ros2_aruco_interfaces/share/colcon-core/packages/ros2_aruco_interfaces)
[2.585s] INFO:colcon.colcon_ros.task.ament_cmake.build:Building ROS package in '/Bt/tiago_aruco_broadcast' with build type 'ament_cmake'
[2.585s] INFO:colcon.colcon_cmake.task.cmake.build:Building CMake package in '/Bt/tiago_aruco_broadcast'
[2.585s] INFO:colcon.colcon_core.shell:Skip shell extension 'powershell' for command environment: Not usable outside of PowerShell
[2.585s] DEBUG:colcon.colcon_core.shell:Skip shell extension 'dsv' for command environment
[2.594s] DEBUG:colcon.colcon_core.event_handler.log_command:Invoked command in '/Bt/build/pal_robotiq_gripper' returned '0': AMENT_PREFIX_PATH=/Bt/install/pal_robotiq_description:/Bt/install/pal_robotiq_controller_configuration:${AMENT_PREFIX_PATH} CMAKE_PREFIX_PATH=/Bt/install/pal_robotiq_description:/Bt/install/pal_robotiq_controller_configuration:/opt/ros/jazzy/opt/gz_sim_vendor:/opt/ros/jazzy/opt/gz_sensors_vendor:/opt/ros/jazzy/opt/gz_physics_vendor:/opt/ros/jazzy/opt/sdformat_vendor:/opt/ros/jazzy/opt/gz_gui_vendor:/opt/ros/jazzy/opt/gz_transport_vendor:/opt/ros/jazzy/opt/gz_rendering_vendor:/opt/ros/jazzy/opt/gz_plugin_vendor:/opt/ros/jazzy/opt/gz_fuel_tools_vendor:/opt/ros/jazzy/opt/gz_msgs_vendor:/opt/ros/jazzy/opt/gz_common_vendor:/opt/ros/jazzy/opt/gz_math_vendor:/opt/ros/jazzy/opt/gz_utils_vendor:/opt/ros/jazzy/opt/gz_tools_vendor:/opt/ros/jazzy/opt/gz_ogre_next_vendor:/opt/ros/jazzy/opt/gz_dartsim_vendor:/opt/ros/jazzy/opt/gz_cmake_vendor:/opt/ros/jazzy /usr/bin/cmake --build /Bt/build/pal_robotiq_gripper -- -j8 -l8
[2.596s] DEBUG:colcon.colcon_core.event_handler.log_command:Invoking command in '/Bt/build/pal_robotiq_gripper': AMENT_PREFIX_PATH=/Bt/install/pal_robotiq_description:/Bt/install/pal_robotiq_controller_configuration:${AMENT_PREFIX_PATH} CMAKE_PREFIX_PATH=/Bt/install/pal_robotiq_description:/Bt/install/pal_robotiq_controller_configuration:/opt/ros/jazzy/opt/gz_sim_vendor:/opt/ros/jazzy/opt/gz_sensors_vendor:/opt/ros/jazzy/opt/gz_physics_vendor:/opt/ros/jazzy/opt/sdformat_vendor:/opt/ros/jazzy/opt/gz_gui_vendor:/opt/ros/jazzy/opt/gz_transport_vendor:/opt/ros/jazzy/opt/gz_rendering_vendor:/opt/ros/jazzy/opt/gz_plugin_vendor:/opt/ros/jazzy/opt/gz_fuel_tools_vendor:/opt/ros/jazzy/opt/gz_msgs_vendor:/opt/ros/jazzy/opt/gz_common_vendor:/opt/ros/jazzy/opt/gz_math_vendor:/opt/ros/jazzy/opt/gz_utils_vendor:/opt/ros/jazzy/opt/gz_tools_vendor:/opt/ros/jazzy/opt/gz_ogre_next_vendor:/opt/ros/jazzy/opt/gz_dartsim_vendor:/opt/ros/jazzy/opt/gz_cmake_vendor:/opt/ros/jazzy /usr/bin/cmake --install /Bt/build/pal_robotiq_gripper
[2.596s] Level 1:colcon.colcon_core.environment:create_environment_scripts_only(play_motion2)
[2.596s] Level 1:colcon.colcon_core.environment:checking '/Bt/install/play_motion2' for CMake module files
[2.597s] DEBUG:colcon.colcon_core.event_handler.log_command:Invoked command in '/Bt/build/play_motion2' returned '0': AMENT_PREFIX_PATH=/Bt/install/play_motion2_msgs:${AMENT_PREFIX_PATH} CMAKE_PREFIX_PATH=/Bt/install/play_motion2_msgs:/opt/ros/jazzy/opt/gz_sim_vendor:/opt/ros/jazzy/opt/gz_sensors_vendor:/opt/ros/jazzy/opt/gz_physics_vendor:/opt/ros/jazzy/opt/sdformat_vendor:/opt/ros/jazzy/opt/gz_gui_vendor:/opt/ros/jazzy/opt/gz_transport_vendor:/opt/ros/jazzy/opt/gz_rendering_vendor:/opt/ros/jazzy/opt/gz_plugin_vendor:/opt/ros/jazzy/opt/gz_fuel_tools_vendor:/opt/ros/jazzy/opt/gz_msgs_vendor:/opt/ros/jazzy/opt/gz_common_vendor:/opt/ros/jazzy/opt/gz_math_vendor:/opt/ros/jazzy/opt/gz_utils_vendor:/opt/ros/jazzy/opt/gz_tools_vendor:/opt/ros/jazzy/opt/gz_ogre_next_vendor:/opt/ros/jazzy/opt/gz_dartsim_vendor:/opt/ros/jazzy/opt/gz_cmake_vendor:/opt/ros/jazzy LD_LIBRARY_PATH=/Bt/install/play_motion2_msgs/lib:${LD_LIBRARY_PATH} PYTHONPATH=/Bt/install/play_motion2_msgs/lib/python3.12/site-packages:${PYTHONPATH} /usr/bin/cmake --install /Bt/build/play_motion2
[2.598s] Level 1:colcon.colcon_core.environment:checking '/Bt/install/play_motion2' for CMake config files
[2.598s] Level 1:colcon.colcon_core.shell:create_environment_hook('play_motion2', 'cmake_prefix_path')
[2.599s] INFO:colcon.colcon_core.shell:Creating environment hook '/Bt/install/play_motion2/share/play_motion2/hook/cmake_prefix_path.ps1'
[2.599s] INFO:colcon.colcon_core.shell:Creating environment descriptor '/Bt/install/play_motion2/share/play_motion2/hook/cmake_prefix_path.dsv'
[2.600s] INFO:colcon.colcon_core.shell:Creating environment hook '/Bt/install/play_motion2/share/play_motion2/hook/cmake_prefix_path.sh'
[2.601s] Level 1:colcon.colcon_core.environment:checking '/Bt/install/play_motion2/lib'
[2.601s] Level 1:colcon.colcon_core.shell:create_environment_hook('play_motion2', 'ld_library_path_lib')
[2.601s] INFO:colcon.colcon_core.shell:Creating environment hook '/Bt/install/play_motion2/share/play_motion2/hook/ld_library_path_lib.ps1'
[2.602s] INFO:colcon.colcon_core.shell:Creating environment descriptor '/Bt/install/play_motion2/share/play_motion2/hook/ld_library_path_lib.dsv'
[2.602s] INFO:colcon.colcon_core.shell:Creating environment hook '/Bt/install/play_motion2/share/play_motion2/hook/ld_library_path_lib.sh'
[2.603s] Level 1:colcon.colcon_core.environment:checking '/Bt/install/play_motion2/bin'
[2.603s] Level 1:colcon.colcon_core.environment:checking '/Bt/install/play_motion2/lib/pkgconfig/play_motion2.pc'
[2.603s] Level 1:colcon.colcon_core.environment:checking '/Bt/install/play_motion2/lib/python3.12/site-packages'
[2.604s] Level 1:colcon.colcon_core.environment:checking '/Bt/install/play_motion2/bin'
[2.604s] INFO:colcon.colcon_core.shell:Creating package script '/Bt/install/play_motion2/share/play_motion2/package.ps1'
[2.605s] INFO:colcon.colcon_core.shell:Creating package descriptor '/Bt/install/play_motion2/share/play_motion2/package.dsv'
[2.606s] INFO:colcon.colcon_core.shell:Creating package script '/Bt/install/play_motion2/share/play_motion2/package.sh'
[2.606s] INFO:colcon.colcon_core.shell:Creating package script '/Bt/install/play_motion2/share/play_motion2/package.bash'
[2.607s] INFO:colcon.colcon_core.shell:Creating package script '/Bt/install/play_motion2/share/play_motion2/package.zsh'
[2.608s] Level 1:colcon.colcon_core.environment:create_file_with_runtime_dependencies(/Bt/install/play_motion2/share/colcon-core/packages/play_motion2)
[2.608s] Level 1:colcon.colcon_core.environment:create_environment_scripts_only(play_motion2)
[2.609s] Level 1:colcon.colcon_core.environment:checking '/Bt/install/play_motion2' for CMake module files
[2.610s] Level 1:colcon.colcon_core.environment:checking '/Bt/install/play_motion2' for CMake config files
[2.610s] Level 1:colcon.colcon_core.shell:create_environment_hook('play_motion2', 'cmake_prefix_path')
[2.611s] INFO:colcon.colcon_core.shell:Creating environment hook '/Bt/install/play_motion2/share/play_motion2/hook/cmake_prefix_path.ps1'
[2.611s] INFO:colcon.colcon_core.shell:Creating environment descriptor '/Bt/install/play_motion2/share/play_motion2/hook/cmake_prefix_path.dsv'
[2.612s] INFO:colcon.colcon_core.shell:Creating environment hook '/Bt/install/play_motion2/share/play_motion2/hook/cmake_prefix_path.sh'
[2.613s] Level 1:colcon.colcon_core.environment:checking '/Bt/install/play_motion2/lib'
[2.613s] Level 1:colcon.colcon_core.shell:create_environment_hook('play_motion2', 'ld_library_path_lib')
[2.613s] INFO:colcon.colcon_core.shell:Creating environment hook '/Bt/install/play_motion2/share/play_motion2/hook/ld_library_path_lib.ps1'
[2.614s] INFO:colcon.colcon_core.shell:Creating environment descriptor '/Bt/install/play_motion2/share/play_motion2/hook/ld_library_path_lib.dsv'
[2.614s] INFO:colcon.colcon_core.shell:Creating environment hook '/Bt/install/play_motion2/share/play_motion2/hook/ld_library_path_lib.sh'
[2.615s] Level 1:colcon.colcon_core.environment:checking '/Bt/install/play_motion2/bin'
[2.615s] Level 1:colcon.colcon_core.environment:checking '/Bt/install/play_motion2/lib/pkgconfig/play_motion2.pc'
[2.615s] Level 1:colcon.colcon_core.environment:checking '/Bt/install/play_motion2/lib/python3.12/site-packages'
[2.616s] Level 1:colcon.colcon_core.environment:checking '/Bt/install/play_motion2/bin'
[2.616s] INFO:colcon.colcon_core.shell:Creating package script '/Bt/install/play_motion2/share/play_motion2/package.ps1'
[2.617s] INFO:colcon.colcon_core.shell:Creating package descriptor '/Bt/install/play_motion2/share/play_motion2/package.dsv'
[2.618s] INFO:colcon.colcon_core.shell:Creating package script '/Bt/install/play_motion2/share/play_motion2/package.sh'
[2.619s] INFO:colcon.colcon_core.shell:Creating package script '/Bt/install/play_motion2/share/play_motion2/package.bash'
[2.620s] INFO:colcon.colcon_core.shell:Creating package script '/Bt/install/play_motion2/share/play_motion2/package.zsh'
[2.620s] Level 1:colcon.colcon_core.environment:create_file_with_runtime_dependencies(/Bt/install/play_motion2/share/colcon-core/packages/play_motion2)
[2.621s] Level 1:colcon.colcon_core.environment:create_environment_scripts_only(behaviortree_ros2)
[2.621s] Level 1:colcon.colcon_core.environment:checking '/Bt/install/behaviortree_ros2' for CMake module files
[2.623s] DEBUG:colcon.colcon_core.event_handler.log_command:Invoked command in '/Bt/build/behaviortree_ros2' returned '0': AMENT_PREFIX_PATH=/Bt/install/btcpp_ros2_interfaces:${AMENT_PREFIX_PATH} CMAKE_PREFIX_PATH=/Bt/install/btcpp_ros2_interfaces:/opt/ros/jazzy/opt/gz_sim_vendor:/opt/ros/jazzy/opt/gz_sensors_vendor:/opt/ros/jazzy/opt/gz_physics_vendor:/opt/ros/jazzy/opt/sdformat_vendor:/opt/ros/jazzy/opt/gz_gui_vendor:/opt/ros/jazzy/opt/gz_transport_vendor:/opt/ros/jazzy/opt/gz_rendering_vendor:/opt/ros/jazzy/opt/gz_plugin_vendor:/opt/ros/jazzy/opt/gz_fuel_tools_vendor:/opt/ros/jazzy/opt/gz_msgs_vendor:/opt/ros/jazzy/opt/gz_common_vendor:/opt/ros/jazzy/opt/gz_math_vendor:/opt/ros/jazzy/opt/gz_utils_vendor:/opt/ros/jazzy/opt/gz_tools_vendor:/opt/ros/jazzy/opt/gz_ogre_next_vendor:/opt/ros/jazzy/opt/gz_dartsim_vendor:/opt/ros/jazzy/opt/gz_cmake_vendor:/opt/ros/jazzy LD_LIBRARY_PATH=/Bt/install/btcpp_ros2_interfaces/lib:${LD_LIBRARY_PATH} PYTHONPATH=/Bt/install/btcpp_ros2_interfaces/lib/python3.12/site-packages:${PYTHONPATH} /usr/bin/cmake --install /Bt/build/behaviortree_ros2
[2.623s] Level 1:colcon.colcon_core.environment:checking '/Bt/install/behaviortree_ros2' for CMake config files
[2.624s] Level 1:colcon.colcon_core.shell:create_environment_hook('behaviortree_ros2', 'cmake_prefix_path')
[2.624s] INFO:colcon.colcon_core.shell:Creating environment hook '/Bt/install/behaviortree_ros2/share/behaviortree_ros2/hook/cmake_prefix_path.ps1'
[2.625s] INFO:colcon.colcon_core.shell:Creating environment descriptor '/Bt/install/behaviortree_ros2/share/behaviortree_ros2/hook/cmake_prefix_path.dsv'
[2.625s] INFO:colcon.colcon_core.shell:Creating environment hook '/Bt/install/behaviortree_ros2/share/behaviortree_ros2/hook/cmake_prefix_path.sh'
[2.626s] Level 1:colcon.colcon_core.environment:checking '/Bt/install/behaviortree_ros2/lib'
[2.626s] Level 1:colcon.colcon_core.environment:checking '/Bt/install/behaviortree_ros2/bin'
[2.626s] Level 1:colcon.colcon_core.environment:checking '/Bt/install/behaviortree_ros2/lib/pkgconfig/behaviortree_ros2.pc'
[2.627s] Level 1:colcon.colcon_core.environment:checking '/Bt/install/behaviortree_ros2/lib/python3.12/site-packages'
[2.627s] Level 1:colcon.colcon_core.environment:checking '/Bt/install/behaviortree_ros2/bin'
[2.628s] INFO:colcon.colcon_core.shell:Creating package script '/Bt/install/behaviortree_ros2/share/behaviortree_ros2/package.ps1'
[2.629s] INFO:colcon.colcon_core.shell:Creating package descriptor '/Bt/install/behaviortree_ros2/share/behaviortree_ros2/package.dsv'
[2.629s] INFO:colcon.colcon_core.shell:Creating package script '/Bt/install/behaviortree_ros2/share/behaviortree_ros2/package.sh'
[2.630s] INFO:colcon.colcon_core.shell:Creating package script '/Bt/install/behaviortree_ros2/share/behaviortree_ros2/package.bash'
[2.630s] INFO:colcon.colcon_core.shell:Creating package script '/Bt/install/behaviortree_ros2/share/behaviortree_ros2/package.zsh'
[2.631s] Level 1:colcon.colcon_core.environment:create_file_with_runtime_dependencies(/Bt/install/behaviortree_ros2/share/colcon-core/packages/behaviortree_ros2)
[2.632s] Level 1:colcon.colcon_core.environment:create_environment_scripts_only(behaviortree_ros2)
[2.632s] Level 1:colcon.colcon_core.environment:checking '/Bt/install/behaviortree_ros2' for CMake module files
[2.633s] Level 1:colcon.colcon_core.environment:checking '/Bt/install/behaviortree_ros2' for CMake config files
[2.634s] Level 1:colcon.colcon_core.shell:create_environment_hook('behaviortree_ros2', 'cmake_prefix_path')
[2.634s] INFO:colcon.colcon_core.shell:Creating environment hook '/Bt/install/behaviortree_ros2/share/behaviortree_ros2/hook/cmake_prefix_path.ps1'
[2.634s] INFO:colcon.colcon_core.shell:Creating environment descriptor '/Bt/install/behaviortree_ros2/share/behaviortree_ros2/hook/cmake_prefix_path.dsv'
[2.635s] INFO:colcon.colcon_core.shell:Creating environment hook '/Bt/install/behaviortree_ros2/share/behaviortree_ros2/hook/cmake_prefix_path.sh'
[2.636s] Level 1:colcon.colcon_core.environment:checking '/Bt/install/behaviortree_ros2/lib'
[2.636s] Level 1:colcon.colcon_core.environment:checking '/Bt/install/behaviortree_ros2/bin'
[2.636s] Level 1:colcon.colcon_core.environment:checking '/Bt/install/behaviortree_ros2/lib/pkgconfig/behaviortree_ros2.pc'
[2.636s] Level 1:colcon.colcon_core.environment:checking '/Bt/install/behaviortree_ros2/lib/python3.12/site-packages'
[2.637s] Level 1:colcon.colcon_core.environment:checking '/Bt/install/behaviortree_ros2/bin'
[2.637s] INFO:colcon.colcon_core.shell:Creating package script '/Bt/install/behaviortree_ros2/share/behaviortree_ros2/package.ps1'
[2.638s] INFO:colcon.colcon_core.shell:Creating package descriptor '/Bt/install/behaviortree_ros2/share/behaviortree_ros2/package.dsv'
[2.639s] INFO:colcon.colcon_core.shell:Creating package script '/Bt/install/behaviortree_ros2/share/behaviortree_ros2/package.sh'
[2.640s] INFO:colcon.colcon_core.shell:Creating package script '/Bt/install/behaviortree_ros2/share/behaviortree_ros2/package.bash'
[2.640s] INFO:colcon.colcon_core.shell:Creating package script '/Bt/install/behaviortree_ros2/share/behaviortree_ros2/package.zsh'
[2.641s] Level 1:colcon.colcon_core.environment:create_file_with_runtime_dependencies(/Bt/install/behaviortree_ros2/share/colcon-core/packages/behaviortree_ros2)
[2.642s] INFO:colcon.colcon_ros.task.ament_cmake.build:Building ROS package in '/Bt/ThirdParty/BehaviorTree.ROS2/btcpp_ros2_samples' with build type 'ament_cmake'
[2.643s] INFO:colcon.colcon_cmake.task.cmake.build:Building CMake package in '/Bt/ThirdParty/BehaviorTree.ROS2/btcpp_ros2_samples'
[2.643s] INFO:colcon.colcon_core.shell:Skip shell extension 'powershell' for command environment: Not usable outside of PowerShell
[2.643s] DEBUG:colcon.colcon_core.shell:Skip shell extension 'dsv' for command environment
[2.649s] INFO:colcon.colcon_ros.task.ament_cmake.build:Building ROS package in '/Bt/ThirdParty/pal_gripper/pal_gripper' with build type 'ament_cmake'
[2.650s] INFO:colcon.colcon_cmake.task.cmake.build:Building CMake package in '/Bt/ThirdParty/pal_gripper/pal_gripper'
[2.650s] INFO:colcon.colcon_core.shell:Skip shell extension 'powershell' for command environment: Not usable outside of PowerShell
[2.650s] DEBUG:colcon.colcon_core.shell:Skip shell extension 'dsv' for command environment
[2.655s] Level 1:colcon.colcon_core.environment:create_environment_scripts_only(pal_robotiq_gripper)
[2.656s] Level 1:colcon.colcon_core.environment:checking '/Bt/install/pal_robotiq_gripper' for CMake module files
[2.657s] DEBUG:colcon.colcon_core.event_handler.log_command:Invoked command in '/Bt/build/pal_robotiq_gripper' returned '0': AMENT_PREFIX_PATH=/Bt/install/pal_robotiq_description:/Bt/install/pal_robotiq_controller_configuration:${AMENT_PREFIX_PATH} CMAKE_PREFIX_PATH=/Bt/install/pal_robotiq_description:/Bt/install/pal_robotiq_controller_configuration:/opt/ros/jazzy/opt/gz_sim_vendor:/opt/ros/jazzy/opt/gz_sensors_vendor:/opt/ros/jazzy/opt/gz_physics_vendor:/opt/ros/jazzy/opt/sdformat_vendor:/opt/ros/jazzy/opt/gz_gui_vendor:/opt/ros/jazzy/opt/gz_transport_vendor:/opt/ros/jazzy/opt/gz_rendering_vendor:/opt/ros/jazzy/opt/gz_plugin_vendor:/opt/ros/jazzy/opt/gz_fuel_tools_vendor:/opt/ros/jazzy/opt/gz_msgs_vendor:/opt/ros/jazzy/opt/gz_common_vendor:/opt/ros/jazzy/opt/gz_math_vendor:/opt/ros/jazzy/opt/gz_utils_vendor:/opt/ros/jazzy/opt/gz_tools_vendor:/opt/ros/jazzy/opt/gz_ogre_next_vendor:/opt/ros/jazzy/opt/gz_dartsim_vendor:/opt/ros/jazzy/opt/gz_cmake_vendor:/opt/ros/jazzy /usr/bin/cmake --install /Bt/build/pal_robotiq_gripper
[2.657s] Level 1:colcon.colcon_core.environment:checking '/Bt/install/pal_robotiq_gripper' for CMake config files
[2.657s] Level 1:colcon.colcon_core.shell:create_environment_hook('pal_robotiq_gripper', 'cmake_prefix_path')
[2.657s] INFO:colcon.colcon_core.shell:Creating environment hook '/Bt/install/pal_robotiq_gripper/share/pal_robotiq_gripper/hook/cmake_prefix_path.ps1'
[2.658s] INFO:colcon.colcon_core.shell:Creating environment descriptor '/Bt/install/pal_robotiq_gripper/share/pal_robotiq_gripper/hook/cmake_prefix_path.dsv'
[2.658s] INFO:colcon.colcon_core.shell:Creating environment hook '/Bt/install/pal_robotiq_gripper/share/pal_robotiq_gripper/hook/cmake_prefix_path.sh'
[2.659s] Level 1:colcon.colcon_core.environment:checking '/Bt/install/pal_robotiq_gripper/bin'
[2.659s] Level 1:colcon.colcon_core.environment:checking '/Bt/install/pal_robotiq_gripper/lib/pkgconfig/pal_robotiq_gripper.pc'
[2.659s] Level 1:colcon.colcon_core.environment:checking '/Bt/install/pal_robotiq_gripper/lib/python3.12/site-packages'
[2.660s] Level 1:colcon.colcon_core.environment:checking '/Bt/install/pal_robotiq_gripper/bin'
[2.660s] INFO:colcon.colcon_core.shell:Creating package script '/Bt/install/pal_robotiq_gripper/share/pal_robotiq_gripper/package.ps1'
[2.660s] INFO:colcon.colcon_core.shell:Creating package descriptor '/Bt/install/pal_robotiq_gripper/share/pal_robotiq_gripper/package.dsv'
[2.661s] INFO:colcon.colcon_core.shell:Creating package script '/Bt/install/pal_robotiq_gripper/share/pal_robotiq_gripper/package.sh'
[2.661s] INFO:colcon.colcon_core.shell:Creating package script '/Bt/install/pal_robotiq_gripper/share/pal_robotiq_gripper/package.bash'
[2.662s] INFO:colcon.colcon_core.shell:Creating package script '/Bt/install/pal_robotiq_gripper/share/pal_robotiq_gripper/package.zsh'
[2.662s] Level 1:colcon.colcon_core.environment:create_file_with_runtime_dependencies(/Bt/install/pal_robotiq_gripper/share/colcon-core/packages/pal_robotiq_gripper)
[2.663s] Level 1:colcon.colcon_core.environment:create_environment_scripts_only(pal_robotiq_gripper)
[2.663s] Level 1:colcon.colcon_core.environment:checking '/Bt/install/pal_robotiq_gripper' for CMake module files
[2.664s] Level 1:colcon.colcon_core.environment:checking '/Bt/install/pal_robotiq_gripper' for CMake config files
[2.664s] Level 1:colcon.colcon_core.shell:create_environment_hook('pal_robotiq_gripper', 'cmake_prefix_path')
[2.664s] INFO:colcon.colcon_core.shell:Creating environment hook '/Bt/install/pal_robotiq_gripper/share/pal_robotiq_gripper/hook/cmake_prefix_path.ps1'
[2.664s] INFO:colcon.colcon_core.shell:Creating environment descriptor '/Bt/install/pal_robotiq_gripper/share/pal_robotiq_gripper/hook/cmake_prefix_path.dsv'
[2.665s] INFO:colcon.colcon_core.shell:Creating environment hook '/Bt/install/pal_robotiq_gripper/share/pal_robotiq_gripper/hook/cmake_prefix_path.sh'
[2.665s] Level 1:colcon.colcon_core.environment:checking '/Bt/install/pal_robotiq_gripper/bin'
[2.666s] Level 1:colcon.colcon_core.environment:checking '/Bt/install/pal_robotiq_gripper/lib/pkgconfig/pal_robotiq_gripper.pc'
[2.666s] Level 1:colcon.colcon_core.environment:checking '/Bt/install/pal_robotiq_gripper/lib/python3.12/site-packages'
[2.666s] Level 1:colcon.colcon_core.environment:checking '/Bt/install/pal_robotiq_gripper/bin'
[2.666s] INFO:colcon.colcon_core.shell:Creating package script '/Bt/install/pal_robotiq_gripper/share/pal_robotiq_gripper/package.ps1'
[2.667s] INFO:colcon.colcon_core.shell:Creating package descriptor '/Bt/install/pal_robotiq_gripper/share/pal_robotiq_gripper/package.dsv'
[2.667s] INFO:colcon.colcon_core.shell:Creating package script '/Bt/install/pal_robotiq_gripper/share/pal_robotiq_gripper/package.sh'
[2.668s] INFO:colcon.colcon_core.shell:Creating package script '/Bt/install/pal_robotiq_gripper/share/pal_robotiq_gripper/package.bash'
[2.668s] INFO:colcon.colcon_core.shell:Creating package script '/Bt/install/pal_robotiq_gripper/share/pal_robotiq_gripper/package.zsh'
[2.668s] Level 1:colcon.colcon_core.environment:create_file_with_runtime_dependencies(/Bt/install/pal_robotiq_gripper/share/colcon-core/packages/pal_robotiq_gripper)
[2.672s] INFO:colcon.colcon_ros.task.ament_cmake.build:Building ROS package in '/Bt/ThirdParty/pal_gripper/pal_gripper_simulation' with build type 'ament_cmake'
[2.673s] INFO:colcon.colcon_cmake.task.cmake.build:Building CMake package in '/Bt/ThirdParty/pal_gripper/pal_gripper_simulation'
[2.673s] INFO:colcon.colcon_core.shell:Skip shell extension 'powershell' for command environment: Not usable outside of PowerShell
[2.673s] DEBUG:colcon.colcon_core.shell:Skip shell extension 'dsv' for command environment
[2.674s] DEBUG:colcon.colcon_core.event_handler.log_command:Invoking command in '/Bt/build/tiago_aruco_broadcast': AMENT_PREFIX_PATH=/Bt/install/ros2_aruco_interfaces:${AMENT_PREFIX_PATH} CMAKE_PREFIX_PATH=/Bt/install/ros2_aruco_interfaces:/opt/ros/jazzy/opt/gz_sim_vendor:/opt/ros/jazzy/opt/gz_sensors_vendor:/opt/ros/jazzy/opt/gz_physics_vendor:/opt/ros/jazzy/opt/sdformat_vendor:/opt/ros/jazzy/opt/gz_gui_vendor:/opt/ros/jazzy/opt/gz_transport_vendor:/opt/ros/jazzy/opt/gz_rendering_vendor:/opt/ros/jazzy/opt/gz_plugin_vendor:/opt/ros/jazzy/opt/gz_fuel_tools_vendor:/opt/ros/jazzy/opt/gz_msgs_vendor:/opt/ros/jazzy/opt/gz_common_vendor:/opt/ros/jazzy/opt/gz_math_vendor:/opt/ros/jazzy/opt/gz_utils_vendor:/opt/ros/jazzy/opt/gz_tools_vendor:/opt/ros/jazzy/opt/gz_ogre_next_vendor:/opt/ros/jazzy/opt/gz_dartsim_vendor:/opt/ros/jazzy/opt/gz_cmake_vendor:/opt/ros/jazzy LD_LIBRARY_PATH=/Bt/install/ros2_aruco_interfaces/lib:${LD_LIBRARY_PATH} PYTHONPATH=/Bt/install/ros2_aruco_interfaces/lib/python3.12/site-packages:${PYTHONPATH} /usr/bin/cmake --build /Bt/build/tiago_aruco_broadcast -- -j8 -l8
[2.681s] Level 1:colcon.colcon_core.environment:checking '/Bt/install/launch_pal' for CMake module files
[2.682s] DEBUG:colcon.colcon_core.event_handler.log_command:Invoked command in '/Bt/ThirdParty/launch_pal' returned '0': PYTHONPATH=/Bt/build/launch_pal/prefix_override:/usr/lib/python3/dist-packages/colcon_core/task/python/colcon_distutils_commands:/Bt/install/launch_pal/lib/python3.12/site-packages:${PYTHONPATH} /usr/bin/python3 -W ignore:setup.py install is deprecated -W ignore:easy_install command is deprecated setup.py egg_info --egg-base ../../build/launch_pal build --build-base /Bt/build/launch_pal/build install --record /Bt/build/launch_pal/install.log --single-version-externally-managed install_data
[2.682s] Level 1:colcon.colcon_core.environment:checking '/Bt/install/launch_pal' for CMake config files
[2.683s] Level 1:colcon.colcon_core.environment:checking '/Bt/install/launch_pal/lib'
[2.683s] Level 1:colcon.colcon_core.environment:checking '/Bt/install/launch_pal/bin'
[2.683s] Level 1:colcon.colcon_core.environment:checking '/Bt/install/launch_pal/lib/pkgconfig/launch_pal.pc'
[2.684s] Level 1:colcon.colcon_core.environment:checking '/Bt/install/launch_pal/lib/python3.12/site-packages'
[2.684s] Level 1:colcon.colcon_core.shell:create_environment_hook('launch_pal', 'pythonpath')
[2.684s] INFO:colcon.colcon_core.shell:Creating environment hook '/Bt/install/launch_pal/share/launch_pal/hook/pythonpath.ps1'
[2.685s] INFO:colcon.colcon_core.shell:Creating environment descriptor '/Bt/install/launch_pal/share/launch_pal/hook/pythonpath.dsv'
[2.685s] INFO:colcon.colcon_core.shell:Creating environment hook '/Bt/install/launch_pal/share/launch_pal/hook/pythonpath.sh'
[2.687s] Level 1:colcon.colcon_core.environment:checking '/Bt/install/launch_pal/bin'
[2.687s] Level 1:colcon.colcon_core.environment:create_environment_scripts_only(launch_pal)
[2.687s] INFO:colcon.colcon_core.shell:Creating package script '/Bt/install/launch_pal/share/launch_pal/package.ps1'
[2.688s] INFO:colcon.colcon_core.shell:Creating package descriptor '/Bt/install/launch_pal/share/launch_pal/package.dsv'
[2.688s] INFO:colcon.colcon_core.shell:Creating package script '/Bt/install/launch_pal/share/launch_pal/package.sh'
[2.689s] INFO:colcon.colcon_core.shell:Creating package script '/Bt/install/launch_pal/share/launch_pal/package.bash'
[2.689s] INFO:colcon.colcon_core.shell:Creating package script '/Bt/install/launch_pal/share/launch_pal/package.zsh'
[2.690s] Level 1:colcon.colcon_core.environment:create_file_with_runtime_dependencies(/Bt/install/launch_pal/share/colcon-core/packages/launch_pal)
[2.691s] INFO:colcon.colcon_ros.task.ament_cmake.build:Building ROS package in '/Bt/ThirdParty/tiago_omni_base/omni_base_description' with build type 'ament_cmake'
[2.691s] INFO:colcon.colcon_cmake.task.cmake.build:Building CMake package in '/Bt/ThirdParty/tiago_omni_base/omni_base_description'
[2.692s] INFO:colcon.colcon_core.shell:Skip shell extension 'powershell' for command environment: Not usable outside of PowerShell
[2.692s] DEBUG:colcon.colcon_core.shell:Skip shell extension 'dsv' for command environment
[2.702s] DEBUG:colcon.colcon_core.event_handler.log_command:Invoking command in '/Bt/build/btcpp_ros2_samples': AMENT_PREFIX_PATH=/Bt/install/behaviortree_ros2:/Bt/install/btcpp_ros2_interfaces:${AMENT_PREFIX_PATH} CMAKE_PREFIX_PATH=/Bt/install/behaviortree_ros2:/Bt/install/btcpp_ros2_interfaces:/opt/ros/jazzy/opt/gz_sim_vendor:/opt/ros/jazzy/opt/gz_sensors_vendor:/opt/ros/jazzy/opt/gz_physics_vendor:/opt/ros/jazzy/opt/sdformat_vendor:/opt/ros/jazzy/opt/gz_gui_vendor:/opt/ros/jazzy/opt/gz_transport_vendor:/opt/ros/jazzy/opt/gz_rendering_vendor:/opt/ros/jazzy/opt/gz_plugin_vendor:/opt/ros/jazzy/opt/gz_fuel_tools_vendor:/opt/ros/jazzy/opt/gz_msgs_vendor:/opt/ros/jazzy/opt/gz_common_vendor:/opt/ros/jazzy/opt/gz_math_vendor:/opt/ros/jazzy/opt/gz_utils_vendor:/opt/ros/jazzy/opt/gz_tools_vendor:/opt/ros/jazzy/opt/gz_ogre_next_vendor:/opt/ros/jazzy/opt/gz_dartsim_vendor:/opt/ros/jazzy/opt/gz_cmake_vendor:/opt/ros/jazzy LD_LIBRARY_PATH=/Bt/install/behaviortree_ros2/lib:/Bt/install/btcpp_ros2_interfaces/lib:${LD_LIBRARY_PATH} PYTHONPATH=/Bt/install/btcpp_ros2_interfaces/lib/python3.12/site-packages:${PYTHONPATH} /usr/bin/cmake --build /Bt/build/btcpp_ros2_samples -- -j8 -l8
[2.707s] DEBUG:colcon.colcon_core.event_handler.log_command:Invoking command in '/Bt/build/pal_gripper': AMENT_PREFIX_PATH=/Bt/install/pal_gripper_description:/Bt/install/pal_urdf_utils:/Bt/install/pal_gripper_controller_configuration:${AMENT_PREFIX_PATH} CMAKE_PREFIX_PATH=/Bt/install/pal_gripper_description:/Bt/install/pal_urdf_utils:/Bt/install/pal_gripper_controller_configuration:/opt/ros/jazzy/opt/gz_sim_vendor:/opt/ros/jazzy/opt/gz_sensors_vendor:/opt/ros/jazzy/opt/gz_physics_vendor:/opt/ros/jazzy/opt/sdformat_vendor:/opt/ros/jazzy/opt/gz_gui_vendor:/opt/ros/jazzy/opt/gz_transport_vendor:/opt/ros/jazzy/opt/gz_rendering_vendor:/opt/ros/jazzy/opt/gz_plugin_vendor:/opt/ros/jazzy/opt/gz_fuel_tools_vendor:/opt/ros/jazzy/opt/gz_msgs_vendor:/opt/ros/jazzy/opt/gz_common_vendor:/opt/ros/jazzy/opt/gz_math_vendor:/opt/ros/jazzy/opt/gz_utils_vendor:/opt/ros/jazzy/opt/gz_tools_vendor:/opt/ros/jazzy/opt/gz_ogre_next_vendor:/opt/ros/jazzy/opt/gz_dartsim_vendor:/opt/ros/jazzy/opt/gz_cmake_vendor:/opt/ros/jazzy /usr/bin/cmake --build /Bt/build/pal_gripper -- -j8 -l8
[2.708s] DEBUG:colcon.colcon_core.event_handler.log_command:Invoking command in '/Bt/build/pal_gripper_simulation': AMENT_PREFIX_PATH=/Bt/install/pal_gripper_description:/Bt/install/pal_urdf_utils:/Bt/install/pal_gripper_controller_configuration:${AMENT_PREFIX_PATH} CMAKE_PREFIX_PATH=/Bt/install/pal_gripper_description:/Bt/install/pal_urdf_utils:/Bt/install/pal_gripper_controller_configuration:/opt/ros/jazzy/opt/gz_sim_vendor:/opt/ros/jazzy/opt/gz_sensors_vendor:/opt/ros/jazzy/opt/gz_physics_vendor:/opt/ros/jazzy/opt/sdformat_vendor:/opt/ros/jazzy/opt/gz_gui_vendor:/opt/ros/jazzy/opt/gz_transport_vendor:/opt/ros/jazzy/opt/gz_rendering_vendor:/opt/ros/jazzy/opt/gz_plugin_vendor:/opt/ros/jazzy/opt/gz_fuel_tools_vendor:/opt/ros/jazzy/opt/gz_msgs_vendor:/opt/ros/jazzy/opt/gz_common_vendor:/opt/ros/jazzy/opt/gz_math_vendor:/opt/ros/jazzy/opt/gz_utils_vendor:/opt/ros/jazzy/opt/gz_tools_vendor:/opt/ros/jazzy/opt/gz_ogre_next_vendor:/opt/ros/jazzy/opt/gz_dartsim_vendor:/opt/ros/jazzy/opt/gz_cmake_vendor:/opt/ros/jazzy /usr/bin/cmake --build /Bt/build/pal_gripper_simulation -- -j8 -l8
[2.712s] DEBUG:colcon.colcon_core.event_handler.log_command:Invoking command in '/Bt/build/omni_base_description': AMENT_PREFIX_PATH=/Bt/install/pal_urdf_utils:/Bt/install/launch_pal:${AMENT_PREFIX_PATH} CMAKE_PREFIX_PATH=/Bt/install/pal_urdf_utils:/opt/ros/jazzy/opt/gz_sim_vendor:/opt/ros/jazzy/opt/gz_sensors_vendor:/opt/ros/jazzy/opt/gz_physics_vendor:/opt/ros/jazzy/opt/sdformat_vendor:/opt/ros/jazzy/opt/gz_gui_vendor:/opt/ros/jazzy/opt/gz_transport_vendor:/opt/ros/jazzy/opt/gz_rendering_vendor:/opt/ros/jazzy/opt/gz_plugin_vendor:/opt/ros/jazzy/opt/gz_fuel_tools_vendor:/opt/ros/jazzy/opt/gz_msgs_vendor:/opt/ros/jazzy/opt/gz_common_vendor:/opt/ros/jazzy/opt/gz_math_vendor:/opt/ros/jazzy/opt/gz_utils_vendor:/opt/ros/jazzy/opt/gz_tools_vendor:/opt/ros/jazzy/opt/gz_ogre_next_vendor:/opt/ros/jazzy/opt/gz_dartsim_vendor:/opt/ros/jazzy/opt/gz_cmake_vendor:/opt/ros/jazzy PYTHONPATH=/Bt/install/launch_pal/lib/python3.12/site-packages:${PYTHONPATH} /usr/bin/cmake --build /Bt/build/omni_base_description -- -j8 -l8
[2.766s] DEBUG:colcon.colcon_core.event_handler.log_command:Invoked command in '/Bt/build/pal_gripper' returned '0': AMENT_PREFIX_PATH=/Bt/install/pal_gripper_description:/Bt/install/pal_urdf_utils:/Bt/install/pal_gripper_controller_configuration:${AMENT_PREFIX_PATH} CMAKE_PREFIX_PATH=/Bt/install/pal_gripper_description:/Bt/install/pal_urdf_utils:/Bt/install/pal_gripper_controller_configuration:/opt/ros/jazzy/opt/gz_sim_vendor:/opt/ros/jazzy/opt/gz_sensors_vendor:/opt/ros/jazzy/opt/gz_physics_vendor:/opt/ros/jazzy/opt/sdformat_vendor:/opt/ros/jazzy/opt/gz_gui_vendor:/opt/ros/jazzy/opt/gz_transport_vendor:/opt/ros/jazzy/opt/gz_rendering_vendor:/opt/ros/jazzy/opt/gz_plugin_vendor:/opt/ros/jazzy/opt/gz_fuel_tools_vendor:/opt/ros/jazzy/opt/gz_msgs_vendor:/opt/ros/jazzy/opt/gz_common_vendor:/opt/ros/jazzy/opt/gz_math_vendor:/opt/ros/jazzy/opt/gz_utils_vendor:/opt/ros/jazzy/opt/gz_tools_vendor:/opt/ros/jazzy/opt/gz_ogre_next_vendor:/opt/ros/jazzy/opt/gz_dartsim_vendor:/opt/ros/jazzy/opt/gz_cmake_vendor:/opt/ros/jazzy /usr/bin/cmake --build /Bt/build/pal_gripper -- -j8 -l8
[2.768s] DEBUG:colcon.colcon_core.event_handler.log_command:Invoking command in '/Bt/build/pal_gripper': AMENT_PREFIX_PATH=/Bt/install/pal_gripper_description:/Bt/install/pal_urdf_utils:/Bt/install/pal_gripper_controller_configuration:${AMENT_PREFIX_PATH} CMAKE_PREFIX_PATH=/Bt/install/pal_gripper_description:/Bt/install/pal_urdf_utils:/Bt/install/pal_gripper_controller_configuration:/opt/ros/jazzy/opt/gz_sim_vendor:/opt/ros/jazzy/opt/gz_sensors_vendor:/opt/ros/jazzy/opt/gz_physics_vendor:/opt/ros/jazzy/opt/sdformat_vendor:/opt/ros/jazzy/opt/gz_gui_vendor:/opt/ros/jazzy/opt/gz_transport_vendor:/opt/ros/jazzy/opt/gz_rendering_vendor:/opt/ros/jazzy/opt/gz_plugin_vendor:/opt/ros/jazzy/opt/gz_fuel_tools_vendor:/opt/ros/jazzy/opt/gz_msgs_vendor:/opt/ros/jazzy/opt/gz_common_vendor:/opt/ros/jazzy/opt/gz_math_vendor:/opt/ros/jazzy/opt/gz_utils_vendor:/opt/ros/jazzy/opt/gz_tools_vendor:/opt/ros/jazzy/opt/gz_ogre_next_vendor:/opt/ros/jazzy/opt/gz_dartsim_vendor:/opt/ros/jazzy/opt/gz_cmake_vendor:/opt/ros/jazzy /usr/bin/cmake --install /Bt/build/pal_gripper
[2.779s] DEBUG:colcon.colcon_core.event_handler.log_command:Invoked command in '/Bt/build/pal_gripper_simulation' returned '0': AMENT_PREFIX_PATH=/Bt/install/pal_gripper_description:/Bt/install/pal_urdf_utils:/Bt/install/pal_gripper_controller_configuration:${AMENT_PREFIX_PATH} CMAKE_PREFIX_PATH=/Bt/install/pal_gripper_description:/Bt/install/pal_urdf_utils:/Bt/install/pal_gripper_controller_configuration:/opt/ros/jazzy/opt/gz_sim_vendor:/opt/ros/jazzy/opt/gz_sensors_vendor:/opt/ros/jazzy/opt/gz_physics_vendor:/opt/ros/jazzy/opt/sdformat_vendor:/opt/ros/jazzy/opt/gz_gui_vendor:/opt/ros/jazzy/opt/gz_transport_vendor:/opt/ros/jazzy/opt/gz_rendering_vendor:/opt/ros/jazzy/opt/gz_plugin_vendor:/opt/ros/jazzy/opt/gz_fuel_tools_vendor:/opt/ros/jazzy/opt/gz_msgs_vendor:/opt/ros/jazzy/opt/gz_common_vendor:/opt/ros/jazzy/opt/gz_math_vendor:/opt/ros/jazzy/opt/gz_utils_vendor:/opt/ros/jazzy/opt/gz_tools_vendor:/opt/ros/jazzy/opt/gz_ogre_next_vendor:/opt/ros/jazzy/opt/gz_dartsim_vendor:/opt/ros/jazzy/opt/gz_cmake_vendor:/opt/ros/jazzy /usr/bin/cmake --build /Bt/build/pal_gripper_simulation -- -j8 -l8
[2.779s] DEBUG:colcon.colcon_core.event_handler.log_command:Invoking command in '/Bt/build/pal_gripper_simulation': AMENT_PREFIX_PATH=/Bt/install/pal_gripper_description:/Bt/install/pal_urdf_utils:/Bt/install/pal_gripper_controller_configuration:${AMENT_PREFIX_PATH} CMAKE_PREFIX_PATH=/Bt/install/pal_gripper_description:/Bt/install/pal_urdf_utils:/Bt/install/pal_gripper_controller_configuration:/opt/ros/jazzy/opt/gz_sim_vendor:/opt/ros/jazzy/opt/gz_sensors_vendor:/opt/ros/jazzy/opt/gz_physics_vendor:/opt/ros/jazzy/opt/sdformat_vendor:/opt/ros/jazzy/opt/gz_gui_vendor:/opt/ros/jazzy/opt/gz_transport_vendor:/opt/ros/jazzy/opt/gz_rendering_vendor:/opt/ros/jazzy/opt/gz_plugin_vendor:/opt/ros/jazzy/opt/gz_fuel_tools_vendor:/opt/ros/jazzy/opt/gz_msgs_vendor:/opt/ros/jazzy/opt/gz_common_vendor:/opt/ros/jazzy/opt/gz_math_vendor:/opt/ros/jazzy/opt/gz_utils_vendor:/opt/ros/jazzy/opt/gz_tools_vendor:/opt/ros/jazzy/opt/gz_ogre_next_vendor:/opt/ros/jazzy/opt/gz_dartsim_vendor:/opt/ros/jazzy/opt/gz_cmake_vendor:/opt/ros/jazzy /usr/bin/cmake --install /Bt/build/pal_gripper_simulation
[2.780s] DEBUG:colcon.colcon_core.event_handler.log_command:Invoking command in '/Bt/ThirdParty/ros2_aruco/ros2_aruco': PYTHONPATH=/Bt/build/ros2_aruco/prefix_override:/usr/lib/python3/dist-packages/colcon_core/task/python/colcon_distutils_commands:/Bt/install/ros2_aruco/lib/python3.12/site-packages:${PYTHONPATH} /usr/bin/python3 -W ignore:setup.py install is deprecated -W ignore:easy_install command is deprecated setup.py egg_info --egg-base ../../../build/ros2_aruco build --build-base /Bt/build/ros2_aruco/build install --record /Bt/build/ros2_aruco/install.log --single-version-externally-managed install_data
[2.789s] Level 1:colcon.colcon_core.environment:create_environment_scripts_only(pal_gripper)
[2.791s] Level 1:colcon.colcon_core.environment:checking '/Bt/install/pal_gripper' for CMake module files
[2.792s] Level 1:colcon.colcon_core.environment:checking '/Bt/install/pal_gripper' for CMake config files
[2.793s] Level 1:colcon.colcon_core.shell:create_environment_hook('pal_gripper', 'cmake_prefix_path')
[2.794s] INFO:colcon.colcon_core.shell:Creating environment hook '/Bt/install/pal_gripper/share/pal_gripper/hook/cmake_prefix_path.ps1'
[2.794s] INFO:colcon.colcon_core.shell:Creating environment descriptor '/Bt/install/pal_gripper/share/pal_gripper/hook/cmake_prefix_path.dsv'
[2.791s] DEBUG:colcon.colcon_core.event_handler.log_command:Invoked command in '/Bt/build/pal_gripper' returned '0': AMENT_PREFIX_PATH=/Bt/install/pal_gripper_description:/Bt/install/pal_urdf_utils:/Bt/install/pal_gripper_controller_configuration:${AMENT_PREFIX_PATH} CMAKE_PREFIX_PATH=/Bt/install/pal_gripper_description:/Bt/install/pal_urdf_utils:/Bt/install/pal_gripper_controller_configuration:/opt/ros/jazzy/opt/gz_sim_vendor:/opt/ros/jazzy/opt/gz_sensors_vendor:/opt/ros/jazzy/opt/gz_physics_vendor:/opt/ros/jazzy/opt/sdformat_vendor:/opt/ros/jazzy/opt/gz_gui_vendor:/opt/ros/jazzy/opt/gz_transport_vendor:/opt/ros/jazzy/opt/gz_rendering_vendor:/opt/ros/jazzy/opt/gz_plugin_vendor:/opt/ros/jazzy/opt/gz_fuel_tools_vendor:/opt/ros/jazzy/opt/gz_msgs_vendor:/opt/ros/jazzy/opt/gz_common_vendor:/opt/ros/jazzy/opt/gz_math_vendor:/opt/ros/jazzy/opt/gz_utils_vendor:/opt/ros/jazzy/opt/gz_tools_vendor:/opt/ros/jazzy/opt/gz_ogre_next_vendor:/opt/ros/jazzy/opt/gz_dartsim_vendor:/opt/ros/jazzy/opt/gz_cmake_vendor:/opt/ros/jazzy /usr/bin/cmake --install /Bt/build/pal_gripper
[2.802s] INFO:colcon.colcon_core.shell:Creating environment hook '/Bt/install/pal_gripper/share/pal_gripper/hook/cmake_prefix_path.sh'
[2.803s] Level 1:colcon.colcon_core.environment:checking '/Bt/install/pal_gripper/bin'
[2.803s] Level 1:colcon.colcon_core.environment:checking '/Bt/install/pal_gripper/lib/pkgconfig/pal_gripper.pc'
[2.804s] Level 1:colcon.colcon_core.environment:checking '/Bt/install/pal_gripper/lib/python3.12/site-packages'
[2.805s] Level 1:colcon.colcon_core.environment:checking '/Bt/install/pal_gripper/bin'
[2.805s] INFO:colcon.colcon_core.shell:Creating package script '/Bt/install/pal_gripper/share/pal_gripper/package.ps1'
[2.816s] INFO:colcon.colcon_core.shell:Creating package descriptor '/Bt/install/pal_gripper/share/pal_gripper/package.dsv'
[2.816s] INFO:colcon.colcon_core.shell:Creating package script '/Bt/install/pal_gripper/share/pal_gripper/package.sh'
[2.817s] INFO:colcon.colcon_core.shell:Creating package script '/Bt/install/pal_gripper/share/pal_gripper/package.bash'
[2.818s] INFO:colcon.colcon_core.shell:Creating package script '/Bt/install/pal_gripper/share/pal_gripper/package.zsh'
[2.818s] Level 1:colcon.colcon_core.environment:create_file_with_runtime_dependencies(/Bt/install/pal_gripper/share/colcon-core/packages/pal_gripper)
[2.823s] Level 1:colcon.colcon_core.environment:create_environment_scripts_only(pal_gripper)
[2.823s] Level 1:colcon.colcon_core.environment:checking '/Bt/install/pal_gripper' for CMake module files
[2.824s] Level 1:colcon.colcon_core.environment:checking '/Bt/install/pal_gripper' for CMake config files
[2.825s] Level 1:colcon.colcon_core.shell:create_environment_hook('pal_gripper', 'cmake_prefix_path')
[2.825s] INFO:colcon.colcon_core.shell:Creating environment hook '/Bt/install/pal_gripper/share/pal_gripper/hook/cmake_prefix_path.ps1'
[2.826s] INFO:colcon.colcon_core.shell:Creating environment descriptor '/Bt/install/pal_gripper/share/pal_gripper/hook/cmake_prefix_path.dsv'
[2.827s] INFO:colcon.colcon_core.shell:Creating environment hook '/Bt/install/pal_gripper/share/pal_gripper/hook/cmake_prefix_path.sh'
[2.827s] Level 1:colcon.colcon_core.environment:checking '/Bt/install/pal_gripper/bin'
[2.828s] Level 1:colcon.colcon_core.environment:checking '/Bt/install/pal_gripper/lib/pkgconfig/pal_gripper.pc'
[2.828s] Level 1:colcon.colcon_core.environment:checking '/Bt/install/pal_gripper/lib/python3.12/site-packages'
[2.829s] Level 1:colcon.colcon_core.environment:checking '/Bt/install/pal_gripper/bin'
[2.829s] INFO:colcon.colcon_core.shell:Creating package script '/Bt/install/pal_gripper/share/pal_gripper/package.ps1'
[2.839s] INFO:colcon.colcon_core.shell:Creating package descriptor '/Bt/install/pal_gripper/share/pal_gripper/package.dsv'
[2.840s] INFO:colcon.colcon_core.shell:Creating package script '/Bt/install/pal_gripper/share/pal_gripper/package.sh'
[2.841s] INFO:colcon.colcon_core.shell:Creating package script '/Bt/install/pal_gripper/share/pal_gripper/package.bash'
[2.841s] INFO:colcon.colcon_core.shell:Creating package script '/Bt/install/pal_gripper/share/pal_gripper/package.zsh'
[2.842s] Level 1:colcon.colcon_core.environment:create_file_with_runtime_dependencies(/Bt/install/pal_gripper/share/colcon-core/packages/pal_gripper)
[2.845s] INFO:colcon.colcon_ros.task.ament_cmake.build:Building ROS package in '/Bt/ThirdParty/pmb2_robot/pmb2_description' with build type 'ament_cmake'
[2.845s] INFO:colcon.colcon_cmake.task.cmake.build:Building CMake package in '/Bt/ThirdParty/pmb2_robot/pmb2_description'
[2.845s] INFO:colcon.colcon_core.shell:Skip shell extension 'powershell' for command environment: Not usable outside of PowerShell
[2.845s] DEBUG:colcon.colcon_core.shell:Skip shell extension 'dsv' for command environment
[2.865s] Level 1:colcon.colcon_core.environment:create_environment_scripts_only(pal_gripper_simulation)
[2.865s] Level 1:colcon.colcon_core.environment:checking '/Bt/install/pal_gripper_simulation' for CMake module files
[2.867s] DEBUG:colcon.colcon_core.event_handler.log_command:Invoked command in '/Bt/build/pal_gripper_simulation' returned '0': AMENT_PREFIX_PATH=/Bt/install/pal_gripper_description:/Bt/install/pal_urdf_utils:/Bt/install/pal_gripper_controller_configuration:${AMENT_PREFIX_PATH} CMAKE_PREFIX_PATH=/Bt/install/pal_gripper_description:/Bt/install/pal_urdf_utils:/Bt/install/pal_gripper_controller_configuration:/opt/ros/jazzy/opt/gz_sim_vendor:/opt/ros/jazzy/opt/gz_sensors_vendor:/opt/ros/jazzy/opt/gz_physics_vendor:/opt/ros/jazzy/opt/sdformat_vendor:/opt/ros/jazzy/opt/gz_gui_vendor:/opt/ros/jazzy/opt/gz_transport_vendor:/opt/ros/jazzy/opt/gz_rendering_vendor:/opt/ros/jazzy/opt/gz_plugin_vendor:/opt/ros/jazzy/opt/gz_fuel_tools_vendor:/opt/ros/jazzy/opt/gz_msgs_vendor:/opt/ros/jazzy/opt/gz_common_vendor:/opt/ros/jazzy/opt/gz_math_vendor:/opt/ros/jazzy/opt/gz_utils_vendor:/opt/ros/jazzy/opt/gz_tools_vendor:/opt/ros/jazzy/opt/gz_ogre_next_vendor:/opt/ros/jazzy/opt/gz_dartsim_vendor:/opt/ros/jazzy/opt/gz_cmake_vendor:/opt/ros/jazzy /usr/bin/cmake --install /Bt/build/pal_gripper_simulation
[2.870s] Level 1:colcon.colcon_core.environment:checking '/Bt/install/pal_gripper_simulation' for CMake config files
[2.870s] Level 1:colcon.colcon_core.shell:create_environment_hook('pal_gripper_simulation', 'cmake_prefix_path')
[2.870s] INFO:colcon.colcon_core.shell:Creating environment hook '/Bt/install/pal_gripper_simulation/share/pal_gripper_simulation/hook/cmake_prefix_path.ps1'
[2.871s] INFO:colcon.colcon_core.shell:Creating environment descriptor '/Bt/install/pal_gripper_simulation/share/pal_gripper_simulation/hook/cmake_prefix_path.dsv'
[2.871s] INFO:colcon.colcon_core.shell:Creating environment hook '/Bt/install/pal_gripper_simulation/share/pal_gripper_simulation/hook/cmake_prefix_path.sh'
[2.871s] Level 1:colcon.colcon_core.environment:checking '/Bt/install/pal_gripper_simulation/bin'
[2.872s] Level 1:colcon.colcon_core.environment:checking '/Bt/install/pal_gripper_simulation/lib/pkgconfig/pal_gripper_simulation.pc'
[2.872s] Level 1:colcon.colcon_core.environment:checking '/Bt/install/pal_gripper_simulation/lib/python3.12/site-packages'
[2.872s] Level 1:colcon.colcon_core.environment:checking '/Bt/install/pal_gripper_simulation/bin'
[2.872s] INFO:colcon.colcon_core.shell:Creating package script '/Bt/install/pal_gripper_simulation/share/pal_gripper_simulation/package.ps1'
[2.873s] INFO:colcon.colcon_core.shell:Creating package descriptor '/Bt/install/pal_gripper_simulation/share/pal_gripper_simulation/package.dsv'
[2.874s] INFO:colcon.colcon_core.shell:Creating package script '/Bt/install/pal_gripper_simulation/share/pal_gripper_simulation/package.sh'
[2.874s] INFO:colcon.colcon_core.shell:Creating package script '/Bt/install/pal_gripper_simulation/share/pal_gripper_simulation/package.bash'
[2.875s] INFO:colcon.colcon_core.shell:Creating package script '/Bt/install/pal_gripper_simulation/share/pal_gripper_simulation/package.zsh'
[2.875s] Level 1:colcon.colcon_core.environment:create_file_with_runtime_dependencies(/Bt/install/pal_gripper_simulation/share/colcon-core/packages/pal_gripper_simulation)
[2.876s] Level 1:colcon.colcon_core.environment:create_environment_scripts_only(pal_gripper_simulation)
[2.876s] Level 1:colcon.colcon_core.environment:checking '/Bt/install/pal_gripper_simulation' for CMake module files
[2.876s] Level 1:colcon.colcon_core.environment:checking '/Bt/install/pal_gripper_simulation' for CMake config files
[2.877s] Level 1:colcon.colcon_core.shell:create_environment_hook('pal_gripper_simulation', 'cmake_prefix_path')
[2.877s] INFO:colcon.colcon_core.shell:Creating environment hook '/Bt/install/pal_gripper_simulation/share/pal_gripper_simulation/hook/cmake_prefix_path.ps1'
[2.877s] INFO:colcon.colcon_core.shell:Creating environment descriptor '/Bt/install/pal_gripper_simulation/share/pal_gripper_simulation/hook/cmake_prefix_path.dsv'
[2.878s] INFO:colcon.colcon_core.shell:Creating environment hook '/Bt/install/pal_gripper_simulation/share/pal_gripper_simulation/hook/cmake_prefix_path.sh'
[2.878s] Level 1:colcon.colcon_core.environment:checking '/Bt/install/pal_gripper_simulation/bin'
[2.878s] Level 1:colcon.colcon_core.environment:checking '/Bt/install/pal_gripper_simulation/lib/pkgconfig/pal_gripper_simulation.pc'
[2.879s] Level 1:colcon.colcon_core.environment:checking '/Bt/install/pal_gripper_simulation/lib/python3.12/site-packages'
[2.879s] Level 1:colcon.colcon_core.environment:checking '/Bt/install/pal_gripper_simulation/bin'
[2.879s] INFO:colcon.colcon_core.shell:Creating package script '/Bt/install/pal_gripper_simulation/share/pal_gripper_simulation/package.ps1'
[2.880s] INFO:colcon.colcon_core.shell:Creating package descriptor '/Bt/install/pal_gripper_simulation/share/pal_gripper_simulation/package.dsv'
[2.880s] INFO:colcon.colcon_core.shell:Creating package script '/Bt/install/pal_gripper_simulation/share/pal_gripper_simulation/package.sh'
[2.881s] INFO:colcon.colcon_core.shell:Creating package script '/Bt/install/pal_gripper_simulation/share/pal_gripper_simulation/package.bash'
[2.881s] INFO:colcon.colcon_core.shell:Creating package script '/Bt/install/pal_gripper_simulation/share/pal_gripper_simulation/package.zsh'
[2.881s] Level 1:colcon.colcon_core.environment:create_file_with_runtime_dependencies(/Bt/install/pal_gripper_simulation/share/colcon-core/packages/pal_gripper_simulation)
[2.883s] INFO:colcon.colcon_ros.task.ament_cmake.build:Building ROS package in '/Bt/ThirdParty/pmb2_robot/pmb2_controller_configuration' with build type 'ament_cmake'
[2.883s] INFO:colcon.colcon_cmake.task.cmake.build:Building CMake package in '/Bt/ThirdParty/pmb2_robot/pmb2_controller_configuration'
[2.883s] INFO:colcon.colcon_core.shell:Skip shell extension 'powershell' for command environment: Not usable outside of PowerShell
[2.883s] DEBUG:colcon.colcon_core.shell:Skip shell extension 'dsv' for command environment
[2.889s] DEBUG:colcon.colcon_core.event_handler.log_command:Invoked command in '/Bt/build/tiago_aruco_broadcast' returned '0': AMENT_PREFIX_PATH=/Bt/install/ros2_aruco_interfaces:${AMENT_PREFIX_PATH} CMAKE_PREFIX_PATH=/Bt/install/ros2_aruco_interfaces:/opt/ros/jazzy/opt/gz_sim_vendor:/opt/ros/jazzy/opt/gz_sensors_vendor:/opt/ros/jazzy/opt/gz_physics_vendor:/opt/ros/jazzy/opt/sdformat_vendor:/opt/ros/jazzy/opt/gz_gui_vendor:/opt/ros/jazzy/opt/gz_transport_vendor:/opt/ros/jazzy/opt/gz_rendering_vendor:/opt/ros/jazzy/opt/gz_plugin_vendor:/opt/ros/jazzy/opt/gz_fuel_tools_vendor:/opt/ros/jazzy/opt/gz_msgs_vendor:/opt/ros/jazzy/opt/gz_common_vendor:/opt/ros/jazzy/opt/gz_math_vendor:/opt/ros/jazzy/opt/gz_utils_vendor:/opt/ros/jazzy/opt/gz_tools_vendor:/opt/ros/jazzy/opt/gz_ogre_next_vendor:/opt/ros/jazzy/opt/gz_dartsim_vendor:/opt/ros/jazzy/opt/gz_cmake_vendor:/opt/ros/jazzy LD_LIBRARY_PATH=/Bt/install/ros2_aruco_interfaces/lib:${LD_LIBRARY_PATH} PYTHONPATH=/Bt/install/ros2_aruco_interfaces/lib/python3.12/site-packages:${PYTHONPATH} /usr/bin/cmake --build /Bt/build/tiago_aruco_broadcast -- -j8 -l8
[2.891s] DEBUG:colcon.colcon_core.event_handler.log_command:Invoking command in '/Bt/build/tiago_aruco_broadcast': AMENT_PREFIX_PATH=/Bt/install/ros2_aruco_interfaces:${AMENT_PREFIX_PATH} CMAKE_PREFIX_PATH=/Bt/install/ros2_aruco_interfaces:/opt/ros/jazzy/opt/gz_sim_vendor:/opt/ros/jazzy/opt/gz_sensors_vendor:/opt/ros/jazzy/opt/gz_physics_vendor:/opt/ros/jazzy/opt/sdformat_vendor:/opt/ros/jazzy/opt/gz_gui_vendor:/opt/ros/jazzy/opt/gz_transport_vendor:/opt/ros/jazzy/opt/gz_rendering_vendor:/opt/ros/jazzy/opt/gz_plugin_vendor:/opt/ros/jazzy/opt/gz_fuel_tools_vendor:/opt/ros/jazzy/opt/gz_msgs_vendor:/opt/ros/jazzy/opt/gz_common_vendor:/opt/ros/jazzy/opt/gz_math_vendor:/opt/ros/jazzy/opt/gz_utils_vendor:/opt/ros/jazzy/opt/gz_tools_vendor:/opt/ros/jazzy/opt/gz_ogre_next_vendor:/opt/ros/jazzy/opt/gz_dartsim_vendor:/opt/ros/jazzy/opt/gz_cmake_vendor:/opt/ros/jazzy LD_LIBRARY_PATH=/Bt/install/ros2_aruco_interfaces/lib:${LD_LIBRARY_PATH} PYTHONPATH=/Bt/install/ros2_aruco_interfaces/lib/python3.12/site-packages:${PYTHONPATH} /usr/bin/cmake --install /Bt/build/tiago_aruco_broadcast
[2.894s] DEBUG:colcon.colcon_core.event_handler.log_command:Invoking command in '/Bt/build/pmb2_description': AMENT_PREFIX_PATH=/Bt/install/pal_urdf_utils:/Bt/install/launch_pal:${AMENT_PREFIX_PATH} CMAKE_PREFIX_PATH=/Bt/install/pal_urdf_utils:/opt/ros/jazzy/opt/gz_sim_vendor:/opt/ros/jazzy/opt/gz_sensors_vendor:/opt/ros/jazzy/opt/gz_physics_vendor:/opt/ros/jazzy/opt/sdformat_vendor:/opt/ros/jazzy/opt/gz_gui_vendor:/opt/ros/jazzy/opt/gz_transport_vendor:/opt/ros/jazzy/opt/gz_rendering_vendor:/opt/ros/jazzy/opt/gz_plugin_vendor:/opt/ros/jazzy/opt/gz_fuel_tools_vendor:/opt/ros/jazzy/opt/gz_msgs_vendor:/opt/ros/jazzy/opt/gz_common_vendor:/opt/ros/jazzy/opt/gz_math_vendor:/opt/ros/jazzy/opt/gz_utils_vendor:/opt/ros/jazzy/opt/gz_tools_vendor:/opt/ros/jazzy/opt/gz_ogre_next_vendor:/opt/ros/jazzy/opt/gz_dartsim_vendor:/opt/ros/jazzy/opt/gz_cmake_vendor:/opt/ros/jazzy PYTHONPATH=/Bt/install/launch_pal/lib/python3.12/site-packages:${PYTHONPATH} /usr/bin/cmake --build /Bt/build/pmb2_description -- -j8 -l8
[2.895s] DEBUG:colcon.colcon_core.event_handler.log_command:Invoked command in '/Bt/build/grab2_msgs' returned '0': AMENT_PREFIX_PATH=/Bt/install/btcpp_ros2_interfaces:${AMENT_PREFIX_PATH} CMAKE_PREFIX_PATH=/Bt/install/btcpp_ros2_interfaces:/opt/ros/jazzy/opt/gz_sim_vendor:/opt/ros/jazzy/opt/gz_sensors_vendor:/opt/ros/jazzy/opt/gz_physics_vendor:/opt/ros/jazzy/opt/sdformat_vendor:/opt/ros/jazzy/opt/gz_gui_vendor:/opt/ros/jazzy/opt/gz_transport_vendor:/opt/ros/jazzy/opt/gz_rendering_vendor:/opt/ros/jazzy/opt/gz_plugin_vendor:/opt/ros/jazzy/opt/gz_fuel_tools_vendor:/opt/ros/jazzy/opt/gz_msgs_vendor:/opt/ros/jazzy/opt/gz_common_vendor:/opt/ros/jazzy/opt/gz_math_vendor:/opt/ros/jazzy/opt/gz_utils_vendor:/opt/ros/jazzy/opt/gz_tools_vendor:/opt/ros/jazzy/opt/gz_ogre_next_vendor:/opt/ros/jazzy/opt/gz_dartsim_vendor:/opt/ros/jazzy/opt/gz_cmake_vendor:/opt/ros/jazzy LD_LIBRARY_PATH=/Bt/install/btcpp_ros2_interfaces/lib:${LD_LIBRARY_PATH} PYTHONPATH=/Bt/install/btcpp_ros2_interfaces/lib/python3.12/site-packages:${PYTHONPATH} /usr/bin/cmake --build /Bt/build/grab2_msgs -- -j8 -l8
[2.896s] DEBUG:colcon.colcon_core.event_handler.log_command:Invoking command in '/Bt/build/grab2_msgs': AMENT_PREFIX_PATH=/Bt/install/btcpp_ros2_interfaces:${AMENT_PREFIX_PATH} CMAKE_PREFIX_PATH=/Bt/install/btcpp_ros2_interfaces:/opt/ros/jazzy/opt/gz_sim_vendor:/opt/ros/jazzy/opt/gz_sensors_vendor:/opt/ros/jazzy/opt/gz_physics_vendor:/opt/ros/jazzy/opt/sdformat_vendor:/opt/ros/jazzy/opt/gz_gui_vendor:/opt/ros/jazzy/opt/gz_transport_vendor:/opt/ros/jazzy/opt/gz_rendering_vendor:/opt/ros/jazzy/opt/gz_plugin_vendor:/opt/ros/jazzy/opt/gz_fuel_tools_vendor:/opt/ros/jazzy/opt/gz_msgs_vendor:/opt/ros/jazzy/opt/gz_common_vendor:/opt/ros/jazzy/opt/gz_math_vendor:/opt/ros/jazzy/opt/gz_utils_vendor:/opt/ros/jazzy/opt/gz_tools_vendor:/opt/ros/jazzy/opt/gz_ogre_next_vendor:/opt/ros/jazzy/opt/gz_dartsim_vendor:/opt/ros/jazzy/opt/gz_cmake_vendor:/opt/ros/jazzy LD_LIBRARY_PATH=/Bt/install/btcpp_ros2_interfaces/lib:${LD_LIBRARY_PATH} PYTHONPATH=/Bt/install/btcpp_ros2_interfaces/lib/python3.12/site-packages:${PYTHONPATH} /usr/bin/cmake --install /Bt/build/grab2_msgs
[2.901s] DEBUG:colcon.colcon_core.event_handler.log_command:Invoking command in '/Bt/build/pmb2_controller_configuration': AMENT_PREFIX_PATH=/Bt/install/launch_pal:${AMENT_PREFIX_PATH} CMAKE_PREFIX_PATH=${CMAKE_PREFIX_PATH}:/opt/ros/jazzy PYTHONPATH=/Bt/install/launch_pal/lib/python3.12/site-packages:${PYTHONPATH} /usr/bin/cmake --build /Bt/build/pmb2_controller_configuration -- -j8 -l8
[2.911s] Level 1:colcon.colcon_core.environment:create_environment_scripts_only(tiago_aruco_broadcast)
[2.911s] Level 1:colcon.colcon_core.environment:checking '/Bt/install/tiago_aruco_broadcast' for CMake module files
[2.914s] DEBUG:colcon.colcon_core.event_handler.log_command:Invoked command in '/Bt/build/tiago_aruco_broadcast' returned '0': AMENT_PREFIX_PATH=/Bt/install/ros2_aruco_interfaces:${AMENT_PREFIX_PATH} CMAKE_PREFIX_PATH=/Bt/install/ros2_aruco_interfaces:/opt/ros/jazzy/opt/gz_sim_vendor:/opt/ros/jazzy/opt/gz_sensors_vendor:/opt/ros/jazzy/opt/gz_physics_vendor:/opt/ros/jazzy/opt/sdformat_vendor:/opt/ros/jazzy/opt/gz_gui_vendor:/opt/ros/jazzy/opt/gz_transport_vendor:/opt/ros/jazzy/opt/gz_rendering_vendor:/opt/ros/jazzy/opt/gz_plugin_vendor:/opt/ros/jazzy/opt/gz_fuel_tools_vendor:/opt/ros/jazzy/opt/gz_msgs_vendor:/opt/ros/jazzy/opt/gz_common_vendor:/opt/ros/jazzy/opt/gz_math_vendor:/opt/ros/jazzy/opt/gz_utils_vendor:/opt/ros/jazzy/opt/gz_tools_vendor:/opt/ros/jazzy/opt/gz_ogre_next_vendor:/opt/ros/jazzy/opt/gz_dartsim_vendor:/opt/ros/jazzy/opt/gz_cmake_vendor:/opt/ros/jazzy LD_LIBRARY_PATH=/Bt/install/ros2_aruco_interfaces/lib:${LD_LIBRARY_PATH} PYTHONPATH=/Bt/install/ros2_aruco_interfaces/lib/python3.12/site-packages:${PYTHONPATH} /usr/bin/cmake --install /Bt/build/tiago_aruco_broadcast
[2.915s] Level 1:colcon.colcon_core.environment:checking '/Bt/install/tiago_aruco_broadcast' for CMake config files
[2.929s] Level 1:colcon.colcon_core.shell:create_environment_hook('tiago_aruco_broadcast', 'cmake_prefix_path')
[2.929s] INFO:colcon.colcon_core.shell:Creating environment hook '/Bt/install/tiago_aruco_broadcast/share/tiago_aruco_broadcast/hook/cmake_prefix_path.ps1'
[2.930s] INFO:colcon.colcon_core.shell:Creating environment descriptor '/Bt/install/tiago_aruco_broadcast/share/tiago_aruco_broadcast/hook/cmake_prefix_path.dsv'
[2.931s] INFO:colcon.colcon_core.shell:Creating environment hook '/Bt/install/tiago_aruco_broadcast/share/tiago_aruco_broadcast/hook/cmake_prefix_path.sh'
[2.935s] Level 1:colcon.colcon_core.environment:checking '/Bt/install/tiago_aruco_broadcast/lib'
[2.936s] Level 1:colcon.colcon_core.environment:checking '/Bt/install/tiago_aruco_broadcast/bin'
[2.936s] Level 1:colcon.colcon_core.environment:checking '/Bt/install/tiago_aruco_broadcast/lib/pkgconfig/tiago_aruco_broadcast.pc'
[2.936s] Level 1:colcon.colcon_core.environment:checking '/Bt/install/tiago_aruco_broadcast/lib/python3.12/site-packages'
[2.937s] Level 1:colcon.colcon_core.environment:checking '/Bt/install/tiago_aruco_broadcast/bin'
[2.937s] INFO:colcon.colcon_core.shell:Creating package script '/Bt/install/tiago_aruco_broadcast/share/tiago_aruco_broadcast/package.ps1'
[2.939s] INFO:colcon.colcon_core.shell:Creating package descriptor '/Bt/install/tiago_aruco_broadcast/share/tiago_aruco_broadcast/package.dsv'
[2.942s] INFO:colcon.colcon_core.shell:Creating package script '/Bt/install/tiago_aruco_broadcast/share/tiago_aruco_broadcast/package.sh'
[2.944s] INFO:colcon.colcon_core.shell:Creating package script '/Bt/install/tiago_aruco_broadcast/share/tiago_aruco_broadcast/package.bash'
[2.945s] INFO:colcon.colcon_core.shell:Creating package script '/Bt/install/tiago_aruco_broadcast/share/tiago_aruco_broadcast/package.zsh'
[2.946s] Level 1:colcon.colcon_core.environment:create_file_with_runtime_dependencies(/Bt/install/tiago_aruco_broadcast/share/colcon-core/packages/tiago_aruco_broadcast)
[2.947s] Level 1:colcon.colcon_core.environment:create_environment_scripts_only(tiago_aruco_broadcast)
[2.947s] Level 1:colcon.colcon_core.environment:checking '/Bt/install/tiago_aruco_broadcast' for CMake module files
[2.948s] Level 1:colcon.colcon_core.environment:checking '/Bt/install/tiago_aruco_broadcast' for CMake config files
[2.948s] Level 1:colcon.colcon_core.shell:create_environment_hook('tiago_aruco_broadcast', 'cmake_prefix_path')
[2.949s] INFO:colcon.colcon_core.shell:Creating environment hook '/Bt/install/tiago_aruco_broadcast/share/tiago_aruco_broadcast/hook/cmake_prefix_path.ps1'
[2.951s] INFO:colcon.colcon_core.shell:Creating environment descriptor '/Bt/install/tiago_aruco_broadcast/share/tiago_aruco_broadcast/hook/cmake_prefix_path.dsv'
[2.951s] INFO:colcon.colcon_core.shell:Creating environment hook '/Bt/install/tiago_aruco_broadcast/share/tiago_aruco_broadcast/hook/cmake_prefix_path.sh'
[2.952s] Level 1:colcon.colcon_core.environment:checking '/Bt/install/tiago_aruco_broadcast/lib'
[2.952s] Level 1:colcon.colcon_core.environment:checking '/Bt/install/tiago_aruco_broadcast/bin'
[2.953s] Level 1:colcon.colcon_core.environment:checking '/Bt/install/tiago_aruco_broadcast/lib/pkgconfig/tiago_aruco_broadcast.pc'
[2.953s] Level 1:colcon.colcon_core.environment:checking '/Bt/install/tiago_aruco_broadcast/lib/python3.12/site-packages'
[2.954s] Level 1:colcon.colcon_core.environment:checking '/Bt/install/tiago_aruco_broadcast/bin'
[2.954s] INFO:colcon.colcon_core.shell:Creating package script '/Bt/install/tiago_aruco_broadcast/share/tiago_aruco_broadcast/package.ps1'
[2.955s] INFO:colcon.colcon_core.shell:Creating package descriptor '/Bt/install/tiago_aruco_broadcast/share/tiago_aruco_broadcast/package.dsv'
[2.956s] INFO:colcon.colcon_core.shell:Creating package script '/Bt/install/tiago_aruco_broadcast/share/tiago_aruco_broadcast/package.sh'
[2.956s] INFO:colcon.colcon_core.shell:Creating package script '/Bt/install/tiago_aruco_broadcast/share/tiago_aruco_broadcast/package.bash'
[2.957s] INFO:colcon.colcon_core.shell:Creating package script '/Bt/install/tiago_aruco_broadcast/share/tiago_aruco_broadcast/package.zsh'
[2.958s] Level 1:colcon.colcon_core.environment:create_file_with_runtime_dependencies(/Bt/install/tiago_aruco_broadcast/share/colcon-core/packages/tiago_aruco_broadcast)
[2.959s] INFO:colcon.colcon_ros.task.ament_cmake.build:Building ROS package in '/Bt/ThirdParty/pmb2_navigation/pmb2_2dnav' with build type 'ament_cmake'
[2.959s] INFO:colcon.colcon_cmake.task.cmake.build:Building CMake package in '/Bt/ThirdParty/pmb2_navigation/pmb2_2dnav'
[2.959s] INFO:colcon.colcon_core.shell:Skip shell extension 'powershell' for command environment: Not usable outside of PowerShell
[2.959s] DEBUG:colcon.colcon_core.shell:Skip shell extension 'dsv' for command environment
[2.969s] DEBUG:colcon.colcon_core.event_handler.log_command:Invoked command in '/Bt/build/btcpp_ros2_samples' returned '0': AMENT_PREFIX_PATH=/Bt/install/behaviortree_ros2:/Bt/install/btcpp_ros2_interfaces:${AMENT_PREFIX_PATH} CMAKE_PREFIX_PATH=/Bt/install/behaviortree_ros2:/Bt/install/btcpp_ros2_interfaces:/opt/ros/jazzy/opt/gz_sim_vendor:/opt/ros/jazzy/opt/gz_sensors_vendor:/opt/ros/jazzy/opt/gz_physics_vendor:/opt/ros/jazzy/opt/sdformat_vendor:/opt/ros/jazzy/opt/gz_gui_vendor:/opt/ros/jazzy/opt/gz_transport_vendor:/opt/ros/jazzy/opt/gz_rendering_vendor:/opt/ros/jazzy/opt/gz_plugin_vendor:/opt/ros/jazzy/opt/gz_fuel_tools_vendor:/opt/ros/jazzy/opt/gz_msgs_vendor:/opt/ros/jazzy/opt/gz_common_vendor:/opt/ros/jazzy/opt/gz_math_vendor:/opt/ros/jazzy/opt/gz_utils_vendor:/opt/ros/jazzy/opt/gz_tools_vendor:/opt/ros/jazzy/opt/gz_ogre_next_vendor:/opt/ros/jazzy/opt/gz_dartsim_vendor:/opt/ros/jazzy/opt/gz_cmake_vendor:/opt/ros/jazzy LD_LIBRARY_PATH=/Bt/install/behaviortree_ros2/lib:/Bt/install/btcpp_ros2_interfaces/lib:${LD_LIBRARY_PATH} PYTHONPATH=/Bt/install/btcpp_ros2_interfaces/lib/python3.12/site-packages:${PYTHONPATH} /usr/bin/cmake --build /Bt/build/btcpp_ros2_samples -- -j8 -l8
[2.969s] DEBUG:colcon.colcon_core.event_handler.log_command:Invoking command in '/Bt/build/btcpp_ros2_samples': AMENT_PREFIX_PATH=/Bt/install/behaviortree_ros2:/Bt/install/btcpp_ros2_interfaces:${AMENT_PREFIX_PATH} CMAKE_PREFIX_PATH=/Bt/install/behaviortree_ros2:/Bt/install/btcpp_ros2_interfaces:/opt/ros/jazzy/opt/gz_sim_vendor:/opt/ros/jazzy/opt/gz_sensors_vendor:/opt/ros/jazzy/opt/gz_physics_vendor:/opt/ros/jazzy/opt/sdformat_vendor:/opt/ros/jazzy/opt/gz_gui_vendor:/opt/ros/jazzy/opt/gz_transport_vendor:/opt/ros/jazzy/opt/gz_rendering_vendor:/opt/ros/jazzy/opt/gz_plugin_vendor:/opt/ros/jazzy/opt/gz_fuel_tools_vendor:/opt/ros/jazzy/opt/gz_msgs_vendor:/opt/ros/jazzy/opt/gz_common_vendor:/opt/ros/jazzy/opt/gz_math_vendor:/opt/ros/jazzy/opt/gz_utils_vendor:/opt/ros/jazzy/opt/gz_tools_vendor:/opt/ros/jazzy/opt/gz_ogre_next_vendor:/opt/ros/jazzy/opt/gz_dartsim_vendor:/opt/ros/jazzy/opt/gz_cmake_vendor:/opt/ros/jazzy LD_LIBRARY_PATH=/Bt/install/behaviortree_ros2/lib:/Bt/install/btcpp_ros2_interfaces/lib:${LD_LIBRARY_PATH} PYTHONPATH=/Bt/install/btcpp_ros2_interfaces/lib/python3.12/site-packages:${PYTHONPATH} /usr/bin/cmake --install /Bt/build/btcpp_ros2_samples
[2.974s] DEBUG:colcon.colcon_core.event_handler.log_command:Invoking command in '/Bt/build/pmb2_2dnav': AMENT_PREFIX_PATH=/Bt/install/pal_maps:/Bt/install/launch_pal:${AMENT_PREFIX_PATH} CMAKE_PREFIX_PATH=/Bt/install/pal_maps:/opt/ros/jazzy/opt/gz_sim_vendor:/opt/ros/jazzy/opt/gz_sensors_vendor:/opt/ros/jazzy/opt/gz_physics_vendor:/opt/ros/jazzy/opt/sdformat_vendor:/opt/ros/jazzy/opt/gz_gui_vendor:/opt/ros/jazzy/opt/gz_transport_vendor:/opt/ros/jazzy/opt/gz_rendering_vendor:/opt/ros/jazzy/opt/gz_plugin_vendor:/opt/ros/jazzy/opt/gz_fuel_tools_vendor:/opt/ros/jazzy/opt/gz_msgs_vendor:/opt/ros/jazzy/opt/gz_common_vendor:/opt/ros/jazzy/opt/gz_math_vendor:/opt/ros/jazzy/opt/gz_utils_vendor:/opt/ros/jazzy/opt/gz_tools_vendor:/opt/ros/jazzy/opt/gz_ogre_next_vendor:/opt/ros/jazzy/opt/gz_dartsim_vendor:/opt/ros/jazzy/opt/gz_cmake_vendor:/opt/ros/jazzy PYTHONPATH=/Bt/install/launch_pal/lib/python3.12/site-packages:${PYTHONPATH} /usr/bin/cmake --build /Bt/build/pmb2_2dnav -- -j8 -l8
[2.977s] DEBUG:colcon.colcon_core.event_handler.log_command:Invoked command in '/Bt/build/pmb2_controller_configuration' returned '0': AMENT_PREFIX_PATH=/Bt/install/launch_pal:${AMENT_PREFIX_PATH} CMAKE_PREFIX_PATH=${CMAKE_PREFIX_PATH}:/opt/ros/jazzy PYTHONPATH=/Bt/install/launch_pal/lib/python3.12/site-packages:${PYTHONPATH} /usr/bin/cmake --build /Bt/build/pmb2_controller_configuration -- -j8 -l8
[2.978s] DEBUG:colcon.colcon_core.event_handler.log_command:Invoking command in '/Bt/build/pmb2_controller_configuration': AMENT_PREFIX_PATH=/Bt/install/launch_pal:${AMENT_PREFIX_PATH} CMAKE_PREFIX_PATH=${CMAKE_PREFIX_PATH}:/opt/ros/jazzy PYTHONPATH=/Bt/install/launch_pal/lib/python3.12/site-packages:${PYTHONPATH} /usr/bin/cmake --install /Bt/build/pmb2_controller_configuration
[2.994s] Level 1:colcon.colcon_core.environment:create_environment_scripts_only(btcpp_ros2_samples)
[2.994s] Level 1:colcon.colcon_core.environment:checking '/Bt/install/btcpp_ros2_samples' for CMake module files
[2.999s] Level 1:colcon.colcon_core.environment:checking '/Bt/install/btcpp_ros2_samples' for CMake config files
[3.002s] Level 1:colcon.colcon_core.shell:create_environment_hook('btcpp_ros2_samples', 'cmake_prefix_path')
[3.002s] INFO:colcon.colcon_core.shell:Creating environment hook '/Bt/install/btcpp_ros2_samples/share/btcpp_ros2_samples/hook/cmake_prefix_path.ps1'
[3.003s] INFO:colcon.colcon_core.shell:Creating environment descriptor '/Bt/install/btcpp_ros2_samples/share/btcpp_ros2_samples/hook/cmake_prefix_path.dsv'
[3.004s] DEBUG:colcon.colcon_core.event_handler.log_command:Invoked command in '/Bt/build/btcpp_ros2_samples' returned '0': AMENT_PREFIX_PATH=/Bt/install/behaviortree_ros2:/Bt/install/btcpp_ros2_interfaces:${AMENT_PREFIX_PATH} CMAKE_PREFIX_PATH=/Bt/install/behaviortree_ros2:/Bt/install/btcpp_ros2_interfaces:/opt/ros/jazzy/opt/gz_sim_vendor:/opt/ros/jazzy/opt/gz_sensors_vendor:/opt/ros/jazzy/opt/gz_physics_vendor:/opt/ros/jazzy/opt/sdformat_vendor:/opt/ros/jazzy/opt/gz_gui_vendor:/opt/ros/jazzy/opt/gz_transport_vendor:/opt/ros/jazzy/opt/gz_rendering_vendor:/opt/ros/jazzy/opt/gz_plugin_vendor:/opt/ros/jazzy/opt/gz_fuel_tools_vendor:/opt/ros/jazzy/opt/gz_msgs_vendor:/opt/ros/jazzy/opt/gz_common_vendor:/opt/ros/jazzy/opt/gz_math_vendor:/opt/ros/jazzy/opt/gz_utils_vendor:/opt/ros/jazzy/opt/gz_tools_vendor:/opt/ros/jazzy/opt/gz_ogre_next_vendor:/opt/ros/jazzy/opt/gz_dartsim_vendor:/opt/ros/jazzy/opt/gz_cmake_vendor:/opt/ros/jazzy LD_LIBRARY_PATH=/Bt/install/behaviortree_ros2/lib:/Bt/install/btcpp_ros2_interfaces/lib:${LD_LIBRARY_PATH} PYTHONPATH=/Bt/install/btcpp_ros2_interfaces/lib/python3.12/site-packages:${PYTHONPATH} /usr/bin/cmake --install /Bt/build/btcpp_ros2_samples
[3.005s] INFO:colcon.colcon_core.shell:Creating environment hook '/Bt/install/btcpp_ros2_samples/share/btcpp_ros2_samples/hook/cmake_prefix_path.sh'
[3.008s] Level 1:colcon.colcon_core.environment:checking '/Bt/install/btcpp_ros2_samples/lib'
[3.008s] Level 1:colcon.colcon_core.environment:checking '/Bt/install/btcpp_ros2_samples/bin'
[3.009s] Level 1:colcon.colcon_core.environment:checking '/Bt/install/btcpp_ros2_samples/lib/pkgconfig/btcpp_ros2_samples.pc'
[3.009s] Level 1:colcon.colcon_core.environment:checking '/Bt/install/btcpp_ros2_samples/lib/python3.12/site-packages'
[3.009s] Level 1:colcon.colcon_core.environment:checking '/Bt/install/btcpp_ros2_samples/bin'
[3.010s] INFO:colcon.colcon_core.shell:Creating package script '/Bt/install/btcpp_ros2_samples/share/btcpp_ros2_samples/package.ps1'
[3.012s] INFO:colcon.colcon_core.shell:Creating package descriptor '/Bt/install/btcpp_ros2_samples/share/btcpp_ros2_samples/package.dsv'
[3.013s] INFO:colcon.colcon_core.shell:Creating package script '/Bt/install/btcpp_ros2_samples/share/btcpp_ros2_samples/package.sh'
[3.014s] INFO:colcon.colcon_core.shell:Creating package script '/Bt/install/btcpp_ros2_samples/share/btcpp_ros2_samples/package.bash'
[3.014s] INFO:colcon.colcon_core.shell:Creating package script '/Bt/install/btcpp_ros2_samples/share/btcpp_ros2_samples/package.zsh'
[3.015s] Level 1:colcon.colcon_core.environment:create_file_with_runtime_dependencies(/Bt/install/btcpp_ros2_samples/share/colcon-core/packages/btcpp_ros2_samples)
[3.016s] Level 1:colcon.colcon_core.environment:create_environment_scripts_only(btcpp_ros2_samples)
[3.016s] Level 1:colcon.colcon_core.environment:checking '/Bt/install/btcpp_ros2_samples' for CMake module files
[3.017s] Level 1:colcon.colcon_core.environment:checking '/Bt/install/btcpp_ros2_samples' for CMake config files
[3.017s] Level 1:colcon.colcon_core.shell:create_environment_hook('btcpp_ros2_samples', 'cmake_prefix_path')
[3.018s] INFO:colcon.colcon_core.shell:Creating environment hook '/Bt/install/btcpp_ros2_samples/share/btcpp_ros2_samples/hook/cmake_prefix_path.ps1'
[3.018s] INFO:colcon.colcon_core.shell:Creating environment descriptor '/Bt/install/btcpp_ros2_samples/share/btcpp_ros2_samples/hook/cmake_prefix_path.dsv'
[3.019s] INFO:colcon.colcon_core.shell:Creating environment hook '/Bt/install/btcpp_ros2_samples/share/btcpp_ros2_samples/hook/cmake_prefix_path.sh'
[3.019s] Level 1:colcon.colcon_core.environment:checking '/Bt/install/btcpp_ros2_samples/lib'
[3.020s] Level 1:colcon.colcon_core.environment:checking '/Bt/install/btcpp_ros2_samples/bin'
[3.020s] Level 1:colcon.colcon_core.environment:checking '/Bt/install/btcpp_ros2_samples/lib/pkgconfig/btcpp_ros2_samples.pc'
[3.020s] Level 1:colcon.colcon_core.environment:checking '/Bt/install/btcpp_ros2_samples/lib/python3.12/site-packages'
[3.021s] Level 1:colcon.colcon_core.environment:checking '/Bt/install/btcpp_ros2_samples/bin'
[3.021s] INFO:colcon.colcon_core.shell:Creating package script '/Bt/install/btcpp_ros2_samples/share/btcpp_ros2_samples/package.ps1'
[3.022s] INFO:colcon.colcon_core.shell:Creating package descriptor '/Bt/install/btcpp_ros2_samples/share/btcpp_ros2_samples/package.dsv'
[3.022s] INFO:colcon.colcon_core.shell:Creating package script '/Bt/install/btcpp_ros2_samples/share/btcpp_ros2_samples/package.sh'
[3.023s] INFO:colcon.colcon_core.shell:Creating package script '/Bt/install/btcpp_ros2_samples/share/btcpp_ros2_samples/package.bash'
[3.024s] INFO:colcon.colcon_core.shell:Creating package script '/Bt/install/btcpp_ros2_samples/share/btcpp_ros2_samples/package.zsh'
[3.024s] Level 1:colcon.colcon_core.environment:create_file_with_runtime_dependencies(/Bt/install/btcpp_ros2_samples/share/colcon-core/packages/btcpp_ros2_samples)
[3.025s] INFO:colcon.colcon_ros.task.ament_cmake.build:Building ROS package in '/Bt/ThirdParty/pmb2_navigation/pmb2_rgbd_sensors' with build type 'ament_cmake'
[3.026s] INFO:colcon.colcon_cmake.task.cmake.build:Building CMake package in '/Bt/ThirdParty/pmb2_navigation/pmb2_rgbd_sensors'
[3.026s] INFO:colcon.colcon_core.shell:Skip shell extension 'powershell' for command environment: Not usable outside of PowerShell
[3.026s] DEBUG:colcon.colcon_core.shell:Skip shell extension 'dsv' for command environment
[3.034s] Level 1:colcon.colcon_core.environment:create_environment_scripts_only(pmb2_controller_configuration)
[3.034s] Level 1:colcon.colcon_core.environment:checking '/Bt/install/pmb2_controller_configuration' for CMake module files
[3.035s] DEBUG:colcon.colcon_core.event_handler.log_command:Invoked command in '/Bt/build/pmb2_controller_configuration' returned '0': AMENT_PREFIX_PATH=/Bt/install/launch_pal:${AMENT_PREFIX_PATH} CMAKE_PREFIX_PATH=${CMAKE_PREFIX_PATH}:/opt/ros/jazzy PYTHONPATH=/Bt/install/launch_pal/lib/python3.12/site-packages:${PYTHONPATH} /usr/bin/cmake --install /Bt/build/pmb2_controller_configuration
[3.036s] Level 1:colcon.colcon_core.environment:checking '/Bt/install/pmb2_controller_configuration' for CMake config files
[3.036s] Level 1:colcon.colcon_core.shell:create_environment_hook('pmb2_controller_configuration', 'cmake_prefix_path')
[3.036s] INFO:colcon.colcon_core.shell:Creating environment hook '/Bt/install/pmb2_controller_configuration/share/pmb2_controller_configuration/hook/cmake_prefix_path.ps1'
[3.037s] INFO:colcon.colcon_core.shell:Creating environment descriptor '/Bt/install/pmb2_controller_configuration/share/pmb2_controller_configuration/hook/cmake_prefix_path.dsv'
[3.038s] INFO:colcon.colcon_core.shell:Creating environment hook '/Bt/install/pmb2_controller_configuration/share/pmb2_controller_configuration/hook/cmake_prefix_path.sh'
[3.039s] Level 1:colcon.colcon_core.environment:checking '/Bt/install/pmb2_controller_configuration/bin'
[3.039s] Level 1:colcon.colcon_core.environment:checking '/Bt/install/pmb2_controller_configuration/lib/pkgconfig/pmb2_controller_configuration.pc'
[3.039s] Level 1:colcon.colcon_core.environment:checking '/Bt/install/pmb2_controller_configuration/lib/python3.12/site-packages'
[3.040s] Level 1:colcon.colcon_core.environment:checking '/Bt/install/pmb2_controller_configuration/bin'
[3.040s] INFO:colcon.colcon_core.shell:Creating package script '/Bt/install/pmb2_controller_configuration/share/pmb2_controller_configuration/package.ps1'
[3.041s] INFO:colcon.colcon_core.shell:Creating package descriptor '/Bt/install/pmb2_controller_configuration/share/pmb2_controller_configuration/package.dsv'
[3.041s] INFO:colcon.colcon_core.shell:Creating package script '/Bt/install/pmb2_controller_configuration/share/pmb2_controller_configuration/package.sh'
[3.042s] INFO:colcon.colcon_core.shell:Creating package script '/Bt/install/pmb2_controller_configuration/share/pmb2_controller_configuration/package.bash'
[3.042s] INFO:colcon.colcon_core.shell:Creating package script '/Bt/install/pmb2_controller_configuration/share/pmb2_controller_configuration/package.zsh'
[3.043s] Level 1:colcon.colcon_core.environment:create_file_with_runtime_dependencies(/Bt/install/pmb2_controller_configuration/share/colcon-core/packages/pmb2_controller_configuration)
[3.043s] Level 1:colcon.colcon_core.environment:create_environment_scripts_only(pmb2_controller_configuration)
[3.044s] Level 1:colcon.colcon_core.environment:checking '/Bt/install/pmb2_controller_configuration' for CMake module files
[3.045s] Level 1:colcon.colcon_core.environment:checking '/Bt/install/pmb2_controller_configuration' for CMake config files
[3.045s] Level 1:colcon.colcon_core.shell:create_environment_hook('pmb2_controller_configuration', 'cmake_prefix_path')
[3.045s] INFO:colcon.colcon_core.shell:Creating environment hook '/Bt/install/pmb2_controller_configuration/share/pmb2_controller_configuration/hook/cmake_prefix_path.ps1'
[3.046s] INFO:colcon.colcon_core.shell:Creating environment descriptor '/Bt/install/pmb2_controller_configuration/share/pmb2_controller_configuration/hook/cmake_prefix_path.dsv'
[3.046s] INFO:colcon.colcon_core.shell:Creating environment hook '/Bt/install/pmb2_controller_configuration/share/pmb2_controller_configuration/hook/cmake_prefix_path.sh'
[3.047s] Level 1:colcon.colcon_core.environment:checking '/Bt/install/pmb2_controller_configuration/bin'
[3.047s] Level 1:colcon.colcon_core.environment:checking '/Bt/install/pmb2_controller_configuration/lib/pkgconfig/pmb2_controller_configuration.pc'
[3.048s] Level 1:colcon.colcon_core.environment:checking '/Bt/install/pmb2_controller_configuration/lib/python3.12/site-packages'
[3.048s] Level 1:colcon.colcon_core.environment:checking '/Bt/install/pmb2_controller_configuration/bin'
[3.049s] INFO:colcon.colcon_core.shell:Creating package script '/Bt/install/pmb2_controller_configuration/share/pmb2_controller_configuration/package.ps1'
[3.049s] INFO:colcon.colcon_core.shell:Creating package descriptor '/Bt/install/pmb2_controller_configuration/share/pmb2_controller_configuration/package.dsv'
[3.050s] INFO:colcon.colcon_core.shell:Creating package script '/Bt/install/pmb2_controller_configuration/share/pmb2_controller_configuration/package.sh'
[3.051s] INFO:colcon.colcon_core.shell:Creating package script '/Bt/install/pmb2_controller_configuration/share/pmb2_controller_configuration/package.bash'
[3.051s] INFO:colcon.colcon_core.shell:Creating package script '/Bt/install/pmb2_controller_configuration/share/pmb2_controller_configuration/package.zsh'
[3.052s] Level 1:colcon.colcon_core.environment:create_file_with_runtime_dependencies(/Bt/install/pmb2_controller_configuration/share/colcon-core/packages/pmb2_controller_configuration)
[3.054s] INFO:colcon.colcon_ros.task.ament_cmake.build:Building ROS package in '/Bt/ThirdParty/tiago_robot/tiago_controller_configuration' with build type 'ament_cmake'
[3.054s] INFO:colcon.colcon_cmake.task.cmake.build:Building CMake package in '/Bt/ThirdParty/tiago_robot/tiago_controller_configuration'
[3.054s] INFO:colcon.colcon_core.shell:Skip shell extension 'powershell' for command environment: Not usable outside of PowerShell
[3.054s] DEBUG:colcon.colcon_core.shell:Skip shell extension 'dsv' for command environment
[3.062s] DEBUG:colcon.colcon_core.event_handler.log_command:Invoked command in '/Bt/build/pmb2_2dnav' returned '0': AMENT_PREFIX_PATH=/Bt/install/pal_maps:/Bt/install/launch_pal:${AMENT_PREFIX_PATH} CMAKE_PREFIX_PATH=/Bt/install/pal_maps:/opt/ros/jazzy/opt/gz_sim_vendor:/opt/ros/jazzy/opt/gz_sensors_vendor:/opt/ros/jazzy/opt/gz_physics_vendor:/opt/ros/jazzy/opt/sdformat_vendor:/opt/ros/jazzy/opt/gz_gui_vendor:/opt/ros/jazzy/opt/gz_transport_vendor:/opt/ros/jazzy/opt/gz_rendering_vendor:/opt/ros/jazzy/opt/gz_plugin_vendor:/opt/ros/jazzy/opt/gz_fuel_tools_vendor:/opt/ros/jazzy/opt/gz_msgs_vendor:/opt/ros/jazzy/opt/gz_common_vendor:/opt/ros/jazzy/opt/gz_math_vendor:/opt/ros/jazzy/opt/gz_utils_vendor:/opt/ros/jazzy/opt/gz_tools_vendor:/opt/ros/jazzy/opt/gz_ogre_next_vendor:/opt/ros/jazzy/opt/gz_dartsim_vendor:/opt/ros/jazzy/opt/gz_cmake_vendor:/opt/ros/jazzy PYTHONPATH=/Bt/install/launch_pal/lib/python3.12/site-packages:${PYTHONPATH} /usr/bin/cmake --build /Bt/build/pmb2_2dnav -- -j8 -l8
[3.063s] DEBUG:colcon.colcon_core.event_handler.log_command:Invoking command in '/Bt/build/pmb2_2dnav': AMENT_PREFIX_PATH=/Bt/install/pal_maps:/Bt/install/launch_pal:${AMENT_PREFIX_PATH} CMAKE_PREFIX_PATH=/Bt/install/pal_maps:/opt/ros/jazzy/opt/gz_sim_vendor:/opt/ros/jazzy/opt/gz_sensors_vendor:/opt/ros/jazzy/opt/gz_physics_vendor:/opt/ros/jazzy/opt/sdformat_vendor:/opt/ros/jazzy/opt/gz_gui_vendor:/opt/ros/jazzy/opt/gz_transport_vendor:/opt/ros/jazzy/opt/gz_rendering_vendor:/opt/ros/jazzy/opt/gz_plugin_vendor:/opt/ros/jazzy/opt/gz_fuel_tools_vendor:/opt/ros/jazzy/opt/gz_msgs_vendor:/opt/ros/jazzy/opt/gz_common_vendor:/opt/ros/jazzy/opt/gz_math_vendor:/opt/ros/jazzy/opt/gz_utils_vendor:/opt/ros/jazzy/opt/gz_tools_vendor:/opt/ros/jazzy/opt/gz_ogre_next_vendor:/opt/ros/jazzy/opt/gz_dartsim_vendor:/opt/ros/jazzy/opt/gz_cmake_vendor:/opt/ros/jazzy PYTHONPATH=/Bt/install/launch_pal/lib/python3.12/site-packages:${PYTHONPATH} /usr/bin/cmake --install /Bt/build/pmb2_2dnav
[3.064s] Level 1:colcon.colcon_core.environment:create_environment_scripts_only(grab2_msgs)
[3.064s] Level 1:colcon.colcon_core.environment:checking '/Bt/install/grab2_msgs' for CMake module files
[3.065s] Level 1:colcon.colcon_core.environment:checking '/Bt/install/grab2_msgs' for CMake config files
[3.066s] Level 1:colcon.colcon_core.shell:create_environment_hook('grab2_msgs', 'cmake_prefix_path')
[3.066s] INFO:colcon.colcon_core.shell:Creating environment hook '/Bt/install/grab2_msgs/share/grab2_msgs/hook/cmake_prefix_path.ps1'
[3.067s] INFO:colcon.colcon_core.shell:Creating environment descriptor '/Bt/install/grab2_msgs/share/grab2_msgs/hook/cmake_prefix_path.dsv'
[3.067s] DEBUG:colcon.colcon_core.event_handler.log_command:Invoked command in '/Bt/build/grab2_msgs' returned '0': AMENT_PREFIX_PATH=/Bt/install/btcpp_ros2_interfaces:${AMENT_PREFIX_PATH} CMAKE_PREFIX_PATH=/Bt/install/btcpp_ros2_interfaces:/opt/ros/jazzy/opt/gz_sim_vendor:/opt/ros/jazzy/opt/gz_sensors_vendor:/opt/ros/jazzy/opt/gz_physics_vendor:/opt/ros/jazzy/opt/sdformat_vendor:/opt/ros/jazzy/opt/gz_gui_vendor:/opt/ros/jazzy/opt/gz_transport_vendor:/opt/ros/jazzy/opt/gz_rendering_vendor:/opt/ros/jazzy/opt/gz_plugin_vendor:/opt/ros/jazzy/opt/gz_fuel_tools_vendor:/opt/ros/jazzy/opt/gz_msgs_vendor:/opt/ros/jazzy/opt/gz_common_vendor:/opt/ros/jazzy/opt/gz_math_vendor:/opt/ros/jazzy/opt/gz_utils_vendor:/opt/ros/jazzy/opt/gz_tools_vendor:/opt/ros/jazzy/opt/gz_ogre_next_vendor:/opt/ros/jazzy/opt/gz_dartsim_vendor:/opt/ros/jazzy/opt/gz_cmake_vendor:/opt/ros/jazzy LD_LIBRARY_PATH=/Bt/install/btcpp_ros2_interfaces/lib:${LD_LIBRARY_PATH} PYTHONPATH=/Bt/install/btcpp_ros2_interfaces/lib/python3.12/site-packages:${PYTHONPATH} /usr/bin/cmake --install /Bt/build/grab2_msgs
[3.068s] INFO:colcon.colcon_core.shell:Creating environment hook '/Bt/install/grab2_msgs/share/grab2_msgs/hook/cmake_prefix_path.sh'
[3.069s] Level 1:colcon.colcon_core.environment:checking '/Bt/install/grab2_msgs/lib'
[3.069s] Level 1:colcon.colcon_core.shell:create_environment_hook('grab2_msgs', 'ld_library_path_lib')
[3.069s] INFO:colcon.colcon_core.shell:Creating environment hook '/Bt/install/grab2_msgs/share/grab2_msgs/hook/ld_library_path_lib.ps1'
[3.070s] INFO:colcon.colcon_core.shell:Creating environment descriptor '/Bt/install/grab2_msgs/share/grab2_msgs/hook/ld_library_path_lib.dsv'
[3.071s] INFO:colcon.colcon_core.shell:Creating environment hook '/Bt/install/grab2_msgs/share/grab2_msgs/hook/ld_library_path_lib.sh'
[3.071s] Level 1:colcon.colcon_core.environment:checking '/Bt/install/grab2_msgs/bin'
[3.072s] Level 1:colcon.colcon_core.environment:checking '/Bt/install/grab2_msgs/lib/pkgconfig/grab2_msgs.pc'
[3.072s] Level 1:colcon.colcon_core.environment:checking '/Bt/install/grab2_msgs/lib/python3.12/site-packages'
[3.072s] Level 1:colcon.colcon_core.shell:create_environment_hook('grab2_msgs', 'pythonpath')
[3.072s] INFO:colcon.colcon_core.shell:Creating environment hook '/Bt/install/grab2_msgs/share/grab2_msgs/hook/pythonpath.ps1'
[3.073s] INFO:colcon.colcon_core.shell:Creating environment descriptor '/Bt/install/grab2_msgs/share/grab2_msgs/hook/pythonpath.dsv'
[3.073s] INFO:colcon.colcon_core.shell:Creating environment hook '/Bt/install/grab2_msgs/share/grab2_msgs/hook/pythonpath.sh'
[3.075s] Level 1:colcon.colcon_core.environment:checking '/Bt/install/grab2_msgs/bin'
[3.075s] INFO:colcon.colcon_core.shell:Creating package script '/Bt/install/grab2_msgs/share/grab2_msgs/package.ps1'
[3.076s] INFO:colcon.colcon_core.shell:Creating package descriptor '/Bt/install/grab2_msgs/share/grab2_msgs/package.dsv'
[3.076s] INFO:colcon.colcon_core.shell:Creating package script '/Bt/install/grab2_msgs/share/grab2_msgs/package.sh'
[3.077s] INFO:colcon.colcon_core.shell:Creating package script '/Bt/install/grab2_msgs/share/grab2_msgs/package.bash'
[3.078s] INFO:colcon.colcon_core.shell:Creating package script '/Bt/install/grab2_msgs/share/grab2_msgs/package.zsh'
[3.078s] Level 1:colcon.colcon_core.environment:create_file_with_runtime_dependencies(/Bt/install/grab2_msgs/share/colcon-core/packages/grab2_msgs)
[3.079s] Level 1:colcon.colcon_core.environment:create_environment_scripts_only(grab2_msgs)
[3.079s] Level 1:colcon.colcon_core.environment:checking '/Bt/install/grab2_msgs' for CMake module files
[3.080s] Level 1:colcon.colcon_core.environment:checking '/Bt/install/grab2_msgs' for CMake config files
[3.080s] Level 1:colcon.colcon_core.shell:create_environment_hook('grab2_msgs', 'cmake_prefix_path')
[3.081s] INFO:colcon.colcon_core.shell:Creating environment hook '/Bt/install/grab2_msgs/share/grab2_msgs/hook/cmake_prefix_path.ps1'
[3.081s] INFO:colcon.colcon_core.shell:Creating environment descriptor '/Bt/install/grab2_msgs/share/grab2_msgs/hook/cmake_prefix_path.dsv'
[3.081s] INFO:colcon.colcon_core.shell:Creating environment hook '/Bt/install/grab2_msgs/share/grab2_msgs/hook/cmake_prefix_path.sh'
[3.082s] Level 1:colcon.colcon_core.environment:checking '/Bt/install/grab2_msgs/lib'
[3.082s] Level 1:colcon.colcon_core.shell:create_environment_hook('grab2_msgs', 'ld_library_path_lib')
[3.082s] INFO:colcon.colcon_core.shell:Creating environment hook '/Bt/install/grab2_msgs/share/grab2_msgs/hook/ld_library_path_lib.ps1'
[3.082s] INFO:colcon.colcon_core.shell:Creating environment descriptor '/Bt/install/grab2_msgs/share/grab2_msgs/hook/ld_library_path_lib.dsv'
[3.083s] INFO:colcon.colcon_core.shell:Creating environment hook '/Bt/install/grab2_msgs/share/grab2_msgs/hook/ld_library_path_lib.sh'
[3.083s] Level 1:colcon.colcon_core.environment:checking '/Bt/install/grab2_msgs/bin'
[3.083s] Level 1:colcon.colcon_core.environment:checking '/Bt/install/grab2_msgs/lib/pkgconfig/grab2_msgs.pc'
[3.083s] Level 1:colcon.colcon_core.environment:checking '/Bt/install/grab2_msgs/lib/python3.12/site-packages'
[3.084s] Level 1:colcon.colcon_core.shell:create_environment_hook('grab2_msgs', 'pythonpath')
[3.084s] INFO:colcon.colcon_core.shell:Creating environment hook '/Bt/install/grab2_msgs/share/grab2_msgs/hook/pythonpath.ps1'
[3.084s] INFO:colcon.colcon_core.shell:Creating environment descriptor '/Bt/install/grab2_msgs/share/grab2_msgs/hook/pythonpath.dsv'
[3.084s] INFO:colcon.colcon_core.shell:Creating environment hook '/Bt/install/grab2_msgs/share/grab2_msgs/hook/pythonpath.sh'
[3.085s] Level 1:colcon.colcon_core.environment:checking '/Bt/install/grab2_msgs/bin'
[3.085s] INFO:colcon.colcon_core.shell:Creating package script '/Bt/install/grab2_msgs/share/grab2_msgs/package.ps1'
[3.086s] INFO:colcon.colcon_core.shell:Creating package descriptor '/Bt/install/grab2_msgs/share/grab2_msgs/package.dsv'
[3.086s] INFO:colcon.colcon_core.shell:Creating package script '/Bt/install/grab2_msgs/share/grab2_msgs/package.sh'
[3.087s] INFO:colcon.colcon_core.shell:Creating package script '/Bt/install/grab2_msgs/share/grab2_msgs/package.bash'
[3.087s] INFO:colcon.colcon_core.shell:Creating package script '/Bt/install/grab2_msgs/share/grab2_msgs/package.zsh'
[3.088s] Level 1:colcon.colcon_core.environment:create_file_with_runtime_dependencies(/Bt/install/grab2_msgs/share/colcon-core/packages/grab2_msgs)
[3.089s] INFO:colcon.colcon_ros.task.ament_cmake.build:Building ROS package in '/Bt/ThirdParty/grab2/grab2_ros_common' with build type 'ament_cmake'
[3.090s] INFO:colcon.colcon_cmake.task.cmake.build:Building CMake package in '/Bt/ThirdParty/grab2/grab2_ros_common'
[3.090s] INFO:colcon.colcon_core.shell:Skip shell extension 'powershell' for command environment: Not usable outside of PowerShell
[3.090s] DEBUG:colcon.colcon_core.shell:Skip shell extension 'dsv' for command environment
[3.101s] Level 1:colcon.colcon_core.environment:create_environment_scripts_only(pmb2_2dnav)
[3.101s] Level 1:colcon.colcon_core.environment:checking '/Bt/install/pmb2_2dnav' for CMake module files
[3.102s] DEBUG:colcon.colcon_core.event_handler.log_command:Invoking command in '/Bt/build/pmb2_rgbd_sensors': AMENT_PREFIX_PATH=/Bt/install/launch_pal:${AMENT_PREFIX_PATH} CMAKE_PREFIX_PATH=${CMAKE_PREFIX_PATH}:/opt/ros/jazzy PYTHONPATH=/Bt/install/launch_pal/lib/python3.12/site-packages:${PYTHONPATH} /usr/bin/cmake --build /Bt/build/pmb2_rgbd_sensors -- -j8 -l8
[3.102s] DEBUG:colcon.colcon_core.event_handler.log_command:Invoked command in '/Bt/build/pmb2_2dnav' returned '0': AMENT_PREFIX_PATH=/Bt/install/pal_maps:/Bt/install/launch_pal:${AMENT_PREFIX_PATH} CMAKE_PREFIX_PATH=/Bt/install/pal_maps:/opt/ros/jazzy/opt/gz_sim_vendor:/opt/ros/jazzy/opt/gz_sensors_vendor:/opt/ros/jazzy/opt/gz_physics_vendor:/opt/ros/jazzy/opt/sdformat_vendor:/opt/ros/jazzy/opt/gz_gui_vendor:/opt/ros/jazzy/opt/gz_transport_vendor:/opt/ros/jazzy/opt/gz_rendering_vendor:/opt/ros/jazzy/opt/gz_plugin_vendor:/opt/ros/jazzy/opt/gz_fuel_tools_vendor:/opt/ros/jazzy/opt/gz_msgs_vendor:/opt/ros/jazzy/opt/gz_common_vendor:/opt/ros/jazzy/opt/gz_math_vendor:/opt/ros/jazzy/opt/gz_utils_vendor:/opt/ros/jazzy/opt/gz_tools_vendor:/opt/ros/jazzy/opt/gz_ogre_next_vendor:/opt/ros/jazzy/opt/gz_dartsim_vendor:/opt/ros/jazzy/opt/gz_cmake_vendor:/opt/ros/jazzy PYTHONPATH=/Bt/install/launch_pal/lib/python3.12/site-packages:${PYTHONPATH} /usr/bin/cmake --install /Bt/build/pmb2_2dnav
[3.103s] Level 1:colcon.colcon_core.environment:checking '/Bt/install/pmb2_2dnav' for CMake config files
[3.103s] Level 1:colcon.colcon_core.shell:create_environment_hook('pmb2_2dnav', 'cmake_prefix_path')
[3.103s] INFO:colcon.colcon_core.shell:Creating environment hook '/Bt/install/pmb2_2dnav/share/pmb2_2dnav/hook/cmake_prefix_path.ps1'
[3.104s] INFO:colcon.colcon_core.shell:Creating environment descriptor '/Bt/install/pmb2_2dnav/share/pmb2_2dnav/hook/cmake_prefix_path.dsv'
[3.105s] INFO:colcon.colcon_core.shell:Creating environment hook '/Bt/install/pmb2_2dnav/share/pmb2_2dnav/hook/cmake_prefix_path.sh'
[3.105s] Level 1:colcon.colcon_core.environment:checking '/Bt/install/pmb2_2dnav/bin'
[3.106s] Level 1:colcon.colcon_core.environment:checking '/Bt/install/pmb2_2dnav/lib/pkgconfig/pmb2_2dnav.pc'
[3.106s] Level 1:colcon.colcon_core.environment:checking '/Bt/install/pmb2_2dnav/lib/python3.12/site-packages'
[3.107s] Level 1:colcon.colcon_core.environment:checking '/Bt/install/pmb2_2dnav/bin'
[3.107s] INFO:colcon.colcon_core.shell:Creating package script '/Bt/install/pmb2_2dnav/share/pmb2_2dnav/package.ps1'
[3.108s] INFO:colcon.colcon_core.shell:Creating package descriptor '/Bt/install/pmb2_2dnav/share/pmb2_2dnav/package.dsv'
[3.108s] INFO:colcon.colcon_core.shell:Creating package script '/Bt/install/pmb2_2dnav/share/pmb2_2dnav/package.sh'
[3.109s] INFO:colcon.colcon_core.shell:Creating package script '/Bt/install/pmb2_2dnav/share/pmb2_2dnav/package.bash'
[3.109s] INFO:colcon.colcon_core.shell:Creating package script '/Bt/install/pmb2_2dnav/share/pmb2_2dnav/package.zsh'
[3.110s] Level 1:colcon.colcon_core.environment:create_file_with_runtime_dependencies(/Bt/install/pmb2_2dnav/share/colcon-core/packages/pmb2_2dnav)
[3.110s] Level 1:colcon.colcon_core.environment:create_environment_scripts_only(pmb2_2dnav)
[3.111s] Level 1:colcon.colcon_core.environment:checking '/Bt/install/pmb2_2dnav' for CMake module files
[3.111s] Level 1:colcon.colcon_core.environment:checking '/Bt/install/pmb2_2dnav' for CMake config files
[3.112s] Level 1:colcon.colcon_core.shell:create_environment_hook('pmb2_2dnav', 'cmake_prefix_path')
[3.112s] INFO:colcon.colcon_core.shell:Creating environment hook '/Bt/install/pmb2_2dnav/share/pmb2_2dnav/hook/cmake_prefix_path.ps1'
[3.113s] INFO:colcon.colcon_core.shell:Creating environment descriptor '/Bt/install/pmb2_2dnav/share/pmb2_2dnav/hook/cmake_prefix_path.dsv'
[3.113s] INFO:colcon.colcon_core.shell:Creating environment hook '/Bt/install/pmb2_2dnav/share/pmb2_2dnav/hook/cmake_prefix_path.sh'
[3.114s] Level 1:colcon.colcon_core.environment:checking '/Bt/install/pmb2_2dnav/bin'
[3.114s] Level 1:colcon.colcon_core.environment:checking '/Bt/install/pmb2_2dnav/lib/pkgconfig/pmb2_2dnav.pc'
[3.115s] Level 1:colcon.colcon_core.environment:checking '/Bt/install/pmb2_2dnav/lib/python3.12/site-packages'
[3.115s] Level 1:colcon.colcon_core.environment:checking '/Bt/install/pmb2_2dnav/bin'
[3.116s] INFO:colcon.colcon_core.shell:Creating package script '/Bt/install/pmb2_2dnav/share/pmb2_2dnav/package.ps1'
[3.116s] INFO:colcon.colcon_core.shell:Creating package descriptor '/Bt/install/pmb2_2dnav/share/pmb2_2dnav/package.dsv'
[3.117s] INFO:colcon.colcon_core.shell:Creating package script '/Bt/install/pmb2_2dnav/share/pmb2_2dnav/package.sh'
[3.118s] INFO:colcon.colcon_core.shell:Creating package script '/Bt/install/pmb2_2dnav/share/pmb2_2dnav/package.bash'
[3.118s] INFO:colcon.colcon_core.shell:Creating package script '/Bt/install/pmb2_2dnav/share/pmb2_2dnav/package.zsh'
[3.119s] Level 1:colcon.colcon_core.environment:create_file_with_runtime_dependencies(/Bt/install/pmb2_2dnav/share/colcon-core/packages/pmb2_2dnav)
[3.121s] INFO:colcon.colcon_ros.task.ament_cmake.build:Building ROS package in '/Bt/ThirdParty/grab2/grab2_behavior_tree' with build type 'ament_cmake'
[3.121s] INFO:colcon.colcon_cmake.task.cmake.build:Building CMake package in '/Bt/ThirdParty/grab2/grab2_behavior_tree'
[3.121s] INFO:colcon.colcon_core.shell:Skip shell extension 'powershell' for command environment: Not usable outside of PowerShell
[3.121s] DEBUG:colcon.colcon_core.shell:Skip shell extension 'dsv' for command environment
[3.131s] DEBUG:colcon.colcon_core.event_handler.log_command:Invoking command in '/Bt/build/tiago_controller_configuration': AMENT_PREFIX_PATH=/Bt/install/pmb2_controller_configuration:/Bt/install/pal_robotiq_controller_configuration:/Bt/install/pal_hey5_controller_configuration:/Bt/install/pal_gripper_controller_configuration:/Bt/install/omni_base_controller_configuration:/Bt/install/launch_pal:${AMENT_PREFIX_PATH} CMAKE_PREFIX_PATH=/Bt/install/pmb2_controller_configuration:/Bt/install/pal_robotiq_controller_configuration:/Bt/install/pal_hey5_controller_configuration:/Bt/install/pal_gripper_controller_configuration:/Bt/install/omni_base_controller_configuration:/opt/ros/jazzy/opt/gz_sim_vendor:/opt/ros/jazzy/opt/gz_sensors_vendor:/opt/ros/jazzy/opt/gz_physics_vendor:/opt/ros/jazzy/opt/sdformat_vendor:/opt/ros/jazzy/opt/gz_gui_vendor:/opt/ros/jazzy/opt/gz_transport_vendor:/opt/ros/jazzy/opt/gz_rendering_vendor:/opt/ros/jazzy/opt/gz_plugin_vendor:/opt/ros/jazzy/opt/gz_fuel_tools_vendor:/opt/ros/jazzy/opt/gz_msgs_vendor:/opt/ros/jazzy/opt/gz_common_vendor:/opt/ros/jazzy/opt/gz_math_vendor:/opt/ros/jazzy/opt/gz_utils_vendor:/opt/ros/jazzy/opt/gz_tools_vendor:/opt/ros/jazzy/opt/gz_ogre_next_vendor:/opt/ros/jazzy/opt/gz_dartsim_vendor:/opt/ros/jazzy/opt/gz_cmake_vendor:/opt/ros/jazzy PYTHONPATH=/Bt/install/launch_pal/lib/python3.12/site-packages:${PYTHONPATH} /usr/bin/cmake --build /Bt/build/tiago_controller_configuration -- -j8 -l8
[3.137s] DEBUG:colcon.colcon_core.event_handler.log_command:Invoking command in '/Bt/build/grab2_ros_common': AMENT_PREFIX_PATH=/Bt/install/grab2_msgs:/Bt/install/behaviortree_ros2:/Bt/install/btcpp_ros2_interfaces:${AMENT_PREFIX_PATH} CMAKE_PREFIX_PATH=/Bt/install/grab2_msgs:/Bt/install/behaviortree_ros2:/Bt/install/btcpp_ros2_interfaces:/opt/ros/jazzy/opt/gz_sim_vendor:/opt/ros/jazzy/opt/gz_sensors_vendor:/opt/ros/jazzy/opt/gz_physics_vendor:/opt/ros/jazzy/opt/sdformat_vendor:/opt/ros/jazzy/opt/gz_gui_vendor:/opt/ros/jazzy/opt/gz_transport_vendor:/opt/ros/jazzy/opt/gz_rendering_vendor:/opt/ros/jazzy/opt/gz_plugin_vendor:/opt/ros/jazzy/opt/gz_fuel_tools_vendor:/opt/ros/jazzy/opt/gz_msgs_vendor:/opt/ros/jazzy/opt/gz_common_vendor:/opt/ros/jazzy/opt/gz_math_vendor:/opt/ros/jazzy/opt/gz_utils_vendor:/opt/ros/jazzy/opt/gz_tools_vendor:/opt/ros/jazzy/opt/gz_ogre_next_vendor:/opt/ros/jazzy/opt/gz_dartsim_vendor:/opt/ros/jazzy/opt/gz_cmake_vendor:/opt/ros/jazzy LD_LIBRARY_PATH=/Bt/install/grab2_msgs/lib:/Bt/install/behaviortree_ros2/lib:/Bt/install/btcpp_ros2_interfaces/lib:${LD_LIBRARY_PATH} PYTHONPATH=/Bt/install/grab2_msgs/lib/python3.12/site-packages:/Bt/install/btcpp_ros2_interfaces/lib/python3.12/site-packages:${PYTHONPATH} /usr/bin/cmake --build /Bt/build/grab2_ros_common -- -j8 -l8
[3.152s] DEBUG:colcon.colcon_core.event_handler.log_command:Invoking command in '/Bt/build/grab2_behavior_tree': AMENT_PREFIX_PATH=/Bt/install/grab2_msgs:/Bt/install/behaviortree_ros2:/Bt/install/btcpp_ros2_interfaces:${AMENT_PREFIX_PATH} CMAKE_PREFIX_PATH=/Bt/install/grab2_msgs:/Bt/install/behaviortree_ros2:/Bt/install/btcpp_ros2_interfaces:/opt/ros/jazzy/opt/gz_sim_vendor:/opt/ros/jazzy/opt/gz_sensors_vendor:/opt/ros/jazzy/opt/gz_physics_vendor:/opt/ros/jazzy/opt/sdformat_vendor:/opt/ros/jazzy/opt/gz_gui_vendor:/opt/ros/jazzy/opt/gz_transport_vendor:/opt/ros/jazzy/opt/gz_rendering_vendor:/opt/ros/jazzy/opt/gz_plugin_vendor:/opt/ros/jazzy/opt/gz_fuel_tools_vendor:/opt/ros/jazzy/opt/gz_msgs_vendor:/opt/ros/jazzy/opt/gz_common_vendor:/opt/ros/jazzy/opt/gz_math_vendor:/opt/ros/jazzy/opt/gz_utils_vendor:/opt/ros/jazzy/opt/gz_tools_vendor:/opt/ros/jazzy/opt/gz_ogre_next_vendor:/opt/ros/jazzy/opt/gz_dartsim_vendor:/opt/ros/jazzy/opt/gz_cmake_vendor:/opt/ros/jazzy LD_LIBRARY_PATH=/Bt/install/grab2_msgs/lib:/Bt/install/behaviortree_ros2/lib:/Bt/install/btcpp_ros2_interfaces/lib:${LD_LIBRARY_PATH} PYTHONPATH=/Bt/install/grab2_msgs/lib/python3.12/site-packages:/Bt/install/btcpp_ros2_interfaces/lib/python3.12/site-packages:${PYTHONPATH} /usr/bin/cmake --build /Bt/build/grab2_behavior_tree -- -j8 -l8
[3.166s] DEBUG:colcon.colcon_core.event_handler.log_command:Invoked command in '/Bt/build/pmb2_rgbd_sensors' returned '0': AMENT_PREFIX_PATH=/Bt/install/launch_pal:${AMENT_PREFIX_PATH} CMAKE_PREFIX_PATH=${CMAKE_PREFIX_PATH}:/opt/ros/jazzy PYTHONPATH=/Bt/install/launch_pal/lib/python3.12/site-packages:${PYTHONPATH} /usr/bin/cmake --build /Bt/build/pmb2_rgbd_sensors -- -j8 -l8
[3.166s] DEBUG:colcon.colcon_core.event_handler.log_command:Invoking command in '/Bt/build/pmb2_rgbd_sensors': AMENT_PREFIX_PATH=/Bt/install/launch_pal:${AMENT_PREFIX_PATH} CMAKE_PREFIX_PATH=${CMAKE_PREFIX_PATH}:/opt/ros/jazzy PYTHONPATH=/Bt/install/launch_pal/lib/python3.12/site-packages:${PYTHONPATH} /usr/bin/cmake --install /Bt/build/pmb2_rgbd_sensors
[3.193s] DEBUG:colcon.colcon_core.event_handler.log_command:Invoked command in '/Bt/build/tiago_controller_configuration' returned '0': AMENT_PREFIX_PATH=/Bt/install/pmb2_controller_configuration:/Bt/install/pal_robotiq_controller_configuration:/Bt/install/pal_hey5_controller_configuration:/Bt/install/pal_gripper_controller_configuration:/Bt/install/omni_base_controller_configuration:/Bt/install/launch_pal:${AMENT_PREFIX_PATH} CMAKE_PREFIX_PATH=/Bt/install/pmb2_controller_configuration:/Bt/install/pal_robotiq_controller_configuration:/Bt/install/pal_hey5_controller_configuration:/Bt/install/pal_gripper_controller_configuration:/Bt/install/omni_base_controller_configuration:/opt/ros/jazzy/opt/gz_sim_vendor:/opt/ros/jazzy/opt/gz_sensors_vendor:/opt/ros/jazzy/opt/gz_physics_vendor:/opt/ros/jazzy/opt/sdformat_vendor:/opt/ros/jazzy/opt/gz_gui_vendor:/opt/ros/jazzy/opt/gz_transport_vendor:/opt/ros/jazzy/opt/gz_rendering_vendor:/opt/ros/jazzy/opt/gz_plugin_vendor:/opt/ros/jazzy/opt/gz_fuel_tools_vendor:/opt/ros/jazzy/opt/gz_msgs_vendor:/opt/ros/jazzy/opt/gz_common_vendor:/opt/ros/jazzy/opt/gz_math_vendor:/opt/ros/jazzy/opt/gz_utils_vendor:/opt/ros/jazzy/opt/gz_tools_vendor:/opt/ros/jazzy/opt/gz_ogre_next_vendor:/opt/ros/jazzy/opt/gz_dartsim_vendor:/opt/ros/jazzy/opt/gz_cmake_vendor:/opt/ros/jazzy PYTHONPATH=/Bt/install/launch_pal/lib/python3.12/site-packages:${PYTHONPATH} /usr/bin/cmake --build /Bt/build/tiago_controller_configuration -- -j8 -l8
[3.198s] Level 1:colcon.colcon_core.environment:create_environment_scripts_only(pmb2_rgbd_sensors)
[3.198s] Level 1:colcon.colcon_core.environment:checking '/Bt/install/pmb2_rgbd_sensors' for CMake module files
[3.199s] DEBUG:colcon.colcon_core.event_handler.log_command:Invoking command in '/Bt/build/tiago_controller_configuration': AMENT_PREFIX_PATH=/Bt/install/pmb2_controller_configuration:/Bt/install/pal_robotiq_controller_configuration:/Bt/install/pal_hey5_controller_configuration:/Bt/install/pal_gripper_controller_configuration:/Bt/install/omni_base_controller_configuration:/Bt/install/launch_pal:${AMENT_PREFIX_PATH} CMAKE_PREFIX_PATH=/Bt/install/pmb2_controller_configuration:/Bt/install/pal_robotiq_controller_configuration:/Bt/install/pal_hey5_controller_configuration:/Bt/install/pal_gripper_controller_configuration:/Bt/install/omni_base_controller_configuration:/opt/ros/jazzy/opt/gz_sim_vendor:/opt/ros/jazzy/opt/gz_sensors_vendor:/opt/ros/jazzy/opt/gz_physics_vendor:/opt/ros/jazzy/opt/sdformat_vendor:/opt/ros/jazzy/opt/gz_gui_vendor:/opt/ros/jazzy/opt/gz_transport_vendor:/opt/ros/jazzy/opt/gz_rendering_vendor:/opt/ros/jazzy/opt/gz_plugin_vendor:/opt/ros/jazzy/opt/gz_fuel_tools_vendor:/opt/ros/jazzy/opt/gz_msgs_vendor:/opt/ros/jazzy/opt/gz_common_vendor:/opt/ros/jazzy/opt/gz_math_vendor:/opt/ros/jazzy/opt/gz_utils_vendor:/opt/ros/jazzy/opt/gz_tools_vendor:/opt/ros/jazzy/opt/gz_ogre_next_vendor:/opt/ros/jazzy/opt/gz_dartsim_vendor:/opt/ros/jazzy/opt/gz_cmake_vendor:/opt/ros/jazzy PYTHONPATH=/Bt/install/launch_pal/lib/python3.12/site-packages:${PYTHONPATH} /usr/bin/cmake --install /Bt/build/tiago_controller_configuration
[3.202s] DEBUG:colcon.colcon_core.event_handler.log_command:Invoked command in '/Bt/build/pmb2_rgbd_sensors' returned '0': AMENT_PREFIX_PATH=/Bt/install/launch_pal:${AMENT_PREFIX_PATH} CMAKE_PREFIX_PATH=${CMAKE_PREFIX_PATH}:/opt/ros/jazzy PYTHONPATH=/Bt/install/launch_pal/lib/python3.12/site-packages:${PYTHONPATH} /usr/bin/cmake --install /Bt/build/pmb2_rgbd_sensors
[3.203s] Level 1:colcon.colcon_core.environment:checking '/Bt/install/pmb2_rgbd_sensors' for CMake config files
[3.203s] Level 1:colcon.colcon_core.shell:create_environment_hook('pmb2_rgbd_sensors', 'cmake_prefix_path')
[3.203s] INFO:colcon.colcon_core.shell:Creating environment hook '/Bt/install/pmb2_rgbd_sensors/share/pmb2_rgbd_sensors/hook/cmake_prefix_path.ps1'
[3.204s] INFO:colcon.colcon_core.shell:Creating environment descriptor '/Bt/install/pmb2_rgbd_sensors/share/pmb2_rgbd_sensors/hook/cmake_prefix_path.dsv'
[3.204s] INFO:colcon.colcon_core.shell:Creating environment hook '/Bt/install/pmb2_rgbd_sensors/share/pmb2_rgbd_sensors/hook/cmake_prefix_path.sh'
[3.205s] Level 1:colcon.colcon_core.environment:checking '/Bt/install/pmb2_rgbd_sensors/bin'
[3.205s] Level 1:colcon.colcon_core.environment:checking '/Bt/install/pmb2_rgbd_sensors/lib/pkgconfig/pmb2_rgbd_sensors.pc'
[3.206s] Level 1:colcon.colcon_core.environment:checking '/Bt/install/pmb2_rgbd_sensors/lib/python3.12/site-packages'
[3.207s] Level 1:colcon.colcon_core.environment:checking '/Bt/install/pmb2_rgbd_sensors/bin'
[3.207s] INFO:colcon.colcon_core.shell:Creating package script '/Bt/install/pmb2_rgbd_sensors/share/pmb2_rgbd_sensors/package.ps1'
[3.208s] INFO:colcon.colcon_core.shell:Creating package descriptor '/Bt/install/pmb2_rgbd_sensors/share/pmb2_rgbd_sensors/package.dsv'
[3.211s] INFO:colcon.colcon_core.shell:Creating package script '/Bt/install/pmb2_rgbd_sensors/share/pmb2_rgbd_sensors/package.sh'
[3.215s] INFO:colcon.colcon_core.shell:Creating package script '/Bt/install/pmb2_rgbd_sensors/share/pmb2_rgbd_sensors/package.bash'
[3.216s] INFO:colcon.colcon_core.shell:Creating package script '/Bt/install/pmb2_rgbd_sensors/share/pmb2_rgbd_sensors/package.zsh'
[3.216s] Level 1:colcon.colcon_core.environment:create_file_with_runtime_dependencies(/Bt/install/pmb2_rgbd_sensors/share/colcon-core/packages/pmb2_rgbd_sensors)
[3.217s] Level 1:colcon.colcon_core.environment:create_environment_scripts_only(pmb2_rgbd_sensors)
[3.217s] Level 1:colcon.colcon_core.environment:checking '/Bt/install/pmb2_rgbd_sensors' for CMake module files
[3.218s] Level 1:colcon.colcon_core.environment:checking '/Bt/install/pmb2_rgbd_sensors' for CMake config files
[3.218s] Level 1:colcon.colcon_core.shell:create_environment_hook('pmb2_rgbd_sensors', 'cmake_prefix_path')
[3.219s] INFO:colcon.colcon_core.shell:Creating environment hook '/Bt/install/pmb2_rgbd_sensors/share/pmb2_rgbd_sensors/hook/cmake_prefix_path.ps1'
[3.219s] INFO:colcon.colcon_core.shell:Creating environment descriptor '/Bt/install/pmb2_rgbd_sensors/share/pmb2_rgbd_sensors/hook/cmake_prefix_path.dsv'
[3.220s] INFO:colcon.colcon_core.shell:Creating environment hook '/Bt/install/pmb2_rgbd_sensors/share/pmb2_rgbd_sensors/hook/cmake_prefix_path.sh'
[3.222s] Level 1:colcon.colcon_core.environment:checking '/Bt/install/pmb2_rgbd_sensors/bin'
[3.222s] Level 1:colcon.colcon_core.environment:checking '/Bt/install/pmb2_rgbd_sensors/lib/pkgconfig/pmb2_rgbd_sensors.pc'
[3.222s] Level 1:colcon.colcon_core.environment:checking '/Bt/install/pmb2_rgbd_sensors/lib/python3.12/site-packages'
[3.223s] Level 1:colcon.colcon_core.environment:checking '/Bt/install/pmb2_rgbd_sensors/bin'
[3.223s] INFO:colcon.colcon_core.shell:Creating package script '/Bt/install/pmb2_rgbd_sensors/share/pmb2_rgbd_sensors/package.ps1'
[3.224s] INFO:colcon.colcon_core.shell:Creating package descriptor '/Bt/install/pmb2_rgbd_sensors/share/pmb2_rgbd_sensors/package.dsv'
[3.225s] INFO:colcon.colcon_core.shell:Creating package script '/Bt/install/pmb2_rgbd_sensors/share/pmb2_rgbd_sensors/package.sh'
[3.226s] INFO:colcon.colcon_core.shell:Creating package script '/Bt/install/pmb2_rgbd_sensors/share/pmb2_rgbd_sensors/package.bash'
[3.226s] INFO:colcon.colcon_core.shell:Creating package script '/Bt/install/pmb2_rgbd_sensors/share/pmb2_rgbd_sensors/package.zsh'
[3.227s] Level 1:colcon.colcon_core.environment:create_file_with_runtime_dependencies(/Bt/install/pmb2_rgbd_sensors/share/colcon-core/packages/pmb2_rgbd_sensors)
[3.228s] INFO:colcon.colcon_ros.task.ament_python.build:Building ROS package in '/Bt/ThirdParty/grab2/grab2_curobo_planner' with build type 'ament_python'
[3.228s] Level 1:colcon.colcon_core.shell:create_environment_hook('grab2_curobo_planner', 'ament_prefix_path')
[3.228s] INFO:colcon.colcon_core.shell:Creating environment hook '/Bt/install/grab2_curobo_planner/share/grab2_curobo_planner/hook/ament_prefix_path.ps1'
[3.229s] INFO:colcon.colcon_core.shell:Creating environment descriptor '/Bt/install/grab2_curobo_planner/share/grab2_curobo_planner/hook/ament_prefix_path.dsv'
[3.230s] INFO:colcon.colcon_core.shell:Creating environment hook '/Bt/install/grab2_curobo_planner/share/grab2_curobo_planner/hook/ament_prefix_path.sh'
[3.231s] INFO:colcon.colcon_core.shell:Skip shell extension 'powershell' for command environment: Not usable outside of PowerShell
[3.231s] DEBUG:colcon.colcon_core.shell:Skip shell extension 'dsv' for command environment
[3.244s] DEBUG:colcon.colcon_core.event_handler.log_command:Invoked command in '/Bt/build/grab2_ros_common' returned '0': AMENT_PREFIX_PATH=/Bt/install/grab2_msgs:/Bt/install/behaviortree_ros2:/Bt/install/btcpp_ros2_interfaces:${AMENT_PREFIX_PATH} CMAKE_PREFIX_PATH=/Bt/install/grab2_msgs:/Bt/install/behaviortree_ros2:/Bt/install/btcpp_ros2_interfaces:/opt/ros/jazzy/opt/gz_sim_vendor:/opt/ros/jazzy/opt/gz_sensors_vendor:/opt/ros/jazzy/opt/gz_physics_vendor:/opt/ros/jazzy/opt/sdformat_vendor:/opt/ros/jazzy/opt/gz_gui_vendor:/opt/ros/jazzy/opt/gz_transport_vendor:/opt/ros/jazzy/opt/gz_rendering_vendor:/opt/ros/jazzy/opt/gz_plugin_vendor:/opt/ros/jazzy/opt/gz_fuel_tools_vendor:/opt/ros/jazzy/opt/gz_msgs_vendor:/opt/ros/jazzy/opt/gz_common_vendor:/opt/ros/jazzy/opt/gz_math_vendor:/opt/ros/jazzy/opt/gz_utils_vendor:/opt/ros/jazzy/opt/gz_tools_vendor:/opt/ros/jazzy/opt/gz_ogre_next_vendor:/opt/ros/jazzy/opt/gz_dartsim_vendor:/opt/ros/jazzy/opt/gz_cmake_vendor:/opt/ros/jazzy LD_LIBRARY_PATH=/Bt/install/grab2_msgs/lib:/Bt/install/behaviortree_ros2/lib:/Bt/install/btcpp_ros2_interfaces/lib:${LD_LIBRARY_PATH} PYTHONPATH=/Bt/install/grab2_msgs/lib/python3.12/site-packages:/Bt/install/btcpp_ros2_interfaces/lib/python3.12/site-packages:${PYTHONPATH} /usr/bin/cmake --build /Bt/build/grab2_ros_common -- -j8 -l8
[3.244s] DEBUG:colcon.colcon_core.event_handler.log_command:Invoking command in '/Bt/build/grab2_ros_common': AMENT_PREFIX_PATH=/Bt/install/grab2_msgs:/Bt/install/behaviortree_ros2:/Bt/install/btcpp_ros2_interfaces:${AMENT_PREFIX_PATH} CMAKE_PREFIX_PATH=/Bt/install/grab2_msgs:/Bt/install/behaviortree_ros2:/Bt/install/btcpp_ros2_interfaces:/opt/ros/jazzy/opt/gz_sim_vendor:/opt/ros/jazzy/opt/gz_sensors_vendor:/opt/ros/jazzy/opt/gz_physics_vendor:/opt/ros/jazzy/opt/sdformat_vendor:/opt/ros/jazzy/opt/gz_gui_vendor:/opt/ros/jazzy/opt/gz_transport_vendor:/opt/ros/jazzy/opt/gz_rendering_vendor:/opt/ros/jazzy/opt/gz_plugin_vendor:/opt/ros/jazzy/opt/gz_fuel_tools_vendor:/opt/ros/jazzy/opt/gz_msgs_vendor:/opt/ros/jazzy/opt/gz_common_vendor:/opt/ros/jazzy/opt/gz_math_vendor:/opt/ros/jazzy/opt/gz_utils_vendor:/opt/ros/jazzy/opt/gz_tools_vendor:/opt/ros/jazzy/opt/gz_ogre_next_vendor:/opt/ros/jazzy/opt/gz_dartsim_vendor:/opt/ros/jazzy/opt/gz_cmake_vendor:/opt/ros/jazzy LD_LIBRARY_PATH=/Bt/install/grab2_msgs/lib:/Bt/install/behaviortree_ros2/lib:/Bt/install/btcpp_ros2_interfaces/lib:${LD_LIBRARY_PATH} PYTHONPATH=/Bt/install/grab2_msgs/lib/python3.12/site-packages:/Bt/install/btcpp_ros2_interfaces/lib/python3.12/site-packages:${PYTHONPATH} /usr/bin/cmake --install /Bt/build/grab2_ros_common
[3.247s] Level 1:colcon.colcon_core.environment:create_environment_scripts_only(tiago_controller_configuration)
[3.247s] Level 1:colcon.colcon_core.environment:checking '/Bt/install/tiago_controller_configuration' for CMake module files
[3.248s] DEBUG:colcon.colcon_core.event_handler.log_command:Invoked command in '/Bt/build/tiago_controller_configuration' returned '0': AMENT_PREFIX_PATH=/Bt/install/pmb2_controller_configuration:/Bt/install/pal_robotiq_controller_configuration:/Bt/install/pal_hey5_controller_configuration:/Bt/install/pal_gripper_controller_configuration:/Bt/install/omni_base_controller_configuration:/Bt/install/launch_pal:${AMENT_PREFIX_PATH} CMAKE_PREFIX_PATH=/Bt/install/pmb2_controller_configuration:/Bt/install/pal_robotiq_controller_configuration:/Bt/install/pal_hey5_controller_configuration:/Bt/install/pal_gripper_controller_configuration:/Bt/install/omni_base_controller_configuration:/opt/ros/jazzy/opt/gz_sim_vendor:/opt/ros/jazzy/opt/gz_sensors_vendor:/opt/ros/jazzy/opt/gz_physics_vendor:/opt/ros/jazzy/opt/sdformat_vendor:/opt/ros/jazzy/opt/gz_gui_vendor:/opt/ros/jazzy/opt/gz_transport_vendor:/opt/ros/jazzy/opt/gz_rendering_vendor:/opt/ros/jazzy/opt/gz_plugin_vendor:/opt/ros/jazzy/opt/gz_fuel_tools_vendor:/opt/ros/jazzy/opt/gz_msgs_vendor:/opt/ros/jazzy/opt/gz_common_vendor:/opt/ros/jazzy/opt/gz_math_vendor:/opt/ros/jazzy/opt/gz_utils_vendor:/opt/ros/jazzy/opt/gz_tools_vendor:/opt/ros/jazzy/opt/gz_ogre_next_vendor:/opt/ros/jazzy/opt/gz_dartsim_vendor:/opt/ros/jazzy/opt/gz_cmake_vendor:/opt/ros/jazzy PYTHONPATH=/Bt/install/launch_pal/lib/python3.12/site-packages:${PYTHONPATH} /usr/bin/cmake --install /Bt/build/tiago_controller_configuration
[3.250s] Level 1:colcon.colcon_core.environment:checking '/Bt/install/tiago_controller_configuration' for CMake config files
[3.251s] Level 1:colcon.colcon_core.shell:create_environment_hook('tiago_controller_configuration', 'cmake_prefix_path')
[3.251s] INFO:colcon.colcon_core.shell:Creating environment hook '/Bt/install/tiago_controller_configuration/share/tiago_controller_configuration/hook/cmake_prefix_path.ps1'
[3.252s] INFO:colcon.colcon_core.shell:Creating environment descriptor '/Bt/install/tiago_controller_configuration/share/tiago_controller_configuration/hook/cmake_prefix_path.dsv'
[3.252s] INFO:colcon.colcon_core.shell:Creating environment hook '/Bt/install/tiago_controller_configuration/share/tiago_controller_configuration/hook/cmake_prefix_path.sh'
[3.253s] Level 1:colcon.colcon_core.environment:checking '/Bt/install/tiago_controller_configuration/bin'
[3.253s] Level 1:colcon.colcon_core.environment:checking '/Bt/install/tiago_controller_configuration/lib/pkgconfig/tiago_controller_configuration.pc'
[3.260s] Level 1:colcon.colcon_core.environment:checking '/Bt/install/tiago_controller_configuration/lib/python3.12/site-packages'
[3.260s] Level 1:colcon.colcon_core.environment:checking '/Bt/install/tiago_controller_configuration/bin'
[3.261s] INFO:colcon.colcon_core.shell:Creating package script '/Bt/install/tiago_controller_configuration/share/tiago_controller_configuration/package.ps1'
[3.262s] INFO:colcon.colcon_core.shell:Creating package descriptor '/Bt/install/tiago_controller_configuration/share/tiago_controller_configuration/package.dsv'
[3.262s] INFO:colcon.colcon_core.shell:Creating package script '/Bt/install/tiago_controller_configuration/share/tiago_controller_configuration/package.sh'
[3.263s] INFO:colcon.colcon_core.shell:Creating package script '/Bt/install/tiago_controller_configuration/share/tiago_controller_configuration/package.bash'
[3.263s] INFO:colcon.colcon_core.shell:Creating package script '/Bt/install/tiago_controller_configuration/share/tiago_controller_configuration/package.zsh'
[3.266s] Level 1:colcon.colcon_core.environment:create_file_with_runtime_dependencies(/Bt/install/tiago_controller_configuration/share/colcon-core/packages/tiago_controller_configuration)
[3.267s] Level 1:colcon.colcon_core.environment:create_environment_scripts_only(tiago_controller_configuration)
[3.267s] Level 1:colcon.colcon_core.environment:checking '/Bt/install/tiago_controller_configuration' for CMake module files
[3.271s] Level 1:colcon.colcon_core.environment:checking '/Bt/install/tiago_controller_configuration' for CMake config files
[3.272s] Level 1:colcon.colcon_core.shell:create_environment_hook('tiago_controller_configuration', 'cmake_prefix_path')
[3.272s] INFO:colcon.colcon_core.shell:Creating environment hook '/Bt/install/tiago_controller_configuration/share/tiago_controller_configuration/hook/cmake_prefix_path.ps1'
[3.274s] INFO:colcon.colcon_core.shell:Creating environment descriptor '/Bt/install/tiago_controller_configuration/share/tiago_controller_configuration/hook/cmake_prefix_path.dsv'
[3.275s] INFO:colcon.colcon_core.shell:Creating environment hook '/Bt/install/tiago_controller_configuration/share/tiago_controller_configuration/hook/cmake_prefix_path.sh'
[3.278s] Level 1:colcon.colcon_core.environment:checking '/Bt/install/tiago_controller_configuration/bin'
[3.279s] Level 1:colcon.colcon_core.environment:checking '/Bt/install/tiago_controller_configuration/lib/pkgconfig/tiago_controller_configuration.pc'
[3.279s] Level 1:colcon.colcon_core.environment:checking '/Bt/install/tiago_controller_configuration/lib/python3.12/site-packages'
[3.280s] Level 1:colcon.colcon_core.environment:checking '/Bt/install/tiago_controller_configuration/bin'
[3.280s] INFO:colcon.colcon_core.shell:Creating package script '/Bt/install/tiago_controller_configuration/share/tiago_controller_configuration/package.ps1'
[3.285s] INFO:colcon.colcon_core.shell:Creating package descriptor '/Bt/install/tiago_controller_configuration/share/tiago_controller_configuration/package.dsv'
[3.286s] INFO:colcon.colcon_core.shell:Creating package script '/Bt/install/tiago_controller_configuration/share/tiago_controller_configuration/package.sh'
[3.287s] INFO:colcon.colcon_core.shell:Creating package script '/Bt/install/tiago_controller_configuration/share/tiago_controller_configuration/package.bash'
[3.287s] INFO:colcon.colcon_core.shell:Creating package script '/Bt/install/tiago_controller_configuration/share/tiago_controller_configuration/package.zsh'
[3.288s] Level 1:colcon.colcon_core.environment:create_file_with_runtime_dependencies(/Bt/install/tiago_controller_configuration/share/colcon-core/packages/tiago_controller_configuration)
[3.289s] INFO:colcon.colcon_ros.task.ament_cmake.build:Building ROS package in '/Bt/ThirdParty/pal_hey5/pal_hey5' with build type 'ament_cmake'
[3.289s] INFO:colcon.colcon_cmake.task.cmake.build:Building CMake package in '/Bt/ThirdParty/pal_hey5/pal_hey5'
[3.289s] INFO:colcon.colcon_core.shell:Skip shell extension 'powershell' for command environment: Not usable outside of PowerShell
[3.290s] DEBUG:colcon.colcon_core.shell:Skip shell extension 'dsv' for command environment
[3.570s] INFO:colcon.colcon_core.task.python.build:Building Python package in '/Bt/ThirdParty/grab2/grab2_curobo_planner'
[3.570s] INFO:colcon.colcon_core.shell:Skip shell extension 'powershell' for command environment: Not usable outside of PowerShell
[3.570s] DEBUG:colcon.colcon_core.shell:Skip shell extension 'dsv' for command environment
[3.576s] Level 1:colcon.colcon_core.environment:create_environment_scripts_only(grab2_ros_common)
[3.576s] Level 1:colcon.colcon_core.environment:checking '/Bt/install/grab2_ros_common' for CMake module files
[3.577s] DEBUG:colcon.colcon_core.event_handler.log_command:Invoked command in '/Bt/build/grab2_ros_common' returned '0': AMENT_PREFIX_PATH=/Bt/install/grab2_msgs:/Bt/install/behaviortree_ros2:/Bt/install/btcpp_ros2_interfaces:${AMENT_PREFIX_PATH} CMAKE_PREFIX_PATH=/Bt/install/grab2_msgs:/Bt/install/behaviortree_ros2:/Bt/install/btcpp_ros2_interfaces:/opt/ros/jazzy/opt/gz_sim_vendor:/opt/ros/jazzy/opt/gz_sensors_vendor:/opt/ros/jazzy/opt/gz_physics_vendor:/opt/ros/jazzy/opt/sdformat_vendor:/opt/ros/jazzy/opt/gz_gui_vendor:/opt/ros/jazzy/opt/gz_transport_vendor:/opt/ros/jazzy/opt/gz_rendering_vendor:/opt/ros/jazzy/opt/gz_plugin_vendor:/opt/ros/jazzy/opt/gz_fuel_tools_vendor:/opt/ros/jazzy/opt/gz_msgs_vendor:/opt/ros/jazzy/opt/gz_common_vendor:/opt/ros/jazzy/opt/gz_math_vendor:/opt/ros/jazzy/opt/gz_utils_vendor:/opt/ros/jazzy/opt/gz_tools_vendor:/opt/ros/jazzy/opt/gz_ogre_next_vendor:/opt/ros/jazzy/opt/gz_dartsim_vendor:/opt/ros/jazzy/opt/gz_cmake_vendor:/opt/ros/jazzy LD_LIBRARY_PATH=/Bt/install/grab2_msgs/lib:/Bt/install/behaviortree_ros2/lib:/Bt/install/btcpp_ros2_interfaces/lib:${LD_LIBRARY_PATH} PYTHONPATH=/Bt/install/grab2_msgs/lib/python3.12/site-packages:/Bt/install/btcpp_ros2_interfaces/lib/python3.12/site-packages:${PYTHONPATH} /usr/bin/cmake --install /Bt/build/grab2_ros_common
[3.578s] Level 1:colcon.colcon_core.environment:checking '/Bt/install/grab2_ros_common' for CMake config files
[3.578s] Level 1:colcon.colcon_core.shell:create_environment_hook('grab2_ros_common', 'cmake_prefix_path')
[3.578s] INFO:colcon.colcon_core.shell:Creating environment hook '/Bt/install/grab2_ros_common/share/grab2_ros_common/hook/cmake_prefix_path.ps1'
[3.579s] INFO:colcon.colcon_core.shell:Creating environment descriptor '/Bt/install/grab2_ros_common/share/grab2_ros_common/hook/cmake_prefix_path.dsv'
[3.579s] INFO:colcon.colcon_core.shell:Creating environment hook '/Bt/install/grab2_ros_common/share/grab2_ros_common/hook/cmake_prefix_path.sh'
[3.580s] Level 1:colcon.colcon_core.environment:checking '/Bt/install/grab2_ros_common/bin'
[3.580s] Level 1:colcon.colcon_core.environment:checking '/Bt/install/grab2_ros_common/lib/pkgconfig/grab2_ros_common.pc'
[3.581s] Level 1:colcon.colcon_core.environment:checking '/Bt/install/grab2_ros_common/lib/python3.12/site-packages'
[3.581s] Level 1:colcon.colcon_core.environment:checking '/Bt/install/grab2_ros_common/bin'
[3.581s] INFO:colcon.colcon_core.shell:Creating package script '/Bt/install/grab2_ros_common/share/grab2_ros_common/package.ps1'
[3.582s] INFO:colcon.colcon_core.shell:Creating package descriptor '/Bt/install/grab2_ros_common/share/grab2_ros_common/package.dsv'
[3.583s] INFO:colcon.colcon_core.shell:Creating package script '/Bt/install/grab2_ros_common/share/grab2_ros_common/package.sh'
[3.583s] INFO:colcon.colcon_core.shell:Creating package script '/Bt/install/grab2_ros_common/share/grab2_ros_common/package.bash'
[3.583s] INFO:colcon.colcon_core.shell:Creating package script '/Bt/install/grab2_ros_common/share/grab2_ros_common/package.zsh'
[3.584s] Level 1:colcon.colcon_core.environment:create_file_with_runtime_dependencies(/Bt/install/grab2_ros_common/share/colcon-core/packages/grab2_ros_common)
[3.584s] Level 1:colcon.colcon_core.environment:create_environment_scripts_only(grab2_ros_common)
[3.584s] Level 1:colcon.colcon_core.environment:checking '/Bt/install/grab2_ros_common' for CMake module files
[3.585s] Level 1:colcon.colcon_core.environment:checking '/Bt/install/grab2_ros_common' for CMake config files
[3.585s] Level 1:colcon.colcon_core.shell:create_environment_hook('grab2_ros_common', 'cmake_prefix_path')
[3.585s] INFO:colcon.colcon_core.shell:Creating environment hook '/Bt/install/grab2_ros_common/share/grab2_ros_common/hook/cmake_prefix_path.ps1'
[3.586s] INFO:colcon.colcon_core.shell:Creating environment descriptor '/Bt/install/grab2_ros_common/share/grab2_ros_common/hook/cmake_prefix_path.dsv'
[3.586s] INFO:colcon.colcon_core.shell:Creating environment hook '/Bt/install/grab2_ros_common/share/grab2_ros_common/hook/cmake_prefix_path.sh'
[3.587s] Level 1:colcon.colcon_core.environment:checking '/Bt/install/grab2_ros_common/bin'
[3.587s] Level 1:colcon.colcon_core.environment:checking '/Bt/install/grab2_ros_common/lib/pkgconfig/grab2_ros_common.pc'
[3.587s] Level 1:colcon.colcon_core.environment:checking '/Bt/install/grab2_ros_common/lib/python3.12/site-packages'
[3.587s] Level 1:colcon.colcon_core.environment:checking '/Bt/install/grab2_ros_common/bin'
[3.588s] INFO:colcon.colcon_core.shell:Creating package script '/Bt/install/grab2_ros_common/share/grab2_ros_common/package.ps1'
[3.588s] INFO:colcon.colcon_core.shell:Creating package descriptor '/Bt/install/grab2_ros_common/share/grab2_ros_common/package.dsv'
[3.589s] INFO:colcon.colcon_core.shell:Creating package script '/Bt/install/grab2_ros_common/share/grab2_ros_common/package.sh'
[3.589s] INFO:colcon.colcon_core.shell:Creating package script '/Bt/install/grab2_ros_common/share/grab2_ros_common/package.bash'
[3.590s] INFO:colcon.colcon_core.shell:Creating package script '/Bt/install/grab2_ros_common/share/grab2_ros_common/package.zsh'
[3.590s] Level 1:colcon.colcon_core.environment:create_file_with_runtime_dependencies(/Bt/install/grab2_ros_common/share/colcon-core/packages/grab2_ros_common)
[3.591s] INFO:colcon.colcon_ros.task.ament_cmake.build:Building ROS package in '/Bt/ThirdParty/grab2/grab2_bt_grabber' with build type 'ament_cmake'
[3.591s] INFO:colcon.colcon_cmake.task.cmake.build:Building CMake package in '/Bt/ThirdParty/grab2/grab2_bt_grabber'
[3.591s] INFO:colcon.colcon_core.shell:Skip shell extension 'powershell' for command environment: Not usable outside of PowerShell
[3.591s] DEBUG:colcon.colcon_core.shell:Skip shell extension 'dsv' for command environment
[3.601s] DEBUG:colcon.colcon_core.event_handler.log_command:Invoking command in '/Bt/build/pal_hey5': AMENT_PREFIX_PATH=/Bt/install/pal_hey5_description:/Bt/install/pal_urdf_utils:/Bt/install/pal_hey5_controller_configuration:${AMENT_PREFIX_PATH} CMAKE_PREFIX_PATH=/Bt/install/pal_hey5_description:/Bt/install/pal_urdf_utils:/Bt/install/pal_hey5_controller_configuration:/opt/ros/jazzy/opt/gz_sim_vendor:/opt/ros/jazzy/opt/gz_sensors_vendor:/opt/ros/jazzy/opt/gz_physics_vendor:/opt/ros/jazzy/opt/sdformat_vendor:/opt/ros/jazzy/opt/gz_gui_vendor:/opt/ros/jazzy/opt/gz_transport_vendor:/opt/ros/jazzy/opt/gz_rendering_vendor:/opt/ros/jazzy/opt/gz_plugin_vendor:/opt/ros/jazzy/opt/gz_fuel_tools_vendor:/opt/ros/jazzy/opt/gz_msgs_vendor:/opt/ros/jazzy/opt/gz_common_vendor:/opt/ros/jazzy/opt/gz_math_vendor:/opt/ros/jazzy/opt/gz_utils_vendor:/opt/ros/jazzy/opt/gz_tools_vendor:/opt/ros/jazzy/opt/gz_ogre_next_vendor:/opt/ros/jazzy/opt/gz_dartsim_vendor:/opt/ros/jazzy/opt/gz_cmake_vendor:/opt/ros/jazzy /usr/bin/cmake --build /Bt/build/pal_hey5 -- -j8 -l8
[3.603s] DEBUG:colcon.colcon_core.event_handler.log_command:Invoking command in '/Bt/ThirdParty/yolo_ros/yolo_ros': AMENT_PREFIX_PATH=/Bt/install/yolo_msgs:${AMENT_PREFIX_PATH} CMAKE_PREFIX_PATH=/Bt/install/yolo_msgs:${CMAKE_PREFIX_PATH} LD_LIBRARY_PATH=/Bt/install/yolo_msgs/lib:${LD_LIBRARY_PATH} PYTHONPATH=/Bt/build/yolo_ros/prefix_override:/usr/lib/python3/dist-packages/colcon_core/task/python/colcon_distutils_commands:/Bt/install/yolo_ros/lib/python3.12/site-packages:/Bt/install/yolo_msgs/lib/python3.12/site-packages:${PYTHONPATH} /usr/bin/python3 -W ignore:setup.py install is deprecated -W ignore:easy_install command is deprecated setup.py egg_info --egg-base ../../../build/yolo_ros build --build-base /Bt/build/yolo_ros/build install --record /Bt/build/yolo_ros/install.log --single-version-externally-managed install_data
[3.603s] DEBUG:colcon.colcon_core.event_handler.log_command:Invoked command in '/Bt/build/grab2_behavior_tree' returned '0': AMENT_PREFIX_PATH=/Bt/install/grab2_msgs:/Bt/install/behaviortree_ros2:/Bt/install/btcpp_ros2_interfaces:${AMENT_PREFIX_PATH} CMAKE_PREFIX_PATH=/Bt/install/grab2_msgs:/Bt/install/behaviortree_ros2:/Bt/install/btcpp_ros2_interfaces:/opt/ros/jazzy/opt/gz_sim_vendor:/opt/ros/jazzy/opt/gz_sensors_vendor:/opt/ros/jazzy/opt/gz_physics_vendor:/opt/ros/jazzy/opt/sdformat_vendor:/opt/ros/jazzy/opt/gz_gui_vendor:/opt/ros/jazzy/opt/gz_transport_vendor:/opt/ros/jazzy/opt/gz_rendering_vendor:/opt/ros/jazzy/opt/gz_plugin_vendor:/opt/ros/jazzy/opt/gz_fuel_tools_vendor:/opt/ros/jazzy/opt/gz_msgs_vendor:/opt/ros/jazzy/opt/gz_common_vendor:/opt/ros/jazzy/opt/gz_math_vendor:/opt/ros/jazzy/opt/gz_utils_vendor:/opt/ros/jazzy/opt/gz_tools_vendor:/opt/ros/jazzy/opt/gz_ogre_next_vendor:/opt/ros/jazzy/opt/gz_dartsim_vendor:/opt/ros/jazzy/opt/gz_cmake_vendor:/opt/ros/jazzy LD_LIBRARY_PATH=/Bt/install/grab2_msgs/lib:/Bt/install/behaviortree_ros2/lib:/Bt/install/btcpp_ros2_interfaces/lib:${LD_LIBRARY_PATH} PYTHONPATH=/Bt/install/grab2_msgs/lib/python3.12/site-packages:/Bt/install/btcpp_ros2_interfaces/lib/python3.12/site-packages:${PYTHONPATH} /usr/bin/cmake --build /Bt/build/grab2_behavior_tree -- -j8 -l8
[3.604s] DEBUG:colcon.colcon_core.event_handler.log_command:Invoking command in '/Bt/build/grab2_behavior_tree': AMENT_PREFIX_PATH=/Bt/install/grab2_msgs:/Bt/install/behaviortree_ros2:/Bt/install/btcpp_ros2_interfaces:${AMENT_PREFIX_PATH} CMAKE_PREFIX_PATH=/Bt/install/grab2_msgs:/Bt/install/behaviortree_ros2:/Bt/install/btcpp_ros2_interfaces:/opt/ros/jazzy/opt/gz_sim_vendor:/opt/ros/jazzy/opt/gz_sensors_vendor:/opt/ros/jazzy/opt/gz_physics_vendor:/opt/ros/jazzy/opt/sdformat_vendor:/opt/ros/jazzy/opt/gz_gui_vendor:/opt/ros/jazzy/opt/gz_transport_vendor:/opt/ros/jazzy/opt/gz_rendering_vendor:/opt/ros/jazzy/opt/gz_plugin_vendor:/opt/ros/jazzy/opt/gz_fuel_tools_vendor:/opt/ros/jazzy/opt/gz_msgs_vendor:/opt/ros/jazzy/opt/gz_common_vendor:/opt/ros/jazzy/opt/gz_math_vendor:/opt/ros/jazzy/opt/gz_utils_vendor:/opt/ros/jazzy/opt/gz_tools_vendor:/opt/ros/jazzy/opt/gz_ogre_next_vendor:/opt/ros/jazzy/opt/gz_dartsim_vendor:/opt/ros/jazzy/opt/gz_cmake_vendor:/opt/ros/jazzy LD_LIBRARY_PATH=/Bt/install/grab2_msgs/lib:/Bt/install/behaviortree_ros2/lib:/Bt/install/btcpp_ros2_interfaces/lib:${LD_LIBRARY_PATH} PYTHONPATH=/Bt/install/grab2_msgs/lib/python3.12/site-packages:/Bt/install/btcpp_ros2_interfaces/lib/python3.12/site-packages:${PYTHONPATH} /usr/bin/cmake --install /Bt/build/grab2_behavior_tree
[3.604s] DEBUG:colcon.colcon_core.event_handler.log_command:Invoked command in '/Bt/build/omni_base_description' returned '0': AMENT_PREFIX_PATH=/Bt/install/pal_urdf_utils:/Bt/install/launch_pal:${AMENT_PREFIX_PATH} CMAKE_PREFIX_PATH=/Bt/install/pal_urdf_utils:/opt/ros/jazzy/opt/gz_sim_vendor:/opt/ros/jazzy/opt/gz_sensors_vendor:/opt/ros/jazzy/opt/gz_physics_vendor:/opt/ros/jazzy/opt/sdformat_vendor:/opt/ros/jazzy/opt/gz_gui_vendor:/opt/ros/jazzy/opt/gz_transport_vendor:/opt/ros/jazzy/opt/gz_rendering_vendor:/opt/ros/jazzy/opt/gz_plugin_vendor:/opt/ros/jazzy/opt/gz_fuel_tools_vendor:/opt/ros/jazzy/opt/gz_msgs_vendor:/opt/ros/jazzy/opt/gz_common_vendor:/opt/ros/jazzy/opt/gz_math_vendor:/opt/ros/jazzy/opt/gz_utils_vendor:/opt/ros/jazzy/opt/gz_tools_vendor:/opt/ros/jazzy/opt/gz_ogre_next_vendor:/opt/ros/jazzy/opt/gz_dartsim_vendor:/opt/ros/jazzy/opt/gz_cmake_vendor:/opt/ros/jazzy PYTHONPATH=/Bt/install/launch_pal/lib/python3.12/site-packages:${PYTHONPATH} /usr/bin/cmake --build /Bt/build/omni_base_description -- -j8 -l8
[3.606s] DEBUG:colcon.colcon_core.event_handler.log_command:Invoking command in '/Bt/build/omni_base_description': AMENT_PREFIX_PATH=/Bt/install/pal_urdf_utils:/Bt/install/launch_pal:${AMENT_PREFIX_PATH} CMAKE_PREFIX_PATH=/Bt/install/pal_urdf_utils:/opt/ros/jazzy/opt/gz_sim_vendor:/opt/ros/jazzy/opt/gz_sensors_vendor:/opt/ros/jazzy/opt/gz_physics_vendor:/opt/ros/jazzy/opt/sdformat_vendor:/opt/ros/jazzy/opt/gz_gui_vendor:/opt/ros/jazzy/opt/gz_transport_vendor:/opt/ros/jazzy/opt/gz_rendering_vendor:/opt/ros/jazzy/opt/gz_plugin_vendor:/opt/ros/jazzy/opt/gz_fuel_tools_vendor:/opt/ros/jazzy/opt/gz_msgs_vendor:/opt/ros/jazzy/opt/gz_common_vendor:/opt/ros/jazzy/opt/gz_math_vendor:/opt/ros/jazzy/opt/gz_utils_vendor:/opt/ros/jazzy/opt/gz_tools_vendor:/opt/ros/jazzy/opt/gz_ogre_next_vendor:/opt/ros/jazzy/opt/gz_dartsim_vendor:/opt/ros/jazzy/opt/gz_cmake_vendor:/opt/ros/jazzy PYTHONPATH=/Bt/install/launch_pal/lib/python3.12/site-packages:${PYTHONPATH} /usr/bin/cmake --install /Bt/build/omni_base_description
[3.615s] DEBUG:colcon.colcon_core.event_handler.log_command:Invoking command in '/Bt/build/grab2_bt_grabber': AMENT_PREFIX_PATH=/Bt/install/grab2_ros_common:/Bt/install/grab2_msgs:/Bt/install/behaviortree_ros2:/Bt/install/btcpp_ros2_interfaces:${AMENT_PREFIX_PATH} CMAKE_PREFIX_PATH=/Bt/install/grab2_ros_common:/Bt/install/grab2_msgs:/Bt/install/behaviortree_ros2:/Bt/install/btcpp_ros2_interfaces:/opt/ros/jazzy/opt/gz_sim_vendor:/opt/ros/jazzy/opt/gz_sensors_vendor:/opt/ros/jazzy/opt/gz_physics_vendor:/opt/ros/jazzy/opt/sdformat_vendor:/opt/ros/jazzy/opt/gz_gui_vendor:/opt/ros/jazzy/opt/gz_transport_vendor:/opt/ros/jazzy/opt/gz_rendering_vendor:/opt/ros/jazzy/opt/gz_plugin_vendor:/opt/ros/jazzy/opt/gz_fuel_tools_vendor:/opt/ros/jazzy/opt/gz_msgs_vendor:/opt/ros/jazzy/opt/gz_common_vendor:/opt/ros/jazzy/opt/gz_math_vendor:/opt/ros/jazzy/opt/gz_utils_vendor:/opt/ros/jazzy/opt/gz_tools_vendor:/opt/ros/jazzy/opt/gz_ogre_next_vendor:/opt/ros/jazzy/opt/gz_dartsim_vendor:/opt/ros/jazzy/opt/gz_cmake_vendor:/opt/ros/jazzy LD_LIBRARY_PATH=/Bt/install/grab2_msgs/lib:/Bt/install/behaviortree_ros2/lib:/Bt/install/btcpp_ros2_interfaces/lib:${LD_LIBRARY_PATH} PYTHONPATH=/Bt/install/grab2_msgs/lib/python3.12/site-packages:/Bt/install/btcpp_ros2_interfaces/lib/python3.12/site-packages:${PYTHONPATH} /usr/bin/cmake --build /Bt/build/grab2_bt_grabber -- -j8 -l8
[3.617s] DEBUG:colcon.colcon_core.event_handler.log_command:Invoked command in '/Bt/build/pmb2_description' returned '0': AMENT_PREFIX_PATH=/Bt/install/pal_urdf_utils:/Bt/install/launch_pal:${AMENT_PREFIX_PATH} CMAKE_PREFIX_PATH=/Bt/install/pal_urdf_utils:/opt/ros/jazzy/opt/gz_sim_vendor:/opt/ros/jazzy/opt/gz_sensors_vendor:/opt/ros/jazzy/opt/gz_physics_vendor:/opt/ros/jazzy/opt/sdformat_vendor:/opt/ros/jazzy/opt/gz_gui_vendor:/opt/ros/jazzy/opt/gz_transport_vendor:/opt/ros/jazzy/opt/gz_rendering_vendor:/opt/ros/jazzy/opt/gz_plugin_vendor:/opt/ros/jazzy/opt/gz_fuel_tools_vendor:/opt/ros/jazzy/opt/gz_msgs_vendor:/opt/ros/jazzy/opt/gz_common_vendor:/opt/ros/jazzy/opt/gz_math_vendor:/opt/ros/jazzy/opt/gz_utils_vendor:/opt/ros/jazzy/opt/gz_tools_vendor:/opt/ros/jazzy/opt/gz_ogre_next_vendor:/opt/ros/jazzy/opt/gz_dartsim_vendor:/opt/ros/jazzy/opt/gz_cmake_vendor:/opt/ros/jazzy PYTHONPATH=/Bt/install/launch_pal/lib/python3.12/site-packages:${PYTHONPATH} /usr/bin/cmake --build /Bt/build/pmb2_description -- -j8 -l8
[3.617s] DEBUG:colcon.colcon_core.event_handler.log_command:Invoking command in '/Bt/build/pmb2_description': AMENT_PREFIX_PATH=/Bt/install/pal_urdf_utils:/Bt/install/launch_pal:${AMENT_PREFIX_PATH} CMAKE_PREFIX_PATH=/Bt/install/pal_urdf_utils:/opt/ros/jazzy/opt/gz_sim_vendor:/opt/ros/jazzy/opt/gz_sensors_vendor:/opt/ros/jazzy/opt/gz_physics_vendor:/opt/ros/jazzy/opt/sdformat_vendor:/opt/ros/jazzy/opt/gz_gui_vendor:/opt/ros/jazzy/opt/gz_transport_vendor:/opt/ros/jazzy/opt/gz_rendering_vendor:/opt/ros/jazzy/opt/gz_plugin_vendor:/opt/ros/jazzy/opt/gz_fuel_tools_vendor:/opt/ros/jazzy/opt/gz_msgs_vendor:/opt/ros/jazzy/opt/gz_common_vendor:/opt/ros/jazzy/opt/gz_math_vendor:/opt/ros/jazzy/opt/gz_utils_vendor:/opt/ros/jazzy/opt/gz_tools_vendor:/opt/ros/jazzy/opt/gz_ogre_next_vendor:/opt/ros/jazzy/opt/gz_dartsim_vendor:/opt/ros/jazzy/opt/gz_cmake_vendor:/opt/ros/jazzy PYTHONPATH=/Bt/install/launch_pal/lib/python3.12/site-packages:${PYTHONPATH} /usr/bin/cmake --install /Bt/build/pmb2_description
[3.633s] Level 1:colcon.colcon_core.environment:create_environment_scripts_only(grab2_behavior_tree)
[3.633s] Level 1:colcon.colcon_core.environment:checking '/Bt/install/grab2_behavior_tree' for CMake module files
[3.634s] Level 1:colcon.colcon_core.environment:checking '/Bt/install/grab2_behavior_tree' for CMake config files
[3.635s] Level 1:colcon.colcon_core.shell:create_environment_hook('grab2_behavior_tree', 'cmake_prefix_path')
[3.636s] INFO:colcon.colcon_core.shell:Creating environment hook '/Bt/install/grab2_behavior_tree/share/grab2_behavior_tree/hook/cmake_prefix_path.ps1'
[3.636s] INFO:colcon.colcon_core.shell:Creating environment descriptor '/Bt/install/grab2_behavior_tree/share/grab2_behavior_tree/hook/cmake_prefix_path.dsv'
[3.639s] INFO:colcon.colcon_core.shell:Creating environment hook '/Bt/install/grab2_behavior_tree/share/grab2_behavior_tree/hook/cmake_prefix_path.sh'
[3.641s] DEBUG:colcon.colcon_core.event_handler.log_command:Invoked command in '/Bt/build/grab2_behavior_tree' returned '0': AMENT_PREFIX_PATH=/Bt/install/grab2_msgs:/Bt/install/behaviortree_ros2:/Bt/install/btcpp_ros2_interfaces:${AMENT_PREFIX_PATH} CMAKE_PREFIX_PATH=/Bt/install/grab2_msgs:/Bt/install/behaviortree_ros2:/Bt/install/btcpp_ros2_interfaces:/opt/ros/jazzy/opt/gz_sim_vendor:/opt/ros/jazzy/opt/gz_sensors_vendor:/opt/ros/jazzy/opt/gz_physics_vendor:/opt/ros/jazzy/opt/sdformat_vendor:/opt/ros/jazzy/opt/gz_gui_vendor:/opt/ros/jazzy/opt/gz_transport_vendor:/opt/ros/jazzy/opt/gz_rendering_vendor:/opt/ros/jazzy/opt/gz_plugin_vendor:/opt/ros/jazzy/opt/gz_fuel_tools_vendor:/opt/ros/jazzy/opt/gz_msgs_vendor:/opt/ros/jazzy/opt/gz_common_vendor:/opt/ros/jazzy/opt/gz_math_vendor:/opt/ros/jazzy/opt/gz_utils_vendor:/opt/ros/jazzy/opt/gz_tools_vendor:/opt/ros/jazzy/opt/gz_ogre_next_vendor:/opt/ros/jazzy/opt/gz_dartsim_vendor:/opt/ros/jazzy/opt/gz_cmake_vendor:/opt/ros/jazzy LD_LIBRARY_PATH=/Bt/install/grab2_msgs/lib:/Bt/install/behaviortree_ros2/lib:/Bt/install/btcpp_ros2_interfaces/lib:${LD_LIBRARY_PATH} PYTHONPATH=/Bt/install/grab2_msgs/lib/python3.12/site-packages:/Bt/install/btcpp_ros2_interfaces/lib/python3.12/site-packages:${PYTHONPATH} /usr/bin/cmake --install /Bt/build/grab2_behavior_tree
[3.644s] Level 1:colcon.colcon_core.environment:checking '/Bt/install/grab2_behavior_tree/lib'
[3.644s] Level 1:colcon.colcon_core.shell:create_environment_hook('grab2_behavior_tree', 'ld_library_path_lib')
[3.644s] INFO:colcon.colcon_core.shell:Creating environment hook '/Bt/install/grab2_behavior_tree/share/grab2_behavior_tree/hook/ld_library_path_lib.ps1'
[3.645s] INFO:colcon.colcon_core.shell:Creating environment descriptor '/Bt/install/grab2_behavior_tree/share/grab2_behavior_tree/hook/ld_library_path_lib.dsv'
[3.645s] INFO:colcon.colcon_core.shell:Creating environment hook '/Bt/install/grab2_behavior_tree/share/grab2_behavior_tree/hook/ld_library_path_lib.sh'
[3.646s] Level 1:colcon.colcon_core.environment:checking '/Bt/install/grab2_behavior_tree/bin'
[3.646s] Level 1:colcon.colcon_core.environment:checking '/Bt/install/grab2_behavior_tree/lib/pkgconfig/grab2_behavior_tree.pc'
[3.647s] Level 1:colcon.colcon_core.environment:checking '/Bt/install/grab2_behavior_tree/lib/python3.12/site-packages'
[3.647s] Level 1:colcon.colcon_core.environment:checking '/Bt/install/grab2_behavior_tree/bin'
[3.648s] INFO:colcon.colcon_core.shell:Creating package script '/Bt/install/grab2_behavior_tree/share/grab2_behavior_tree/package.ps1'
[3.649s] INFO:colcon.colcon_core.shell:Creating package descriptor '/Bt/install/grab2_behavior_tree/share/grab2_behavior_tree/package.dsv'
[3.650s] INFO:colcon.colcon_core.shell:Creating package script '/Bt/install/grab2_behavior_tree/share/grab2_behavior_tree/package.sh'
[3.651s] INFO:colcon.colcon_core.shell:Creating package script '/Bt/install/grab2_behavior_tree/share/grab2_behavior_tree/package.bash'
[3.651s] INFO:colcon.colcon_core.shell:Creating package script '/Bt/install/grab2_behavior_tree/share/grab2_behavior_tree/package.zsh'
[3.652s] Level 1:colcon.colcon_core.environment:create_file_with_runtime_dependencies(/Bt/install/grab2_behavior_tree/share/colcon-core/packages/grab2_behavior_tree)
[3.653s] Level 1:colcon.colcon_core.environment:create_environment_scripts_only(grab2_behavior_tree)
[3.653s] Level 1:colcon.colcon_core.environment:checking '/Bt/install/grab2_behavior_tree' for CMake module files
[3.654s] Level 1:colcon.colcon_core.environment:checking '/Bt/install/grab2_behavior_tree' for CMake config files
[3.655s] Level 1:colcon.colcon_core.shell:create_environment_hook('grab2_behavior_tree', 'cmake_prefix_path')
[3.655s] INFO:colcon.colcon_core.shell:Creating environment hook '/Bt/install/grab2_behavior_tree/share/grab2_behavior_tree/hook/cmake_prefix_path.ps1'
[3.656s] INFO:colcon.colcon_core.shell:Creating environment descriptor '/Bt/install/grab2_behavior_tree/share/grab2_behavior_tree/hook/cmake_prefix_path.dsv'
[3.657s] INFO:colcon.colcon_core.shell:Creating environment hook '/Bt/install/grab2_behavior_tree/share/grab2_behavior_tree/hook/cmake_prefix_path.sh'
[3.658s] Level 1:colcon.colcon_core.environment:checking '/Bt/install/grab2_behavior_tree/lib'
[3.658s] Level 1:colcon.colcon_core.shell:create_environment_hook('grab2_behavior_tree', 'ld_library_path_lib')
[3.658s] INFO:colcon.colcon_core.shell:Creating environment hook '/Bt/install/grab2_behavior_tree/share/grab2_behavior_tree/hook/ld_library_path_lib.ps1'
[3.659s] INFO:colcon.colcon_core.shell:Creating environment descriptor '/Bt/install/grab2_behavior_tree/share/grab2_behavior_tree/hook/ld_library_path_lib.dsv'
[3.659s] INFO:colcon.colcon_core.shell:Creating environment hook '/Bt/install/grab2_behavior_tree/share/grab2_behavior_tree/hook/ld_library_path_lib.sh'
[3.660s] Level 1:colcon.colcon_core.environment:checking '/Bt/install/grab2_behavior_tree/bin'
[3.660s] Level 1:colcon.colcon_core.environment:checking '/Bt/install/grab2_behavior_tree/lib/pkgconfig/grab2_behavior_tree.pc'
[3.660s] Level 1:colcon.colcon_core.environment:checking '/Bt/install/grab2_behavior_tree/lib/python3.12/site-packages'
[3.661s] Level 1:colcon.colcon_core.environment:checking '/Bt/install/grab2_behavior_tree/bin'
[3.661s] INFO:colcon.colcon_core.shell:Creating package script '/Bt/install/grab2_behavior_tree/share/grab2_behavior_tree/package.ps1'
[3.662s] INFO:colcon.colcon_core.shell:Creating package descriptor '/Bt/install/grab2_behavior_tree/share/grab2_behavior_tree/package.dsv'
[3.663s] INFO:colcon.colcon_core.shell:Creating package script '/Bt/install/grab2_behavior_tree/share/grab2_behavior_tree/package.sh'
[3.664s] INFO:colcon.colcon_core.shell:Creating package script '/Bt/install/grab2_behavior_tree/share/grab2_behavior_tree/package.bash'
[3.665s] INFO:colcon.colcon_core.shell:Creating package script '/Bt/install/grab2_behavior_tree/share/grab2_behavior_tree/package.zsh'
[3.666s] Level 1:colcon.colcon_core.environment:create_file_with_runtime_dependencies(/Bt/install/grab2_behavior_tree/share/colcon-core/packages/grab2_behavior_tree)
[3.667s] INFO:colcon.colcon_ros.task.ament_cmake.build:Building ROS package in '/Bt/ThirdParty/grab2/grab2_planner' with build type 'ament_cmake'
[3.667s] INFO:colcon.colcon_cmake.task.cmake.build:Building CMake package in '/Bt/ThirdParty/grab2/grab2_planner'
[3.667s] INFO:colcon.colcon_core.shell:Skip shell extension 'powershell' for command environment: Not usable outside of PowerShell
[3.667s] DEBUG:colcon.colcon_core.shell:Skip shell extension 'dsv' for command environment
[3.677s] Level 1:colcon.colcon_core.environment:checking '/Bt/install/ros2_aruco' for CMake module files
[3.681s] Level 1:colcon.colcon_core.environment:checking '/Bt/install/ros2_aruco' for CMake config files
[3.682s] DEBUG:colcon.colcon_core.event_handler.log_command:Invoked command in '/Bt/ThirdParty/ros2_aruco/ros2_aruco' returned '0': PYTHONPATH=/Bt/build/ros2_aruco/prefix_override:/usr/lib/python3/dist-packages/colcon_core/task/python/colcon_distutils_commands:/Bt/install/ros2_aruco/lib/python3.12/site-packages:${PYTHONPATH} /usr/bin/python3 -W ignore:setup.py install is deprecated -W ignore:easy_install command is deprecated setup.py egg_info --egg-base ../../../build/ros2_aruco build --build-base /Bt/build/ros2_aruco/build install --record /Bt/build/ros2_aruco/install.log --single-version-externally-managed install_data
[3.683s] Level 1:colcon.colcon_core.environment:checking '/Bt/install/ros2_aruco/lib'
[3.683s] Level 1:colcon.colcon_core.environment:checking '/Bt/install/ros2_aruco/bin'
[3.683s] Level 1:colcon.colcon_core.environment:checking '/Bt/install/ros2_aruco/lib/pkgconfig/ros2_aruco.pc'
[3.683s] Level 1:colcon.colcon_core.environment:checking '/Bt/install/ros2_aruco/lib/python3.12/site-packages'
[3.684s] Level 1:colcon.colcon_core.shell:create_environment_hook('ros2_aruco', 'pythonpath')
[3.684s] INFO:colcon.colcon_core.shell:Creating environment hook '/Bt/install/ros2_aruco/share/ros2_aruco/hook/pythonpath.ps1'
[3.685s] INFO:colcon.colcon_core.shell:Creating environment descriptor '/Bt/install/ros2_aruco/share/ros2_aruco/hook/pythonpath.dsv'
[3.685s] INFO:colcon.colcon_core.shell:Creating environment hook '/Bt/install/ros2_aruco/share/ros2_aruco/hook/pythonpath.sh'
[3.687s] Level 1:colcon.colcon_core.environment:checking '/Bt/install/ros2_aruco/bin'
[3.687s] Level 1:colcon.colcon_core.environment:create_environment_scripts_only(ros2_aruco)
[3.687s] INFO:colcon.colcon_core.shell:Creating package script '/Bt/install/ros2_aruco/share/ros2_aruco/package.ps1'
[3.688s] INFO:colcon.colcon_core.shell:Creating package descriptor '/Bt/install/ros2_aruco/share/ros2_aruco/package.dsv'
[3.690s] INFO:colcon.colcon_core.shell:Creating package script '/Bt/install/ros2_aruco/share/ros2_aruco/package.sh'
[3.693s] INFO:colcon.colcon_core.shell:Creating package script '/Bt/install/ros2_aruco/share/ros2_aruco/package.bash'
[3.695s] INFO:colcon.colcon_core.shell:Creating package script '/Bt/install/ros2_aruco/share/ros2_aruco/package.zsh'
[3.698s] Level 1:colcon.colcon_core.environment:create_file_with_runtime_dependencies(/Bt/install/ros2_aruco/share/colcon-core/packages/ros2_aruco)
[3.702s] INFO:colcon.colcon_ros.task.ament_cmake.build:Building ROS package in '/Bt/ThirdParty/pmb2_navigation/pmb2_navigation' with build type 'ament_cmake'
[3.702s] INFO:colcon.colcon_cmake.task.cmake.build:Building CMake package in '/Bt/ThirdParty/pmb2_navigation/pmb2_navigation'
[3.702s] INFO:colcon.colcon_core.shell:Skip shell extension 'powershell' for command environment: Not usable outside of PowerShell
[3.702s] DEBUG:colcon.colcon_core.shell:Skip shell extension 'dsv' for command environment
[3.703s] DEBUG:colcon.colcon_core.event_handler.log_command:Invoked command in '/Bt/build/pal_hey5' returned '0': AMENT_PREFIX_PATH=/Bt/install/pal_hey5_description:/Bt/install/pal_urdf_utils:/Bt/install/pal_hey5_controller_configuration:${AMENT_PREFIX_PATH} CMAKE_PREFIX_PATH=/Bt/install/pal_hey5_description:/Bt/install/pal_urdf_utils:/Bt/install/pal_hey5_controller_configuration:/opt/ros/jazzy/opt/gz_sim_vendor:/opt/ros/jazzy/opt/gz_sensors_vendor:/opt/ros/jazzy/opt/gz_physics_vendor:/opt/ros/jazzy/opt/sdformat_vendor:/opt/ros/jazzy/opt/gz_gui_vendor:/opt/ros/jazzy/opt/gz_transport_vendor:/opt/ros/jazzy/opt/gz_rendering_vendor:/opt/ros/jazzy/opt/gz_plugin_vendor:/opt/ros/jazzy/opt/gz_fuel_tools_vendor:/opt/ros/jazzy/opt/gz_msgs_vendor:/opt/ros/jazzy/opt/gz_common_vendor:/opt/ros/jazzy/opt/gz_math_vendor:/opt/ros/jazzy/opt/gz_utils_vendor:/opt/ros/jazzy/opt/gz_tools_vendor:/opt/ros/jazzy/opt/gz_ogre_next_vendor:/opt/ros/jazzy/opt/gz_dartsim_vendor:/opt/ros/jazzy/opt/gz_cmake_vendor:/opt/ros/jazzy /usr/bin/cmake --build /Bt/build/pal_hey5 -- -j8 -l8
[3.703s] DEBUG:colcon.colcon_core.event_handler.log_command:Invoking command in '/Bt/build/pal_hey5': AMENT_PREFIX_PATH=/Bt/install/pal_hey5_description:/Bt/install/pal_urdf_utils:/Bt/install/pal_hey5_controller_configuration:${AMENT_PREFIX_PATH} CMAKE_PREFIX_PATH=/Bt/install/pal_hey5_description:/Bt/install/pal_urdf_utils:/Bt/install/pal_hey5_controller_configuration:/opt/ros/jazzy/opt/gz_sim_vendor:/opt/ros/jazzy/opt/gz_sensors_vendor:/opt/ros/jazzy/opt/gz_physics_vendor:/opt/ros/jazzy/opt/sdformat_vendor:/opt/ros/jazzy/opt/gz_gui_vendor:/opt/ros/jazzy/opt/gz_transport_vendor:/opt/ros/jazzy/opt/gz_rendering_vendor:/opt/ros/jazzy/opt/gz_plugin_vendor:/opt/ros/jazzy/opt/gz_fuel_tools_vendor:/opt/ros/jazzy/opt/gz_msgs_vendor:/opt/ros/jazzy/opt/gz_common_vendor:/opt/ros/jazzy/opt/gz_math_vendor:/opt/ros/jazzy/opt/gz_utils_vendor:/opt/ros/jazzy/opt/gz_tools_vendor:/opt/ros/jazzy/opt/gz_ogre_next_vendor:/opt/ros/jazzy/opt/gz_dartsim_vendor:/opt/ros/jazzy/opt/gz_cmake_vendor:/opt/ros/jazzy /usr/bin/cmake --install /Bt/build/pal_hey5
[3.722s] Level 1:colcon.colcon_core.environment:create_environment_scripts_only(omni_base_description)
[3.722s] Level 1:colcon.colcon_core.environment:checking '/Bt/install/omni_base_description' for CMake module files
[3.724s] DEBUG:colcon.colcon_core.event_handler.log_command:Invoked command in '/Bt/build/omni_base_description' returned '0': AMENT_PREFIX_PATH=/Bt/install/pal_urdf_utils:/Bt/install/launch_pal:${AMENT_PREFIX_PATH} CMAKE_PREFIX_PATH=/Bt/install/pal_urdf_utils:/opt/ros/jazzy/opt/gz_sim_vendor:/opt/ros/jazzy/opt/gz_sensors_vendor:/opt/ros/jazzy/opt/gz_physics_vendor:/opt/ros/jazzy/opt/sdformat_vendor:/opt/ros/jazzy/opt/gz_gui_vendor:/opt/ros/jazzy/opt/gz_transport_vendor:/opt/ros/jazzy/opt/gz_rendering_vendor:/opt/ros/jazzy/opt/gz_plugin_vendor:/opt/ros/jazzy/opt/gz_fuel_tools_vendor:/opt/ros/jazzy/opt/gz_msgs_vendor:/opt/ros/jazzy/opt/gz_common_vendor:/opt/ros/jazzy/opt/gz_math_vendor:/opt/ros/jazzy/opt/gz_utils_vendor:/opt/ros/jazzy/opt/gz_tools_vendor:/opt/ros/jazzy/opt/gz_ogre_next_vendor:/opt/ros/jazzy/opt/gz_dartsim_vendor:/opt/ros/jazzy/opt/gz_cmake_vendor:/opt/ros/jazzy PYTHONPATH=/Bt/install/launch_pal/lib/python3.12/site-packages:${PYTHONPATH} /usr/bin/cmake --install /Bt/build/omni_base_description
[3.724s] Level 1:colcon.colcon_core.environment:checking '/Bt/install/omni_base_description' for CMake config files
[3.725s] Level 1:colcon.colcon_core.shell:create_environment_hook('omni_base_description', 'cmake_prefix_path')
[3.725s] INFO:colcon.colcon_core.shell:Creating environment hook '/Bt/install/omni_base_description/share/omni_base_description/hook/cmake_prefix_path.ps1'
[3.725s] INFO:colcon.colcon_core.shell:Creating environment descriptor '/Bt/install/omni_base_description/share/omni_base_description/hook/cmake_prefix_path.dsv'
[3.726s] INFO:colcon.colcon_core.shell:Creating environment hook '/Bt/install/omni_base_description/share/omni_base_description/hook/cmake_prefix_path.sh'
[3.727s] Level 1:colcon.colcon_core.environment:checking '/Bt/install/omni_base_description/lib'
[3.727s] Level 1:colcon.colcon_core.environment:checking '/Bt/install/omni_base_description/bin'
[3.727s] Level 1:colcon.colcon_core.environment:checking '/Bt/install/omni_base_description/lib/pkgconfig/omni_base_description.pc'
[3.727s] Level 1:colcon.colcon_core.environment:checking '/Bt/install/omni_base_description/lib/python3.12/site-packages'
[3.728s] Level 1:colcon.colcon_core.shell:create_environment_hook('omni_base_description', 'pythonpath')
[3.728s] INFO:colcon.colcon_core.shell:Creating environment hook '/Bt/install/omni_base_description/share/omni_base_description/hook/pythonpath.ps1'
[3.728s] INFO:colcon.colcon_core.shell:Creating environment descriptor '/Bt/install/omni_base_description/share/omni_base_description/hook/pythonpath.dsv'
[3.729s] INFO:colcon.colcon_core.shell:Creating environment hook '/Bt/install/omni_base_description/share/omni_base_description/hook/pythonpath.sh'
[3.730s] Level 1:colcon.colcon_core.environment:checking '/Bt/install/omni_base_description/bin'
[3.730s] INFO:colcon.colcon_core.shell:Creating package script '/Bt/install/omni_base_description/share/omni_base_description/package.ps1'
[3.730s] INFO:colcon.colcon_core.shell:Creating package descriptor '/Bt/install/omni_base_description/share/omni_base_description/package.dsv'
[3.731s] INFO:colcon.colcon_core.shell:Creating package script '/Bt/install/omni_base_description/share/omni_base_description/package.sh'
[3.731s] INFO:colcon.colcon_core.shell:Creating package script '/Bt/install/omni_base_description/share/omni_base_description/package.bash'
[3.732s] INFO:colcon.colcon_core.shell:Creating package script '/Bt/install/omni_base_description/share/omni_base_description/package.zsh'
[3.732s] Level 1:colcon.colcon_core.environment:create_file_with_runtime_dependencies(/Bt/install/omni_base_description/share/colcon-core/packages/omni_base_description)
[3.732s] Level 1:colcon.colcon_core.environment:create_environment_scripts_only(omni_base_description)
[3.733s] Level 1:colcon.colcon_core.environment:checking '/Bt/install/omni_base_description' for CMake module files
[3.733s] Level 1:colcon.colcon_core.environment:checking '/Bt/install/omni_base_description' for CMake config files
[3.734s] Level 1:colcon.colcon_core.shell:create_environment_hook('omni_base_description', 'cmake_prefix_path')
[3.734s] INFO:colcon.colcon_core.shell:Creating environment hook '/Bt/install/omni_base_description/share/omni_base_description/hook/cmake_prefix_path.ps1'
[3.734s] INFO:colcon.colcon_core.shell:Creating environment descriptor '/Bt/install/omni_base_description/share/omni_base_description/hook/cmake_prefix_path.dsv'
[3.735s] INFO:colcon.colcon_core.shell:Creating environment hook '/Bt/install/omni_base_description/share/omni_base_description/hook/cmake_prefix_path.sh'
[3.735s] Level 1:colcon.colcon_core.environment:checking '/Bt/install/omni_base_description/lib'
[3.735s] Level 1:colcon.colcon_core.environment:checking '/Bt/install/omni_base_description/bin'
[3.736s] Level 1:colcon.colcon_core.environment:checking '/Bt/install/omni_base_description/lib/pkgconfig/omni_base_description.pc'
[3.736s] Level 1:colcon.colcon_core.environment:checking '/Bt/install/omni_base_description/lib/python3.12/site-packages'
[3.736s] Level 1:colcon.colcon_core.shell:create_environment_hook('omni_base_description', 'pythonpath')
[3.736s] INFO:colcon.colcon_core.shell:Creating environment hook '/Bt/install/omni_base_description/share/omni_base_description/hook/pythonpath.ps1'
[3.736s] INFO:colcon.colcon_core.shell:Creating environment descriptor '/Bt/install/omni_base_description/share/omni_base_description/hook/pythonpath.dsv'
[3.737s] INFO:colcon.colcon_core.shell:Creating environment hook '/Bt/install/omni_base_description/share/omni_base_description/hook/pythonpath.sh'
[3.737s] Level 1:colcon.colcon_core.environment:checking '/Bt/install/omni_base_description/bin'
[3.738s] INFO:colcon.colcon_core.shell:Creating package script '/Bt/install/omni_base_description/share/omni_base_description/package.ps1'
[3.738s] INFO:colcon.colcon_core.shell:Creating package descriptor '/Bt/install/omni_base_description/share/omni_base_description/package.dsv'
[3.739s] INFO:colcon.colcon_core.shell:Creating package script '/Bt/install/omni_base_description/share/omni_base_description/package.sh'
[3.739s] INFO:colcon.colcon_core.shell:Creating package script '/Bt/install/omni_base_description/share/omni_base_description/package.bash'
[3.740s] INFO:colcon.colcon_core.shell:Creating package script '/Bt/install/omni_base_description/share/omni_base_description/package.zsh'
[3.740s] Level 1:colcon.colcon_core.environment:create_file_with_runtime_dependencies(/Bt/install/omni_base_description/share/colcon-core/packages/omni_base_description)
[3.743s] INFO:colcon.colcon_ros.task.ament_cmake.build:Building ROS package in '/Bt/ThirdParty/tiago_omni_base/omni_base_bringup' with build type 'ament_cmake'
[3.743s] INFO:colcon.colcon_cmake.task.cmake.build:Building CMake package in '/Bt/ThirdParty/tiago_omni_base/omni_base_bringup'
[3.744s] INFO:colcon.colcon_core.shell:Skip shell extension 'powershell' for command environment: Not usable outside of PowerShell
[3.744s] DEBUG:colcon.colcon_core.shell:Skip shell extension 'dsv' for command environment
[3.744s] DEBUG:colcon.colcon_core.event_handler.log_command:Invoking command in '/Bt/build/grab2_planner': AMENT_PREFIX_PATH=/Bt/install/grab2_ros_common:/Bt/install/grab2_msgs:/Bt/install/behaviortree_ros2:/Bt/install/btcpp_ros2_interfaces:${AMENT_PREFIX_PATH} CMAKE_PREFIX_PATH=/Bt/install/grab2_ros_common:/Bt/install/grab2_msgs:/Bt/install/behaviortree_ros2:/Bt/install/btcpp_ros2_interfaces:/opt/ros/jazzy/opt/gz_sim_vendor:/opt/ros/jazzy/opt/gz_sensors_vendor:/opt/ros/jazzy/opt/gz_physics_vendor:/opt/ros/jazzy/opt/sdformat_vendor:/opt/ros/jazzy/opt/gz_gui_vendor:/opt/ros/jazzy/opt/gz_transport_vendor:/opt/ros/jazzy/opt/gz_rendering_vendor:/opt/ros/jazzy/opt/gz_plugin_vendor:/opt/ros/jazzy/opt/gz_fuel_tools_vendor:/opt/ros/jazzy/opt/gz_msgs_vendor:/opt/ros/jazzy/opt/gz_common_vendor:/opt/ros/jazzy/opt/gz_math_vendor:/opt/ros/jazzy/opt/gz_utils_vendor:/opt/ros/jazzy/opt/gz_tools_vendor:/opt/ros/jazzy/opt/gz_ogre_next_vendor:/opt/ros/jazzy/opt/gz_dartsim_vendor:/opt/ros/jazzy/opt/gz_cmake_vendor:/opt/ros/jazzy LD_LIBRARY_PATH=/Bt/install/grab2_msgs/lib:/Bt/install/behaviortree_ros2/lib:/Bt/install/btcpp_ros2_interfaces/lib:${LD_LIBRARY_PATH} PYTHONPATH=/Bt/install/grab2_msgs/lib/python3.12/site-packages:/Bt/install/btcpp_ros2_interfaces/lib/python3.12/site-packages:${PYTHONPATH} /usr/bin/cmake --build /Bt/build/grab2_planner -- -j8 -l8
[3.749s] Level 1:colcon.colcon_core.environment:create_environment_scripts_only(pmb2_description)
[3.749s] Level 1:colcon.colcon_core.environment:checking '/Bt/install/pmb2_description' for CMake module files
[3.750s] DEBUG:colcon.colcon_core.event_handler.log_command:Invoked command in '/Bt/build/pmb2_description' returned '0': AMENT_PREFIX_PATH=/Bt/install/pal_urdf_utils:/Bt/install/launch_pal:${AMENT_PREFIX_PATH} CMAKE_PREFIX_PATH=/Bt/install/pal_urdf_utils:/opt/ros/jazzy/opt/gz_sim_vendor:/opt/ros/jazzy/opt/gz_sensors_vendor:/opt/ros/jazzy/opt/gz_physics_vendor:/opt/ros/jazzy/opt/sdformat_vendor:/opt/ros/jazzy/opt/gz_gui_vendor:/opt/ros/jazzy/opt/gz_transport_vendor:/opt/ros/jazzy/opt/gz_rendering_vendor:/opt/ros/jazzy/opt/gz_plugin_vendor:/opt/ros/jazzy/opt/gz_fuel_tools_vendor:/opt/ros/jazzy/opt/gz_msgs_vendor:/opt/ros/jazzy/opt/gz_common_vendor:/opt/ros/jazzy/opt/gz_math_vendor:/opt/ros/jazzy/opt/gz_utils_vendor:/opt/ros/jazzy/opt/gz_tools_vendor:/opt/ros/jazzy/opt/gz_ogre_next_vendor:/opt/ros/jazzy/opt/gz_dartsim_vendor:/opt/ros/jazzy/opt/gz_cmake_vendor:/opt/ros/jazzy PYTHONPATH=/Bt/install/launch_pal/lib/python3.12/site-packages:${PYTHONPATH} /usr/bin/cmake --install /Bt/build/pmb2_description
[3.750s] Level 1:colcon.colcon_core.environment:checking '/Bt/install/pmb2_description' for CMake config files
[3.752s] Level 1:colcon.colcon_core.shell:create_environment_hook('pmb2_description', 'cmake_prefix_path')
[3.752s] INFO:colcon.colcon_core.shell:Creating environment hook '/Bt/install/pmb2_description/share/pmb2_description/hook/cmake_prefix_path.ps1'
[3.752s] INFO:colcon.colcon_core.shell:Creating environment descriptor '/Bt/install/pmb2_description/share/pmb2_description/hook/cmake_prefix_path.dsv'
[3.753s] INFO:colcon.colcon_core.shell:Creating environment hook '/Bt/install/pmb2_description/share/pmb2_description/hook/cmake_prefix_path.sh'
[3.753s] Level 1:colcon.colcon_core.environment:checking '/Bt/install/pmb2_description/lib'
[3.754s] Level 1:colcon.colcon_core.environment:checking '/Bt/install/pmb2_description/bin'
[3.754s] Level 1:colcon.colcon_core.environment:checking '/Bt/install/pmb2_description/lib/pkgconfig/pmb2_description.pc'
[3.754s] Level 1:colcon.colcon_core.environment:checking '/Bt/install/pmb2_description/lib/python3.12/site-packages'
[3.754s] Level 1:colcon.colcon_core.shell:create_environment_hook('pmb2_description', 'pythonpath')
[3.754s] INFO:colcon.colcon_core.shell:Creating environment hook '/Bt/install/pmb2_description/share/pmb2_description/hook/pythonpath.ps1'
[3.755s] INFO:colcon.colcon_core.shell:Creating environment descriptor '/Bt/install/pmb2_description/share/pmb2_description/hook/pythonpath.dsv'
[3.755s] INFO:colcon.colcon_core.shell:Creating environment hook '/Bt/install/pmb2_description/share/pmb2_description/hook/pythonpath.sh'
[3.756s] Level 1:colcon.colcon_core.environment:checking '/Bt/install/pmb2_description/bin'
[3.756s] INFO:colcon.colcon_core.shell:Creating package script '/Bt/install/pmb2_description/share/pmb2_description/package.ps1'
[3.756s] INFO:colcon.colcon_core.shell:Creating package descriptor '/Bt/install/pmb2_description/share/pmb2_description/package.dsv'
[3.757s] INFO:colcon.colcon_core.shell:Creating package script '/Bt/install/pmb2_description/share/pmb2_description/package.sh'
[3.757s] INFO:colcon.colcon_core.shell:Creating package script '/Bt/install/pmb2_description/share/pmb2_description/package.bash'
[3.758s] INFO:colcon.colcon_core.shell:Creating package script '/Bt/install/pmb2_description/share/pmb2_description/package.zsh'
[3.758s] Level 1:colcon.colcon_core.environment:create_file_with_runtime_dependencies(/Bt/install/pmb2_description/share/colcon-core/packages/pmb2_description)
[3.759s] Level 1:colcon.colcon_core.environment:create_environment_scripts_only(pmb2_description)
[3.760s] Level 1:colcon.colcon_core.environment:checking '/Bt/install/pmb2_description' for CMake module files
[3.761s] Level 1:colcon.colcon_core.environment:checking '/Bt/install/pmb2_description' for CMake config files
[3.761s] Level 1:colcon.colcon_core.shell:create_environment_hook('pmb2_description', 'cmake_prefix_path')
[3.761s] INFO:colcon.colcon_core.shell:Creating environment hook '/Bt/install/pmb2_description/share/pmb2_description/hook/cmake_prefix_path.ps1'
[3.762s] INFO:colcon.colcon_core.shell:Creating environment descriptor '/Bt/install/pmb2_description/share/pmb2_description/hook/cmake_prefix_path.dsv'
[3.762s] INFO:colcon.colcon_core.shell:Creating environment hook '/Bt/install/pmb2_description/share/pmb2_description/hook/cmake_prefix_path.sh'
[3.763s] Level 1:colcon.colcon_core.environment:checking '/Bt/install/pmb2_description/lib'
[3.763s] Level 1:colcon.colcon_core.environment:checking '/Bt/install/pmb2_description/bin'
[3.763s] Level 1:colcon.colcon_core.environment:checking '/Bt/install/pmb2_description/lib/pkgconfig/pmb2_description.pc'
[3.763s] Level 1:colcon.colcon_core.environment:checking '/Bt/install/pmb2_description/lib/python3.12/site-packages'
[3.763s] Level 1:colcon.colcon_core.shell:create_environment_hook('pmb2_description', 'pythonpath')
[3.764s] INFO:colcon.colcon_core.shell:Creating environment hook '/Bt/install/pmb2_description/share/pmb2_description/hook/pythonpath.ps1'
[3.764s] INFO:colcon.colcon_core.shell:Creating environment descriptor '/Bt/install/pmb2_description/share/pmb2_description/hook/pythonpath.dsv'
[3.764s] INFO:colcon.colcon_core.shell:Creating environment hook '/Bt/install/pmb2_description/share/pmb2_description/hook/pythonpath.sh'
[3.765s] Level 1:colcon.colcon_core.environment:checking '/Bt/install/pmb2_description/bin'
[3.765s] INFO:colcon.colcon_core.shell:Creating package script '/Bt/install/pmb2_description/share/pmb2_description/package.ps1'
[3.766s] INFO:colcon.colcon_core.shell:Creating package descriptor '/Bt/install/pmb2_description/share/pmb2_description/package.dsv'
[3.767s] INFO:colcon.colcon_core.shell:Creating package script '/Bt/install/pmb2_description/share/pmb2_description/package.sh'
[3.767s] INFO:colcon.colcon_core.shell:Creating package script '/Bt/install/pmb2_description/share/pmb2_description/package.bash'
[3.768s] INFO:colcon.colcon_core.shell:Creating package script '/Bt/install/pmb2_description/share/pmb2_description/package.zsh'
[3.768s] Level 1:colcon.colcon_core.environment:create_file_with_runtime_dependencies(/Bt/install/pmb2_description/share/colcon-core/packages/pmb2_description)
[3.768s] Level 1:colcon.colcon_core.environment:create_environment_scripts_only(pal_hey5)
[3.768s] Level 1:colcon.colcon_core.environment:checking '/Bt/install/pal_hey5' for CMake module files
[3.769s] DEBUG:colcon.colcon_core.event_handler.log_command:Invoked command in '/Bt/build/pal_hey5' returned '0': AMENT_PREFIX_PATH=/Bt/install/pal_hey5_description:/Bt/install/pal_urdf_utils:/Bt/install/pal_hey5_controller_configuration:${AMENT_PREFIX_PATH} CMAKE_PREFIX_PATH=/Bt/install/pal_hey5_description:/Bt/install/pal_urdf_utils:/Bt/install/pal_hey5_controller_configuration:/opt/ros/jazzy/opt/gz_sim_vendor:/opt/ros/jazzy/opt/gz_sensors_vendor:/opt/ros/jazzy/opt/gz_physics_vendor:/opt/ros/jazzy/opt/sdformat_vendor:/opt/ros/jazzy/opt/gz_gui_vendor:/opt/ros/jazzy/opt/gz_transport_vendor:/opt/ros/jazzy/opt/gz_rendering_vendor:/opt/ros/jazzy/opt/gz_plugin_vendor:/opt/ros/jazzy/opt/gz_fuel_tools_vendor:/opt/ros/jazzy/opt/gz_msgs_vendor:/opt/ros/jazzy/opt/gz_common_vendor:/opt/ros/jazzy/opt/gz_math_vendor:/opt/ros/jazzy/opt/gz_utils_vendor:/opt/ros/jazzy/opt/gz_tools_vendor:/opt/ros/jazzy/opt/gz_ogre_next_vendor:/opt/ros/jazzy/opt/gz_dartsim_vendor:/opt/ros/jazzy/opt/gz_cmake_vendor:/opt/ros/jazzy /usr/bin/cmake --install /Bt/build/pal_hey5
[3.770s] Level 1:colcon.colcon_core.environment:checking '/Bt/install/pal_hey5' for CMake config files
[3.770s] Level 1:colcon.colcon_core.shell:create_environment_hook('pal_hey5', 'cmake_prefix_path')
[3.770s] INFO:colcon.colcon_core.shell:Creating environment hook '/Bt/install/pal_hey5/share/pal_hey5/hook/cmake_prefix_path.ps1'
[3.770s] INFO:colcon.colcon_core.shell:Creating environment descriptor '/Bt/install/pal_hey5/share/pal_hey5/hook/cmake_prefix_path.dsv'
[3.771s] INFO:colcon.colcon_core.shell:Creating environment hook '/Bt/install/pal_hey5/share/pal_hey5/hook/cmake_prefix_path.sh'
[3.771s] Level 1:colcon.colcon_core.environment:checking '/Bt/install/pal_hey5/bin'
[3.771s] Level 1:colcon.colcon_core.environment:checking '/Bt/install/pal_hey5/lib/pkgconfig/pal_hey5.pc'
[3.772s] Level 1:colcon.colcon_core.environment:checking '/Bt/install/pal_hey5/lib/python3.12/site-packages'
[3.772s] Level 1:colcon.colcon_core.environment:checking '/Bt/install/pal_hey5/bin'
[3.772s] INFO:colcon.colcon_core.shell:Creating package script '/Bt/install/pal_hey5/share/pal_hey5/package.ps1'
[3.773s] INFO:colcon.colcon_core.shell:Creating package descriptor '/Bt/install/pal_hey5/share/pal_hey5/package.dsv'
[3.773s] INFO:colcon.colcon_core.shell:Creating package script '/Bt/install/pal_hey5/share/pal_hey5/package.sh'
[3.773s] INFO:colcon.colcon_core.shell:Creating package script '/Bt/install/pal_hey5/share/pal_hey5/package.bash'
[3.774s] INFO:colcon.colcon_core.shell:Creating package script '/Bt/install/pal_hey5/share/pal_hey5/package.zsh'
[3.774s] Level 1:colcon.colcon_core.environment:create_file_with_runtime_dependencies(/Bt/install/pal_hey5/share/colcon-core/packages/pal_hey5)
[3.775s] Level 1:colcon.colcon_core.environment:create_environment_scripts_only(pal_hey5)
[3.775s] Level 1:colcon.colcon_core.environment:checking '/Bt/install/pal_hey5' for CMake module files
[3.775s] Level 1:colcon.colcon_core.environment:checking '/Bt/install/pal_hey5' for CMake config files
[3.775s] Level 1:colcon.colcon_core.shell:create_environment_hook('pal_hey5', 'cmake_prefix_path')
[3.776s] INFO:colcon.colcon_core.shell:Creating environment hook '/Bt/install/pal_hey5/share/pal_hey5/hook/cmake_prefix_path.ps1'
[3.776s] INFO:colcon.colcon_core.shell:Creating environment descriptor '/Bt/install/pal_hey5/share/pal_hey5/hook/cmake_prefix_path.dsv'
[3.776s] INFO:colcon.colcon_core.shell:Creating environment hook '/Bt/install/pal_hey5/share/pal_hey5/hook/cmake_prefix_path.sh'
[3.777s] Level 1:colcon.colcon_core.environment:checking '/Bt/install/pal_hey5/bin'
[3.777s] Level 1:colcon.colcon_core.environment:checking '/Bt/install/pal_hey5/lib/pkgconfig/pal_hey5.pc'
[3.777s] Level 1:colcon.colcon_core.environment:checking '/Bt/install/pal_hey5/lib/python3.12/site-packages'
[3.777s] Level 1:colcon.colcon_core.environment:checking '/Bt/install/pal_hey5/bin'
[3.778s] INFO:colcon.colcon_core.shell:Creating package script '/Bt/install/pal_hey5/share/pal_hey5/package.ps1'
[3.778s] INFO:colcon.colcon_core.shell:Creating package descriptor '/Bt/install/pal_hey5/share/pal_hey5/package.dsv'
[3.779s] INFO:colcon.colcon_core.shell:Creating package script '/Bt/install/pal_hey5/share/pal_hey5/package.sh'
[3.779s] INFO:colcon.colcon_core.shell:Creating package script '/Bt/install/pal_hey5/share/pal_hey5/package.bash'
[3.780s] INFO:colcon.colcon_core.shell:Creating package script '/Bt/install/pal_hey5/share/pal_hey5/package.zsh'
[3.780s] Level 1:colcon.colcon_core.environment:create_file_with_runtime_dependencies(/Bt/install/pal_hey5/share/colcon-core/packages/pal_hey5)
[3.781s] INFO:colcon.colcon_ros.task.ament_cmake.build:Building ROS package in '/Bt/ThirdParty/tiago_robot/tiago_description' with build type 'ament_cmake'
[3.781s] INFO:colcon.colcon_cmake.task.cmake.build:Building CMake package in '/Bt/ThirdParty/tiago_robot/tiago_description'
[3.781s] INFO:colcon.colcon_core.shell:Skip shell extension 'powershell' for command environment: Not usable outside of PowerShell
[3.781s] DEBUG:colcon.colcon_core.shell:Skip shell extension 'dsv' for command environment
[3.786s] INFO:colcon.colcon_ros.task.ament_cmake.build:Building ROS package in '/Bt/ThirdParty/pmb2_robot/pmb2_bringup' with build type 'ament_cmake'
[3.786s] INFO:colcon.colcon_cmake.task.cmake.build:Building CMake package in '/Bt/ThirdParty/pmb2_robot/pmb2_bringup'
[3.786s] INFO:colcon.colcon_core.shell:Skip shell extension 'powershell' for command environment: Not usable outside of PowerShell
[3.786s] DEBUG:colcon.colcon_core.shell:Skip shell extension 'dsv' for command environment
[3.796s] DEBUG:colcon.colcon_core.event_handler.log_command:Invoking command in '/Bt/build/pmb2_navigation': AMENT_PREFIX_PATH=/Bt/install/pmb2_2dnav:/Bt/install/pmb2_laser_sensors:/Bt/install/pal_maps:/Bt/install/launch_pal:${AMENT_PREFIX_PATH} CMAKE_PREFIX_PATH=/Bt/install/pmb2_2dnav:/Bt/install/pmb2_laser_sensors:/Bt/install/pal_maps:/opt/ros/jazzy/opt/gz_sim_vendor:/opt/ros/jazzy/opt/gz_sensors_vendor:/opt/ros/jazzy/opt/gz_physics_vendor:/opt/ros/jazzy/opt/sdformat_vendor:/opt/ros/jazzy/opt/gz_gui_vendor:/opt/ros/jazzy/opt/gz_transport_vendor:/opt/ros/jazzy/opt/gz_rendering_vendor:/opt/ros/jazzy/opt/gz_plugin_vendor:/opt/ros/jazzy/opt/gz_fuel_tools_vendor:/opt/ros/jazzy/opt/gz_msgs_vendor:/opt/ros/jazzy/opt/gz_common_vendor:/opt/ros/jazzy/opt/gz_math_vendor:/opt/ros/jazzy/opt/gz_utils_vendor:/opt/ros/jazzy/opt/gz_tools_vendor:/opt/ros/jazzy/opt/gz_ogre_next_vendor:/opt/ros/jazzy/opt/gz_dartsim_vendor:/opt/ros/jazzy/opt/gz_cmake_vendor:/opt/ros/jazzy PYTHONPATH=/Bt/install/launch_pal/lib/python3.12/site-packages:${PYTHONPATH} /usr/bin/cmake --build /Bt/build/pmb2_navigation -- -j8 -l8
[3.796s] DEBUG:colcon.colcon_core.event_handler.log_command:Invoked command in '/Bt/build/grab2_bt_grabber' returned '0': AMENT_PREFIX_PATH=/Bt/install/grab2_ros_common:/Bt/install/grab2_msgs:/Bt/install/behaviortree_ros2:/Bt/install/btcpp_ros2_interfaces:${AMENT_PREFIX_PATH} CMAKE_PREFIX_PATH=/Bt/install/grab2_ros_common:/Bt/install/grab2_msgs:/Bt/install/behaviortree_ros2:/Bt/install/btcpp_ros2_interfaces:/opt/ros/jazzy/opt/gz_sim_vendor:/opt/ros/jazzy/opt/gz_sensors_vendor:/opt/ros/jazzy/opt/gz_physics_vendor:/opt/ros/jazzy/opt/sdformat_vendor:/opt/ros/jazzy/opt/gz_gui_vendor:/opt/ros/jazzy/opt/gz_transport_vendor:/opt/ros/jazzy/opt/gz_rendering_vendor:/opt/ros/jazzy/opt/gz_plugin_vendor:/opt/ros/jazzy/opt/gz_fuel_tools_vendor:/opt/ros/jazzy/opt/gz_msgs_vendor:/opt/ros/jazzy/opt/gz_common_vendor:/opt/ros/jazzy/opt/gz_math_vendor:/opt/ros/jazzy/opt/gz_utils_vendor:/opt/ros/jazzy/opt/gz_tools_vendor:/opt/ros/jazzy/opt/gz_ogre_next_vendor:/opt/ros/jazzy/opt/gz_dartsim_vendor:/opt/ros/jazzy/opt/gz_cmake_vendor:/opt/ros/jazzy LD_LIBRARY_PATH=/Bt/install/grab2_msgs/lib:/Bt/install/behaviortree_ros2/lib:/Bt/install/btcpp_ros2_interfaces/lib:${LD_LIBRARY_PATH} PYTHONPATH=/Bt/install/grab2_msgs/lib/python3.12/site-packages:/Bt/install/btcpp_ros2_interfaces/lib/python3.12/site-packages:${PYTHONPATH} /usr/bin/cmake --build /Bt/build/grab2_bt_grabber -- -j8 -l8
[3.797s] DEBUG:colcon.colcon_core.event_handler.log_command:Invoking command in '/Bt/build/grab2_bt_grabber': AMENT_PREFIX_PATH=/Bt/install/grab2_ros_common:/Bt/install/grab2_msgs:/Bt/install/behaviortree_ros2:/Bt/install/btcpp_ros2_interfaces:${AMENT_PREFIX_PATH} CMAKE_PREFIX_PATH=/Bt/install/grab2_ros_common:/Bt/install/grab2_msgs:/Bt/install/behaviortree_ros2:/Bt/install/btcpp_ros2_interfaces:/opt/ros/jazzy/opt/gz_sim_vendor:/opt/ros/jazzy/opt/gz_sensors_vendor:/opt/ros/jazzy/opt/gz_physics_vendor:/opt/ros/jazzy/opt/sdformat_vendor:/opt/ros/jazzy/opt/gz_gui_vendor:/opt/ros/jazzy/opt/gz_transport_vendor:/opt/ros/jazzy/opt/gz_rendering_vendor:/opt/ros/jazzy/opt/gz_plugin_vendor:/opt/ros/jazzy/opt/gz_fuel_tools_vendor:/opt/ros/jazzy/opt/gz_msgs_vendor:/opt/ros/jazzy/opt/gz_common_vendor:/opt/ros/jazzy/opt/gz_math_vendor:/opt/ros/jazzy/opt/gz_utils_vendor:/opt/ros/jazzy/opt/gz_tools_vendor:/opt/ros/jazzy/opt/gz_ogre_next_vendor:/opt/ros/jazzy/opt/gz_dartsim_vendor:/opt/ros/jazzy/opt/gz_cmake_vendor:/opt/ros/jazzy LD_LIBRARY_PATH=/Bt/install/grab2_msgs/lib:/Bt/install/behaviortree_ros2/lib:/Bt/install/btcpp_ros2_interfaces/lib:${LD_LIBRARY_PATH} PYTHONPATH=/Bt/install/grab2_msgs/lib/python3.12/site-packages:/Bt/install/btcpp_ros2_interfaces/lib/python3.12/site-packages:${PYTHONPATH} /usr/bin/cmake --install /Bt/build/grab2_bt_grabber
[3.800s] DEBUG:colcon.colcon_core.event_handler.log_command:Invoking command in '/Bt/build/omni_base_bringup': AMENT_PREFIX_PATH=/Bt/install/omni_base_description:/Bt/install/pal_urdf_utils:/Bt/install/omni_base_controller_configuration:/Bt/install/launch_pal:${AMENT_PREFIX_PATH} CMAKE_PREFIX_PATH=/Bt/install/omni_base_description:/Bt/install/pal_urdf_utils:/Bt/install/omni_base_controller_configuration:/opt/ros/jazzy/opt/gz_sim_vendor:/opt/ros/jazzy/opt/gz_sensors_vendor:/opt/ros/jazzy/opt/gz_physics_vendor:/opt/ros/jazzy/opt/sdformat_vendor:/opt/ros/jazzy/opt/gz_gui_vendor:/opt/ros/jazzy/opt/gz_transport_vendor:/opt/ros/jazzy/opt/gz_rendering_vendor:/opt/ros/jazzy/opt/gz_plugin_vendor:/opt/ros/jazzy/opt/gz_fuel_tools_vendor:/opt/ros/jazzy/opt/gz_msgs_vendor:/opt/ros/jazzy/opt/gz_common_vendor:/opt/ros/jazzy/opt/gz_math_vendor:/opt/ros/jazzy/opt/gz_utils_vendor:/opt/ros/jazzy/opt/gz_tools_vendor:/opt/ros/jazzy/opt/gz_ogre_next_vendor:/opt/ros/jazzy/opt/gz_dartsim_vendor:/opt/ros/jazzy/opt/gz_cmake_vendor:/opt/ros/jazzy PYTHONPATH=/Bt/install/omni_base_description/lib/python3.12/site-packages:/Bt/install/launch_pal/lib/python3.12/site-packages:${PYTHONPATH} /usr/bin/cmake --build /Bt/build/omni_base_bringup -- -j8 -l8
[3.805s] DEBUG:colcon.colcon_core.event_handler.log_command:Invoking command in '/Bt/build/tiago_description': AMENT_PREFIX_PATH=/Bt/install/pmb2_description:/Bt/install/pal_hey5_description:/Bt/install/pal_gripper_description:/Bt/install/omni_base_description:/Bt/install/pal_urdf_utils:/Bt/install/pal_robotiq_description:/Bt/install/launch_pal:${AMENT_PREFIX_PATH} CMAKE_PREFIX_PATH=/Bt/install/pmb2_description:/Bt/install/pal_hey5_description:/Bt/install/pal_gripper_description:/Bt/install/omni_base_description:/Bt/install/pal_urdf_utils:/Bt/install/pal_robotiq_description:/opt/ros/jazzy/opt/gz_sim_vendor:/opt/ros/jazzy/opt/gz_sensors_vendor:/opt/ros/jazzy/opt/gz_physics_vendor:/opt/ros/jazzy/opt/sdformat_vendor:/opt/ros/jazzy/opt/gz_gui_vendor:/opt/ros/jazzy/opt/gz_transport_vendor:/opt/ros/jazzy/opt/gz_rendering_vendor:/opt/ros/jazzy/opt/gz_plugin_vendor:/opt/ros/jazzy/opt/gz_fuel_tools_vendor:/opt/ros/jazzy/opt/gz_msgs_vendor:/opt/ros/jazzy/opt/gz_common_vendor:/opt/ros/jazzy/opt/gz_math_vendor:/opt/ros/jazzy/opt/gz_utils_vendor:/opt/ros/jazzy/opt/gz_tools_vendor:/opt/ros/jazzy/opt/gz_ogre_next_vendor:/opt/ros/jazzy/opt/gz_dartsim_vendor:/opt/ros/jazzy/opt/gz_cmake_vendor:/opt/ros/jazzy PYTHONPATH=/Bt/install/pmb2_description/lib/python3.12/site-packages:/Bt/install/omni_base_description/lib/python3.12/site-packages:/Bt/install/launch_pal/lib/python3.12/site-packages:${PYTHONPATH} /usr/bin/cmake --build /Bt/build/tiago_description -- -j8 -l8
[3.807s] DEBUG:colcon.colcon_core.event_handler.log_command:Invoking command in '/Bt/build/pmb2_bringup': AMENT_PREFIX_PATH=/Bt/install/pmb2_description:/Bt/install/pmb2_controller_configuration:/Bt/install/pal_urdf_utils:/Bt/install/launch_pal:${AMENT_PREFIX_PATH} CMAKE_PREFIX_PATH=/Bt/install/pmb2_description:/Bt/install/pmb2_controller_configuration:/Bt/install/pal_urdf_utils:/opt/ros/jazzy/opt/gz_sim_vendor:/opt/ros/jazzy/opt/gz_sensors_vendor:/opt/ros/jazzy/opt/gz_physics_vendor:/opt/ros/jazzy/opt/sdformat_vendor:/opt/ros/jazzy/opt/gz_gui_vendor:/opt/ros/jazzy/opt/gz_transport_vendor:/opt/ros/jazzy/opt/gz_rendering_vendor:/opt/ros/jazzy/opt/gz_plugin_vendor:/opt/ros/jazzy/opt/gz_fuel_tools_vendor:/opt/ros/jazzy/opt/gz_msgs_vendor:/opt/ros/jazzy/opt/gz_common_vendor:/opt/ros/jazzy/opt/gz_math_vendor:/opt/ros/jazzy/opt/gz_utils_vendor:/opt/ros/jazzy/opt/gz_tools_vendor:/opt/ros/jazzy/opt/gz_ogre_next_vendor:/opt/ros/jazzy/opt/gz_dartsim_vendor:/opt/ros/jazzy/opt/gz_cmake_vendor:/opt/ros/jazzy PYTHONPATH=/Bt/install/pmb2_description/lib/python3.12/site-packages:/Bt/install/launch_pal/lib/python3.12/site-packages:${PYTHONPATH} /usr/bin/cmake --build /Bt/build/pmb2_bringup -- -j8 -l8
[3.817s] Level 1:colcon.colcon_core.environment:create_environment_scripts_only(grab2_bt_grabber)
[3.817s] Level 1:colcon.colcon_core.environment:checking '/Bt/install/grab2_bt_grabber' for CMake module files
[3.819s] Level 1:colcon.colcon_core.environment:checking '/Bt/install/grab2_bt_grabber' for CMake config files
[3.819s] Level 1:colcon.colcon_core.shell:create_environment_hook('grab2_bt_grabber', 'cmake_prefix_path')
[3.819s] INFO:colcon.colcon_core.shell:Creating environment hook '/Bt/install/grab2_bt_grabber/share/grab2_bt_grabber/hook/cmake_prefix_path.ps1'
[3.820s] INFO:colcon.colcon_core.shell:Creating environment descriptor '/Bt/install/grab2_bt_grabber/share/grab2_bt_grabber/hook/cmake_prefix_path.dsv'
[3.821s] INFO:colcon.colcon_core.shell:Creating environment hook '/Bt/install/grab2_bt_grabber/share/grab2_bt_grabber/hook/cmake_prefix_path.sh'
[3.822s] Level 1:colcon.colcon_core.environment:checking '/Bt/install/grab2_bt_grabber/lib'
[3.822s] Level 1:colcon.colcon_core.environment:checking '/Bt/install/grab2_bt_grabber/bin'
[3.822s] Level 1:colcon.colcon_core.environment:checking '/Bt/install/grab2_bt_grabber/lib/pkgconfig/grab2_bt_grabber.pc'
[3.822s] Level 1:colcon.colcon_core.environment:checking '/Bt/install/grab2_bt_grabber/lib/python3.12/site-packages'
[3.822s] DEBUG:colcon.colcon_core.event_handler.log_command:Invoked command in '/Bt/build/grab2_bt_grabber' returned '0': AMENT_PREFIX_PATH=/Bt/install/grab2_ros_common:/Bt/install/grab2_msgs:/Bt/install/behaviortree_ros2:/Bt/install/btcpp_ros2_interfaces:${AMENT_PREFIX_PATH} CMAKE_PREFIX_PATH=/Bt/install/grab2_ros_common:/Bt/install/grab2_msgs:/Bt/install/behaviortree_ros2:/Bt/install/btcpp_ros2_interfaces:/opt/ros/jazzy/opt/gz_sim_vendor:/opt/ros/jazzy/opt/gz_sensors_vendor:/opt/ros/jazzy/opt/gz_physics_vendor:/opt/ros/jazzy/opt/sdformat_vendor:/opt/ros/jazzy/opt/gz_gui_vendor:/opt/ros/jazzy/opt/gz_transport_vendor:/opt/ros/jazzy/opt/gz_rendering_vendor:/opt/ros/jazzy/opt/gz_plugin_vendor:/opt/ros/jazzy/opt/gz_fuel_tools_vendor:/opt/ros/jazzy/opt/gz_msgs_vendor:/opt/ros/jazzy/opt/gz_common_vendor:/opt/ros/jazzy/opt/gz_math_vendor:/opt/ros/jazzy/opt/gz_utils_vendor:/opt/ros/jazzy/opt/gz_tools_vendor:/opt/ros/jazzy/opt/gz_ogre_next_vendor:/opt/ros/jazzy/opt/gz_dartsim_vendor:/opt/ros/jazzy/opt/gz_cmake_vendor:/opt/ros/jazzy LD_LIBRARY_PATH=/Bt/install/grab2_msgs/lib:/Bt/install/behaviortree_ros2/lib:/Bt/install/btcpp_ros2_interfaces/lib:${LD_LIBRARY_PATH} PYTHONPATH=/Bt/install/grab2_msgs/lib/python3.12/site-packages:/Bt/install/btcpp_ros2_interfaces/lib/python3.12/site-packages:${PYTHONPATH} /usr/bin/cmake --install /Bt/build/grab2_bt_grabber
[3.823s] Level 1:colcon.colcon_core.environment:checking '/Bt/install/grab2_bt_grabber/bin'
[3.824s] INFO:colcon.colcon_core.shell:Creating package script '/Bt/install/grab2_bt_grabber/share/grab2_bt_grabber/package.ps1'
[3.824s] INFO:colcon.colcon_core.shell:Creating package descriptor '/Bt/install/grab2_bt_grabber/share/grab2_bt_grabber/package.dsv'
[3.825s] INFO:colcon.colcon_core.shell:Creating package script '/Bt/install/grab2_bt_grabber/share/grab2_bt_grabber/package.sh'
[3.825s] INFO:colcon.colcon_core.shell:Creating package script '/Bt/install/grab2_bt_grabber/share/grab2_bt_grabber/package.bash'
[3.826s] INFO:colcon.colcon_core.shell:Creating package script '/Bt/install/grab2_bt_grabber/share/grab2_bt_grabber/package.zsh'
[3.826s] Level 1:colcon.colcon_core.environment:create_file_with_runtime_dependencies(/Bt/install/grab2_bt_grabber/share/colcon-core/packages/grab2_bt_grabber)
[3.827s] Level 1:colcon.colcon_core.environment:create_environment_scripts_only(grab2_bt_grabber)
[3.828s] Level 1:colcon.colcon_core.environment:checking '/Bt/install/grab2_bt_grabber' for CMake module files
[3.828s] Level 1:colcon.colcon_core.environment:checking '/Bt/install/grab2_bt_grabber' for CMake config files
[3.829s] Level 1:colcon.colcon_core.shell:create_environment_hook('grab2_bt_grabber', 'cmake_prefix_path')
[3.829s] INFO:colcon.colcon_core.shell:Creating environment hook '/Bt/install/grab2_bt_grabber/share/grab2_bt_grabber/hook/cmake_prefix_path.ps1'
[3.830s] INFO:colcon.colcon_core.shell:Creating environment descriptor '/Bt/install/grab2_bt_grabber/share/grab2_bt_grabber/hook/cmake_prefix_path.dsv'
[3.830s] INFO:colcon.colcon_core.shell:Creating environment hook '/Bt/install/grab2_bt_grabber/share/grab2_bt_grabber/hook/cmake_prefix_path.sh'
[3.831s] Level 1:colcon.colcon_core.environment:checking '/Bt/install/grab2_bt_grabber/lib'
[3.831s] Level 1:colcon.colcon_core.environment:checking '/Bt/install/grab2_bt_grabber/bin'
[3.831s] Level 1:colcon.colcon_core.environment:checking '/Bt/install/grab2_bt_grabber/lib/pkgconfig/grab2_bt_grabber.pc'
[3.832s] Level 1:colcon.colcon_core.environment:checking '/Bt/install/grab2_bt_grabber/lib/python3.12/site-packages'
[3.832s] Level 1:colcon.colcon_core.environment:checking '/Bt/install/grab2_bt_grabber/bin'
[3.833s] INFO:colcon.colcon_core.shell:Creating package script '/Bt/install/grab2_bt_grabber/share/grab2_bt_grabber/package.ps1'
[3.833s] INFO:colcon.colcon_core.shell:Creating package descriptor '/Bt/install/grab2_bt_grabber/share/grab2_bt_grabber/package.dsv'
[3.834s] INFO:colcon.colcon_core.shell:Creating package script '/Bt/install/grab2_bt_grabber/share/grab2_bt_grabber/package.sh'
[3.835s] INFO:colcon.colcon_core.shell:Creating package script '/Bt/install/grab2_bt_grabber/share/grab2_bt_grabber/package.bash'
[3.835s] INFO:colcon.colcon_core.shell:Creating package script '/Bt/install/grab2_bt_grabber/share/grab2_bt_grabber/package.zsh'
[3.836s] Level 1:colcon.colcon_core.environment:create_file_with_runtime_dependencies(/Bt/install/grab2_bt_grabber/share/colcon-core/packages/grab2_bt_grabber)
[3.838s] INFO:colcon.colcon_ros.task.ament_cmake.build:Building ROS package in '/Bt/tiago_behavior_tree' with build type 'ament_cmake'
[3.838s] INFO:colcon.colcon_cmake.task.cmake.build:Building CMake package in '/Bt/tiago_behavior_tree'
[3.838s] INFO:colcon.colcon_core.shell:Skip shell extension 'powershell' for command environment: Not usable outside of PowerShell
[3.838s] DEBUG:colcon.colcon_core.shell:Skip shell extension 'dsv' for command environment
[3.859s] DEBUG:colcon.colcon_core.event_handler.log_command:Invoking command in '/Bt/build/tiago_behavior_tree': AMENT_PREFIX_PATH=/Bt/install/behaviortree_ros2:/Bt/install/btcpp_ros2_interfaces:${AMENT_PREFIX_PATH} CMAKE_PREFIX_PATH=/Bt/install/behaviortree_ros2:/Bt/install/btcpp_ros2_interfaces:/opt/ros/jazzy/opt/gz_sim_vendor:/opt/ros/jazzy/opt/gz_sensors_vendor:/opt/ros/jazzy/opt/gz_physics_vendor:/opt/ros/jazzy/opt/sdformat_vendor:/opt/ros/jazzy/opt/gz_gui_vendor:/opt/ros/jazzy/opt/gz_transport_vendor:/opt/ros/jazzy/opt/gz_rendering_vendor:/opt/ros/jazzy/opt/gz_plugin_vendor:/opt/ros/jazzy/opt/gz_fuel_tools_vendor:/opt/ros/jazzy/opt/gz_msgs_vendor:/opt/ros/jazzy/opt/gz_common_vendor:/opt/ros/jazzy/opt/gz_math_vendor:/opt/ros/jazzy/opt/gz_utils_vendor:/opt/ros/jazzy/opt/gz_tools_vendor:/opt/ros/jazzy/opt/gz_ogre_next_vendor:/opt/ros/jazzy/opt/gz_dartsim_vendor:/opt/ros/jazzy/opt/gz_cmake_vendor:/opt/ros/jazzy LD_LIBRARY_PATH=/Bt/install/behaviortree_ros2/lib:/Bt/install/btcpp_ros2_interfaces/lib:${LD_LIBRARY_PATH} PYTHONPATH=/Bt/install/btcpp_ros2_interfaces/lib/python3.12/site-packages:${PYTHONPATH} /usr/bin/cmake --build /Bt/build/tiago_behavior_tree -- -j8 -l8
[3.865s] DEBUG:colcon.colcon_core.event_handler.log_command:Invoked command in '/Bt/build/pmb2_navigation' returned '0': AMENT_PREFIX_PATH=/Bt/install/pmb2_2dnav:/Bt/install/pmb2_laser_sensors:/Bt/install/pal_maps:/Bt/install/launch_pal:${AMENT_PREFIX_PATH} CMAKE_PREFIX_PATH=/Bt/install/pmb2_2dnav:/Bt/install/pmb2_laser_sensors:/Bt/install/pal_maps:/opt/ros/jazzy/opt/gz_sim_vendor:/opt/ros/jazzy/opt/gz_sensors_vendor:/opt/ros/jazzy/opt/gz_physics_vendor:/opt/ros/jazzy/opt/sdformat_vendor:/opt/ros/jazzy/opt/gz_gui_vendor:/opt/ros/jazzy/opt/gz_transport_vendor:/opt/ros/jazzy/opt/gz_rendering_vendor:/opt/ros/jazzy/opt/gz_plugin_vendor:/opt/ros/jazzy/opt/gz_fuel_tools_vendor:/opt/ros/jazzy/opt/gz_msgs_vendor:/opt/ros/jazzy/opt/gz_common_vendor:/opt/ros/jazzy/opt/gz_math_vendor:/opt/ros/jazzy/opt/gz_utils_vendor:/opt/ros/jazzy/opt/gz_tools_vendor:/opt/ros/jazzy/opt/gz_ogre_next_vendor:/opt/ros/jazzy/opt/gz_dartsim_vendor:/opt/ros/jazzy/opt/gz_cmake_vendor:/opt/ros/jazzy PYTHONPATH=/Bt/install/launch_pal/lib/python3.12/site-packages:${PYTHONPATH} /usr/bin/cmake --build /Bt/build/pmb2_navigation -- -j8 -l8
[3.868s] DEBUG:colcon.colcon_core.event_handler.log_command:Invoking command in '/Bt/build/pmb2_navigation': AMENT_PREFIX_PATH=/Bt/install/pmb2_2dnav:/Bt/install/pmb2_laser_sensors:/Bt/install/pal_maps:/Bt/install/launch_pal:${AMENT_PREFIX_PATH} CMAKE_PREFIX_PATH=/Bt/install/pmb2_2dnav:/Bt/install/pmb2_laser_sensors:/Bt/install/pal_maps:/opt/ros/jazzy/opt/gz_sim_vendor:/opt/ros/jazzy/opt/gz_sensors_vendor:/opt/ros/jazzy/opt/gz_physics_vendor:/opt/ros/jazzy/opt/sdformat_vendor:/opt/ros/jazzy/opt/gz_gui_vendor:/opt/ros/jazzy/opt/gz_transport_vendor:/opt/ros/jazzy/opt/gz_rendering_vendor:/opt/ros/jazzy/opt/gz_plugin_vendor:/opt/ros/jazzy/opt/gz_fuel_tools_vendor:/opt/ros/jazzy/opt/gz_msgs_vendor:/opt/ros/jazzy/opt/gz_common_vendor:/opt/ros/jazzy/opt/gz_math_vendor:/opt/ros/jazzy/opt/gz_utils_vendor:/opt/ros/jazzy/opt/gz_tools_vendor:/opt/ros/jazzy/opt/gz_ogre_next_vendor:/opt/ros/jazzy/opt/gz_dartsim_vendor:/opt/ros/jazzy/opt/gz_cmake_vendor:/opt/ros/jazzy PYTHONPATH=/Bt/install/launch_pal/lib/python3.12/site-packages:${PYTHONPATH} /usr/bin/cmake --install /Bt/build/pmb2_navigation
[3.869s] DEBUG:colcon.colcon_core.event_handler.log_command:Invoked command in '/Bt/build/omni_base_bringup' returned '0': AMENT_PREFIX_PATH=/Bt/install/omni_base_description:/Bt/install/pal_urdf_utils:/Bt/install/omni_base_controller_configuration:/Bt/install/launch_pal:${AMENT_PREFIX_PATH} CMAKE_PREFIX_PATH=/Bt/install/omni_base_description:/Bt/install/pal_urdf_utils:/Bt/install/omni_base_controller_configuration:/opt/ros/jazzy/opt/gz_sim_vendor:/opt/ros/jazzy/opt/gz_sensors_vendor:/opt/ros/jazzy/opt/gz_physics_vendor:/opt/ros/jazzy/opt/sdformat_vendor:/opt/ros/jazzy/opt/gz_gui_vendor:/opt/ros/jazzy/opt/gz_transport_vendor:/opt/ros/jazzy/opt/gz_rendering_vendor:/opt/ros/jazzy/opt/gz_plugin_vendor:/opt/ros/jazzy/opt/gz_fuel_tools_vendor:/opt/ros/jazzy/opt/gz_msgs_vendor:/opt/ros/jazzy/opt/gz_common_vendor:/opt/ros/jazzy/opt/gz_math_vendor:/opt/ros/jazzy/opt/gz_utils_vendor:/opt/ros/jazzy/opt/gz_tools_vendor:/opt/ros/jazzy/opt/gz_ogre_next_vendor:/opt/ros/jazzy/opt/gz_dartsim_vendor:/opt/ros/jazzy/opt/gz_cmake_vendor:/opt/ros/jazzy PYTHONPATH=/Bt/install/omni_base_description/lib/python3.12/site-packages:/Bt/install/launch_pal/lib/python3.12/site-packages:${PYTHONPATH} /usr/bin/cmake --build /Bt/build/omni_base_bringup -- -j8 -l8
[3.870s] DEBUG:colcon.colcon_core.event_handler.log_command:Invoking command in '/Bt/build/omni_base_bringup': AMENT_PREFIX_PATH=/Bt/install/omni_base_description:/Bt/install/pal_urdf_utils:/Bt/install/omni_base_controller_configuration:/Bt/install/launch_pal:${AMENT_PREFIX_PATH} CMAKE_PREFIX_PATH=/Bt/install/omni_base_description:/Bt/install/pal_urdf_utils:/Bt/install/omni_base_controller_configuration:/opt/ros/jazzy/opt/gz_sim_vendor:/opt/ros/jazzy/opt/gz_sensors_vendor:/opt/ros/jazzy/opt/gz_physics_vendor:/opt/ros/jazzy/opt/sdformat_vendor:/opt/ros/jazzy/opt/gz_gui_vendor:/opt/ros/jazzy/opt/gz_transport_vendor:/opt/ros/jazzy/opt/gz_rendering_vendor:/opt/ros/jazzy/opt/gz_plugin_vendor:/opt/ros/jazzy/opt/gz_fuel_tools_vendor:/opt/ros/jazzy/opt/gz_msgs_vendor:/opt/ros/jazzy/opt/gz_common_vendor:/opt/ros/jazzy/opt/gz_math_vendor:/opt/ros/jazzy/opt/gz_utils_vendor:/opt/ros/jazzy/opt/gz_tools_vendor:/opt/ros/jazzy/opt/gz_ogre_next_vendor:/opt/ros/jazzy/opt/gz_dartsim_vendor:/opt/ros/jazzy/opt/gz_cmake_vendor:/opt/ros/jazzy PYTHONPATH=/Bt/install/omni_base_description/lib/python3.12/site-packages:/Bt/install/launch_pal/lib/python3.12/site-packages:${PYTHONPATH} /usr/bin/cmake --install /Bt/build/omni_base_bringup
[3.872s] DEBUG:colcon.colcon_core.event_handler.log_command:Invoked command in '/Bt/build/pmb2_bringup' returned '0': AMENT_PREFIX_PATH=/Bt/install/pmb2_description:/Bt/install/pmb2_controller_configuration:/Bt/install/pal_urdf_utils:/Bt/install/launch_pal:${AMENT_PREFIX_PATH} CMAKE_PREFIX_PATH=/Bt/install/pmb2_description:/Bt/install/pmb2_controller_configuration:/Bt/install/pal_urdf_utils:/opt/ros/jazzy/opt/gz_sim_vendor:/opt/ros/jazzy/opt/gz_sensors_vendor:/opt/ros/jazzy/opt/gz_physics_vendor:/opt/ros/jazzy/opt/sdformat_vendor:/opt/ros/jazzy/opt/gz_gui_vendor:/opt/ros/jazzy/opt/gz_transport_vendor:/opt/ros/jazzy/opt/gz_rendering_vendor:/opt/ros/jazzy/opt/gz_plugin_vendor:/opt/ros/jazzy/opt/gz_fuel_tools_vendor:/opt/ros/jazzy/opt/gz_msgs_vendor:/opt/ros/jazzy/opt/gz_common_vendor:/opt/ros/jazzy/opt/gz_math_vendor:/opt/ros/jazzy/opt/gz_utils_vendor:/opt/ros/jazzy/opt/gz_tools_vendor:/opt/ros/jazzy/opt/gz_ogre_next_vendor:/opt/ros/jazzy/opt/gz_dartsim_vendor:/opt/ros/jazzy/opt/gz_cmake_vendor:/opt/ros/jazzy PYTHONPATH=/Bt/install/pmb2_description/lib/python3.12/site-packages:/Bt/install/launch_pal/lib/python3.12/site-packages:${PYTHONPATH} /usr/bin/cmake --build /Bt/build/pmb2_bringup -- -j8 -l8
[3.872s] DEBUG:colcon.colcon_core.event_handler.log_command:Invoking command in '/Bt/build/pmb2_bringup': AMENT_PREFIX_PATH=/Bt/install/pmb2_description:/Bt/install/pmb2_controller_configuration:/Bt/install/pal_urdf_utils:/Bt/install/launch_pal:${AMENT_PREFIX_PATH} CMAKE_PREFIX_PATH=/Bt/install/pmb2_description:/Bt/install/pmb2_controller_configuration:/Bt/install/pal_urdf_utils:/opt/ros/jazzy/opt/gz_sim_vendor:/opt/ros/jazzy/opt/gz_sensors_vendor:/opt/ros/jazzy/opt/gz_physics_vendor:/opt/ros/jazzy/opt/sdformat_vendor:/opt/ros/jazzy/opt/gz_gui_vendor:/opt/ros/jazzy/opt/gz_transport_vendor:/opt/ros/jazzy/opt/gz_rendering_vendor:/opt/ros/jazzy/opt/gz_plugin_vendor:/opt/ros/jazzy/opt/gz_fuel_tools_vendor:/opt/ros/jazzy/opt/gz_msgs_vendor:/opt/ros/jazzy/opt/gz_common_vendor:/opt/ros/jazzy/opt/gz_math_vendor:/opt/ros/jazzy/opt/gz_utils_vendor:/opt/ros/jazzy/opt/gz_tools_vendor:/opt/ros/jazzy/opt/gz_ogre_next_vendor:/opt/ros/jazzy/opt/gz_dartsim_vendor:/opt/ros/jazzy/opt/gz_cmake_vendor:/opt/ros/jazzy PYTHONPATH=/Bt/install/pmb2_description/lib/python3.12/site-packages:/Bt/install/launch_pal/lib/python3.12/site-packages:${PYTHONPATH} /usr/bin/cmake --install /Bt/build/pmb2_bringup
[3.890s] Level 1:colcon.colcon_core.environment:create_environment_scripts_only(pmb2_navigation)
[3.890s] Level 1:colcon.colcon_core.environment:checking '/Bt/install/pmb2_navigation' for CMake module files
[3.893s] DEBUG:colcon.colcon_core.event_handler.log_command:Invoked command in '/Bt/build/pmb2_navigation' returned '0': AMENT_PREFIX_PATH=/Bt/install/pmb2_2dnav:/Bt/install/pmb2_laser_sensors:/Bt/install/pal_maps:/Bt/install/launch_pal:${AMENT_PREFIX_PATH} CMAKE_PREFIX_PATH=/Bt/install/pmb2_2dnav:/Bt/install/pmb2_laser_sensors:/Bt/install/pal_maps:/opt/ros/jazzy/opt/gz_sim_vendor:/opt/ros/jazzy/opt/gz_sensors_vendor:/opt/ros/jazzy/opt/gz_physics_vendor:/opt/ros/jazzy/opt/sdformat_vendor:/opt/ros/jazzy/opt/gz_gui_vendor:/opt/ros/jazzy/opt/gz_transport_vendor:/opt/ros/jazzy/opt/gz_rendering_vendor:/opt/ros/jazzy/opt/gz_plugin_vendor:/opt/ros/jazzy/opt/gz_fuel_tools_vendor:/opt/ros/jazzy/opt/gz_msgs_vendor:/opt/ros/jazzy/opt/gz_common_vendor:/opt/ros/jazzy/opt/gz_math_vendor:/opt/ros/jazzy/opt/gz_utils_vendor:/opt/ros/jazzy/opt/gz_tools_vendor:/opt/ros/jazzy/opt/gz_ogre_next_vendor:/opt/ros/jazzy/opt/gz_dartsim_vendor:/opt/ros/jazzy/opt/gz_cmake_vendor:/opt/ros/jazzy PYTHONPATH=/Bt/install/launch_pal/lib/python3.12/site-packages:${PYTHONPATH} /usr/bin/cmake --install /Bt/build/pmb2_navigation
[3.894s] Level 1:colcon.colcon_core.environment:checking '/Bt/install/pmb2_navigation' for CMake config files
[3.894s] Level 1:colcon.colcon_core.shell:create_environment_hook('pmb2_navigation', 'cmake_prefix_path')
[3.894s] INFO:colcon.colcon_core.shell:Creating environment hook '/Bt/install/pmb2_navigation/share/pmb2_navigation/hook/cmake_prefix_path.ps1'
[3.894s] INFO:colcon.colcon_core.shell:Creating environment descriptor '/Bt/install/pmb2_navigation/share/pmb2_navigation/hook/cmake_prefix_path.dsv'
[3.895s] INFO:colcon.colcon_core.shell:Creating environment hook '/Bt/install/pmb2_navigation/share/pmb2_navigation/hook/cmake_prefix_path.sh'
[3.895s] Level 1:colcon.colcon_core.environment:checking '/Bt/install/pmb2_navigation/bin'
[3.895s] Level 1:colcon.colcon_core.environment:checking '/Bt/install/pmb2_navigation/lib/pkgconfig/pmb2_navigation.pc'
[3.896s] Level 1:colcon.colcon_core.environment:checking '/Bt/install/pmb2_navigation/lib/python3.12/site-packages'
[3.896s] Level 1:colcon.colcon_core.environment:checking '/Bt/install/pmb2_navigation/bin'
[3.896s] INFO:colcon.colcon_core.shell:Creating package script '/Bt/install/pmb2_navigation/share/pmb2_navigation/package.ps1'
[3.897s] INFO:colcon.colcon_core.shell:Creating package descriptor '/Bt/install/pmb2_navigation/share/pmb2_navigation/package.dsv'
[3.897s] INFO:colcon.colcon_core.shell:Creating package script '/Bt/install/pmb2_navigation/share/pmb2_navigation/package.sh'
[3.898s] INFO:colcon.colcon_core.shell:Creating package script '/Bt/install/pmb2_navigation/share/pmb2_navigation/package.bash'
[3.898s] INFO:colcon.colcon_core.shell:Creating package script '/Bt/install/pmb2_navigation/share/pmb2_navigation/package.zsh'
[3.899s] Level 1:colcon.colcon_core.environment:create_file_with_runtime_dependencies(/Bt/install/pmb2_navigation/share/colcon-core/packages/pmb2_navigation)
[3.899s] Level 1:colcon.colcon_core.environment:create_environment_scripts_only(pmb2_navigation)
[3.900s] Level 1:colcon.colcon_core.environment:checking '/Bt/install/pmb2_navigation' for CMake module files
[3.901s] Level 1:colcon.colcon_core.environment:checking '/Bt/install/pmb2_navigation' for CMake config files
[3.901s] Level 1:colcon.colcon_core.shell:create_environment_hook('pmb2_navigation', 'cmake_prefix_path')
[3.901s] INFO:colcon.colcon_core.shell:Creating environment hook '/Bt/install/pmb2_navigation/share/pmb2_navigation/hook/cmake_prefix_path.ps1'
[3.901s] INFO:colcon.colcon_core.shell:Creating environment descriptor '/Bt/install/pmb2_navigation/share/pmb2_navigation/hook/cmake_prefix_path.dsv'
[3.902s] INFO:colcon.colcon_core.shell:Creating environment hook '/Bt/install/pmb2_navigation/share/pmb2_navigation/hook/cmake_prefix_path.sh'
[3.902s] Level 1:colcon.colcon_core.environment:checking '/Bt/install/pmb2_navigation/bin'
[3.902s] Level 1:colcon.colcon_core.environment:checking '/Bt/install/pmb2_navigation/lib/pkgconfig/pmb2_navigation.pc'
[3.903s] Level 1:colcon.colcon_core.environment:checking '/Bt/install/pmb2_navigation/lib/python3.12/site-packages'
[3.903s] Level 1:colcon.colcon_core.environment:checking '/Bt/install/pmb2_navigation/bin'
[3.903s] INFO:colcon.colcon_core.shell:Creating package script '/Bt/install/pmb2_navigation/share/pmb2_navigation/package.ps1'
[3.904s] INFO:colcon.colcon_core.shell:Creating package descriptor '/Bt/install/pmb2_navigation/share/pmb2_navigation/package.dsv'
[3.904s] INFO:colcon.colcon_core.shell:Creating package script '/Bt/install/pmb2_navigation/share/pmb2_navigation/package.sh'
[3.905s] INFO:colcon.colcon_core.shell:Creating package script '/Bt/install/pmb2_navigation/share/pmb2_navigation/package.bash'
[3.905s] INFO:colcon.colcon_core.shell:Creating package script '/Bt/install/pmb2_navigation/share/pmb2_navigation/package.zsh'
[3.906s] Level 1:colcon.colcon_core.environment:create_file_with_runtime_dependencies(/Bt/install/pmb2_navigation/share/colcon-core/packages/pmb2_navigation)
[3.907s] INFO:colcon.colcon_ros.task.ament_cmake.build:Building ROS package in '/Bt/ThirdParty/grab2/grab2_grasp_generator' with build type 'ament_cmake'
[3.907s] INFO:colcon.colcon_cmake.task.cmake.build:Building CMake package in '/Bt/ThirdParty/grab2/grab2_grasp_generator'
[3.908s] INFO:colcon.colcon_core.shell:Skip shell extension 'powershell' for command environment: Not usable outside of PowerShell
[3.908s] DEBUG:colcon.colcon_core.shell:Skip shell extension 'dsv' for command environment
[3.915s] Level 1:colcon.colcon_core.environment:create_environment_scripts_only(pmb2_bringup)
[3.915s] Level 1:colcon.colcon_core.environment:checking '/Bt/install/pmb2_bringup' for CMake module files
[3.916s] DEBUG:colcon.colcon_core.event_handler.log_command:Invoked command in '/Bt/build/pmb2_bringup' returned '0': AMENT_PREFIX_PATH=/Bt/install/pmb2_description:/Bt/install/pmb2_controller_configuration:/Bt/install/pal_urdf_utils:/Bt/install/launch_pal:${AMENT_PREFIX_PATH} CMAKE_PREFIX_PATH=/Bt/install/pmb2_description:/Bt/install/pmb2_controller_configuration:/Bt/install/pal_urdf_utils:/opt/ros/jazzy/opt/gz_sim_vendor:/opt/ros/jazzy/opt/gz_sensors_vendor:/opt/ros/jazzy/opt/gz_physics_vendor:/opt/ros/jazzy/opt/sdformat_vendor:/opt/ros/jazzy/opt/gz_gui_vendor:/opt/ros/jazzy/opt/gz_transport_vendor:/opt/ros/jazzy/opt/gz_rendering_vendor:/opt/ros/jazzy/opt/gz_plugin_vendor:/opt/ros/jazzy/opt/gz_fuel_tools_vendor:/opt/ros/jazzy/opt/gz_msgs_vendor:/opt/ros/jazzy/opt/gz_common_vendor:/opt/ros/jazzy/opt/gz_math_vendor:/opt/ros/jazzy/opt/gz_utils_vendor:/opt/ros/jazzy/opt/gz_tools_vendor:/opt/ros/jazzy/opt/gz_ogre_next_vendor:/opt/ros/jazzy/opt/gz_dartsim_vendor:/opt/ros/jazzy/opt/gz_cmake_vendor:/opt/ros/jazzy PYTHONPATH=/Bt/install/pmb2_description/lib/python3.12/site-packages:/Bt/install/launch_pal/lib/python3.12/site-packages:${PYTHONPATH} /usr/bin/cmake --install /Bt/build/pmb2_bringup
[3.917s] Level 1:colcon.colcon_core.environment:checking '/Bt/install/pmb2_bringup' for CMake config files
[3.917s] Level 1:colcon.colcon_core.shell:create_environment_hook('pmb2_bringup', 'cmake_prefix_path')
[3.917s] INFO:colcon.colcon_core.shell:Creating environment hook '/Bt/install/pmb2_bringup/share/pmb2_bringup/hook/cmake_prefix_path.ps1'
[3.918s] INFO:colcon.colcon_core.shell:Creating environment descriptor '/Bt/install/pmb2_bringup/share/pmb2_bringup/hook/cmake_prefix_path.dsv'
[3.919s] INFO:colcon.colcon_core.shell:Creating environment hook '/Bt/install/pmb2_bringup/share/pmb2_bringup/hook/cmake_prefix_path.sh'
[3.919s] Level 1:colcon.colcon_core.environment:checking '/Bt/install/pmb2_bringup/bin'
[3.920s] Level 1:colcon.colcon_core.environment:checking '/Bt/install/pmb2_bringup/lib/pkgconfig/pmb2_bringup.pc'
[3.920s] Level 1:colcon.colcon_core.environment:checking '/Bt/install/pmb2_bringup/lib/python3.12/site-packages'
[3.920s] Level 1:colcon.colcon_core.environment:checking '/Bt/install/pmb2_bringup/bin'
[3.921s] INFO:colcon.colcon_core.shell:Creating package script '/Bt/install/pmb2_bringup/share/pmb2_bringup/package.ps1'
[3.922s] INFO:colcon.colcon_core.shell:Creating package descriptor '/Bt/install/pmb2_bringup/share/pmb2_bringup/package.dsv'
[3.922s] INFO:colcon.colcon_core.shell:Creating package script '/Bt/install/pmb2_bringup/share/pmb2_bringup/package.sh'
[3.923s] INFO:colcon.colcon_core.shell:Creating package script '/Bt/install/pmb2_bringup/share/pmb2_bringup/package.bash'
[3.923s] INFO:colcon.colcon_core.shell:Creating package script '/Bt/install/pmb2_bringup/share/pmb2_bringup/package.zsh'
[3.924s] Level 1:colcon.colcon_core.environment:create_file_with_runtime_dependencies(/Bt/install/pmb2_bringup/share/colcon-core/packages/pmb2_bringup)
[3.924s] Level 1:colcon.colcon_core.environment:create_environment_scripts_only(pmb2_bringup)
[3.925s] Level 1:colcon.colcon_core.environment:checking '/Bt/install/pmb2_bringup' for CMake module files
[3.926s] Level 1:colcon.colcon_core.environment:checking '/Bt/install/pmb2_bringup' for CMake config files
[3.926s] Level 1:colcon.colcon_core.shell:create_environment_hook('pmb2_bringup', 'cmake_prefix_path')
[3.926s] INFO:colcon.colcon_core.shell:Creating environment hook '/Bt/install/pmb2_bringup/share/pmb2_bringup/hook/cmake_prefix_path.ps1'
[3.927s] INFO:colcon.colcon_core.shell:Creating environment descriptor '/Bt/install/pmb2_bringup/share/pmb2_bringup/hook/cmake_prefix_path.dsv'
[3.928s] INFO:colcon.colcon_core.shell:Creating environment hook '/Bt/install/pmb2_bringup/share/pmb2_bringup/hook/cmake_prefix_path.sh'
[3.928s] Level 1:colcon.colcon_core.environment:checking '/Bt/install/pmb2_bringup/bin'
[3.928s] Level 1:colcon.colcon_core.environment:checking '/Bt/install/pmb2_bringup/lib/pkgconfig/pmb2_bringup.pc'
[3.929s] Level 1:colcon.colcon_core.environment:checking '/Bt/install/pmb2_bringup/lib/python3.12/site-packages'
[3.929s] Level 1:colcon.colcon_core.environment:checking '/Bt/install/pmb2_bringup/bin'
[3.930s] INFO:colcon.colcon_core.shell:Creating package script '/Bt/install/pmb2_bringup/share/pmb2_bringup/package.ps1'
[3.931s] INFO:colcon.colcon_core.shell:Creating package descriptor '/Bt/install/pmb2_bringup/share/pmb2_bringup/package.dsv'
[3.932s] INFO:colcon.colcon_core.shell:Creating package script '/Bt/install/pmb2_bringup/share/pmb2_bringup/package.sh'
[3.932s] INFO:colcon.colcon_core.shell:Creating package script '/Bt/install/pmb2_bringup/share/pmb2_bringup/package.bash'
[3.933s] INFO:colcon.colcon_core.shell:Creating package script '/Bt/install/pmb2_bringup/share/pmb2_bringup/package.zsh'
[3.933s] Level 1:colcon.colcon_core.environment:create_file_with_runtime_dependencies(/Bt/install/pmb2_bringup/share/colcon-core/packages/pmb2_bringup)
[3.934s] Level 1:colcon.colcon_core.environment:create_environment_scripts_only(omni_base_bringup)
[3.934s] Level 1:colcon.colcon_core.environment:checking '/Bt/install/omni_base_bringup' for CMake module files
[3.935s] DEBUG:colcon.colcon_core.event_handler.log_command:Invoked command in '/Bt/build/omni_base_bringup' returned '0': AMENT_PREFIX_PATH=/Bt/install/omni_base_description:/Bt/install/pal_urdf_utils:/Bt/install/omni_base_controller_configuration:/Bt/install/launch_pal:${AMENT_PREFIX_PATH} CMAKE_PREFIX_PATH=/Bt/install/omni_base_description:/Bt/install/pal_urdf_utils:/Bt/install/omni_base_controller_configuration:/opt/ros/jazzy/opt/gz_sim_vendor:/opt/ros/jazzy/opt/gz_sensors_vendor:/opt/ros/jazzy/opt/gz_physics_vendor:/opt/ros/jazzy/opt/sdformat_vendor:/opt/ros/jazzy/opt/gz_gui_vendor:/opt/ros/jazzy/opt/gz_transport_vendor:/opt/ros/jazzy/opt/gz_rendering_vendor:/opt/ros/jazzy/opt/gz_plugin_vendor:/opt/ros/jazzy/opt/gz_fuel_tools_vendor:/opt/ros/jazzy/opt/gz_msgs_vendor:/opt/ros/jazzy/opt/gz_common_vendor:/opt/ros/jazzy/opt/gz_math_vendor:/opt/ros/jazzy/opt/gz_utils_vendor:/opt/ros/jazzy/opt/gz_tools_vendor:/opt/ros/jazzy/opt/gz_ogre_next_vendor:/opt/ros/jazzy/opt/gz_dartsim_vendor:/opt/ros/jazzy/opt/gz_cmake_vendor:/opt/ros/jazzy PYTHONPATH=/Bt/install/omni_base_description/lib/python3.12/site-packages:/Bt/install/launch_pal/lib/python3.12/site-packages:${PYTHONPATH} /usr/bin/cmake --install /Bt/build/omni_base_bringup
[3.936s] Level 1:colcon.colcon_core.environment:checking '/Bt/install/omni_base_bringup' for CMake config files
[3.936s] Level 1:colcon.colcon_core.shell:create_environment_hook('omni_base_bringup', 'cmake_prefix_path')
[3.937s] INFO:colcon.colcon_core.shell:Creating environment hook '/Bt/install/omni_base_bringup/share/omni_base_bringup/hook/cmake_prefix_path.ps1'
[3.937s] INFO:colcon.colcon_core.shell:Creating environment descriptor '/Bt/install/omni_base_bringup/share/omni_base_bringup/hook/cmake_prefix_path.dsv'
[3.938s] INFO:colcon.colcon_core.shell:Creating environment hook '/Bt/install/omni_base_bringup/share/omni_base_bringup/hook/cmake_prefix_path.sh'
[3.939s] Level 1:colcon.colcon_core.environment:checking '/Bt/install/omni_base_bringup/bin'
[3.939s] Level 1:colcon.colcon_core.environment:checking '/Bt/install/omni_base_bringup/lib/pkgconfig/omni_base_bringup.pc'
[3.939s] Level 1:colcon.colcon_core.environment:checking '/Bt/install/omni_base_bringup/lib/python3.12/site-packages'
[3.940s] Level 1:colcon.colcon_core.environment:checking '/Bt/install/omni_base_bringup/bin'
[3.940s] INFO:colcon.colcon_core.shell:Creating package script '/Bt/install/omni_base_bringup/share/omni_base_bringup/package.ps1'
[3.941s] INFO:colcon.colcon_core.shell:Creating package descriptor '/Bt/install/omni_base_bringup/share/omni_base_bringup/package.dsv'
[3.941s] INFO:colcon.colcon_core.shell:Creating package script '/Bt/install/omni_base_bringup/share/omni_base_bringup/package.sh'
[3.942s] INFO:colcon.colcon_core.shell:Creating package script '/Bt/install/omni_base_bringup/share/omni_base_bringup/package.bash'
[3.942s] INFO:colcon.colcon_core.shell:Creating package script '/Bt/install/omni_base_bringup/share/omni_base_bringup/package.zsh'
[3.943s] Level 1:colcon.colcon_core.environment:create_file_with_runtime_dependencies(/Bt/install/omni_base_bringup/share/colcon-core/packages/omni_base_bringup)
[3.943s] Level 1:colcon.colcon_core.environment:create_environment_scripts_only(omni_base_bringup)
[3.944s] Level 1:colcon.colcon_core.environment:checking '/Bt/install/omni_base_bringup' for CMake module files
[3.945s] Level 1:colcon.colcon_core.environment:checking '/Bt/install/omni_base_bringup' for CMake config files
[3.946s] Level 1:colcon.colcon_core.shell:create_environment_hook('omni_base_bringup', 'cmake_prefix_path')
[3.946s] INFO:colcon.colcon_core.shell:Creating environment hook '/Bt/install/omni_base_bringup/share/omni_base_bringup/hook/cmake_prefix_path.ps1'
[3.947s] INFO:colcon.colcon_core.shell:Creating environment descriptor '/Bt/install/omni_base_bringup/share/omni_base_bringup/hook/cmake_prefix_path.dsv'
[3.948s] INFO:colcon.colcon_core.shell:Creating environment hook '/Bt/install/omni_base_bringup/share/omni_base_bringup/hook/cmake_prefix_path.sh'
[3.949s] Level 1:colcon.colcon_core.environment:checking '/Bt/install/omni_base_bringup/bin'
[3.949s] Level 1:colcon.colcon_core.environment:checking '/Bt/install/omni_base_bringup/lib/pkgconfig/omni_base_bringup.pc'
[3.949s] Level 1:colcon.colcon_core.environment:checking '/Bt/install/omni_base_bringup/lib/python3.12/site-packages'
[3.950s] Level 1:colcon.colcon_core.environment:checking '/Bt/install/omni_base_bringup/bin'
[3.950s] INFO:colcon.colcon_core.shell:Creating package script '/Bt/install/omni_base_bringup/share/omni_base_bringup/package.ps1'
[3.951s] INFO:colcon.colcon_core.shell:Creating package descriptor '/Bt/install/omni_base_bringup/share/omni_base_bringup/package.dsv'
[3.952s] INFO:colcon.colcon_core.shell:Creating package script '/Bt/install/omni_base_bringup/share/omni_base_bringup/package.sh'
[3.952s] INFO:colcon.colcon_core.shell:Creating package script '/Bt/install/omni_base_bringup/share/omni_base_bringup/package.bash'
[3.953s] INFO:colcon.colcon_core.shell:Creating package script '/Bt/install/omni_base_bringup/share/omni_base_bringup/package.zsh'
[3.953s] Level 1:colcon.colcon_core.environment:create_file_with_runtime_dependencies(/Bt/install/omni_base_bringup/share/colcon-core/packages/omni_base_bringup)
[3.955s] INFO:colcon.colcon_ros.task.ament_cmake.build:Building ROS package in '/Bt/ThirdParty/tiago_omni_base/omni_base_robot' with build type 'ament_cmake'
[3.955s] INFO:colcon.colcon_cmake.task.cmake.build:Building CMake package in '/Bt/ThirdParty/tiago_omni_base/omni_base_robot'
[3.956s] INFO:colcon.colcon_core.shell:Skip shell extension 'powershell' for command environment: Not usable outside of PowerShell
[3.956s] DEBUG:colcon.colcon_core.shell:Skip shell extension 'dsv' for command environment
[3.962s] INFO:colcon.colcon_ros.task.ament_cmake.build:Building ROS package in '/Bt/ThirdParty/pmb2_robot/pmb2_robot' with build type 'ament_cmake'
[3.962s] INFO:colcon.colcon_cmake.task.cmake.build:Building CMake package in '/Bt/ThirdParty/pmb2_robot/pmb2_robot'
[3.962s] INFO:colcon.colcon_core.shell:Skip shell extension 'powershell' for command environment: Not usable outside of PowerShell
[3.962s] DEBUG:colcon.colcon_core.shell:Skip shell extension 'dsv' for command environment
[3.969s] DEBUG:colcon.colcon_core.event_handler.log_command:Invoked command in '/Bt/build/grab2_planner' returned '0': AMENT_PREFIX_PATH=/Bt/install/grab2_ros_common:/Bt/install/grab2_msgs:/Bt/install/behaviortree_ros2:/Bt/install/btcpp_ros2_interfaces:${AMENT_PREFIX_PATH} CMAKE_PREFIX_PATH=/Bt/install/grab2_ros_common:/Bt/install/grab2_msgs:/Bt/install/behaviortree_ros2:/Bt/install/btcpp_ros2_interfaces:/opt/ros/jazzy/opt/gz_sim_vendor:/opt/ros/jazzy/opt/gz_sensors_vendor:/opt/ros/jazzy/opt/gz_physics_vendor:/opt/ros/jazzy/opt/sdformat_vendor:/opt/ros/jazzy/opt/gz_gui_vendor:/opt/ros/jazzy/opt/gz_transport_vendor:/opt/ros/jazzy/opt/gz_rendering_vendor:/opt/ros/jazzy/opt/gz_plugin_vendor:/opt/ros/jazzy/opt/gz_fuel_tools_vendor:/opt/ros/jazzy/opt/gz_msgs_vendor:/opt/ros/jazzy/opt/gz_common_vendor:/opt/ros/jazzy/opt/gz_math_vendor:/opt/ros/jazzy/opt/gz_utils_vendor:/opt/ros/jazzy/opt/gz_tools_vendor:/opt/ros/jazzy/opt/gz_ogre_next_vendor:/opt/ros/jazzy/opt/gz_dartsim_vendor:/opt/ros/jazzy/opt/gz_cmake_vendor:/opt/ros/jazzy LD_LIBRARY_PATH=/Bt/install/grab2_msgs/lib:/Bt/install/behaviortree_ros2/lib:/Bt/install/btcpp_ros2_interfaces/lib:${LD_LIBRARY_PATH} PYTHONPATH=/Bt/install/grab2_msgs/lib/python3.12/site-packages:/Bt/install/btcpp_ros2_interfaces/lib/python3.12/site-packages:${PYTHONPATH} /usr/bin/cmake --build /Bt/build/grab2_planner -- -j8 -l8
[3.970s] DEBUG:colcon.colcon_core.event_handler.log_command:Invoking command in '/Bt/build/grab2_planner': AMENT_PREFIX_PATH=/Bt/install/grab2_ros_common:/Bt/install/grab2_msgs:/Bt/install/behaviortree_ros2:/Bt/install/btcpp_ros2_interfaces:${AMENT_PREFIX_PATH} CMAKE_PREFIX_PATH=/Bt/install/grab2_ros_common:/Bt/install/grab2_msgs:/Bt/install/behaviortree_ros2:/Bt/install/btcpp_ros2_interfaces:/opt/ros/jazzy/opt/gz_sim_vendor:/opt/ros/jazzy/opt/gz_sensors_vendor:/opt/ros/jazzy/opt/gz_physics_vendor:/opt/ros/jazzy/opt/sdformat_vendor:/opt/ros/jazzy/opt/gz_gui_vendor:/opt/ros/jazzy/opt/gz_transport_vendor:/opt/ros/jazzy/opt/gz_rendering_vendor:/opt/ros/jazzy/opt/gz_plugin_vendor:/opt/ros/jazzy/opt/gz_fuel_tools_vendor:/opt/ros/jazzy/opt/gz_msgs_vendor:/opt/ros/jazzy/opt/gz_common_vendor:/opt/ros/jazzy/opt/gz_math_vendor:/opt/ros/jazzy/opt/gz_utils_vendor:/opt/ros/jazzy/opt/gz_tools_vendor:/opt/ros/jazzy/opt/gz_ogre_next_vendor:/opt/ros/jazzy/opt/gz_dartsim_vendor:/opt/ros/jazzy/opt/gz_cmake_vendor:/opt/ros/jazzy LD_LIBRARY_PATH=/Bt/install/grab2_msgs/lib:/Bt/install/behaviortree_ros2/lib:/Bt/install/btcpp_ros2_interfaces/lib:${LD_LIBRARY_PATH} PYTHONPATH=/Bt/install/grab2_msgs/lib/python3.12/site-packages:/Bt/install/btcpp_ros2_interfaces/lib/python3.12/site-packages:${PYTHONPATH} /usr/bin/cmake --install /Bt/build/grab2_planner
[3.976s] DEBUG:colcon.colcon_core.event_handler.log_command:Invoking command in '/Bt/build/grab2_grasp_generator': AMENT_PREFIX_PATH=/Bt/install/grab2_ros_common:/Bt/install/grab2_msgs:/Bt/install/behaviortree_ros2:/Bt/install/btcpp_ros2_interfaces:${AMENT_PREFIX_PATH} CMAKE_PREFIX_PATH=/Bt/install/grab2_ros_common:/Bt/install/grab2_msgs:/Bt/install/behaviortree_ros2:/Bt/install/btcpp_ros2_interfaces:/opt/ros/jazzy/opt/gz_sim_vendor:/opt/ros/jazzy/opt/gz_sensors_vendor:/opt/ros/jazzy/opt/gz_physics_vendor:/opt/ros/jazzy/opt/sdformat_vendor:/opt/ros/jazzy/opt/gz_gui_vendor:/opt/ros/jazzy/opt/gz_transport_vendor:/opt/ros/jazzy/opt/gz_rendering_vendor:/opt/ros/jazzy/opt/gz_plugin_vendor:/opt/ros/jazzy/opt/gz_fuel_tools_vendor:/opt/ros/jazzy/opt/gz_msgs_vendor:/opt/ros/jazzy/opt/gz_common_vendor:/opt/ros/jazzy/opt/gz_math_vendor:/opt/ros/jazzy/opt/gz_utils_vendor:/opt/ros/jazzy/opt/gz_tools_vendor:/opt/ros/jazzy/opt/gz_ogre_next_vendor:/opt/ros/jazzy/opt/gz_dartsim_vendor:/opt/ros/jazzy/opt/gz_cmake_vendor:/opt/ros/jazzy LD_LIBRARY_PATH=/Bt/install/grab2_msgs/lib:/Bt/install/behaviortree_ros2/lib:/Bt/install/btcpp_ros2_interfaces/lib:${LD_LIBRARY_PATH} PYTHONPATH=/Bt/install/grab2_msgs/lib/python3.12/site-packages:/Bt/install/btcpp_ros2_interfaces/lib/python3.12/site-packages:${PYTHONPATH} /usr/bin/cmake --build /Bt/build/grab2_grasp_generator -- -j8 -l8
[3.976s] DEBUG:colcon.colcon_core.event_handler.log_command:Invoked command in '/Bt/build/tiago_behavior_tree' returned '0': AMENT_PREFIX_PATH=/Bt/install/behaviortree_ros2:/Bt/install/btcpp_ros2_interfaces:${AMENT_PREFIX_PATH} CMAKE_PREFIX_PATH=/Bt/install/behaviortree_ros2:/Bt/install/btcpp_ros2_interfaces:/opt/ros/jazzy/opt/gz_sim_vendor:/opt/ros/jazzy/opt/gz_sensors_vendor:/opt/ros/jazzy/opt/gz_physics_vendor:/opt/ros/jazzy/opt/sdformat_vendor:/opt/ros/jazzy/opt/gz_gui_vendor:/opt/ros/jazzy/opt/gz_transport_vendor:/opt/ros/jazzy/opt/gz_rendering_vendor:/opt/ros/jazzy/opt/gz_plugin_vendor:/opt/ros/jazzy/opt/gz_fuel_tools_vendor:/opt/ros/jazzy/opt/gz_msgs_vendor:/opt/ros/jazzy/opt/gz_common_vendor:/opt/ros/jazzy/opt/gz_math_vendor:/opt/ros/jazzy/opt/gz_utils_vendor:/opt/ros/jazzy/opt/gz_tools_vendor:/opt/ros/jazzy/opt/gz_ogre_next_vendor:/opt/ros/jazzy/opt/gz_dartsim_vendor:/opt/ros/jazzy/opt/gz_cmake_vendor:/opt/ros/jazzy LD_LIBRARY_PATH=/Bt/install/behaviortree_ros2/lib:/Bt/install/btcpp_ros2_interfaces/lib:${LD_LIBRARY_PATH} PYTHONPATH=/Bt/install/btcpp_ros2_interfaces/lib/python3.12/site-packages:${PYTHONPATH} /usr/bin/cmake --build /Bt/build/tiago_behavior_tree -- -j8 -l8
[3.977s] DEBUG:colcon.colcon_core.event_handler.log_command:Invoking command in '/Bt/build/tiago_behavior_tree': AMENT_PREFIX_PATH=/Bt/install/behaviortree_ros2:/Bt/install/btcpp_ros2_interfaces:${AMENT_PREFIX_PATH} CMAKE_PREFIX_PATH=/Bt/install/behaviortree_ros2:/Bt/install/btcpp_ros2_interfaces:/opt/ros/jazzy/opt/gz_sim_vendor:/opt/ros/jazzy/opt/gz_sensors_vendor:/opt/ros/jazzy/opt/gz_physics_vendor:/opt/ros/jazzy/opt/sdformat_vendor:/opt/ros/jazzy/opt/gz_gui_vendor:/opt/ros/jazzy/opt/gz_transport_vendor:/opt/ros/jazzy/opt/gz_rendering_vendor:/opt/ros/jazzy/opt/gz_plugin_vendor:/opt/ros/jazzy/opt/gz_fuel_tools_vendor:/opt/ros/jazzy/opt/gz_msgs_vendor:/opt/ros/jazzy/opt/gz_common_vendor:/opt/ros/jazzy/opt/gz_math_vendor:/opt/ros/jazzy/opt/gz_utils_vendor:/opt/ros/jazzy/opt/gz_tools_vendor:/opt/ros/jazzy/opt/gz_ogre_next_vendor:/opt/ros/jazzy/opt/gz_dartsim_vendor:/opt/ros/jazzy/opt/gz_cmake_vendor:/opt/ros/jazzy LD_LIBRARY_PATH=/Bt/install/behaviortree_ros2/lib:/Bt/install/btcpp_ros2_interfaces/lib:${LD_LIBRARY_PATH} PYTHONPATH=/Bt/install/btcpp_ros2_interfaces/lib/python3.12/site-packages:${PYTHONPATH} /usr/bin/cmake --install /Bt/build/tiago_behavior_tree
[3.979s] DEBUG:colcon.colcon_core.event_handler.log_command:Invoking command in '/Bt/build/omni_base_robot': AMENT_PREFIX_PATH=/Bt/install/omni_base_bringup:/Bt/install/omni_base_description:/Bt/install/pal_urdf_utils:/Bt/install/omni_base_controller_configuration:/Bt/install/launch_pal:${AMENT_PREFIX_PATH} CMAKE_PREFIX_PATH=/Bt/install/omni_base_bringup:/Bt/install/omni_base_description:/Bt/install/pal_urdf_utils:/Bt/install/omni_base_controller_configuration:/opt/ros/jazzy/opt/gz_sim_vendor:/opt/ros/jazzy/opt/gz_sensors_vendor:/opt/ros/jazzy/opt/gz_physics_vendor:/opt/ros/jazzy/opt/sdformat_vendor:/opt/ros/jazzy/opt/gz_gui_vendor:/opt/ros/jazzy/opt/gz_transport_vendor:/opt/ros/jazzy/opt/gz_rendering_vendor:/opt/ros/jazzy/opt/gz_plugin_vendor:/opt/ros/jazzy/opt/gz_fuel_tools_vendor:/opt/ros/jazzy/opt/gz_msgs_vendor:/opt/ros/jazzy/opt/gz_common_vendor:/opt/ros/jazzy/opt/gz_math_vendor:/opt/ros/jazzy/opt/gz_utils_vendor:/opt/ros/jazzy/opt/gz_tools_vendor:/opt/ros/jazzy/opt/gz_ogre_next_vendor:/opt/ros/jazzy/opt/gz_dartsim_vendor:/opt/ros/jazzy/opt/gz_cmake_vendor:/opt/ros/jazzy PYTHONPATH=/Bt/install/omni_base_description/lib/python3.12/site-packages:/Bt/install/launch_pal/lib/python3.12/site-packages:${PYTHONPATH} /usr/bin/cmake --build /Bt/build/omni_base_robot -- -j8 -l8
[3.987s] DEBUG:colcon.colcon_core.event_handler.log_command:Invoking command in '/Bt/build/pmb2_robot': AMENT_PREFIX_PATH=/Bt/install/pmb2_bringup:/Bt/install/pmb2_description:/Bt/install/pmb2_controller_configuration:/Bt/install/pal_urdf_utils:/Bt/install/launch_pal:${AMENT_PREFIX_PATH} CMAKE_PREFIX_PATH=/Bt/install/pmb2_bringup:/Bt/install/pmb2_description:/Bt/install/pmb2_controller_configuration:/Bt/install/pal_urdf_utils:/opt/ros/jazzy/opt/gz_sim_vendor:/opt/ros/jazzy/opt/gz_sensors_vendor:/opt/ros/jazzy/opt/gz_physics_vendor:/opt/ros/jazzy/opt/sdformat_vendor:/opt/ros/jazzy/opt/gz_gui_vendor:/opt/ros/jazzy/opt/gz_transport_vendor:/opt/ros/jazzy/opt/gz_rendering_vendor:/opt/ros/jazzy/opt/gz_plugin_vendor:/opt/ros/jazzy/opt/gz_fuel_tools_vendor:/opt/ros/jazzy/opt/gz_msgs_vendor:/opt/ros/jazzy/opt/gz_common_vendor:/opt/ros/jazzy/opt/gz_math_vendor:/opt/ros/jazzy/opt/gz_utils_vendor:/opt/ros/jazzy/opt/gz_tools_vendor:/opt/ros/jazzy/opt/gz_ogre_next_vendor:/opt/ros/jazzy/opt/gz_dartsim_vendor:/opt/ros/jazzy/opt/gz_cmake_vendor:/opt/ros/jazzy PYTHONPATH=/Bt/install/pmb2_description/lib/python3.12/site-packages:/Bt/install/launch_pal/lib/python3.12/site-packages:${PYTHONPATH} /usr/bin/cmake --build /Bt/build/pmb2_robot -- -j8 -l8
[3.995s] Level 1:colcon.colcon_core.environment:create_environment_scripts_only(tiago_behavior_tree)
[3.996s] Level 1:colcon.colcon_core.environment:checking '/Bt/install/tiago_behavior_tree' for CMake module files
[4.001s] DEBUG:colcon.colcon_core.event_handler.log_command:Invoked command in '/Bt/build/tiago_behavior_tree' returned '0': AMENT_PREFIX_PATH=/Bt/install/behaviortree_ros2:/Bt/install/btcpp_ros2_interfaces:${AMENT_PREFIX_PATH} CMAKE_PREFIX_PATH=/Bt/install/behaviortree_ros2:/Bt/install/btcpp_ros2_interfaces:/opt/ros/jazzy/opt/gz_sim_vendor:/opt/ros/jazzy/opt/gz_sensors_vendor:/opt/ros/jazzy/opt/gz_physics_vendor:/opt/ros/jazzy/opt/sdformat_vendor:/opt/ros/jazzy/opt/gz_gui_vendor:/opt/ros/jazzy/opt/gz_transport_vendor:/opt/ros/jazzy/opt/gz_rendering_vendor:/opt/ros/jazzy/opt/gz_plugin_vendor:/opt/ros/jazzy/opt/gz_fuel_tools_vendor:/opt/ros/jazzy/opt/gz_msgs_vendor:/opt/ros/jazzy/opt/gz_common_vendor:/opt/ros/jazzy/opt/gz_math_vendor:/opt/ros/jazzy/opt/gz_utils_vendor:/opt/ros/jazzy/opt/gz_tools_vendor:/opt/ros/jazzy/opt/gz_ogre_next_vendor:/opt/ros/jazzy/opt/gz_dartsim_vendor:/opt/ros/jazzy/opt/gz_cmake_vendor:/opt/ros/jazzy LD_LIBRARY_PATH=/Bt/install/behaviortree_ros2/lib:/Bt/install/btcpp_ros2_interfaces/lib:${LD_LIBRARY_PATH} PYTHONPATH=/Bt/install/btcpp_ros2_interfaces/lib/python3.12/site-packages:${PYTHONPATH} /usr/bin/cmake --install /Bt/build/tiago_behavior_tree
[4.001s] Level 1:colcon.colcon_core.environment:checking '/Bt/install/tiago_behavior_tree' for CMake config files
[4.002s] Level 1:colcon.colcon_core.shell:create_environment_hook('tiago_behavior_tree', 'cmake_prefix_path')
[4.002s] INFO:colcon.colcon_core.shell:Creating environment hook '/Bt/install/tiago_behavior_tree/share/tiago_behavior_tree/hook/cmake_prefix_path.ps1'
[4.003s] INFO:colcon.colcon_core.shell:Creating environment descriptor '/Bt/install/tiago_behavior_tree/share/tiago_behavior_tree/hook/cmake_prefix_path.dsv'
[4.003s] INFO:colcon.colcon_core.shell:Creating environment hook '/Bt/install/tiago_behavior_tree/share/tiago_behavior_tree/hook/cmake_prefix_path.sh'
[4.004s] Level 1:colcon.colcon_core.environment:checking '/Bt/install/tiago_behavior_tree/lib'
[4.004s] Level 1:colcon.colcon_core.shell:create_environment_hook('tiago_behavior_tree', 'ld_library_path_lib')
[4.005s] INFO:colcon.colcon_core.shell:Creating environment hook '/Bt/install/tiago_behavior_tree/share/tiago_behavior_tree/hook/ld_library_path_lib.ps1'
[4.005s] INFO:colcon.colcon_core.shell:Creating environment descriptor '/Bt/install/tiago_behavior_tree/share/tiago_behavior_tree/hook/ld_library_path_lib.dsv'
[4.006s] INFO:colcon.colcon_core.shell:Creating environment hook '/Bt/install/tiago_behavior_tree/share/tiago_behavior_tree/hook/ld_library_path_lib.sh'
[4.006s] Level 1:colcon.colcon_core.environment:checking '/Bt/install/tiago_behavior_tree/bin'
[4.006s] Level 1:colcon.colcon_core.environment:checking '/Bt/install/tiago_behavior_tree/lib/pkgconfig/tiago_behavior_tree.pc'
[4.007s] Level 1:colcon.colcon_core.environment:checking '/Bt/install/tiago_behavior_tree/lib/python3.12/site-packages'
[4.007s] Level 1:colcon.colcon_core.environment:checking '/Bt/install/tiago_behavior_tree/bin'
[4.008s] INFO:colcon.colcon_core.shell:Creating package script '/Bt/install/tiago_behavior_tree/share/tiago_behavior_tree/package.ps1'
[4.008s] INFO:colcon.colcon_core.shell:Creating package descriptor '/Bt/install/tiago_behavior_tree/share/tiago_behavior_tree/package.dsv'
[4.009s] INFO:colcon.colcon_core.shell:Creating package script '/Bt/install/tiago_behavior_tree/share/tiago_behavior_tree/package.sh'
[4.010s] INFO:colcon.colcon_core.shell:Creating package script '/Bt/install/tiago_behavior_tree/share/tiago_behavior_tree/package.bash'
[4.010s] INFO:colcon.colcon_core.shell:Creating package script '/Bt/install/tiago_behavior_tree/share/tiago_behavior_tree/package.zsh'
[4.011s] Level 1:colcon.colcon_core.environment:create_file_with_runtime_dependencies(/Bt/install/tiago_behavior_tree/share/colcon-core/packages/tiago_behavior_tree)
[4.012s] Level 1:colcon.colcon_core.environment:create_environment_scripts_only(tiago_behavior_tree)
[4.012s] Level 1:colcon.colcon_core.environment:checking '/Bt/install/tiago_behavior_tree' for CMake module files
[4.013s] Level 1:colcon.colcon_core.environment:checking '/Bt/install/tiago_behavior_tree' for CMake config files
[4.013s] Level 1:colcon.colcon_core.shell:create_environment_hook('tiago_behavior_tree', 'cmake_prefix_path')
[4.014s] INFO:colcon.colcon_core.shell:Creating environment hook '/Bt/install/tiago_behavior_tree/share/tiago_behavior_tree/hook/cmake_prefix_path.ps1'
[4.014s] INFO:colcon.colcon_core.shell:Creating environment descriptor '/Bt/install/tiago_behavior_tree/share/tiago_behavior_tree/hook/cmake_prefix_path.dsv'
[4.015s] INFO:colcon.colcon_core.shell:Creating environment hook '/Bt/install/tiago_behavior_tree/share/tiago_behavior_tree/hook/cmake_prefix_path.sh'
[4.015s] Level 1:colcon.colcon_core.environment:checking '/Bt/install/tiago_behavior_tree/lib'
[4.016s] Level 1:colcon.colcon_core.shell:create_environment_hook('tiago_behavior_tree', 'ld_library_path_lib')
[4.016s] INFO:colcon.colcon_core.shell:Creating environment hook '/Bt/install/tiago_behavior_tree/share/tiago_behavior_tree/hook/ld_library_path_lib.ps1'
[4.016s] INFO:colcon.colcon_core.shell:Creating environment descriptor '/Bt/install/tiago_behavior_tree/share/tiago_behavior_tree/hook/ld_library_path_lib.dsv'
[4.017s] INFO:colcon.colcon_core.shell:Creating environment hook '/Bt/install/tiago_behavior_tree/share/tiago_behavior_tree/hook/ld_library_path_lib.sh'
[4.017s] Level 1:colcon.colcon_core.environment:checking '/Bt/install/tiago_behavior_tree/bin'
[4.017s] Level 1:colcon.colcon_core.environment:checking '/Bt/install/tiago_behavior_tree/lib/pkgconfig/tiago_behavior_tree.pc'
[4.018s] Level 1:colcon.colcon_core.environment:checking '/Bt/install/tiago_behavior_tree/lib/python3.12/site-packages'
[4.019s] Level 1:colcon.colcon_core.environment:checking '/Bt/install/tiago_behavior_tree/bin'
[4.019s] INFO:colcon.colcon_core.shell:Creating package script '/Bt/install/tiago_behavior_tree/share/tiago_behavior_tree/package.ps1'
[4.020s] INFO:colcon.colcon_core.shell:Creating package descriptor '/Bt/install/tiago_behavior_tree/share/tiago_behavior_tree/package.dsv'
[4.021s] INFO:colcon.colcon_core.shell:Creating package script '/Bt/install/tiago_behavior_tree/share/tiago_behavior_tree/package.sh'
[4.021s] INFO:colcon.colcon_core.shell:Creating package script '/Bt/install/tiago_behavior_tree/share/tiago_behavior_tree/package.bash'
[4.022s] INFO:colcon.colcon_core.shell:Creating package script '/Bt/install/tiago_behavior_tree/share/tiago_behavior_tree/package.zsh'
[4.023s] Level 1:colcon.colcon_core.environment:create_file_with_runtime_dependencies(/Bt/install/tiago_behavior_tree/share/colcon-core/packages/tiago_behavior_tree)
[4.024s] Level 1:colcon.colcon_core.environment:create_environment_scripts_only(grab2_planner)
[4.024s] Level 1:colcon.colcon_core.environment:checking '/Bt/install/grab2_planner' for CMake module files
[4.026s] DEBUG:colcon.colcon_core.event_handler.log_command:Invoked command in '/Bt/build/grab2_planner' returned '0': AMENT_PREFIX_PATH=/Bt/install/grab2_ros_common:/Bt/install/grab2_msgs:/Bt/install/behaviortree_ros2:/Bt/install/btcpp_ros2_interfaces:${AMENT_PREFIX_PATH} CMAKE_PREFIX_PATH=/Bt/install/grab2_ros_common:/Bt/install/grab2_msgs:/Bt/install/behaviortree_ros2:/Bt/install/btcpp_ros2_interfaces:/opt/ros/jazzy/opt/gz_sim_vendor:/opt/ros/jazzy/opt/gz_sensors_vendor:/opt/ros/jazzy/opt/gz_physics_vendor:/opt/ros/jazzy/opt/sdformat_vendor:/opt/ros/jazzy/opt/gz_gui_vendor:/opt/ros/jazzy/opt/gz_transport_vendor:/opt/ros/jazzy/opt/gz_rendering_vendor:/opt/ros/jazzy/opt/gz_plugin_vendor:/opt/ros/jazzy/opt/gz_fuel_tools_vendor:/opt/ros/jazzy/opt/gz_msgs_vendor:/opt/ros/jazzy/opt/gz_common_vendor:/opt/ros/jazzy/opt/gz_math_vendor:/opt/ros/jazzy/opt/gz_utils_vendor:/opt/ros/jazzy/opt/gz_tools_vendor:/opt/ros/jazzy/opt/gz_ogre_next_vendor:/opt/ros/jazzy/opt/gz_dartsim_vendor:/opt/ros/jazzy/opt/gz_cmake_vendor:/opt/ros/jazzy LD_LIBRARY_PATH=/Bt/install/grab2_msgs/lib:/Bt/install/behaviortree_ros2/lib:/Bt/install/btcpp_ros2_interfaces/lib:${LD_LIBRARY_PATH} PYTHONPATH=/Bt/install/grab2_msgs/lib/python3.12/site-packages:/Bt/install/btcpp_ros2_interfaces/lib/python3.12/site-packages:${PYTHONPATH} /usr/bin/cmake --install /Bt/build/grab2_planner
[4.026s] Level 1:colcon.colcon_core.environment:checking '/Bt/install/grab2_planner' for CMake config files
[4.027s] Level 1:colcon.colcon_core.shell:create_environment_hook('grab2_planner', 'cmake_prefix_path')
[4.027s] INFO:colcon.colcon_core.shell:Creating environment hook '/Bt/install/grab2_planner/share/grab2_planner/hook/cmake_prefix_path.ps1'
[4.028s] INFO:colcon.colcon_core.shell:Creating environment descriptor '/Bt/install/grab2_planner/share/grab2_planner/hook/cmake_prefix_path.dsv'
[4.029s] INFO:colcon.colcon_core.shell:Creating environment hook '/Bt/install/grab2_planner/share/grab2_planner/hook/cmake_prefix_path.sh'
[4.029s] Level 1:colcon.colcon_core.environment:checking '/Bt/install/grab2_planner/lib'
[4.030s] Level 1:colcon.colcon_core.shell:create_environment_hook('grab2_planner', 'ld_library_path_lib')
[4.030s] INFO:colcon.colcon_core.shell:Creating environment hook '/Bt/install/grab2_planner/share/grab2_planner/hook/ld_library_path_lib.ps1'
[4.030s] INFO:colcon.colcon_core.shell:Creating environment descriptor '/Bt/install/grab2_planner/share/grab2_planner/hook/ld_library_path_lib.dsv'
[4.031s] INFO:colcon.colcon_core.shell:Creating environment hook '/Bt/install/grab2_planner/share/grab2_planner/hook/ld_library_path_lib.sh'
[4.032s] Level 1:colcon.colcon_core.environment:checking '/Bt/install/grab2_planner/bin'
[4.032s] Level 1:colcon.colcon_core.environment:checking '/Bt/install/grab2_planner/lib/pkgconfig/grab2_planner.pc'
[4.032s] Level 1:colcon.colcon_core.environment:checking '/Bt/install/grab2_planner/lib/python3.12/site-packages'
[4.034s] Level 1:colcon.colcon_core.environment:checking '/Bt/install/grab2_planner/bin'
[4.034s] INFO:colcon.colcon_core.shell:Creating package script '/Bt/install/grab2_planner/share/grab2_planner/package.ps1'
[4.035s] INFO:colcon.colcon_core.shell:Creating package descriptor '/Bt/install/grab2_planner/share/grab2_planner/package.dsv'
[4.036s] INFO:colcon.colcon_core.shell:Creating package script '/Bt/install/grab2_planner/share/grab2_planner/package.sh'
[4.036s] INFO:colcon.colcon_core.shell:Creating package script '/Bt/install/grab2_planner/share/grab2_planner/package.bash'
[4.037s] INFO:colcon.colcon_core.shell:Creating package script '/Bt/install/grab2_planner/share/grab2_planner/package.zsh'
[4.037s] Level 1:colcon.colcon_core.environment:create_file_with_runtime_dependencies(/Bt/install/grab2_planner/share/colcon-core/packages/grab2_planner)
[4.038s] Level 1:colcon.colcon_core.environment:create_environment_scripts_only(grab2_planner)
[4.038s] Level 1:colcon.colcon_core.environment:checking '/Bt/install/grab2_planner' for CMake module files
[4.039s] Level 1:colcon.colcon_core.environment:checking '/Bt/install/grab2_planner' for CMake config files
[4.040s] Level 1:colcon.colcon_core.shell:create_environment_hook('grab2_planner', 'cmake_prefix_path')
[4.040s] INFO:colcon.colcon_core.shell:Creating environment hook '/Bt/install/grab2_planner/share/grab2_planner/hook/cmake_prefix_path.ps1'
[4.040s] INFO:colcon.colcon_core.shell:Creating environment descriptor '/Bt/install/grab2_planner/share/grab2_planner/hook/cmake_prefix_path.dsv'
[4.041s] INFO:colcon.colcon_core.shell:Creating environment hook '/Bt/install/grab2_planner/share/grab2_planner/hook/cmake_prefix_path.sh'
[4.042s] Level 1:colcon.colcon_core.environment:checking '/Bt/install/grab2_planner/lib'
[4.042s] Level 1:colcon.colcon_core.shell:create_environment_hook('grab2_planner', 'ld_library_path_lib')
[4.042s] INFO:colcon.colcon_core.shell:Creating environment hook '/Bt/install/grab2_planner/share/grab2_planner/hook/ld_library_path_lib.ps1'
[4.043s] INFO:colcon.colcon_core.shell:Creating environment descriptor '/Bt/install/grab2_planner/share/grab2_planner/hook/ld_library_path_lib.dsv'
[4.043s] INFO:colcon.colcon_core.shell:Creating environment hook '/Bt/install/grab2_planner/share/grab2_planner/hook/ld_library_path_lib.sh'
[4.044s] Level 1:colcon.colcon_core.environment:checking '/Bt/install/grab2_planner/bin'
[4.044s] Level 1:colcon.colcon_core.environment:checking '/Bt/install/grab2_planner/lib/pkgconfig/grab2_planner.pc'
[4.044s] Level 1:colcon.colcon_core.environment:checking '/Bt/install/grab2_planner/lib/python3.12/site-packages'
[4.045s] Level 1:colcon.colcon_core.environment:checking '/Bt/install/grab2_planner/bin'
[4.045s] INFO:colcon.colcon_core.shell:Creating package script '/Bt/install/grab2_planner/share/grab2_planner/package.ps1'
[4.046s] INFO:colcon.colcon_core.shell:Creating package descriptor '/Bt/install/grab2_planner/share/grab2_planner/package.dsv'
[4.047s] INFO:colcon.colcon_core.shell:Creating package script '/Bt/install/grab2_planner/share/grab2_planner/package.sh'
[4.048s] INFO:colcon.colcon_core.shell:Creating package script '/Bt/install/grab2_planner/share/grab2_planner/package.bash'
[4.048s] INFO:colcon.colcon_core.shell:Creating package script '/Bt/install/grab2_planner/share/grab2_planner/package.zsh'
[4.049s] Level 1:colcon.colcon_core.environment:create_file_with_runtime_dependencies(/Bt/install/grab2_planner/share/colcon-core/packages/grab2_planner)
[4.050s] INFO:colcon.colcon_ros.task.ament_cmake.build:Building ROS package in '/Bt/tiago_grab' with build type 'ament_cmake'
[4.050s] INFO:colcon.colcon_cmake.task.cmake.build:Building CMake package in '/Bt/tiago_grab'
[4.050s] INFO:colcon.colcon_core.shell:Skip shell extension 'powershell' for command environment: Not usable outside of PowerShell
[4.050s] DEBUG:colcon.colcon_core.shell:Skip shell extension 'dsv' for command environment
[4.060s] DEBUG:colcon.colcon_core.event_handler.log_command:Invoked command in '/Bt/build/pmb2_robot' returned '0': AMENT_PREFIX_PATH=/Bt/install/pmb2_bringup:/Bt/install/pmb2_description:/Bt/install/pmb2_controller_configuration:/Bt/install/pal_urdf_utils:/Bt/install/launch_pal:${AMENT_PREFIX_PATH} CMAKE_PREFIX_PATH=/Bt/install/pmb2_bringup:/Bt/install/pmb2_description:/Bt/install/pmb2_controller_configuration:/Bt/install/pal_urdf_utils:/opt/ros/jazzy/opt/gz_sim_vendor:/opt/ros/jazzy/opt/gz_sensors_vendor:/opt/ros/jazzy/opt/gz_physics_vendor:/opt/ros/jazzy/opt/sdformat_vendor:/opt/ros/jazzy/opt/gz_gui_vendor:/opt/ros/jazzy/opt/gz_transport_vendor:/opt/ros/jazzy/opt/gz_rendering_vendor:/opt/ros/jazzy/opt/gz_plugin_vendor:/opt/ros/jazzy/opt/gz_fuel_tools_vendor:/opt/ros/jazzy/opt/gz_msgs_vendor:/opt/ros/jazzy/opt/gz_common_vendor:/opt/ros/jazzy/opt/gz_math_vendor:/opt/ros/jazzy/opt/gz_utils_vendor:/opt/ros/jazzy/opt/gz_tools_vendor:/opt/ros/jazzy/opt/gz_ogre_next_vendor:/opt/ros/jazzy/opt/gz_dartsim_vendor:/opt/ros/jazzy/opt/gz_cmake_vendor:/opt/ros/jazzy PYTHONPATH=/Bt/install/pmb2_description/lib/python3.12/site-packages:/Bt/install/launch_pal/lib/python3.12/site-packages:${PYTHONPATH} /usr/bin/cmake --build /Bt/build/pmb2_robot -- -j8 -l8
[4.062s] DEBUG:colcon.colcon_core.event_handler.log_command:Invoking command in '/Bt/build/pmb2_robot': AMENT_PREFIX_PATH=/Bt/install/pmb2_bringup:/Bt/install/pmb2_description:/Bt/install/pmb2_controller_configuration:/Bt/install/pal_urdf_utils:/Bt/install/launch_pal:${AMENT_PREFIX_PATH} CMAKE_PREFIX_PATH=/Bt/install/pmb2_bringup:/Bt/install/pmb2_description:/Bt/install/pmb2_controller_configuration:/Bt/install/pal_urdf_utils:/opt/ros/jazzy/opt/gz_sim_vendor:/opt/ros/jazzy/opt/gz_sensors_vendor:/opt/ros/jazzy/opt/gz_physics_vendor:/opt/ros/jazzy/opt/sdformat_vendor:/opt/ros/jazzy/opt/gz_gui_vendor:/opt/ros/jazzy/opt/gz_transport_vendor:/opt/ros/jazzy/opt/gz_rendering_vendor:/opt/ros/jazzy/opt/gz_plugin_vendor:/opt/ros/jazzy/opt/gz_fuel_tools_vendor:/opt/ros/jazzy/opt/gz_msgs_vendor:/opt/ros/jazzy/opt/gz_common_vendor:/opt/ros/jazzy/opt/gz_math_vendor:/opt/ros/jazzy/opt/gz_utils_vendor:/opt/ros/jazzy/opt/gz_tools_vendor:/opt/ros/jazzy/opt/gz_ogre_next_vendor:/opt/ros/jazzy/opt/gz_dartsim_vendor:/opt/ros/jazzy/opt/gz_cmake_vendor:/opt/ros/jazzy PYTHONPATH=/Bt/install/pmb2_description/lib/python3.12/site-packages:/Bt/install/launch_pal/lib/python3.12/site-packages:${PYTHONPATH} /usr/bin/cmake --install /Bt/build/pmb2_robot
[4.063s] DEBUG:colcon.colcon_core.event_handler.log_command:Invoked command in '/Bt/build/omni_base_robot' returned '0': AMENT_PREFIX_PATH=/Bt/install/omni_base_bringup:/Bt/install/omni_base_description:/Bt/install/pal_urdf_utils:/Bt/install/omni_base_controller_configuration:/Bt/install/launch_pal:${AMENT_PREFIX_PATH} CMAKE_PREFIX_PATH=/Bt/install/omni_base_bringup:/Bt/install/omni_base_description:/Bt/install/pal_urdf_utils:/Bt/install/omni_base_controller_configuration:/opt/ros/jazzy/opt/gz_sim_vendor:/opt/ros/jazzy/opt/gz_sensors_vendor:/opt/ros/jazzy/opt/gz_physics_vendor:/opt/ros/jazzy/opt/sdformat_vendor:/opt/ros/jazzy/opt/gz_gui_vendor:/opt/ros/jazzy/opt/gz_transport_vendor:/opt/ros/jazzy/opt/gz_rendering_vendor:/opt/ros/jazzy/opt/gz_plugin_vendor:/opt/ros/jazzy/opt/gz_fuel_tools_vendor:/opt/ros/jazzy/opt/gz_msgs_vendor:/opt/ros/jazzy/opt/gz_common_vendor:/opt/ros/jazzy/opt/gz_math_vendor:/opt/ros/jazzy/opt/gz_utils_vendor:/opt/ros/jazzy/opt/gz_tools_vendor:/opt/ros/jazzy/opt/gz_ogre_next_vendor:/opt/ros/jazzy/opt/gz_dartsim_vendor:/opt/ros/jazzy/opt/gz_cmake_vendor:/opt/ros/jazzy PYTHONPATH=/Bt/install/omni_base_description/lib/python3.12/site-packages:/Bt/install/launch_pal/lib/python3.12/site-packages:${PYTHONPATH} /usr/bin/cmake --build /Bt/build/omni_base_robot -- -j8 -l8
[4.063s] DEBUG:colcon.colcon_core.event_handler.log_command:Invoking command in '/Bt/build/omni_base_robot': AMENT_PREFIX_PATH=/Bt/install/omni_base_bringup:/Bt/install/omni_base_description:/Bt/install/pal_urdf_utils:/Bt/install/omni_base_controller_configuration:/Bt/install/launch_pal:${AMENT_PREFIX_PATH} CMAKE_PREFIX_PATH=/Bt/install/omni_base_bringup:/Bt/install/omni_base_description:/Bt/install/pal_urdf_utils:/Bt/install/omni_base_controller_configuration:/opt/ros/jazzy/opt/gz_sim_vendor:/opt/ros/jazzy/opt/gz_sensors_vendor:/opt/ros/jazzy/opt/gz_physics_vendor:/opt/ros/jazzy/opt/sdformat_vendor:/opt/ros/jazzy/opt/gz_gui_vendor:/opt/ros/jazzy/opt/gz_transport_vendor:/opt/ros/jazzy/opt/gz_rendering_vendor:/opt/ros/jazzy/opt/gz_plugin_vendor:/opt/ros/jazzy/opt/gz_fuel_tools_vendor:/opt/ros/jazzy/opt/gz_msgs_vendor:/opt/ros/jazzy/opt/gz_common_vendor:/opt/ros/jazzy/opt/gz_math_vendor:/opt/ros/jazzy/opt/gz_utils_vendor:/opt/ros/jazzy/opt/gz_tools_vendor:/opt/ros/jazzy/opt/gz_ogre_next_vendor:/opt/ros/jazzy/opt/gz_dartsim_vendor:/opt/ros/jazzy/opt/gz_cmake_vendor:/opt/ros/jazzy PYTHONPATH=/Bt/install/omni_base_description/lib/python3.12/site-packages:/Bt/install/launch_pal/lib/python3.12/site-packages:${PYTHONPATH} /usr/bin/cmake --install /Bt/build/omni_base_robot
[4.076s] Level 1:colcon.colcon_core.environment:create_environment_scripts_only(pmb2_robot)
[4.077s] Level 1:colcon.colcon_core.environment:checking '/Bt/install/pmb2_robot' for CMake module files
[4.078s] DEBUG:colcon.colcon_core.event_handler.log_command:Invoked command in '/Bt/build/pmb2_robot' returned '0': AMENT_PREFIX_PATH=/Bt/install/pmb2_bringup:/Bt/install/pmb2_description:/Bt/install/pmb2_controller_configuration:/Bt/install/pal_urdf_utils:/Bt/install/launch_pal:${AMENT_PREFIX_PATH} CMAKE_PREFIX_PATH=/Bt/install/pmb2_bringup:/Bt/install/pmb2_description:/Bt/install/pmb2_controller_configuration:/Bt/install/pal_urdf_utils:/opt/ros/jazzy/opt/gz_sim_vendor:/opt/ros/jazzy/opt/gz_sensors_vendor:/opt/ros/jazzy/opt/gz_physics_vendor:/opt/ros/jazzy/opt/sdformat_vendor:/opt/ros/jazzy/opt/gz_gui_vendor:/opt/ros/jazzy/opt/gz_transport_vendor:/opt/ros/jazzy/opt/gz_rendering_vendor:/opt/ros/jazzy/opt/gz_plugin_vendor:/opt/ros/jazzy/opt/gz_fuel_tools_vendor:/opt/ros/jazzy/opt/gz_msgs_vendor:/opt/ros/jazzy/opt/gz_common_vendor:/opt/ros/jazzy/opt/gz_math_vendor:/opt/ros/jazzy/opt/gz_utils_vendor:/opt/ros/jazzy/opt/gz_tools_vendor:/opt/ros/jazzy/opt/gz_ogre_next_vendor:/opt/ros/jazzy/opt/gz_dartsim_vendor:/opt/ros/jazzy/opt/gz_cmake_vendor:/opt/ros/jazzy PYTHONPATH=/Bt/install/pmb2_description/lib/python3.12/site-packages:/Bt/install/launch_pal/lib/python3.12/site-packages:${PYTHONPATH} /usr/bin/cmake --install /Bt/build/pmb2_robot
[4.079s] Level 1:colcon.colcon_core.environment:checking '/Bt/install/pmb2_robot' for CMake config files
[4.079s] Level 1:colcon.colcon_core.shell:create_environment_hook('pmb2_robot', 'cmake_prefix_path')
[4.079s] INFO:colcon.colcon_core.shell:Creating environment hook '/Bt/install/pmb2_robot/share/pmb2_robot/hook/cmake_prefix_path.ps1'
[4.080s] INFO:colcon.colcon_core.shell:Creating environment descriptor '/Bt/install/pmb2_robot/share/pmb2_robot/hook/cmake_prefix_path.dsv'
[4.080s] INFO:colcon.colcon_core.shell:Creating environment hook '/Bt/install/pmb2_robot/share/pmb2_robot/hook/cmake_prefix_path.sh'
[4.080s] Level 1:colcon.colcon_core.environment:checking '/Bt/install/pmb2_robot/bin'
[4.080s] Level 1:colcon.colcon_core.environment:checking '/Bt/install/pmb2_robot/lib/pkgconfig/pmb2_robot.pc'
[4.081s] Level 1:colcon.colcon_core.environment:checking '/Bt/install/pmb2_robot/lib/python3.12/site-packages'
[4.081s] Level 1:colcon.colcon_core.environment:checking '/Bt/install/pmb2_robot/bin'
[4.081s] INFO:colcon.colcon_core.shell:Creating package script '/Bt/install/pmb2_robot/share/pmb2_robot/package.ps1'
[4.082s] INFO:colcon.colcon_core.shell:Creating package descriptor '/Bt/install/pmb2_robot/share/pmb2_robot/package.dsv'
[4.083s] INFO:colcon.colcon_core.shell:Creating package script '/Bt/install/pmb2_robot/share/pmb2_robot/package.sh'
[4.085s] INFO:colcon.colcon_core.shell:Creating package script '/Bt/install/pmb2_robot/share/pmb2_robot/package.bash'
[4.085s] INFO:colcon.colcon_core.shell:Creating package script '/Bt/install/pmb2_robot/share/pmb2_robot/package.zsh'
[4.086s] Level 1:colcon.colcon_core.environment:create_file_with_runtime_dependencies(/Bt/install/pmb2_robot/share/colcon-core/packages/pmb2_robot)
[4.087s] Level 1:colcon.colcon_core.environment:create_environment_scripts_only(pmb2_robot)
[4.087s] Level 1:colcon.colcon_core.environment:checking '/Bt/install/pmb2_robot' for CMake module files
[4.088s] Level 1:colcon.colcon_core.environment:checking '/Bt/install/pmb2_robot' for CMake config files
[4.088s] Level 1:colcon.colcon_core.shell:create_environment_hook('pmb2_robot', 'cmake_prefix_path')
[4.088s] INFO:colcon.colcon_core.shell:Creating environment hook '/Bt/install/pmb2_robot/share/pmb2_robot/hook/cmake_prefix_path.ps1'
[4.089s] INFO:colcon.colcon_core.shell:Creating environment descriptor '/Bt/install/pmb2_robot/share/pmb2_robot/hook/cmake_prefix_path.dsv'
[4.089s] INFO:colcon.colcon_core.shell:Creating environment hook '/Bt/install/pmb2_robot/share/pmb2_robot/hook/cmake_prefix_path.sh'
[4.090s] Level 1:colcon.colcon_core.environment:checking '/Bt/install/pmb2_robot/bin'
[4.090s] Level 1:colcon.colcon_core.environment:checking '/Bt/install/pmb2_robot/lib/pkgconfig/pmb2_robot.pc'
[4.090s] Level 1:colcon.colcon_core.environment:checking '/Bt/install/pmb2_robot/lib/python3.12/site-packages'
[4.091s] Level 1:colcon.colcon_core.environment:checking '/Bt/install/pmb2_robot/bin'
[4.091s] INFO:colcon.colcon_core.shell:Creating package script '/Bt/install/pmb2_robot/share/pmb2_robot/package.ps1'
[4.091s] INFO:colcon.colcon_core.shell:Creating package descriptor '/Bt/install/pmb2_robot/share/pmb2_robot/package.dsv'
[4.092s] INFO:colcon.colcon_core.shell:Creating package script '/Bt/install/pmb2_robot/share/pmb2_robot/package.sh'
[4.092s] INFO:colcon.colcon_core.shell:Creating package script '/Bt/install/pmb2_robot/share/pmb2_robot/package.bash'
[4.093s] INFO:colcon.colcon_core.shell:Creating package script '/Bt/install/pmb2_robot/share/pmb2_robot/package.zsh'
[4.093s] Level 1:colcon.colcon_core.environment:create_file_with_runtime_dependencies(/Bt/install/pmb2_robot/share/colcon-core/packages/pmb2_robot)
[4.097s] DEBUG:colcon.colcon_core.event_handler.log_command:Invoking command in '/Bt/build/tiago_grab': AMENT_PREFIX_PATH=/Bt/install/grab2_planner:/Bt/install/grab2_bt_grabber:/Bt/install/grab2_ros_common:/Bt/install/grab2_behavior_tree:/Bt/install/grab2_msgs:/Bt/install/behaviortree_ros2:/Bt/install/btcpp_ros2_interfaces:${AMENT_PREFIX_PATH} CMAKE_PREFIX_PATH=/Bt/install/grab2_planner:/Bt/install/grab2_bt_grabber:/Bt/install/grab2_ros_common:/Bt/install/grab2_behavior_tree:/Bt/install/grab2_msgs:/Bt/install/behaviortree_ros2:/Bt/install/btcpp_ros2_interfaces:/opt/ros/jazzy/opt/gz_sim_vendor:/opt/ros/jazzy/opt/gz_sensors_vendor:/opt/ros/jazzy/opt/gz_physics_vendor:/opt/ros/jazzy/opt/sdformat_vendor:/opt/ros/jazzy/opt/gz_gui_vendor:/opt/ros/jazzy/opt/gz_transport_vendor:/opt/ros/jazzy/opt/gz_rendering_vendor:/opt/ros/jazzy/opt/gz_plugin_vendor:/opt/ros/jazzy/opt/gz_fuel_tools_vendor:/opt/ros/jazzy/opt/gz_msgs_vendor:/opt/ros/jazzy/opt/gz_common_vendor:/opt/ros/jazzy/opt/gz_math_vendor:/opt/ros/jazzy/opt/gz_utils_vendor:/opt/ros/jazzy/opt/gz_tools_vendor:/opt/ros/jazzy/opt/gz_ogre_next_vendor:/opt/ros/jazzy/opt/gz_dartsim_vendor:/opt/ros/jazzy/opt/gz_cmake_vendor:/opt/ros/jazzy LD_LIBRARY_PATH=/Bt/install/grab2_planner/lib:/Bt/install/grab2_bt_grabber/lib:/Bt/install/grab2_behavior_tree/lib:/Bt/install/grab2_msgs/lib:/Bt/install/behaviortree_ros2/lib:/Bt/install/btcpp_ros2_interfaces/lib:${LD_LIBRARY_PATH} PYTHONPATH=/Bt/install/grab2_msgs/lib/python3.12/site-packages:/Bt/install/btcpp_ros2_interfaces/lib/python3.12/site-packages:${PYTHONPATH} /usr/bin/cmake --build /Bt/build/tiago_grab -- -j8 -l8
[4.098s] Level 1:colcon.colcon_core.environment:create_environment_scripts_only(omni_base_robot)
[4.098s] Level 1:colcon.colcon_core.environment:checking '/Bt/install/omni_base_robot' for CMake module files
[4.099s] DEBUG:colcon.colcon_core.event_handler.log_command:Invoked command in '/Bt/build/omni_base_robot' returned '0': AMENT_PREFIX_PATH=/Bt/install/omni_base_bringup:/Bt/install/omni_base_description:/Bt/install/pal_urdf_utils:/Bt/install/omni_base_controller_configuration:/Bt/install/launch_pal:${AMENT_PREFIX_PATH} CMAKE_PREFIX_PATH=/Bt/install/omni_base_bringup:/Bt/install/omni_base_description:/Bt/install/pal_urdf_utils:/Bt/install/omni_base_controller_configuration:/opt/ros/jazzy/opt/gz_sim_vendor:/opt/ros/jazzy/opt/gz_sensors_vendor:/opt/ros/jazzy/opt/gz_physics_vendor:/opt/ros/jazzy/opt/sdformat_vendor:/opt/ros/jazzy/opt/gz_gui_vendor:/opt/ros/jazzy/opt/gz_transport_vendor:/opt/ros/jazzy/opt/gz_rendering_vendor:/opt/ros/jazzy/opt/gz_plugin_vendor:/opt/ros/jazzy/opt/gz_fuel_tools_vendor:/opt/ros/jazzy/opt/gz_msgs_vendor:/opt/ros/jazzy/opt/gz_common_vendor:/opt/ros/jazzy/opt/gz_math_vendor:/opt/ros/jazzy/opt/gz_utils_vendor:/opt/ros/jazzy/opt/gz_tools_vendor:/opt/ros/jazzy/opt/gz_ogre_next_vendor:/opt/ros/jazzy/opt/gz_dartsim_vendor:/opt/ros/jazzy/opt/gz_cmake_vendor:/opt/ros/jazzy PYTHONPATH=/Bt/install/omni_base_description/lib/python3.12/site-packages:/Bt/install/launch_pal/lib/python3.12/site-packages:${PYTHONPATH} /usr/bin/cmake --install /Bt/build/omni_base_robot
[4.100s] Level 1:colcon.colcon_core.environment:checking '/Bt/install/omni_base_robot' for CMake config files
[4.100s] Level 1:colcon.colcon_core.shell:create_environment_hook('omni_base_robot', 'cmake_prefix_path')
[4.101s] INFO:colcon.colcon_core.shell:Creating environment hook '/Bt/install/omni_base_robot/share/omni_base_robot/hook/cmake_prefix_path.ps1'
[4.101s] INFO:colcon.colcon_core.shell:Creating environment descriptor '/Bt/install/omni_base_robot/share/omni_base_robot/hook/cmake_prefix_path.dsv'
[4.102s] INFO:colcon.colcon_core.shell:Creating environment hook '/Bt/install/omni_base_robot/share/omni_base_robot/hook/cmake_prefix_path.sh'
[4.103s] Level 1:colcon.colcon_core.environment:checking '/Bt/install/omni_base_robot/bin'
[4.103s] Level 1:colcon.colcon_core.environment:checking '/Bt/install/omni_base_robot/lib/pkgconfig/omni_base_robot.pc'
[4.103s] Level 1:colcon.colcon_core.environment:checking '/Bt/install/omni_base_robot/lib/python3.12/site-packages'
[4.104s] Level 1:colcon.colcon_core.environment:checking '/Bt/install/omni_base_robot/bin'
[4.104s] INFO:colcon.colcon_core.shell:Creating package script '/Bt/install/omni_base_robot/share/omni_base_robot/package.ps1'
[4.105s] INFO:colcon.colcon_core.shell:Creating package descriptor '/Bt/install/omni_base_robot/share/omni_base_robot/package.dsv'
[4.105s] INFO:colcon.colcon_core.shell:Creating package script '/Bt/install/omni_base_robot/share/omni_base_robot/package.sh'
[4.106s] INFO:colcon.colcon_core.shell:Creating package script '/Bt/install/omni_base_robot/share/omni_base_robot/package.bash'
[4.106s] INFO:colcon.colcon_core.shell:Creating package script '/Bt/install/omni_base_robot/share/omni_base_robot/package.zsh'
[4.107s] Level 1:colcon.colcon_core.environment:create_file_with_runtime_dependencies(/Bt/install/omni_base_robot/share/colcon-core/packages/omni_base_robot)
[4.108s] Level 1:colcon.colcon_core.environment:create_environment_scripts_only(omni_base_robot)
[4.108s] Level 1:colcon.colcon_core.environment:checking '/Bt/install/omni_base_robot' for CMake module files
[4.109s] Level 1:colcon.colcon_core.environment:checking '/Bt/install/omni_base_robot' for CMake config files
[4.109s] Level 1:colcon.colcon_core.shell:create_environment_hook('omni_base_robot', 'cmake_prefix_path')
[4.109s] INFO:colcon.colcon_core.shell:Creating environment hook '/Bt/install/omni_base_robot/share/omni_base_robot/hook/cmake_prefix_path.ps1'
[4.109s] INFO:colcon.colcon_core.shell:Creating environment descriptor '/Bt/install/omni_base_robot/share/omni_base_robot/hook/cmake_prefix_path.dsv'
[4.110s] INFO:colcon.colcon_core.shell:Creating environment hook '/Bt/install/omni_base_robot/share/omni_base_robot/hook/cmake_prefix_path.sh'
[4.110s] Level 1:colcon.colcon_core.environment:checking '/Bt/install/omni_base_robot/bin'
[4.110s] Level 1:colcon.colcon_core.environment:checking '/Bt/install/omni_base_robot/lib/pkgconfig/omni_base_robot.pc'
[4.111s] Level 1:colcon.colcon_core.environment:checking '/Bt/install/omni_base_robot/lib/python3.12/site-packages'
[4.111s] Level 1:colcon.colcon_core.environment:checking '/Bt/install/omni_base_robot/bin'
[4.112s] INFO:colcon.colcon_core.shell:Creating package script '/Bt/install/omni_base_robot/share/omni_base_robot/package.ps1'
[4.112s] INFO:colcon.colcon_core.shell:Creating package descriptor '/Bt/install/omni_base_robot/share/omni_base_robot/package.dsv'
[4.113s] INFO:colcon.colcon_core.shell:Creating package script '/Bt/install/omni_base_robot/share/omni_base_robot/package.sh'
[4.114s] INFO:colcon.colcon_core.shell:Creating package script '/Bt/install/omni_base_robot/share/omni_base_robot/package.bash'
[4.114s] INFO:colcon.colcon_core.shell:Creating package script '/Bt/install/omni_base_robot/share/omni_base_robot/package.zsh'
[4.115s] Level 1:colcon.colcon_core.environment:create_file_with_runtime_dependencies(/Bt/install/omni_base_robot/share/colcon-core/packages/omni_base_robot)
[4.140s] DEBUG:colcon.colcon_core.event_handler.log_command:Invoked command in '/Bt/build/grab2_grasp_generator' returned '0': AMENT_PREFIX_PATH=/Bt/install/grab2_ros_common:/Bt/install/grab2_msgs:/Bt/install/behaviortree_ros2:/Bt/install/btcpp_ros2_interfaces:${AMENT_PREFIX_PATH} CMAKE_PREFIX_PATH=/Bt/install/grab2_ros_common:/Bt/install/grab2_msgs:/Bt/install/behaviortree_ros2:/Bt/install/btcpp_ros2_interfaces:/opt/ros/jazzy/opt/gz_sim_vendor:/opt/ros/jazzy/opt/gz_sensors_vendor:/opt/ros/jazzy/opt/gz_physics_vendor:/opt/ros/jazzy/opt/sdformat_vendor:/opt/ros/jazzy/opt/gz_gui_vendor:/opt/ros/jazzy/opt/gz_transport_vendor:/opt/ros/jazzy/opt/gz_rendering_vendor:/opt/ros/jazzy/opt/gz_plugin_vendor:/opt/ros/jazzy/opt/gz_fuel_tools_vendor:/opt/ros/jazzy/opt/gz_msgs_vendor:/opt/ros/jazzy/opt/gz_common_vendor:/opt/ros/jazzy/opt/gz_math_vendor:/opt/ros/jazzy/opt/gz_utils_vendor:/opt/ros/jazzy/opt/gz_tools_vendor:/opt/ros/jazzy/opt/gz_ogre_next_vendor:/opt/ros/jazzy/opt/gz_dartsim_vendor:/opt/ros/jazzy/opt/gz_cmake_vendor:/opt/ros/jazzy LD_LIBRARY_PATH=/Bt/install/grab2_msgs/lib:/Bt/install/behaviortree_ros2/lib:/Bt/install/btcpp_ros2_interfaces/lib:${LD_LIBRARY_PATH} PYTHONPATH=/Bt/install/grab2_msgs/lib/python3.12/site-packages:/Bt/install/btcpp_ros2_interfaces/lib/python3.12/site-packages:${PYTHONPATH} /usr/bin/cmake --build /Bt/build/grab2_grasp_generator -- -j8 -l8
[4.142s] DEBUG:colcon.colcon_core.event_handler.log_command:Invoking command in '/Bt/build/grab2_grasp_generator': AMENT_PREFIX_PATH=/Bt/install/grab2_ros_common:/Bt/install/grab2_msgs:/Bt/install/behaviortree_ros2:/Bt/install/btcpp_ros2_interfaces:${AMENT_PREFIX_PATH} CMAKE_PREFIX_PATH=/Bt/install/grab2_ros_common:/Bt/install/grab2_msgs:/Bt/install/behaviortree_ros2:/Bt/install/btcpp_ros2_interfaces:/opt/ros/jazzy/opt/gz_sim_vendor:/opt/ros/jazzy/opt/gz_sensors_vendor:/opt/ros/jazzy/opt/gz_physics_vendor:/opt/ros/jazzy/opt/sdformat_vendor:/opt/ros/jazzy/opt/gz_gui_vendor:/opt/ros/jazzy/opt/gz_transport_vendor:/opt/ros/jazzy/opt/gz_rendering_vendor:/opt/ros/jazzy/opt/gz_plugin_vendor:/opt/ros/jazzy/opt/gz_fuel_tools_vendor:/opt/ros/jazzy/opt/gz_msgs_vendor:/opt/ros/jazzy/opt/gz_common_vendor:/opt/ros/jazzy/opt/gz_math_vendor:/opt/ros/jazzy/opt/gz_utils_vendor:/opt/ros/jazzy/opt/gz_tools_vendor:/opt/ros/jazzy/opt/gz_ogre_next_vendor:/opt/ros/jazzy/opt/gz_dartsim_vendor:/opt/ros/jazzy/opt/gz_cmake_vendor:/opt/ros/jazzy LD_LIBRARY_PATH=/Bt/install/grab2_msgs/lib:/Bt/install/behaviortree_ros2/lib:/Bt/install/btcpp_ros2_interfaces/lib:${LD_LIBRARY_PATH} PYTHONPATH=/Bt/install/grab2_msgs/lib/python3.12/site-packages:/Bt/install/btcpp_ros2_interfaces/lib/python3.12/site-packages:${PYTHONPATH} /usr/bin/cmake --install /Bt/build/grab2_grasp_generator
[4.157s] Level 1:colcon.colcon_core.environment:create_environment_scripts_only(grab2_grasp_generator)
[4.157s] Level 1:colcon.colcon_core.environment:checking '/Bt/install/grab2_grasp_generator' for CMake module files
[4.157s] DEBUG:colcon.colcon_core.event_handler.log_command:Invoked command in '/Bt/build/grab2_grasp_generator' returned '0': AMENT_PREFIX_PATH=/Bt/install/grab2_ros_common:/Bt/install/grab2_msgs:/Bt/install/behaviortree_ros2:/Bt/install/btcpp_ros2_interfaces:${AMENT_PREFIX_PATH} CMAKE_PREFIX_PATH=/Bt/install/grab2_ros_common:/Bt/install/grab2_msgs:/Bt/install/behaviortree_ros2:/Bt/install/btcpp_ros2_interfaces:/opt/ros/jazzy/opt/gz_sim_vendor:/opt/ros/jazzy/opt/gz_sensors_vendor:/opt/ros/jazzy/opt/gz_physics_vendor:/opt/ros/jazzy/opt/sdformat_vendor:/opt/ros/jazzy/opt/gz_gui_vendor:/opt/ros/jazzy/opt/gz_transport_vendor:/opt/ros/jazzy/opt/gz_rendering_vendor:/opt/ros/jazzy/opt/gz_plugin_vendor:/opt/ros/jazzy/opt/gz_fuel_tools_vendor:/opt/ros/jazzy/opt/gz_msgs_vendor:/opt/ros/jazzy/opt/gz_common_vendor:/opt/ros/jazzy/opt/gz_math_vendor:/opt/ros/jazzy/opt/gz_utils_vendor:/opt/ros/jazzy/opt/gz_tools_vendor:/opt/ros/jazzy/opt/gz_ogre_next_vendor:/opt/ros/jazzy/opt/gz_dartsim_vendor:/opt/ros/jazzy/opt/gz_cmake_vendor:/opt/ros/jazzy LD_LIBRARY_PATH=/Bt/install/grab2_msgs/lib:/Bt/install/behaviortree_ros2/lib:/Bt/install/btcpp_ros2_interfaces/lib:${LD_LIBRARY_PATH} PYTHONPATH=/Bt/install/grab2_msgs/lib/python3.12/site-packages:/Bt/install/btcpp_ros2_interfaces/lib/python3.12/site-packages:${PYTHONPATH} /usr/bin/cmake --install /Bt/build/grab2_grasp_generator
[4.158s] Level 1:colcon.colcon_core.environment:checking '/Bt/install/grab2_grasp_generator' for CMake config files
[4.159s] Level 1:colcon.colcon_core.shell:create_environment_hook('grab2_grasp_generator', 'cmake_prefix_path')
[4.159s] INFO:colcon.colcon_core.shell:Creating environment hook '/Bt/install/grab2_grasp_generator/share/grab2_grasp_generator/hook/cmake_prefix_path.ps1'
[4.160s] INFO:colcon.colcon_core.shell:Creating environment descriptor '/Bt/install/grab2_grasp_generator/share/grab2_grasp_generator/hook/cmake_prefix_path.dsv'
[4.160s] INFO:colcon.colcon_core.shell:Creating environment hook '/Bt/install/grab2_grasp_generator/share/grab2_grasp_generator/hook/cmake_prefix_path.sh'
[4.161s] Level 1:colcon.colcon_core.environment:checking '/Bt/install/grab2_grasp_generator/lib'
[4.161s] Level 1:colcon.colcon_core.shell:create_environment_hook('grab2_grasp_generator', 'ld_library_path_lib')
[4.161s] INFO:colcon.colcon_core.shell:Creating environment hook '/Bt/install/grab2_grasp_generator/share/grab2_grasp_generator/hook/ld_library_path_lib.ps1'
[4.162s] INFO:colcon.colcon_core.shell:Creating environment descriptor '/Bt/install/grab2_grasp_generator/share/grab2_grasp_generator/hook/ld_library_path_lib.dsv'
[4.162s] INFO:colcon.colcon_core.shell:Creating environment hook '/Bt/install/grab2_grasp_generator/share/grab2_grasp_generator/hook/ld_library_path_lib.sh'
[4.163s] Level 1:colcon.colcon_core.environment:checking '/Bt/install/grab2_grasp_generator/bin'
[4.163s] Level 1:colcon.colcon_core.environment:checking '/Bt/install/grab2_grasp_generator/lib/pkgconfig/grab2_grasp_generator.pc'
[4.163s] Level 1:colcon.colcon_core.environment:checking '/Bt/install/grab2_grasp_generator/lib/python3.12/site-packages'
[4.164s] Level 1:colcon.colcon_core.environment:checking '/Bt/install/grab2_grasp_generator/bin'
[4.164s] INFO:colcon.colcon_core.shell:Creating package script '/Bt/install/grab2_grasp_generator/share/grab2_grasp_generator/package.ps1'
[4.165s] INFO:colcon.colcon_core.shell:Creating package descriptor '/Bt/install/grab2_grasp_generator/share/grab2_grasp_generator/package.dsv'
[4.166s] INFO:colcon.colcon_core.shell:Creating package script '/Bt/install/grab2_grasp_generator/share/grab2_grasp_generator/package.sh'
[4.166s] INFO:colcon.colcon_core.shell:Creating package script '/Bt/install/grab2_grasp_generator/share/grab2_grasp_generator/package.bash'
[4.167s] INFO:colcon.colcon_core.shell:Creating package script '/Bt/install/grab2_grasp_generator/share/grab2_grasp_generator/package.zsh'
[4.167s] Level 1:colcon.colcon_core.environment:create_file_with_runtime_dependencies(/Bt/install/grab2_grasp_generator/share/colcon-core/packages/grab2_grasp_generator)
[4.168s] Level 1:colcon.colcon_core.environment:create_environment_scripts_only(grab2_grasp_generator)
[4.168s] Level 1:colcon.colcon_core.environment:checking '/Bt/install/grab2_grasp_generator' for CMake module files
[4.170s] Level 1:colcon.colcon_core.environment:checking '/Bt/install/grab2_grasp_generator' for CMake config files
[4.170s] Level 1:colcon.colcon_core.shell:create_environment_hook('grab2_grasp_generator', 'cmake_prefix_path')
[4.170s] INFO:colcon.colcon_core.shell:Creating environment hook '/Bt/install/grab2_grasp_generator/share/grab2_grasp_generator/hook/cmake_prefix_path.ps1'
[4.171s] INFO:colcon.colcon_core.shell:Creating environment descriptor '/Bt/install/grab2_grasp_generator/share/grab2_grasp_generator/hook/cmake_prefix_path.dsv'
[4.172s] INFO:colcon.colcon_core.shell:Creating environment hook '/Bt/install/grab2_grasp_generator/share/grab2_grasp_generator/hook/cmake_prefix_path.sh'
[4.173s] Level 1:colcon.colcon_core.environment:checking '/Bt/install/grab2_grasp_generator/lib'
[4.173s] Level 1:colcon.colcon_core.shell:create_environment_hook('grab2_grasp_generator', 'ld_library_path_lib')
[4.173s] INFO:colcon.colcon_core.shell:Creating environment hook '/Bt/install/grab2_grasp_generator/share/grab2_grasp_generator/hook/ld_library_path_lib.ps1'
[4.174s] INFO:colcon.colcon_core.shell:Creating environment descriptor '/Bt/install/grab2_grasp_generator/share/grab2_grasp_generator/hook/ld_library_path_lib.dsv'
[4.174s] INFO:colcon.colcon_core.shell:Creating environment hook '/Bt/install/grab2_grasp_generator/share/grab2_grasp_generator/hook/ld_library_path_lib.sh'
[4.175s] Level 1:colcon.colcon_core.environment:checking '/Bt/install/grab2_grasp_generator/bin'
[4.175s] Level 1:colcon.colcon_core.environment:checking '/Bt/install/grab2_grasp_generator/lib/pkgconfig/grab2_grasp_generator.pc'
[4.175s] Level 1:colcon.colcon_core.environment:checking '/Bt/install/grab2_grasp_generator/lib/python3.12/site-packages'
[4.176s] Level 1:colcon.colcon_core.environment:checking '/Bt/install/grab2_grasp_generator/bin'
[4.176s] INFO:colcon.colcon_core.shell:Creating package script '/Bt/install/grab2_grasp_generator/share/grab2_grasp_generator/package.ps1'
[4.177s] INFO:colcon.colcon_core.shell:Creating package descriptor '/Bt/install/grab2_grasp_generator/share/grab2_grasp_generator/package.dsv'
[4.178s] INFO:colcon.colcon_core.shell:Creating package script '/Bt/install/grab2_grasp_generator/share/grab2_grasp_generator/package.sh'
[4.178s] INFO:colcon.colcon_core.shell:Creating package script '/Bt/install/grab2_grasp_generator/share/grab2_grasp_generator/package.bash'
[4.179s] INFO:colcon.colcon_core.shell:Creating package script '/Bt/install/grab2_grasp_generator/share/grab2_grasp_generator/package.zsh'
[4.180s] Level 1:colcon.colcon_core.environment:create_file_with_runtime_dependencies(/Bt/install/grab2_grasp_generator/share/colcon-core/packages/grab2_grasp_generator)
[4.181s] DEBUG:colcon.colcon_core.event_handler.log_command:Invoked command in '/Bt/build/tiago_grab' returned '0': AMENT_PREFIX_PATH=/Bt/install/grab2_planner:/Bt/install/grab2_bt_grabber:/Bt/install/grab2_ros_common:/Bt/install/grab2_behavior_tree:/Bt/install/grab2_msgs:/Bt/install/behaviortree_ros2:/Bt/install/btcpp_ros2_interfaces:${AMENT_PREFIX_PATH} CMAKE_PREFIX_PATH=/Bt/install/grab2_planner:/Bt/install/grab2_bt_grabber:/Bt/install/grab2_ros_common:/Bt/install/grab2_behavior_tree:/Bt/install/grab2_msgs:/Bt/install/behaviortree_ros2:/Bt/install/btcpp_ros2_interfaces:/opt/ros/jazzy/opt/gz_sim_vendor:/opt/ros/jazzy/opt/gz_sensors_vendor:/opt/ros/jazzy/opt/gz_physics_vendor:/opt/ros/jazzy/opt/sdformat_vendor:/opt/ros/jazzy/opt/gz_gui_vendor:/opt/ros/jazzy/opt/gz_transport_vendor:/opt/ros/jazzy/opt/gz_rendering_vendor:/opt/ros/jazzy/opt/gz_plugin_vendor:/opt/ros/jazzy/opt/gz_fuel_tools_vendor:/opt/ros/jazzy/opt/gz_msgs_vendor:/opt/ros/jazzy/opt/gz_common_vendor:/opt/ros/jazzy/opt/gz_math_vendor:/opt/ros/jazzy/opt/gz_utils_vendor:/opt/ros/jazzy/opt/gz_tools_vendor:/opt/ros/jazzy/opt/gz_ogre_next_vendor:/opt/ros/jazzy/opt/gz_dartsim_vendor:/opt/ros/jazzy/opt/gz_cmake_vendor:/opt/ros/jazzy LD_LIBRARY_PATH=/Bt/install/grab2_planner/lib:/Bt/install/grab2_bt_grabber/lib:/Bt/install/grab2_behavior_tree/lib:/Bt/install/grab2_msgs/lib:/Bt/install/behaviortree_ros2/lib:/Bt/install/btcpp_ros2_interfaces/lib:${LD_LIBRARY_PATH} PYTHONPATH=/Bt/install/grab2_msgs/lib/python3.12/site-packages:/Bt/install/btcpp_ros2_interfaces/lib/python3.12/site-packages:${PYTHONPATH} /usr/bin/cmake --build /Bt/build/tiago_grab -- -j8 -l8
[4.182s] DEBUG:colcon.colcon_core.event_handler.log_command:Invoking command in '/Bt/build/tiago_grab': AMENT_PREFIX_PATH=/Bt/install/grab2_planner:/Bt/install/grab2_bt_grabber:/Bt/install/grab2_ros_common:/Bt/install/grab2_behavior_tree:/Bt/install/grab2_msgs:/Bt/install/behaviortree_ros2:/Bt/install/btcpp_ros2_interfaces:${AMENT_PREFIX_PATH} CMAKE_PREFIX_PATH=/Bt/install/grab2_planner:/Bt/install/grab2_bt_grabber:/Bt/install/grab2_ros_common:/Bt/install/grab2_behavior_tree:/Bt/install/grab2_msgs:/Bt/install/behaviortree_ros2:/Bt/install/btcpp_ros2_interfaces:/opt/ros/jazzy/opt/gz_sim_vendor:/opt/ros/jazzy/opt/gz_sensors_vendor:/opt/ros/jazzy/opt/gz_physics_vendor:/opt/ros/jazzy/opt/sdformat_vendor:/opt/ros/jazzy/opt/gz_gui_vendor:/opt/ros/jazzy/opt/gz_transport_vendor:/opt/ros/jazzy/opt/gz_rendering_vendor:/opt/ros/jazzy/opt/gz_plugin_vendor:/opt/ros/jazzy/opt/gz_fuel_tools_vendor:/opt/ros/jazzy/opt/gz_msgs_vendor:/opt/ros/jazzy/opt/gz_common_vendor:/opt/ros/jazzy/opt/gz_math_vendor:/opt/ros/jazzy/opt/gz_utils_vendor:/opt/ros/jazzy/opt/gz_tools_vendor:/opt/ros/jazzy/opt/gz_ogre_next_vendor:/opt/ros/jazzy/opt/gz_dartsim_vendor:/opt/ros/jazzy/opt/gz_cmake_vendor:/opt/ros/jazzy LD_LIBRARY_PATH=/Bt/install/grab2_planner/lib:/Bt/install/grab2_bt_grabber/lib:/Bt/install/grab2_behavior_tree/lib:/Bt/install/grab2_msgs/lib:/Bt/install/behaviortree_ros2/lib:/Bt/install/btcpp_ros2_interfaces/lib:${LD_LIBRARY_PATH} PYTHONPATH=/Bt/install/grab2_msgs/lib/python3.12/site-packages:/Bt/install/btcpp_ros2_interfaces/lib/python3.12/site-packages:${PYTHONPATH} /usr/bin/cmake --install /Bt/build/tiago_grab
[4.194s] Level 1:colcon.colcon_core.environment:create_environment_scripts_only(tiago_grab)
[4.194s] Level 1:colcon.colcon_core.environment:checking '/Bt/install/tiago_grab' for CMake module files
[4.195s] DEBUG:colcon.colcon_core.event_handler.log_command:Invoked command in '/Bt/build/tiago_grab' returned '0': AMENT_PREFIX_PATH=/Bt/install/grab2_planner:/Bt/install/grab2_bt_grabber:/Bt/install/grab2_ros_common:/Bt/install/grab2_behavior_tree:/Bt/install/grab2_msgs:/Bt/install/behaviortree_ros2:/Bt/install/btcpp_ros2_interfaces:${AMENT_PREFIX_PATH} CMAKE_PREFIX_PATH=/Bt/install/grab2_planner:/Bt/install/grab2_bt_grabber:/Bt/install/grab2_ros_common:/Bt/install/grab2_behavior_tree:/Bt/install/grab2_msgs:/Bt/install/behaviortree_ros2:/Bt/install/btcpp_ros2_interfaces:/opt/ros/jazzy/opt/gz_sim_vendor:/opt/ros/jazzy/opt/gz_sensors_vendor:/opt/ros/jazzy/opt/gz_physics_vendor:/opt/ros/jazzy/opt/sdformat_vendor:/opt/ros/jazzy/opt/gz_gui_vendor:/opt/ros/jazzy/opt/gz_transport_vendor:/opt/ros/jazzy/opt/gz_rendering_vendor:/opt/ros/jazzy/opt/gz_plugin_vendor:/opt/ros/jazzy/opt/gz_fuel_tools_vendor:/opt/ros/jazzy/opt/gz_msgs_vendor:/opt/ros/jazzy/opt/gz_common_vendor:/opt/ros/jazzy/opt/gz_math_vendor:/opt/ros/jazzy/opt/gz_utils_vendor:/opt/ros/jazzy/opt/gz_tools_vendor:/opt/ros/jazzy/opt/gz_ogre_next_vendor:/opt/ros/jazzy/opt/gz_dartsim_vendor:/opt/ros/jazzy/opt/gz_cmake_vendor:/opt/ros/jazzy LD_LIBRARY_PATH=/Bt/install/grab2_planner/lib:/Bt/install/grab2_bt_grabber/lib:/Bt/install/grab2_behavior_tree/lib:/Bt/install/grab2_msgs/lib:/Bt/install/behaviortree_ros2/lib:/Bt/install/btcpp_ros2_interfaces/lib:${LD_LIBRARY_PATH} PYTHONPATH=/Bt/install/grab2_msgs/lib/python3.12/site-packages:/Bt/install/btcpp_ros2_interfaces/lib/python3.12/site-packages:${PYTHONPATH} /usr/bin/cmake --install /Bt/build/tiago_grab
[4.195s] Level 1:colcon.colcon_core.environment:checking '/Bt/install/tiago_grab' for CMake config files
[4.195s] Level 1:colcon.colcon_core.shell:create_environment_hook('tiago_grab', 'cmake_prefix_path')
[4.196s] INFO:colcon.colcon_core.shell:Creating environment hook '/Bt/install/tiago_grab/share/tiago_grab/hook/cmake_prefix_path.ps1'
[4.196s] INFO:colcon.colcon_core.shell:Creating environment descriptor '/Bt/install/tiago_grab/share/tiago_grab/hook/cmake_prefix_path.dsv'
[4.196s] INFO:colcon.colcon_core.shell:Creating environment hook '/Bt/install/tiago_grab/share/tiago_grab/hook/cmake_prefix_path.sh'
[4.197s] Level 1:colcon.colcon_core.environment:checking '/Bt/install/tiago_grab/bin'
[4.197s] Level 1:colcon.colcon_core.environment:checking '/Bt/install/tiago_grab/lib/pkgconfig/tiago_grab.pc'
[4.197s] Level 1:colcon.colcon_core.environment:checking '/Bt/install/tiago_grab/lib/python3.12/site-packages'
[4.198s] Level 1:colcon.colcon_core.environment:checking '/Bt/install/tiago_grab/bin'
[4.198s] INFO:colcon.colcon_core.shell:Creating package script '/Bt/install/tiago_grab/share/tiago_grab/package.ps1'
[4.199s] INFO:colcon.colcon_core.shell:Creating package descriptor '/Bt/install/tiago_grab/share/tiago_grab/package.dsv'
[4.199s] INFO:colcon.colcon_core.shell:Creating package script '/Bt/install/tiago_grab/share/tiago_grab/package.sh'
[4.199s] INFO:colcon.colcon_core.shell:Creating package script '/Bt/install/tiago_grab/share/tiago_grab/package.bash'
[4.200s] INFO:colcon.colcon_core.shell:Creating package script '/Bt/install/tiago_grab/share/tiago_grab/package.zsh'
[4.200s] Level 1:colcon.colcon_core.environment:create_file_with_runtime_dependencies(/Bt/install/tiago_grab/share/colcon-core/packages/tiago_grab)
[4.201s] Level 1:colcon.colcon_core.environment:create_environment_scripts_only(tiago_grab)
[4.201s] Level 1:colcon.colcon_core.environment:checking '/Bt/install/tiago_grab' for CMake module files
[4.201s] Level 1:colcon.colcon_core.environment:checking '/Bt/install/tiago_grab' for CMake config files
[4.201s] Level 1:colcon.colcon_core.shell:create_environment_hook('tiago_grab', 'cmake_prefix_path')
[4.202s] INFO:colcon.colcon_core.shell:Creating environment hook '/Bt/install/tiago_grab/share/tiago_grab/hook/cmake_prefix_path.ps1'
[4.202s] INFO:colcon.colcon_core.shell:Creating environment descriptor '/Bt/install/tiago_grab/share/tiago_grab/hook/cmake_prefix_path.dsv'
[4.202s] INFO:colcon.colcon_core.shell:Creating environment hook '/Bt/install/tiago_grab/share/tiago_grab/hook/cmake_prefix_path.sh'
[4.203s] Level 1:colcon.colcon_core.environment:checking '/Bt/install/tiago_grab/bin'
[4.203s] Level 1:colcon.colcon_core.environment:checking '/Bt/install/tiago_grab/lib/pkgconfig/tiago_grab.pc'
[4.203s] Level 1:colcon.colcon_core.environment:checking '/Bt/install/tiago_grab/lib/python3.12/site-packages'
[4.203s] Level 1:colcon.colcon_core.environment:checking '/Bt/install/tiago_grab/bin'
[4.204s] INFO:colcon.colcon_core.shell:Creating package script '/Bt/install/tiago_grab/share/tiago_grab/package.ps1'
[4.204s] INFO:colcon.colcon_core.shell:Creating package descriptor '/Bt/install/tiago_grab/share/tiago_grab/package.dsv'
[4.205s] INFO:colcon.colcon_core.shell:Creating package script '/Bt/install/tiago_grab/share/tiago_grab/package.sh'
[4.205s] INFO:colcon.colcon_core.shell:Creating package script '/Bt/install/tiago_grab/share/tiago_grab/package.bash'
[4.205s] INFO:colcon.colcon_core.shell:Creating package script '/Bt/install/tiago_grab/share/tiago_grab/package.zsh'
[4.206s] Level 1:colcon.colcon_core.environment:create_file_with_runtime_dependencies(/Bt/install/tiago_grab/share/colcon-core/packages/tiago_grab)
[4.206s] INFO:colcon.colcon_ros.task.ament_cmake.build:Building ROS package in '/Bt/tiago_demos' with build type 'ament_cmake'
[4.206s] INFO:colcon.colcon_cmake.task.cmake.build:Building CMake package in '/Bt/tiago_demos'
[4.206s] INFO:colcon.colcon_core.shell:Skip shell extension 'powershell' for command environment: Not usable outside of PowerShell
[4.206s] DEBUG:colcon.colcon_core.shell:Skip shell extension 'dsv' for command environment
[4.227s] DEBUG:colcon.colcon_core.event_handler.log_command:Invoking command in '/Bt/build/tiago_demos': AMENT_PREFIX_PATH=/Bt/install/tiago_grab:/Bt/install/grab2_planner:/Bt/install/grab2_bt_grabber:/Bt/install/grab2_ros_common:/Bt/install/grab2_behavior_tree:/Bt/install/grab2_msgs:/Bt/install/behaviortree_ros2:/Bt/install/tiago_nav:/Bt/install/btcpp_ros2_interfaces:${AMENT_PREFIX_PATH} CMAKE_PREFIX_PATH=/Bt/install/tiago_grab:/Bt/install/grab2_planner:/Bt/install/grab2_bt_grabber:/Bt/install/grab2_ros_common:/Bt/install/grab2_behavior_tree:/Bt/install/grab2_msgs:/Bt/install/behaviortree_ros2:/Bt/install/tiago_nav:/Bt/install/btcpp_ros2_interfaces:/opt/ros/jazzy/opt/gz_sim_vendor:/opt/ros/jazzy/opt/gz_sensors_vendor:/opt/ros/jazzy/opt/gz_physics_vendor:/opt/ros/jazzy/opt/sdformat_vendor:/opt/ros/jazzy/opt/gz_gui_vendor:/opt/ros/jazzy/opt/gz_transport_vendor:/opt/ros/jazzy/opt/gz_rendering_vendor:/opt/ros/jazzy/opt/gz_plugin_vendor:/opt/ros/jazzy/opt/gz_fuel_tools_vendor:/opt/ros/jazzy/opt/gz_msgs_vendor:/opt/ros/jazzy/opt/gz_common_vendor:/opt/ros/jazzy/opt/gz_math_vendor:/opt/ros/jazzy/opt/gz_utils_vendor:/opt/ros/jazzy/opt/gz_tools_vendor:/opt/ros/jazzy/opt/gz_ogre_next_vendor:/opt/ros/jazzy/opt/gz_dartsim_vendor:/opt/ros/jazzy/opt/gz_cmake_vendor:/opt/ros/jazzy LD_LIBRARY_PATH=/Bt/install/grab2_planner/lib:/Bt/install/grab2_bt_grabber/lib:/Bt/install/grab2_behavior_tree/lib:/Bt/install/grab2_msgs/lib:/Bt/install/behaviortree_ros2/lib:/Bt/install/btcpp_ros2_interfaces/lib:${LD_LIBRARY_PATH} PYTHONPATH=/Bt/install/grab2_msgs/lib/python3.12/site-packages:/Bt/install/btcpp_ros2_interfaces/lib/python3.12/site-packages:${PYTHONPATH} /usr/bin/cmake --build /Bt/build/tiago_demos -- -j8 -l8
[4.305s] DEBUG:colcon.colcon_core.event_handler.log_command:Invoked command in '/Bt/build/tiago_demos' returned '0': AMENT_PREFIX_PATH=/Bt/install/tiago_grab:/Bt/install/grab2_planner:/Bt/install/grab2_bt_grabber:/Bt/install/grab2_ros_common:/Bt/install/grab2_behavior_tree:/Bt/install/grab2_msgs:/Bt/install/behaviortree_ros2:/Bt/install/tiago_nav:/Bt/install/btcpp_ros2_interfaces:${AMENT_PREFIX_PATH} CMAKE_PREFIX_PATH=/Bt/install/tiago_grab:/Bt/install/grab2_planner:/Bt/install/grab2_bt_grabber:/Bt/install/grab2_ros_common:/Bt/install/grab2_behavior_tree:/Bt/install/grab2_msgs:/Bt/install/behaviortree_ros2:/Bt/install/tiago_nav:/Bt/install/btcpp_ros2_interfaces:/opt/ros/jazzy/opt/gz_sim_vendor:/opt/ros/jazzy/opt/gz_sensors_vendor:/opt/ros/jazzy/opt/gz_physics_vendor:/opt/ros/jazzy/opt/sdformat_vendor:/opt/ros/jazzy/opt/gz_gui_vendor:/opt/ros/jazzy/opt/gz_transport_vendor:/opt/ros/jazzy/opt/gz_rendering_vendor:/opt/ros/jazzy/opt/gz_plugin_vendor:/opt/ros/jazzy/opt/gz_fuel_tools_vendor:/opt/ros/jazzy/opt/gz_msgs_vendor:/opt/ros/jazzy/opt/gz_common_vendor:/opt/ros/jazzy/opt/gz_math_vendor:/opt/ros/jazzy/opt/gz_utils_vendor:/opt/ros/jazzy/opt/gz_tools_vendor:/opt/ros/jazzy/opt/gz_ogre_next_vendor:/opt/ros/jazzy/opt/gz_dartsim_vendor:/opt/ros/jazzy/opt/gz_cmake_vendor:/opt/ros/jazzy LD_LIBRARY_PATH=/Bt/install/grab2_planner/lib:/Bt/install/grab2_bt_grabber/lib:/Bt/install/grab2_behavior_tree/lib:/Bt/install/grab2_msgs/lib:/Bt/install/behaviortree_ros2/lib:/Bt/install/btcpp_ros2_interfaces/lib:${LD_LIBRARY_PATH} PYTHONPATH=/Bt/install/grab2_msgs/lib/python3.12/site-packages:/Bt/install/btcpp_ros2_interfaces/lib/python3.12/site-packages:${PYTHONPATH} /usr/bin/cmake --build /Bt/build/tiago_demos -- -j8 -l8
[4.306s] DEBUG:colcon.colcon_core.event_handler.log_command:Invoking command in '/Bt/build/tiago_demos': AMENT_PREFIX_PATH=/Bt/install/tiago_grab:/Bt/install/grab2_planner:/Bt/install/grab2_bt_grabber:/Bt/install/grab2_ros_common:/Bt/install/grab2_behavior_tree:/Bt/install/grab2_msgs:/Bt/install/behaviortree_ros2:/Bt/install/tiago_nav:/Bt/install/btcpp_ros2_interfaces:${AMENT_PREFIX_PATH} CMAKE_PREFIX_PATH=/Bt/install/tiago_grab:/Bt/install/grab2_planner:/Bt/install/grab2_bt_grabber:/Bt/install/grab2_ros_common:/Bt/install/grab2_behavior_tree:/Bt/install/grab2_msgs:/Bt/install/behaviortree_ros2:/Bt/install/tiago_nav:/Bt/install/btcpp_ros2_interfaces:/opt/ros/jazzy/opt/gz_sim_vendor:/opt/ros/jazzy/opt/gz_sensors_vendor:/opt/ros/jazzy/opt/gz_physics_vendor:/opt/ros/jazzy/opt/sdformat_vendor:/opt/ros/jazzy/opt/gz_gui_vendor:/opt/ros/jazzy/opt/gz_transport_vendor:/opt/ros/jazzy/opt/gz_rendering_vendor:/opt/ros/jazzy/opt/gz_plugin_vendor:/opt/ros/jazzy/opt/gz_fuel_tools_vendor:/opt/ros/jazzy/opt/gz_msgs_vendor:/opt/ros/jazzy/opt/gz_common_vendor:/opt/ros/jazzy/opt/gz_math_vendor:/opt/ros/jazzy/opt/gz_utils_vendor:/opt/ros/jazzy/opt/gz_tools_vendor:/opt/ros/jazzy/opt/gz_ogre_next_vendor:/opt/ros/jazzy/opt/gz_dartsim_vendor:/opt/ros/jazzy/opt/gz_cmake_vendor:/opt/ros/jazzy LD_LIBRARY_PATH=/Bt/install/grab2_planner/lib:/Bt/install/grab2_bt_grabber/lib:/Bt/install/grab2_behavior_tree/lib:/Bt/install/grab2_msgs/lib:/Bt/install/behaviortree_ros2/lib:/Bt/install/btcpp_ros2_interfaces/lib:${LD_LIBRARY_PATH} PYTHONPATH=/Bt/install/grab2_msgs/lib/python3.12/site-packages:/Bt/install/btcpp_ros2_interfaces/lib/python3.12/site-packages:${PYTHONPATH} /usr/bin/cmake --install /Bt/build/tiago_demos
[4.319s] Level 1:colcon.colcon_core.environment:create_environment_scripts_only(tiago_demos)
[4.319s] Level 1:colcon.colcon_core.environment:checking '/Bt/install/tiago_demos' for CMake module files
[4.320s] DEBUG:colcon.colcon_core.event_handler.log_command:Invoked command in '/Bt/build/tiago_demos' returned '0': AMENT_PREFIX_PATH=/Bt/install/tiago_grab:/Bt/install/grab2_planner:/Bt/install/grab2_bt_grabber:/Bt/install/grab2_ros_common:/Bt/install/grab2_behavior_tree:/Bt/install/grab2_msgs:/Bt/install/behaviortree_ros2:/Bt/install/tiago_nav:/Bt/install/btcpp_ros2_interfaces:${AMENT_PREFIX_PATH} CMAKE_PREFIX_PATH=/Bt/install/tiago_grab:/Bt/install/grab2_planner:/Bt/install/grab2_bt_grabber:/Bt/install/grab2_ros_common:/Bt/install/grab2_behavior_tree:/Bt/install/grab2_msgs:/Bt/install/behaviortree_ros2:/Bt/install/tiago_nav:/Bt/install/btcpp_ros2_interfaces:/opt/ros/jazzy/opt/gz_sim_vendor:/opt/ros/jazzy/opt/gz_sensors_vendor:/opt/ros/jazzy/opt/gz_physics_vendor:/opt/ros/jazzy/opt/sdformat_vendor:/opt/ros/jazzy/opt/gz_gui_vendor:/opt/ros/jazzy/opt/gz_transport_vendor:/opt/ros/jazzy/opt/gz_rendering_vendor:/opt/ros/jazzy/opt/gz_plugin_vendor:/opt/ros/jazzy/opt/gz_fuel_tools_vendor:/opt/ros/jazzy/opt/gz_msgs_vendor:/opt/ros/jazzy/opt/gz_common_vendor:/opt/ros/jazzy/opt/gz_math_vendor:/opt/ros/jazzy/opt/gz_utils_vendor:/opt/ros/jazzy/opt/gz_tools_vendor:/opt/ros/jazzy/opt/gz_ogre_next_vendor:/opt/ros/jazzy/opt/gz_dartsim_vendor:/opt/ros/jazzy/opt/gz_cmake_vendor:/opt/ros/jazzy LD_LIBRARY_PATH=/Bt/install/grab2_planner/lib:/Bt/install/grab2_bt_grabber/lib:/Bt/install/grab2_behavior_tree/lib:/Bt/install/grab2_msgs/lib:/Bt/install/behaviortree_ros2/lib:/Bt/install/btcpp_ros2_interfaces/lib:${LD_LIBRARY_PATH} PYTHONPATH=/Bt/install/grab2_msgs/lib/python3.12/site-packages:/Bt/install/btcpp_ros2_interfaces/lib/python3.12/site-packages:${PYTHONPATH} /usr/bin/cmake --install /Bt/build/tiago_demos
[4.320s] Level 1:colcon.colcon_core.environment:checking '/Bt/install/tiago_demos' for CMake config files
[4.321s] Level 1:colcon.colcon_core.shell:create_environment_hook('tiago_demos', 'cmake_prefix_path')
[4.321s] INFO:colcon.colcon_core.shell:Creating environment hook '/Bt/install/tiago_demos/share/tiago_demos/hook/cmake_prefix_path.ps1'
[4.322s] INFO:colcon.colcon_core.shell:Creating environment descriptor '/Bt/install/tiago_demos/share/tiago_demos/hook/cmake_prefix_path.dsv'
[4.322s] INFO:colcon.colcon_core.shell:Creating environment hook '/Bt/install/tiago_demos/share/tiago_demos/hook/cmake_prefix_path.sh'
[4.323s] Level 1:colcon.colcon_core.environment:checking '/Bt/install/tiago_demos/lib'
[4.323s] Level 1:colcon.colcon_core.environment:checking '/Bt/install/tiago_demos/bin'
[4.323s] Level 1:colcon.colcon_core.environment:checking '/Bt/install/tiago_demos/lib/pkgconfig/tiago_demos.pc'
[4.324s] Level 1:colcon.colcon_core.environment:checking '/Bt/install/tiago_demos/lib/python3.12/site-packages'
[4.324s] Level 1:colcon.colcon_core.environment:checking '/Bt/install/tiago_demos/bin'
[4.325s] INFO:colcon.colcon_core.shell:Creating package script '/Bt/install/tiago_demos/share/tiago_demos/package.ps1'
[4.325s] INFO:colcon.colcon_core.shell:Creating package descriptor '/Bt/install/tiago_demos/share/tiago_demos/package.dsv'
[4.326s] INFO:colcon.colcon_core.shell:Creating package script '/Bt/install/tiago_demos/share/tiago_demos/package.sh'
[4.326s] INFO:colcon.colcon_core.shell:Creating package script '/Bt/install/tiago_demos/share/tiago_demos/package.bash'
[4.327s] INFO:colcon.colcon_core.shell:Creating package script '/Bt/install/tiago_demos/share/tiago_demos/package.zsh'
[4.327s] Level 1:colcon.colcon_core.environment:create_file_with_runtime_dependencies(/Bt/install/tiago_demos/share/colcon-core/packages/tiago_demos)
[4.328s] Level 1:colcon.colcon_core.environment:create_environment_scripts_only(tiago_demos)
[4.328s] Level 1:colcon.colcon_core.environment:checking '/Bt/install/tiago_demos' for CMake module files
[4.329s] Level 1:colcon.colcon_core.environment:checking '/Bt/install/tiago_demos' for CMake config files
[4.330s] Level 1:colcon.colcon_core.shell:create_environment_hook('tiago_demos', 'cmake_prefix_path')
[4.330s] INFO:colcon.colcon_core.shell:Creating environment hook '/Bt/install/tiago_demos/share/tiago_demos/hook/cmake_prefix_path.ps1'
[4.331s] INFO:colcon.colcon_core.shell:Creating environment descriptor '/Bt/install/tiago_demos/share/tiago_demos/hook/cmake_prefix_path.dsv'
[4.332s] INFO:colcon.colcon_core.shell:Creating environment hook '/Bt/install/tiago_demos/share/tiago_demos/hook/cmake_prefix_path.sh'
[4.332s] Level 1:colcon.colcon_core.environment:checking '/Bt/install/tiago_demos/lib'
[4.333s] Level 1:colcon.colcon_core.environment:checking '/Bt/install/tiago_demos/bin'
[4.333s] Level 1:colcon.colcon_core.environment:checking '/Bt/install/tiago_demos/lib/pkgconfig/tiago_demos.pc'
[4.333s] Level 1:colcon.colcon_core.environment:checking '/Bt/install/tiago_demos/lib/python3.12/site-packages'
[4.333s] Level 1:colcon.colcon_core.environment:checking '/Bt/install/tiago_demos/bin'
[4.334s] INFO:colcon.colcon_core.shell:Creating package script '/Bt/install/tiago_demos/share/tiago_demos/package.ps1'
[4.334s] INFO:colcon.colcon_core.shell:Creating package descriptor '/Bt/install/tiago_demos/share/tiago_demos/package.dsv'
[4.335s] INFO:colcon.colcon_core.shell:Creating package script '/Bt/install/tiago_demos/share/tiago_demos/package.sh'
[4.335s] INFO:colcon.colcon_core.shell:Creating package script '/Bt/install/tiago_demos/share/tiago_demos/package.bash'
[4.335s] INFO:colcon.colcon_core.shell:Creating package script '/Bt/install/tiago_demos/share/tiago_demos/package.zsh'
[4.336s] Level 1:colcon.colcon_core.environment:create_file_with_runtime_dependencies(/Bt/install/tiago_demos/share/colcon-core/packages/tiago_demos)
[4.444s] DEBUG:colcon.colcon_core.event_handler.log_command:Invoked command in '/Bt/build/tiago_description' returned '0': AMENT_PREFIX_PATH=/Bt/install/pmb2_description:/Bt/install/pal_hey5_description:/Bt/install/pal_gripper_description:/Bt/install/omni_base_description:/Bt/install/pal_urdf_utils:/Bt/install/pal_robotiq_description:/Bt/install/launch_pal:${AMENT_PREFIX_PATH} CMAKE_PREFIX_PATH=/Bt/install/pmb2_description:/Bt/install/pal_hey5_description:/Bt/install/pal_gripper_description:/Bt/install/omni_base_description:/Bt/install/pal_urdf_utils:/Bt/install/pal_robotiq_description:/opt/ros/jazzy/opt/gz_sim_vendor:/opt/ros/jazzy/opt/gz_sensors_vendor:/opt/ros/jazzy/opt/gz_physics_vendor:/opt/ros/jazzy/opt/sdformat_vendor:/opt/ros/jazzy/opt/gz_gui_vendor:/opt/ros/jazzy/opt/gz_transport_vendor:/opt/ros/jazzy/opt/gz_rendering_vendor:/opt/ros/jazzy/opt/gz_plugin_vendor:/opt/ros/jazzy/opt/gz_fuel_tools_vendor:/opt/ros/jazzy/opt/gz_msgs_vendor:/opt/ros/jazzy/opt/gz_common_vendor:/opt/ros/jazzy/opt/gz_math_vendor:/opt/ros/jazzy/opt/gz_utils_vendor:/opt/ros/jazzy/opt/gz_tools_vendor:/opt/ros/jazzy/opt/gz_ogre_next_vendor:/opt/ros/jazzy/opt/gz_dartsim_vendor:/opt/ros/jazzy/opt/gz_cmake_vendor:/opt/ros/jazzy PYTHONPATH=/Bt/install/pmb2_description/lib/python3.12/site-packages:/Bt/install/omni_base_description/lib/python3.12/site-packages:/Bt/install/launch_pal/lib/python3.12/site-packages:${PYTHONPATH} /usr/bin/cmake --build /Bt/build/tiago_description -- -j8 -l8
[4.445s] DEBUG:colcon.colcon_core.event_handler.log_command:Invoking command in '/Bt/build/tiago_description': AMENT_PREFIX_PATH=/Bt/install/pmb2_description:/Bt/install/pal_hey5_description:/Bt/install/pal_gripper_description:/Bt/install/omni_base_description:/Bt/install/pal_urdf_utils:/Bt/install/pal_robotiq_description:/Bt/install/launch_pal:${AMENT_PREFIX_PATH} CMAKE_PREFIX_PATH=/Bt/install/pmb2_description:/Bt/install/pal_hey5_description:/Bt/install/pal_gripper_description:/Bt/install/omni_base_description:/Bt/install/pal_urdf_utils:/Bt/install/pal_robotiq_description:/opt/ros/jazzy/opt/gz_sim_vendor:/opt/ros/jazzy/opt/gz_sensors_vendor:/opt/ros/jazzy/opt/gz_physics_vendor:/opt/ros/jazzy/opt/sdformat_vendor:/opt/ros/jazzy/opt/gz_gui_vendor:/opt/ros/jazzy/opt/gz_transport_vendor:/opt/ros/jazzy/opt/gz_rendering_vendor:/opt/ros/jazzy/opt/gz_plugin_vendor:/opt/ros/jazzy/opt/gz_fuel_tools_vendor:/opt/ros/jazzy/opt/gz_msgs_vendor:/opt/ros/jazzy/opt/gz_common_vendor:/opt/ros/jazzy/opt/gz_math_vendor:/opt/ros/jazzy/opt/gz_utils_vendor:/opt/ros/jazzy/opt/gz_tools_vendor:/opt/ros/jazzy/opt/gz_ogre_next_vendor:/opt/ros/jazzy/opt/gz_dartsim_vendor:/opt/ros/jazzy/opt/gz_cmake_vendor:/opt/ros/jazzy PYTHONPATH=/Bt/install/pmb2_description/lib/python3.12/site-packages:/Bt/install/omni_base_description/lib/python3.12/site-packages:/Bt/install/launch_pal/lib/python3.12/site-packages:${PYTHONPATH} /usr/bin/cmake --install /Bt/build/tiago_description
[4.495s] DEBUG:colcon.colcon_core.event_handler.log_command:Invoking command in '/Bt/ThirdParty/grab2/grab2_curobo_planner': AMENT_PREFIX_PATH=/Bt/install/grab2_msgs:/Bt/install/btcpp_ros2_interfaces:${AMENT_PREFIX_PATH} CMAKE_PREFIX_PATH=/Bt/install/grab2_msgs:/Bt/install/btcpp_ros2_interfaces:${CMAKE_PREFIX_PATH} LD_LIBRARY_PATH=/Bt/install/grab2_msgs/lib:/Bt/install/btcpp_ros2_interfaces/lib:${LD_LIBRARY_PATH} PYTHONPATH=/Bt/build/grab2_curobo_planner/prefix_override:/usr/lib/python3/dist-packages/colcon_core/task/python/colcon_distutils_commands:/Bt/install/grab2_curobo_planner/lib/python3.12/site-packages:/Bt/install/grab2_msgs/lib/python3.12/site-packages:/Bt/install/btcpp_ros2_interfaces/lib/python3.12/site-packages:${PYTHONPATH} /usr/bin/python3 -W ignore:setup.py install is deprecated -W ignore:easy_install command is deprecated setup.py egg_info --egg-base ../../../build/grab2_curobo_planner build --build-base /Bt/build/grab2_curobo_planner/build install --record /Bt/build/grab2_curobo_planner/install.log --single-version-externally-managed install_data
[4.511s] Level 1:colcon.colcon_core.environment:create_environment_scripts_only(tiago_description)
[4.511s] Level 1:colcon.colcon_core.environment:checking '/Bt/install/tiago_description' for CMake module files
[4.512s] DEBUG:colcon.colcon_core.event_handler.log_command:Invoked command in '/Bt/build/tiago_description' returned '0': AMENT_PREFIX_PATH=/Bt/install/pmb2_description:/Bt/install/pal_hey5_description:/Bt/install/pal_gripper_description:/Bt/install/omni_base_description:/Bt/install/pal_urdf_utils:/Bt/install/pal_robotiq_description:/Bt/install/launch_pal:${AMENT_PREFIX_PATH} CMAKE_PREFIX_PATH=/Bt/install/pmb2_description:/Bt/install/pal_hey5_description:/Bt/install/pal_gripper_description:/Bt/install/omni_base_description:/Bt/install/pal_urdf_utils:/Bt/install/pal_robotiq_description:/opt/ros/jazzy/opt/gz_sim_vendor:/opt/ros/jazzy/opt/gz_sensors_vendor:/opt/ros/jazzy/opt/gz_physics_vendor:/opt/ros/jazzy/opt/sdformat_vendor:/opt/ros/jazzy/opt/gz_gui_vendor:/opt/ros/jazzy/opt/gz_transport_vendor:/opt/ros/jazzy/opt/gz_rendering_vendor:/opt/ros/jazzy/opt/gz_plugin_vendor:/opt/ros/jazzy/opt/gz_fuel_tools_vendor:/opt/ros/jazzy/opt/gz_msgs_vendor:/opt/ros/jazzy/opt/gz_common_vendor:/opt/ros/jazzy/opt/gz_math_vendor:/opt/ros/jazzy/opt/gz_utils_vendor:/opt/ros/jazzy/opt/gz_tools_vendor:/opt/ros/jazzy/opt/gz_ogre_next_vendor:/opt/ros/jazzy/opt/gz_dartsim_vendor:/opt/ros/jazzy/opt/gz_cmake_vendor:/opt/ros/jazzy PYTHONPATH=/Bt/install/pmb2_description/lib/python3.12/site-packages:/Bt/install/omni_base_description/lib/python3.12/site-packages:/Bt/install/launch_pal/lib/python3.12/site-packages:${PYTHONPATH} /usr/bin/cmake --install /Bt/build/tiago_description
[4.512s] Level 1:colcon.colcon_core.environment:checking '/Bt/install/tiago_description' for CMake config files
[4.513s] Level 1:colcon.colcon_core.shell:create_environment_hook('tiago_description', 'cmake_prefix_path')
[4.513s] INFO:colcon.colcon_core.shell:Creating environment hook '/Bt/install/tiago_description/share/tiago_description/hook/cmake_prefix_path.ps1'
[4.514s] INFO:colcon.colcon_core.shell:Creating environment descriptor '/Bt/install/tiago_description/share/tiago_description/hook/cmake_prefix_path.dsv'
[4.514s] INFO:colcon.colcon_core.shell:Creating environment hook '/Bt/install/tiago_description/share/tiago_description/hook/cmake_prefix_path.sh'
[4.515s] Level 1:colcon.colcon_core.environment:checking '/Bt/install/tiago_description/lib'
[4.515s] Level 1:colcon.colcon_core.environment:checking '/Bt/install/tiago_description/bin'
[4.515s] Level 1:colcon.colcon_core.environment:checking '/Bt/install/tiago_description/lib/pkgconfig/tiago_description.pc'
[4.515s] Level 1:colcon.colcon_core.environment:checking '/Bt/install/tiago_description/lib/python3.12/site-packages'
[4.515s] Level 1:colcon.colcon_core.shell:create_environment_hook('tiago_description', 'pythonpath')
[4.516s] INFO:colcon.colcon_core.shell:Creating environment hook '/Bt/install/tiago_description/share/tiago_description/hook/pythonpath.ps1'
[4.516s] INFO:colcon.colcon_core.shell:Creating environment descriptor '/Bt/install/tiago_description/share/tiago_description/hook/pythonpath.dsv'
[4.516s] INFO:colcon.colcon_core.shell:Creating environment hook '/Bt/install/tiago_description/share/tiago_description/hook/pythonpath.sh'
[4.517s] Level 1:colcon.colcon_core.environment:checking '/Bt/install/tiago_description/bin'
[4.517s] INFO:colcon.colcon_core.shell:Creating package script '/Bt/install/tiago_description/share/tiago_description/package.ps1'
[4.518s] INFO:colcon.colcon_core.shell:Creating package descriptor '/Bt/install/tiago_description/share/tiago_description/package.dsv'
[4.518s] INFO:colcon.colcon_core.shell:Creating package script '/Bt/install/tiago_description/share/tiago_description/package.sh'
[4.519s] INFO:colcon.colcon_core.shell:Creating package script '/Bt/install/tiago_description/share/tiago_description/package.bash'
[4.519s] INFO:colcon.colcon_core.shell:Creating package script '/Bt/install/tiago_description/share/tiago_description/package.zsh'
[4.520s] Level 1:colcon.colcon_core.environment:create_file_with_runtime_dependencies(/Bt/install/tiago_description/share/colcon-core/packages/tiago_description)
[4.520s] Level 1:colcon.colcon_core.environment:create_environment_scripts_only(tiago_description)
[4.520s] Level 1:colcon.colcon_core.environment:checking '/Bt/install/tiago_description' for CMake module files
[4.521s] Level 1:colcon.colcon_core.environment:checking '/Bt/install/tiago_description' for CMake config files
[4.522s] Level 1:colcon.colcon_core.shell:create_environment_hook('tiago_description', 'cmake_prefix_path')
[4.522s] INFO:colcon.colcon_core.shell:Creating environment hook '/Bt/install/tiago_description/share/tiago_description/hook/cmake_prefix_path.ps1'
[4.522s] INFO:colcon.colcon_core.shell:Creating environment descriptor '/Bt/install/tiago_description/share/tiago_description/hook/cmake_prefix_path.dsv'
[4.523s] INFO:colcon.colcon_core.shell:Creating environment hook '/Bt/install/tiago_description/share/tiago_description/hook/cmake_prefix_path.sh'
[4.523s] Level 1:colcon.colcon_core.environment:checking '/Bt/install/tiago_description/lib'
[4.523s] Level 1:colcon.colcon_core.environment:checking '/Bt/install/tiago_description/bin'
[4.523s] Level 1:colcon.colcon_core.environment:checking '/Bt/install/tiago_description/lib/pkgconfig/tiago_description.pc'
[4.524s] Level 1:colcon.colcon_core.environment:checking '/Bt/install/tiago_description/lib/python3.12/site-packages'
[4.524s] Level 1:colcon.colcon_core.shell:create_environment_hook('tiago_description', 'pythonpath')
[4.524s] INFO:colcon.colcon_core.shell:Creating environment hook '/Bt/install/tiago_description/share/tiago_description/hook/pythonpath.ps1'
[4.525s] INFO:colcon.colcon_core.shell:Creating environment descriptor '/Bt/install/tiago_description/share/tiago_description/hook/pythonpath.dsv'
[4.525s] INFO:colcon.colcon_core.shell:Creating environment hook '/Bt/install/tiago_description/share/tiago_description/hook/pythonpath.sh'
[4.526s] Level 1:colcon.colcon_core.environment:checking '/Bt/install/tiago_description/bin'
[4.526s] INFO:colcon.colcon_core.shell:Creating package script '/Bt/install/tiago_description/share/tiago_description/package.ps1'
[4.527s] INFO:colcon.colcon_core.shell:Creating package descriptor '/Bt/install/tiago_description/share/tiago_description/package.dsv'
[4.527s] INFO:colcon.colcon_core.shell:Creating package script '/Bt/install/tiago_description/share/tiago_description/package.sh'
[4.528s] INFO:colcon.colcon_core.shell:Creating package script '/Bt/install/tiago_description/share/tiago_description/package.bash'
[4.528s] INFO:colcon.colcon_core.shell:Creating package script '/Bt/install/tiago_description/share/tiago_description/package.zsh'
[4.529s] Level 1:colcon.colcon_core.environment:create_file_with_runtime_dependencies(/Bt/install/tiago_description/share/colcon-core/packages/tiago_description)
[4.529s] INFO:colcon.colcon_ros.task.ament_cmake.build:Building ROS package in '/Bt/ThirdParty/tiago_navigation/tiago_2dnav' with build type 'ament_cmake'
[4.529s] INFO:colcon.colcon_cmake.task.cmake.build:Building CMake package in '/Bt/ThirdParty/tiago_navigation/tiago_2dnav'
[4.529s] INFO:colcon.colcon_core.shell:Skip shell extension 'powershell' for command environment: Not usable outside of PowerShell
[4.530s] DEBUG:colcon.colcon_core.shell:Skip shell extension 'dsv' for command environment
[4.535s] INFO:colcon.colcon_ros.task.ament_cmake.build:Building ROS package in '/Bt/ThirdParty/tiago_robot/tiago_bringup' with build type 'ament_cmake'
[4.535s] INFO:colcon.colcon_cmake.task.cmake.build:Building CMake package in '/Bt/ThirdParty/tiago_robot/tiago_bringup'
[4.535s] INFO:colcon.colcon_core.shell:Skip shell extension 'powershell' for command environment: Not usable outside of PowerShell
[4.535s] DEBUG:colcon.colcon_core.shell:Skip shell extension 'dsv' for command environment
[4.540s] INFO:colcon.colcon_ros.task.ament_cmake.build:Building ROS package in '/Bt/ThirdParty/tiago_moveit_config' with build type 'ament_cmake'
[4.541s] INFO:colcon.colcon_cmake.task.cmake.build:Building CMake package in '/Bt/ThirdParty/tiago_moveit_config'
[4.541s] INFO:colcon.colcon_core.shell:Skip shell extension 'powershell' for command environment: Not usable outside of PowerShell
[4.541s] DEBUG:colcon.colcon_core.shell:Skip shell extension 'dsv' for command environment
[4.549s] Level 1:colcon.colcon_core.environment:checking '/Bt/install/yolo_ros' for CMake module files
[4.550s] DEBUG:colcon.colcon_core.event_handler.log_command:Invoked command in '/Bt/ThirdParty/yolo_ros/yolo_ros' returned '0': AMENT_PREFIX_PATH=/Bt/install/yolo_msgs:${AMENT_PREFIX_PATH} CMAKE_PREFIX_PATH=/Bt/install/yolo_msgs:${CMAKE_PREFIX_PATH} LD_LIBRARY_PATH=/Bt/install/yolo_msgs/lib:${LD_LIBRARY_PATH} PYTHONPATH=/Bt/build/yolo_ros/prefix_override:/usr/lib/python3/dist-packages/colcon_core/task/python/colcon_distutils_commands:/Bt/install/yolo_ros/lib/python3.12/site-packages:/Bt/install/yolo_msgs/lib/python3.12/site-packages:${PYTHONPATH} /usr/bin/python3 -W ignore:setup.py install is deprecated -W ignore:easy_install command is deprecated setup.py egg_info --egg-base ../../../build/yolo_ros build --build-base /Bt/build/yolo_ros/build install --record /Bt/build/yolo_ros/install.log --single-version-externally-managed install_data
[4.551s] Level 1:colcon.colcon_core.environment:checking '/Bt/install/yolo_ros' for CMake config files
[4.551s] Level 1:colcon.colcon_core.environment:checking '/Bt/install/yolo_ros/lib'
[4.551s] Level 1:colcon.colcon_core.environment:checking '/Bt/install/yolo_ros/bin'
[4.552s] Level 1:colcon.colcon_core.environment:checking '/Bt/install/yolo_ros/lib/pkgconfig/yolo_ros.pc'
[4.552s] Level 1:colcon.colcon_core.environment:checking '/Bt/install/yolo_ros/lib/python3.12/site-packages'
[4.552s] Level 1:colcon.colcon_core.shell:create_environment_hook('yolo_ros', 'pythonpath')
[4.552s] INFO:colcon.colcon_core.shell:Creating environment hook '/Bt/install/yolo_ros/share/yolo_ros/hook/pythonpath.ps1'
[4.553s] INFO:colcon.colcon_core.shell:Creating environment descriptor '/Bt/install/yolo_ros/share/yolo_ros/hook/pythonpath.dsv'
[4.554s] INFO:colcon.colcon_core.shell:Creating environment hook '/Bt/install/yolo_ros/share/yolo_ros/hook/pythonpath.sh'
[4.555s] Level 1:colcon.colcon_core.environment:checking '/Bt/install/yolo_ros/bin'
[4.555s] Level 1:colcon.colcon_core.environment:create_environment_scripts_only(yolo_ros)
[4.555s] INFO:colcon.colcon_core.shell:Creating package script '/Bt/install/yolo_ros/share/yolo_ros/package.ps1'
[4.556s] INFO:colcon.colcon_core.shell:Creating package descriptor '/Bt/install/yolo_ros/share/yolo_ros/package.dsv'
[4.557s] INFO:colcon.colcon_core.shell:Creating package script '/Bt/install/yolo_ros/share/yolo_ros/package.sh'
[4.557s] INFO:colcon.colcon_core.shell:Creating package script '/Bt/install/yolo_ros/share/yolo_ros/package.bash'
[4.558s] INFO:colcon.colcon_core.shell:Creating package script '/Bt/install/yolo_ros/share/yolo_ros/package.zsh'
[4.558s] Level 1:colcon.colcon_core.environment:create_file_with_runtime_dependencies(/Bt/install/yolo_ros/share/colcon-core/packages/yolo_ros)
[4.559s] INFO:colcon.colcon_ros.task.ament_cmake.build:Building ROS package in '/Bt/ThirdParty/yolo_ros/yolo_bringup' with build type 'ament_cmake'
[4.559s] INFO:colcon.colcon_cmake.task.cmake.build:Building CMake package in '/Bt/ThirdParty/yolo_ros/yolo_bringup'
[4.560s] INFO:colcon.colcon_core.shell:Skip shell extension 'powershell' for command environment: Not usable outside of PowerShell
[4.560s] DEBUG:colcon.colcon_core.shell:Skip shell extension 'dsv' for command environment
[4.567s] DEBUG:colcon.colcon_core.event_handler.log_command:Invoking command in '/Bt/build/tiago_2dnav': AMENT_PREFIX_PATH=/Bt/install/tiago_description:/Bt/install/pmb2_description:/Bt/install/pal_hey5_description:/Bt/install/pal_gripper_description:/Bt/install/omni_base_description:/Bt/install/tiago_laser_sensors:/Bt/install/pal_urdf_utils:/Bt/install/pal_robotiq_description:/Bt/install/pal_maps:/Bt/install/launch_pal:${AMENT_PREFIX_PATH} CMAKE_PREFIX_PATH=/Bt/install/tiago_description:/Bt/install/pmb2_description:/Bt/install/pal_hey5_description:/Bt/install/pal_gripper_description:/Bt/install/omni_base_description:/Bt/install/tiago_laser_sensors:/Bt/install/pal_urdf_utils:/Bt/install/pal_robotiq_description:/Bt/install/pal_maps:/opt/ros/jazzy/opt/gz_sim_vendor:/opt/ros/jazzy/opt/gz_sensors_vendor:/opt/ros/jazzy/opt/gz_physics_vendor:/opt/ros/jazzy/opt/sdformat_vendor:/opt/ros/jazzy/opt/gz_gui_vendor:/opt/ros/jazzy/opt/gz_transport_vendor:/opt/ros/jazzy/opt/gz_rendering_vendor:/opt/ros/jazzy/opt/gz_plugin_vendor:/opt/ros/jazzy/opt/gz_fuel_tools_vendor:/opt/ros/jazzy/opt/gz_msgs_vendor:/opt/ros/jazzy/opt/gz_common_vendor:/opt/ros/jazzy/opt/gz_math_vendor:/opt/ros/jazzy/opt/gz_utils_vendor:/opt/ros/jazzy/opt/gz_tools_vendor:/opt/ros/jazzy/opt/gz_ogre_next_vendor:/opt/ros/jazzy/opt/gz_dartsim_vendor:/opt/ros/jazzy/opt/gz_cmake_vendor:/opt/ros/jazzy PYTHONPATH=/Bt/install/tiago_description/lib/python3.12/site-packages:/Bt/install/pmb2_description/lib/python3.12/site-packages:/Bt/install/omni_base_description/lib/python3.12/site-packages:/Bt/install/launch_pal/lib/python3.12/site-packages:${PYTHONPATH} /usr/bin/cmake --build /Bt/build/tiago_2dnav -- -j8 -l8
[4.569s] DEBUG:colcon.colcon_core.event_handler.log_command:Invoking command in '/Bt/build/tiago_moveit_config': AMENT_PREFIX_PATH=/Bt/install/tiago_description:/Bt/install/pmb2_description:/Bt/install/pal_hey5_description:/Bt/install/pal_gripper_description:/Bt/install/omni_base_description:/Bt/install/pal_urdf_utils:/Bt/install/pal_robotiq_description:/Bt/install/launch_pal:${AMENT_PREFIX_PATH} CMAKE_PREFIX_PATH=/Bt/install/tiago_description:/Bt/install/pmb2_description:/Bt/install/pal_hey5_description:/Bt/install/pal_gripper_description:/Bt/install/omni_base_description:/Bt/install/pal_urdf_utils:/Bt/install/pal_robotiq_description:/opt/ros/jazzy/opt/gz_sim_vendor:/opt/ros/jazzy/opt/gz_sensors_vendor:/opt/ros/jazzy/opt/gz_physics_vendor:/opt/ros/jazzy/opt/sdformat_vendor:/opt/ros/jazzy/opt/gz_gui_vendor:/opt/ros/jazzy/opt/gz_transport_vendor:/opt/ros/jazzy/opt/gz_rendering_vendor:/opt/ros/jazzy/opt/gz_plugin_vendor:/opt/ros/jazzy/opt/gz_fuel_tools_vendor:/opt/ros/jazzy/opt/gz_msgs_vendor:/opt/ros/jazzy/opt/gz_common_vendor:/opt/ros/jazzy/opt/gz_math_vendor:/opt/ros/jazzy/opt/gz_utils_vendor:/opt/ros/jazzy/opt/gz_tools_vendor:/opt/ros/jazzy/opt/gz_ogre_next_vendor:/opt/ros/jazzy/opt/gz_dartsim_vendor:/opt/ros/jazzy/opt/gz_cmake_vendor:/opt/ros/jazzy PYTHONPATH=/Bt/install/tiago_description/lib/python3.12/site-packages:/Bt/install/pmb2_description/lib/python3.12/site-packages:/Bt/install/omni_base_description/lib/python3.12/site-packages:/Bt/install/launch_pal/lib/python3.12/site-packages:${PYTHONPATH} /usr/bin/cmake --build /Bt/build/tiago_moveit_config -- -j8 -l8
[4.572s] DEBUG:colcon.colcon_core.event_handler.log_command:Invoking command in '/Bt/build/tiago_bringup': AMENT_PREFIX_PATH=/Bt/install/tiago_description:/Bt/install/tiago_controller_configuration:/Bt/install/pmb2_description:/Bt/install/pmb2_controller_configuration:/Bt/install/play_motion2:/Bt/install/pal_hey5_description:/Bt/install/pal_gripper_description:/Bt/install/omni_base_description:/Bt/install/play_motion2_msgs:/Bt/install/pal_urdf_utils:/Bt/install/pal_robotiq_description:/Bt/install/pal_robotiq_controller_configuration:/Bt/install/pal_hey5_controller_configuration:/Bt/install/pal_gripper_controller_configuration:/Bt/install/omni_base_controller_configuration:/Bt/install/launch_pal:${AMENT_PREFIX_PATH} CMAKE_PREFIX_PATH=/Bt/install/tiago_description:/Bt/install/tiago_controller_configuration:/Bt/install/pmb2_description:/Bt/install/pmb2_controller_configuration:/Bt/install/play_motion2:/Bt/install/pal_hey5_description:/Bt/install/pal_gripper_description:/Bt/install/omni_base_description:/Bt/install/play_motion2_msgs:/Bt/install/pal_urdf_utils:/Bt/install/pal_robotiq_description:/Bt/install/pal_robotiq_controller_configuration:/Bt/install/pal_hey5_controller_configuration:/Bt/install/pal_gripper_controller_configuration:/Bt/install/omni_base_controller_configuration:/opt/ros/jazzy/opt/gz_sim_vendor:/opt/ros/jazzy/opt/gz_sensors_vendor:/opt/ros/jazzy/opt/gz_physics_vendor:/opt/ros/jazzy/opt/sdformat_vendor:/opt/ros/jazzy/opt/gz_gui_vendor:/opt/ros/jazzy/opt/gz_transport_vendor:/opt/ros/jazzy/opt/gz_rendering_vendor:/opt/ros/jazzy/opt/gz_plugin_vendor:/opt/ros/jazzy/opt/gz_fuel_tools_vendor:/opt/ros/jazzy/opt/gz_msgs_vendor:/opt/ros/jazzy/opt/gz_common_vendor:/opt/ros/jazzy/opt/gz_math_vendor:/opt/ros/jazzy/opt/gz_utils_vendor:/opt/ros/jazzy/opt/gz_tools_vendor:/opt/ros/jazzy/opt/gz_ogre_next_vendor:/opt/ros/jazzy/opt/gz_dartsim_vendor:/opt/ros/jazzy/opt/gz_cmake_vendor:/opt/ros/jazzy LD_LIBRARY_PATH=/Bt/install/play_motion2/lib:/Bt/install/play_motion2_msgs/lib:${LD_LIBRARY_PATH} PYTHONPATH=/Bt/install/tiago_description/lib/python3.12/site-packages:/Bt/install/pmb2_description/lib/python3.12/site-packages:/Bt/install/omni_base_description/lib/python3.12/site-packages:/Bt/install/play_motion2_msgs/lib/python3.12/site-packages:/Bt/install/launch_pal/lib/python3.12/site-packages:${PYTHONPATH} /usr/bin/cmake --build /Bt/build/tiago_bringup -- -j8 -l8
[4.575s] DEBUG:colcon.colcon_core.event_handler.log_command:Invoking command in '/Bt/build/yolo_bringup': AMENT_PREFIX_PATH=/Bt/install/yolo_ros:/Bt/install/yolo_msgs:${AMENT_PREFIX_PATH} CMAKE_PREFIX_PATH=/Bt/install/yolo_msgs:/opt/ros/jazzy/opt/gz_sim_vendor:/opt/ros/jazzy/opt/gz_sensors_vendor:/opt/ros/jazzy/opt/gz_physics_vendor:/opt/ros/jazzy/opt/sdformat_vendor:/opt/ros/jazzy/opt/gz_gui_vendor:/opt/ros/jazzy/opt/gz_transport_vendor:/opt/ros/jazzy/opt/gz_rendering_vendor:/opt/ros/jazzy/opt/gz_plugin_vendor:/opt/ros/jazzy/opt/gz_fuel_tools_vendor:/opt/ros/jazzy/opt/gz_msgs_vendor:/opt/ros/jazzy/opt/gz_common_vendor:/opt/ros/jazzy/opt/gz_math_vendor:/opt/ros/jazzy/opt/gz_utils_vendor:/opt/ros/jazzy/opt/gz_tools_vendor:/opt/ros/jazzy/opt/gz_ogre_next_vendor:/opt/ros/jazzy/opt/gz_dartsim_vendor:/opt/ros/jazzy/opt/gz_cmake_vendor:/opt/ros/jazzy LD_LIBRARY_PATH=/Bt/install/yolo_msgs/lib:${LD_LIBRARY_PATH} PYTHONPATH=/Bt/install/yolo_ros/lib/python3.12/site-packages:/Bt/install/yolo_msgs/lib/python3.12/site-packages:${PYTHONPATH} /usr/bin/cmake --build /Bt/build/yolo_bringup -- -j8 -l8
[4.612s] DEBUG:colcon.colcon_core.event_handler.log_command:Invoked command in '/Bt/build/tiago_2dnav' returned '0': AMENT_PREFIX_PATH=/Bt/install/tiago_description:/Bt/install/pmb2_description:/Bt/install/pal_hey5_description:/Bt/install/pal_gripper_description:/Bt/install/omni_base_description:/Bt/install/tiago_laser_sensors:/Bt/install/pal_urdf_utils:/Bt/install/pal_robotiq_description:/Bt/install/pal_maps:/Bt/install/launch_pal:${AMENT_PREFIX_PATH} CMAKE_PREFIX_PATH=/Bt/install/tiago_description:/Bt/install/pmb2_description:/Bt/install/pal_hey5_description:/Bt/install/pal_gripper_description:/Bt/install/omni_base_description:/Bt/install/tiago_laser_sensors:/Bt/install/pal_urdf_utils:/Bt/install/pal_robotiq_description:/Bt/install/pal_maps:/opt/ros/jazzy/opt/gz_sim_vendor:/opt/ros/jazzy/opt/gz_sensors_vendor:/opt/ros/jazzy/opt/gz_physics_vendor:/opt/ros/jazzy/opt/sdformat_vendor:/opt/ros/jazzy/opt/gz_gui_vendor:/opt/ros/jazzy/opt/gz_transport_vendor:/opt/ros/jazzy/opt/gz_rendering_vendor:/opt/ros/jazzy/opt/gz_plugin_vendor:/opt/ros/jazzy/opt/gz_fuel_tools_vendor:/opt/ros/jazzy/opt/gz_msgs_vendor:/opt/ros/jazzy/opt/gz_common_vendor:/opt/ros/jazzy/opt/gz_math_vendor:/opt/ros/jazzy/opt/gz_utils_vendor:/opt/ros/jazzy/opt/gz_tools_vendor:/opt/ros/jazzy/opt/gz_ogre_next_vendor:/opt/ros/jazzy/opt/gz_dartsim_vendor:/opt/ros/jazzy/opt/gz_cmake_vendor:/opt/ros/jazzy PYTHONPATH=/Bt/install/tiago_description/lib/python3.12/site-packages:/Bt/install/pmb2_description/lib/python3.12/site-packages:/Bt/install/omni_base_description/lib/python3.12/site-packages:/Bt/install/launch_pal/lib/python3.12/site-packages:${PYTHONPATH} /usr/bin/cmake --build /Bt/build/tiago_2dnav -- -j8 -l8
[4.613s] DEBUG:colcon.colcon_core.event_handler.log_command:Invoking command in '/Bt/build/tiago_2dnav': AMENT_PREFIX_PATH=/Bt/install/tiago_description:/Bt/install/pmb2_description:/Bt/install/pal_hey5_description:/Bt/install/pal_gripper_description:/Bt/install/omni_base_description:/Bt/install/tiago_laser_sensors:/Bt/install/pal_urdf_utils:/Bt/install/pal_robotiq_description:/Bt/install/pal_maps:/Bt/install/launch_pal:${AMENT_PREFIX_PATH} CMAKE_PREFIX_PATH=/Bt/install/tiago_description:/Bt/install/pmb2_description:/Bt/install/pal_hey5_description:/Bt/install/pal_gripper_description:/Bt/install/omni_base_description:/Bt/install/tiago_laser_sensors:/Bt/install/pal_urdf_utils:/Bt/install/pal_robotiq_description:/Bt/install/pal_maps:/opt/ros/jazzy/opt/gz_sim_vendor:/opt/ros/jazzy/opt/gz_sensors_vendor:/opt/ros/jazzy/opt/gz_physics_vendor:/opt/ros/jazzy/opt/sdformat_vendor:/opt/ros/jazzy/opt/gz_gui_vendor:/opt/ros/jazzy/opt/gz_transport_vendor:/opt/ros/jazzy/opt/gz_rendering_vendor:/opt/ros/jazzy/opt/gz_plugin_vendor:/opt/ros/jazzy/opt/gz_fuel_tools_vendor:/opt/ros/jazzy/opt/gz_msgs_vendor:/opt/ros/jazzy/opt/gz_common_vendor:/opt/ros/jazzy/opt/gz_math_vendor:/opt/ros/jazzy/opt/gz_utils_vendor:/opt/ros/jazzy/opt/gz_tools_vendor:/opt/ros/jazzy/opt/gz_ogre_next_vendor:/opt/ros/jazzy/opt/gz_dartsim_vendor:/opt/ros/jazzy/opt/gz_cmake_vendor:/opt/ros/jazzy PYTHONPATH=/Bt/install/tiago_description/lib/python3.12/site-packages:/Bt/install/pmb2_description/lib/python3.12/site-packages:/Bt/install/omni_base_description/lib/python3.12/site-packages:/Bt/install/launch_pal/lib/python3.12/site-packages:${PYTHONPATH} /usr/bin/cmake --install /Bt/build/tiago_2dnav
[4.614s] DEBUG:colcon.colcon_core.event_handler.log_command:Invoked command in '/Bt/build/tiago_bringup' returned '0': AMENT_PREFIX_PATH=/Bt/install/tiago_description:/Bt/install/tiago_controller_configuration:/Bt/install/pmb2_description:/Bt/install/pmb2_controller_configuration:/Bt/install/play_motion2:/Bt/install/pal_hey5_description:/Bt/install/pal_gripper_description:/Bt/install/omni_base_description:/Bt/install/play_motion2_msgs:/Bt/install/pal_urdf_utils:/Bt/install/pal_robotiq_description:/Bt/install/pal_robotiq_controller_configuration:/Bt/install/pal_hey5_controller_configuration:/Bt/install/pal_gripper_controller_configuration:/Bt/install/omni_base_controller_configuration:/Bt/install/launch_pal:${AMENT_PREFIX_PATH} CMAKE_PREFIX_PATH=/Bt/install/tiago_description:/Bt/install/tiago_controller_configuration:/Bt/install/pmb2_description:/Bt/install/pmb2_controller_configuration:/Bt/install/play_motion2:/Bt/install/pal_hey5_description:/Bt/install/pal_gripper_description:/Bt/install/omni_base_description:/Bt/install/play_motion2_msgs:/Bt/install/pal_urdf_utils:/Bt/install/pal_robotiq_description:/Bt/install/pal_robotiq_controller_configuration:/Bt/install/pal_hey5_controller_configuration:/Bt/install/pal_gripper_controller_configuration:/Bt/install/omni_base_controller_configuration:/opt/ros/jazzy/opt/gz_sim_vendor:/opt/ros/jazzy/opt/gz_sensors_vendor:/opt/ros/jazzy/opt/gz_physics_vendor:/opt/ros/jazzy/opt/sdformat_vendor:/opt/ros/jazzy/opt/gz_gui_vendor:/opt/ros/jazzy/opt/gz_transport_vendor:/opt/ros/jazzy/opt/gz_rendering_vendor:/opt/ros/jazzy/opt/gz_plugin_vendor:/opt/ros/jazzy/opt/gz_fuel_tools_vendor:/opt/ros/jazzy/opt/gz_msgs_vendor:/opt/ros/jazzy/opt/gz_common_vendor:/opt/ros/jazzy/opt/gz_math_vendor:/opt/ros/jazzy/opt/gz_utils_vendor:/opt/ros/jazzy/opt/gz_tools_vendor:/opt/ros/jazzy/opt/gz_ogre_next_vendor:/opt/ros/jazzy/opt/gz_dartsim_vendor:/opt/ros/jazzy/opt/gz_cmake_vendor:/opt/ros/jazzy LD_LIBRARY_PATH=/Bt/install/play_motion2/lib:/Bt/install/play_motion2_msgs/lib:${LD_LIBRARY_PATH} PYTHONPATH=/Bt/install/tiago_description/lib/python3.12/site-packages:/Bt/install/pmb2_description/lib/python3.12/site-packages:/Bt/install/omni_base_description/lib/python3.12/site-packages:/Bt/install/play_motion2_msgs/lib/python3.12/site-packages:/Bt/install/launch_pal/lib/python3.12/site-packages:${PYTHONPATH} /usr/bin/cmake --build /Bt/build/tiago_bringup -- -j8 -l8
[4.615s] DEBUG:colcon.colcon_core.event_handler.log_command:Invoking command in '/Bt/build/tiago_bringup': AMENT_PREFIX_PATH=/Bt/install/tiago_description:/Bt/install/tiago_controller_configuration:/Bt/install/pmb2_description:/Bt/install/pmb2_controller_configuration:/Bt/install/play_motion2:/Bt/install/pal_hey5_description:/Bt/install/pal_gripper_description:/Bt/install/omni_base_description:/Bt/install/play_motion2_msgs:/Bt/install/pal_urdf_utils:/Bt/install/pal_robotiq_description:/Bt/install/pal_robotiq_controller_configuration:/Bt/install/pal_hey5_controller_configuration:/Bt/install/pal_gripper_controller_configuration:/Bt/install/omni_base_controller_configuration:/Bt/install/launch_pal:${AMENT_PREFIX_PATH} CMAKE_PREFIX_PATH=/Bt/install/tiago_description:/Bt/install/tiago_controller_configuration:/Bt/install/pmb2_description:/Bt/install/pmb2_controller_configuration:/Bt/install/play_motion2:/Bt/install/pal_hey5_description:/Bt/install/pal_gripper_description:/Bt/install/omni_base_description:/Bt/install/play_motion2_msgs:/Bt/install/pal_urdf_utils:/Bt/install/pal_robotiq_description:/Bt/install/pal_robotiq_controller_configuration:/Bt/install/pal_hey5_controller_configuration:/Bt/install/pal_gripper_controller_configuration:/Bt/install/omni_base_controller_configuration:/opt/ros/jazzy/opt/gz_sim_vendor:/opt/ros/jazzy/opt/gz_sensors_vendor:/opt/ros/jazzy/opt/gz_physics_vendor:/opt/ros/jazzy/opt/sdformat_vendor:/opt/ros/jazzy/opt/gz_gui_vendor:/opt/ros/jazzy/opt/gz_transport_vendor:/opt/ros/jazzy/opt/gz_rendering_vendor:/opt/ros/jazzy/opt/gz_plugin_vendor:/opt/ros/jazzy/opt/gz_fuel_tools_vendor:/opt/ros/jazzy/opt/gz_msgs_vendor:/opt/ros/jazzy/opt/gz_common_vendor:/opt/ros/jazzy/opt/gz_math_vendor:/opt/ros/jazzy/opt/gz_utils_vendor:/opt/ros/jazzy/opt/gz_tools_vendor:/opt/ros/jazzy/opt/gz_ogre_next_vendor:/opt/ros/jazzy/opt/gz_dartsim_vendor:/opt/ros/jazzy/opt/gz_cmake_vendor:/opt/ros/jazzy LD_LIBRARY_PATH=/Bt/install/play_motion2/lib:/Bt/install/play_motion2_msgs/lib:${LD_LIBRARY_PATH} PYTHONPATH=/Bt/install/tiago_description/lib/python3.12/site-packages:/Bt/install/pmb2_description/lib/python3.12/site-packages:/Bt/install/omni_base_description/lib/python3.12/site-packages:/Bt/install/play_motion2_msgs/lib/python3.12/site-packages:/Bt/install/launch_pal/lib/python3.12/site-packages:${PYTHONPATH} /usr/bin/cmake --install /Bt/build/tiago_bringup
[4.616s] DEBUG:colcon.colcon_core.event_handler.log_command:Invoked command in '/Bt/build/tiago_moveit_config' returned '0': AMENT_PREFIX_PATH=/Bt/install/tiago_description:/Bt/install/pmb2_description:/Bt/install/pal_hey5_description:/Bt/install/pal_gripper_description:/Bt/install/omni_base_description:/Bt/install/pal_urdf_utils:/Bt/install/pal_robotiq_description:/Bt/install/launch_pal:${AMENT_PREFIX_PATH} CMAKE_PREFIX_PATH=/Bt/install/tiago_description:/Bt/install/pmb2_description:/Bt/install/pal_hey5_description:/Bt/install/pal_gripper_description:/Bt/install/omni_base_description:/Bt/install/pal_urdf_utils:/Bt/install/pal_robotiq_description:/opt/ros/jazzy/opt/gz_sim_vendor:/opt/ros/jazzy/opt/gz_sensors_vendor:/opt/ros/jazzy/opt/gz_physics_vendor:/opt/ros/jazzy/opt/sdformat_vendor:/opt/ros/jazzy/opt/gz_gui_vendor:/opt/ros/jazzy/opt/gz_transport_vendor:/opt/ros/jazzy/opt/gz_rendering_vendor:/opt/ros/jazzy/opt/gz_plugin_vendor:/opt/ros/jazzy/opt/gz_fuel_tools_vendor:/opt/ros/jazzy/opt/gz_msgs_vendor:/opt/ros/jazzy/opt/gz_common_vendor:/opt/ros/jazzy/opt/gz_math_vendor:/opt/ros/jazzy/opt/gz_utils_vendor:/opt/ros/jazzy/opt/gz_tools_vendor:/opt/ros/jazzy/opt/gz_ogre_next_vendor:/opt/ros/jazzy/opt/gz_dartsim_vendor:/opt/ros/jazzy/opt/gz_cmake_vendor:/opt/ros/jazzy PYTHONPATH=/Bt/install/tiago_description/lib/python3.12/site-packages:/Bt/install/pmb2_description/lib/python3.12/site-packages:/Bt/install/omni_base_description/lib/python3.12/site-packages:/Bt/install/launch_pal/lib/python3.12/site-packages:${PYTHONPATH} /usr/bin/cmake --build /Bt/build/tiago_moveit_config -- -j8 -l8
[4.617s] DEBUG:colcon.colcon_core.event_handler.log_command:Invoking command in '/Bt/build/tiago_moveit_config': AMENT_PREFIX_PATH=/Bt/install/tiago_description:/Bt/install/pmb2_description:/Bt/install/pal_hey5_description:/Bt/install/pal_gripper_description:/Bt/install/omni_base_description:/Bt/install/pal_urdf_utils:/Bt/install/pal_robotiq_description:/Bt/install/launch_pal:${AMENT_PREFIX_PATH} CMAKE_PREFIX_PATH=/Bt/install/tiago_description:/Bt/install/pmb2_description:/Bt/install/pal_hey5_description:/Bt/install/pal_gripper_description:/Bt/install/omni_base_description:/Bt/install/pal_urdf_utils:/Bt/install/pal_robotiq_description:/opt/ros/jazzy/opt/gz_sim_vendor:/opt/ros/jazzy/opt/gz_sensors_vendor:/opt/ros/jazzy/opt/gz_physics_vendor:/opt/ros/jazzy/opt/sdformat_vendor:/opt/ros/jazzy/opt/gz_gui_vendor:/opt/ros/jazzy/opt/gz_transport_vendor:/opt/ros/jazzy/opt/gz_rendering_vendor:/opt/ros/jazzy/opt/gz_plugin_vendor:/opt/ros/jazzy/opt/gz_fuel_tools_vendor:/opt/ros/jazzy/opt/gz_msgs_vendor:/opt/ros/jazzy/opt/gz_common_vendor:/opt/ros/jazzy/opt/gz_math_vendor:/opt/ros/jazzy/opt/gz_utils_vendor:/opt/ros/jazzy/opt/gz_tools_vendor:/opt/ros/jazzy/opt/gz_ogre_next_vendor:/opt/ros/jazzy/opt/gz_dartsim_vendor:/opt/ros/jazzy/opt/gz_cmake_vendor:/opt/ros/jazzy PYTHONPATH=/Bt/install/tiago_description/lib/python3.12/site-packages:/Bt/install/pmb2_description/lib/python3.12/site-packages:/Bt/install/omni_base_description/lib/python3.12/site-packages:/Bt/install/launch_pal/lib/python3.12/site-packages:${PYTHONPATH} /usr/bin/cmake --install /Bt/build/tiago_moveit_config
[4.628s] DEBUG:colcon.colcon_core.event_handler.log_command:Invoked command in '/Bt/build/yolo_bringup' returned '0': AMENT_PREFIX_PATH=/Bt/install/yolo_ros:/Bt/install/yolo_msgs:${AMENT_PREFIX_PATH} CMAKE_PREFIX_PATH=/Bt/install/yolo_msgs:/opt/ros/jazzy/opt/gz_sim_vendor:/opt/ros/jazzy/opt/gz_sensors_vendor:/opt/ros/jazzy/opt/gz_physics_vendor:/opt/ros/jazzy/opt/sdformat_vendor:/opt/ros/jazzy/opt/gz_gui_vendor:/opt/ros/jazzy/opt/gz_transport_vendor:/opt/ros/jazzy/opt/gz_rendering_vendor:/opt/ros/jazzy/opt/gz_plugin_vendor:/opt/ros/jazzy/opt/gz_fuel_tools_vendor:/opt/ros/jazzy/opt/gz_msgs_vendor:/opt/ros/jazzy/opt/gz_common_vendor:/opt/ros/jazzy/opt/gz_math_vendor:/opt/ros/jazzy/opt/gz_utils_vendor:/opt/ros/jazzy/opt/gz_tools_vendor:/opt/ros/jazzy/opt/gz_ogre_next_vendor:/opt/ros/jazzy/opt/gz_dartsim_vendor:/opt/ros/jazzy/opt/gz_cmake_vendor:/opt/ros/jazzy LD_LIBRARY_PATH=/Bt/install/yolo_msgs/lib:${LD_LIBRARY_PATH} PYTHONPATH=/Bt/install/yolo_ros/lib/python3.12/site-packages:/Bt/install/yolo_msgs/lib/python3.12/site-packages:${PYTHONPATH} /usr/bin/cmake --build /Bt/build/yolo_bringup -- -j8 -l8
[4.632s] Level 1:colcon.colcon_core.environment:create_environment_scripts_only(tiago_2dnav)
[4.633s] Level 1:colcon.colcon_core.environment:checking '/Bt/install/tiago_2dnav' for CMake module files
[4.635s] DEBUG:colcon.colcon_core.event_handler.log_command:Invoking command in '/Bt/build/yolo_bringup': AMENT_PREFIX_PATH=/Bt/install/yolo_ros:/Bt/install/yolo_msgs:${AMENT_PREFIX_PATH} CMAKE_PREFIX_PATH=/Bt/install/yolo_msgs:/opt/ros/jazzy/opt/gz_sim_vendor:/opt/ros/jazzy/opt/gz_sensors_vendor:/opt/ros/jazzy/opt/gz_physics_vendor:/opt/ros/jazzy/opt/sdformat_vendor:/opt/ros/jazzy/opt/gz_gui_vendor:/opt/ros/jazzy/opt/gz_transport_vendor:/opt/ros/jazzy/opt/gz_rendering_vendor:/opt/ros/jazzy/opt/gz_plugin_vendor:/opt/ros/jazzy/opt/gz_fuel_tools_vendor:/opt/ros/jazzy/opt/gz_msgs_vendor:/opt/ros/jazzy/opt/gz_common_vendor:/opt/ros/jazzy/opt/gz_math_vendor:/opt/ros/jazzy/opt/gz_utils_vendor:/opt/ros/jazzy/opt/gz_tools_vendor:/opt/ros/jazzy/opt/gz_ogre_next_vendor:/opt/ros/jazzy/opt/gz_dartsim_vendor:/opt/ros/jazzy/opt/gz_cmake_vendor:/opt/ros/jazzy LD_LIBRARY_PATH=/Bt/install/yolo_msgs/lib:${LD_LIBRARY_PATH} PYTHONPATH=/Bt/install/yolo_ros/lib/python3.12/site-packages:/Bt/install/yolo_msgs/lib/python3.12/site-packages:${PYTHONPATH} /usr/bin/cmake --install /Bt/build/yolo_bringup
[4.641s] Level 1:colcon.colcon_core.environment:checking '/Bt/install/tiago_2dnav' for CMake config files
[4.641s] DEBUG:colcon.colcon_core.event_handler.log_command:Invoked command in '/Bt/build/tiago_2dnav' returned '0': AMENT_PREFIX_PATH=/Bt/install/tiago_description:/Bt/install/pmb2_description:/Bt/install/pal_hey5_description:/Bt/install/pal_gripper_description:/Bt/install/omni_base_description:/Bt/install/tiago_laser_sensors:/Bt/install/pal_urdf_utils:/Bt/install/pal_robotiq_description:/Bt/install/pal_maps:/Bt/install/launch_pal:${AMENT_PREFIX_PATH} CMAKE_PREFIX_PATH=/Bt/install/tiago_description:/Bt/install/pmb2_description:/Bt/install/pal_hey5_description:/Bt/install/pal_gripper_description:/Bt/install/omni_base_description:/Bt/install/tiago_laser_sensors:/Bt/install/pal_urdf_utils:/Bt/install/pal_robotiq_description:/Bt/install/pal_maps:/opt/ros/jazzy/opt/gz_sim_vendor:/opt/ros/jazzy/opt/gz_sensors_vendor:/opt/ros/jazzy/opt/gz_physics_vendor:/opt/ros/jazzy/opt/sdformat_vendor:/opt/ros/jazzy/opt/gz_gui_vendor:/opt/ros/jazzy/opt/gz_transport_vendor:/opt/ros/jazzy/opt/gz_rendering_vendor:/opt/ros/jazzy/opt/gz_plugin_vendor:/opt/ros/jazzy/opt/gz_fuel_tools_vendor:/opt/ros/jazzy/opt/gz_msgs_vendor:/opt/ros/jazzy/opt/gz_common_vendor:/opt/ros/jazzy/opt/gz_math_vendor:/opt/ros/jazzy/opt/gz_utils_vendor:/opt/ros/jazzy/opt/gz_tools_vendor:/opt/ros/jazzy/opt/gz_ogre_next_vendor:/opt/ros/jazzy/opt/gz_dartsim_vendor:/opt/ros/jazzy/opt/gz_cmake_vendor:/opt/ros/jazzy PYTHONPATH=/Bt/install/tiago_description/lib/python3.12/site-packages:/Bt/install/pmb2_description/lib/python3.12/site-packages:/Bt/install/omni_base_description/lib/python3.12/site-packages:/Bt/install/launch_pal/lib/python3.12/site-packages:${PYTHONPATH} /usr/bin/cmake --install /Bt/build/tiago_2dnav
[4.647s] Level 1:colcon.colcon_core.shell:create_environment_hook('tiago_2dnav', 'cmake_prefix_path')
[4.648s] INFO:colcon.colcon_core.shell:Creating environment hook '/Bt/install/tiago_2dnav/share/tiago_2dnav/hook/cmake_prefix_path.ps1'
[4.648s] INFO:colcon.colcon_core.shell:Creating environment descriptor '/Bt/install/tiago_2dnav/share/tiago_2dnav/hook/cmake_prefix_path.dsv'
[4.648s] INFO:colcon.colcon_core.shell:Creating environment hook '/Bt/install/tiago_2dnav/share/tiago_2dnav/hook/cmake_prefix_path.sh'
[4.649s] Level 1:colcon.colcon_core.environment:checking '/Bt/install/tiago_2dnav/bin'
[4.649s] Level 1:colcon.colcon_core.environment:checking '/Bt/install/tiago_2dnav/lib/pkgconfig/tiago_2dnav.pc'
[4.649s] Level 1:colcon.colcon_core.environment:checking '/Bt/install/tiago_2dnav/lib/python3.12/site-packages'
[4.650s] Level 1:colcon.colcon_core.environment:checking '/Bt/install/tiago_2dnav/bin'
[4.650s] INFO:colcon.colcon_core.shell:Creating package script '/Bt/install/tiago_2dnav/share/tiago_2dnav/package.ps1'
[4.650s] INFO:colcon.colcon_core.shell:Creating package descriptor '/Bt/install/tiago_2dnav/share/tiago_2dnav/package.dsv'
[4.651s] INFO:colcon.colcon_core.shell:Creating package script '/Bt/install/tiago_2dnav/share/tiago_2dnav/package.sh'
[4.651s] INFO:colcon.colcon_core.shell:Creating package script '/Bt/install/tiago_2dnav/share/tiago_2dnav/package.bash'
[4.651s] INFO:colcon.colcon_core.shell:Creating package script '/Bt/install/tiago_2dnav/share/tiago_2dnav/package.zsh'
[4.652s] Level 1:colcon.colcon_core.environment:create_file_with_runtime_dependencies(/Bt/install/tiago_2dnav/share/colcon-core/packages/tiago_2dnav)
[4.652s] Level 1:colcon.colcon_core.environment:create_environment_scripts_only(tiago_2dnav)
[4.652s] Level 1:colcon.colcon_core.environment:checking '/Bt/install/tiago_2dnav' for CMake module files
[4.653s] Level 1:colcon.colcon_core.environment:checking '/Bt/install/tiago_2dnav' for CMake config files
[4.653s] Level 1:colcon.colcon_core.shell:create_environment_hook('tiago_2dnav', 'cmake_prefix_path')
[4.653s] INFO:colcon.colcon_core.shell:Creating environment hook '/Bt/install/tiago_2dnav/share/tiago_2dnav/hook/cmake_prefix_path.ps1'
[4.653s] INFO:colcon.colcon_core.shell:Creating environment descriptor '/Bt/install/tiago_2dnav/share/tiago_2dnav/hook/cmake_prefix_path.dsv'
[4.654s] INFO:colcon.colcon_core.shell:Creating environment hook '/Bt/install/tiago_2dnav/share/tiago_2dnav/hook/cmake_prefix_path.sh'
[4.654s] Level 1:colcon.colcon_core.environment:checking '/Bt/install/tiago_2dnav/bin'
[4.654s] Level 1:colcon.colcon_core.environment:checking '/Bt/install/tiago_2dnav/lib/pkgconfig/tiago_2dnav.pc'
[4.654s] Level 1:colcon.colcon_core.environment:checking '/Bt/install/tiago_2dnav/lib/python3.12/site-packages'
[4.655s] Level 1:colcon.colcon_core.environment:checking '/Bt/install/tiago_2dnav/bin'
[4.655s] INFO:colcon.colcon_core.shell:Creating package script '/Bt/install/tiago_2dnav/share/tiago_2dnav/package.ps1'
[4.655s] INFO:colcon.colcon_core.shell:Creating package descriptor '/Bt/install/tiago_2dnav/share/tiago_2dnav/package.dsv'
[4.656s] INFO:colcon.colcon_core.shell:Creating package script '/Bt/install/tiago_2dnav/share/tiago_2dnav/package.sh'
[4.656s] INFO:colcon.colcon_core.shell:Creating package script '/Bt/install/tiago_2dnav/share/tiago_2dnav/package.bash'
[4.657s] INFO:colcon.colcon_core.shell:Creating package script '/Bt/install/tiago_2dnav/share/tiago_2dnav/package.zsh'
[4.657s] Level 1:colcon.colcon_core.environment:create_file_with_runtime_dependencies(/Bt/install/tiago_2dnav/share/colcon-core/packages/tiago_2dnav)
[4.657s] Level 1:colcon.colcon_core.environment:create_environment_scripts_only(tiago_bringup)
[4.657s] Level 1:colcon.colcon_core.environment:checking '/Bt/install/tiago_bringup' for CMake module files
[4.658s] DEBUG:colcon.colcon_core.event_handler.log_command:Invoked command in '/Bt/build/tiago_bringup' returned '0': AMENT_PREFIX_PATH=/Bt/install/tiago_description:/Bt/install/tiago_controller_configuration:/Bt/install/pmb2_description:/Bt/install/pmb2_controller_configuration:/Bt/install/play_motion2:/Bt/install/pal_hey5_description:/Bt/install/pal_gripper_description:/Bt/install/omni_base_description:/Bt/install/play_motion2_msgs:/Bt/install/pal_urdf_utils:/Bt/install/pal_robotiq_description:/Bt/install/pal_robotiq_controller_configuration:/Bt/install/pal_hey5_controller_configuration:/Bt/install/pal_gripper_controller_configuration:/Bt/install/omni_base_controller_configuration:/Bt/install/launch_pal:${AMENT_PREFIX_PATH} CMAKE_PREFIX_PATH=/Bt/install/tiago_description:/Bt/install/tiago_controller_configuration:/Bt/install/pmb2_description:/Bt/install/pmb2_controller_configuration:/Bt/install/play_motion2:/Bt/install/pal_hey5_description:/Bt/install/pal_gripper_description:/Bt/install/omni_base_description:/Bt/install/play_motion2_msgs:/Bt/install/pal_urdf_utils:/Bt/install/pal_robotiq_description:/Bt/install/pal_robotiq_controller_configuration:/Bt/install/pal_hey5_controller_configuration:/Bt/install/pal_gripper_controller_configuration:/Bt/install/omni_base_controller_configuration:/opt/ros/jazzy/opt/gz_sim_vendor:/opt/ros/jazzy/opt/gz_sensors_vendor:/opt/ros/jazzy/opt/gz_physics_vendor:/opt/ros/jazzy/opt/sdformat_vendor:/opt/ros/jazzy/opt/gz_gui_vendor:/opt/ros/jazzy/opt/gz_transport_vendor:/opt/ros/jazzy/opt/gz_rendering_vendor:/opt/ros/jazzy/opt/gz_plugin_vendor:/opt/ros/jazzy/opt/gz_fuel_tools_vendor:/opt/ros/jazzy/opt/gz_msgs_vendor:/opt/ros/jazzy/opt/gz_common_vendor:/opt/ros/jazzy/opt/gz_math_vendor:/opt/ros/jazzy/opt/gz_utils_vendor:/opt/ros/jazzy/opt/gz_tools_vendor:/opt/ros/jazzy/opt/gz_ogre_next_vendor:/opt/ros/jazzy/opt/gz_dartsim_vendor:/opt/ros/jazzy/opt/gz_cmake_vendor:/opt/ros/jazzy LD_LIBRARY_PATH=/Bt/install/play_motion2/lib:/Bt/install/play_motion2_msgs/lib:${LD_LIBRARY_PATH} PYTHONPATH=/Bt/install/tiago_description/lib/python3.12/site-packages:/Bt/install/pmb2_description/lib/python3.12/site-packages:/Bt/install/omni_base_description/lib/python3.12/site-packages:/Bt/install/play_motion2_msgs/lib/python3.12/site-packages:/Bt/install/launch_pal/lib/python3.12/site-packages:${PYTHONPATH} /usr/bin/cmake --install /Bt/build/tiago_bringup
[4.659s] Level 1:colcon.colcon_core.environment:checking '/Bt/install/tiago_bringup' for CMake config files
[4.659s] Level 1:colcon.colcon_core.shell:create_environment_hook('tiago_bringup', 'cmake_prefix_path')
[4.659s] INFO:colcon.colcon_core.shell:Creating environment hook '/Bt/install/tiago_bringup/share/tiago_bringup/hook/cmake_prefix_path.ps1'
[4.659s] INFO:colcon.colcon_core.shell:Creating environment descriptor '/Bt/install/tiago_bringup/share/tiago_bringup/hook/cmake_prefix_path.dsv'
[4.660s] INFO:colcon.colcon_core.shell:Creating environment hook '/Bt/install/tiago_bringup/share/tiago_bringup/hook/cmake_prefix_path.sh'
[4.660s] Level 1:colcon.colcon_core.environment:checking '/Bt/install/tiago_bringup/lib'
[4.660s] Level 1:colcon.colcon_core.environment:checking '/Bt/install/tiago_bringup/bin'
[4.660s] Level 1:colcon.colcon_core.environment:checking '/Bt/install/tiago_bringup/lib/pkgconfig/tiago_bringup.pc'
[4.661s] Level 1:colcon.colcon_core.environment:checking '/Bt/install/tiago_bringup/lib/python3.12/site-packages'
[4.661s] Level 1:colcon.colcon_core.environment:checking '/Bt/install/tiago_bringup/bin'
[4.661s] INFO:colcon.colcon_core.shell:Creating package script '/Bt/install/tiago_bringup/share/tiago_bringup/package.ps1'
[4.662s] INFO:colcon.colcon_core.shell:Creating package descriptor '/Bt/install/tiago_bringup/share/tiago_bringup/package.dsv'
[4.662s] INFO:colcon.colcon_core.shell:Creating package script '/Bt/install/tiago_bringup/share/tiago_bringup/package.sh'
[4.662s] INFO:colcon.colcon_core.shell:Creating package script '/Bt/install/tiago_bringup/share/tiago_bringup/package.bash'
[4.663s] INFO:colcon.colcon_core.shell:Creating package script '/Bt/install/tiago_bringup/share/tiago_bringup/package.zsh'
[4.663s] Level 1:colcon.colcon_core.environment:create_file_with_runtime_dependencies(/Bt/install/tiago_bringup/share/colcon-core/packages/tiago_bringup)
[4.663s] Level 1:colcon.colcon_core.environment:create_environment_scripts_only(tiago_bringup)
[4.663s] Level 1:colcon.colcon_core.environment:checking '/Bt/install/tiago_bringup' for CMake module files
[4.664s] Level 1:colcon.colcon_core.environment:checking '/Bt/install/tiago_bringup' for CMake config files
[4.664s] Level 1:colcon.colcon_core.shell:create_environment_hook('tiago_bringup', 'cmake_prefix_path')
[4.664s] INFO:colcon.colcon_core.shell:Creating environment hook '/Bt/install/tiago_bringup/share/tiago_bringup/hook/cmake_prefix_path.ps1'
[4.665s] INFO:colcon.colcon_core.shell:Creating environment descriptor '/Bt/install/tiago_bringup/share/tiago_bringup/hook/cmake_prefix_path.dsv'
[4.665s] INFO:colcon.colcon_core.shell:Creating environment hook '/Bt/install/tiago_bringup/share/tiago_bringup/hook/cmake_prefix_path.sh'
[4.666s] Level 1:colcon.colcon_core.environment:checking '/Bt/install/tiago_bringup/lib'
[4.666s] Level 1:colcon.colcon_core.environment:checking '/Bt/install/tiago_bringup/bin'
[4.666s] Level 1:colcon.colcon_core.environment:checking '/Bt/install/tiago_bringup/lib/pkgconfig/tiago_bringup.pc'
[4.666s] Level 1:colcon.colcon_core.environment:checking '/Bt/install/tiago_bringup/lib/python3.12/site-packages'
[4.666s] Level 1:colcon.colcon_core.environment:checking '/Bt/install/tiago_bringup/bin'
[4.666s] INFO:colcon.colcon_core.shell:Creating package script '/Bt/install/tiago_bringup/share/tiago_bringup/package.ps1'
[4.667s] INFO:colcon.colcon_core.shell:Creating package descriptor '/Bt/install/tiago_bringup/share/tiago_bringup/package.dsv'
[4.667s] INFO:colcon.colcon_core.shell:Creating package script '/Bt/install/tiago_bringup/share/tiago_bringup/package.sh'
[4.668s] INFO:colcon.colcon_core.shell:Creating package script '/Bt/install/tiago_bringup/share/tiago_bringup/package.bash'
[4.668s] INFO:colcon.colcon_core.shell:Creating package script '/Bt/install/tiago_bringup/share/tiago_bringup/package.zsh'
[4.668s] Level 1:colcon.colcon_core.environment:create_file_with_runtime_dependencies(/Bt/install/tiago_bringup/share/colcon-core/packages/tiago_bringup)
[4.669s] INFO:colcon.colcon_ros.task.ament_cmake.build:Building ROS package in '/Bt/ThirdParty/tiago_navigation/tiago_navigation' with build type 'ament_cmake'
[4.669s] INFO:colcon.colcon_cmake.task.cmake.build:Building CMake package in '/Bt/ThirdParty/tiago_navigation/tiago_navigation'
[4.669s] INFO:colcon.colcon_core.shell:Skip shell extension 'powershell' for command environment: Not usable outside of PowerShell
[4.669s] DEBUG:colcon.colcon_core.shell:Skip shell extension 'dsv' for command environment
[4.674s] INFO:colcon.colcon_ros.task.ament_cmake.build:Building ROS package in '/Bt/ThirdParty/tiago_robot/tiago_robot' with build type 'ament_cmake'
[4.675s] INFO:colcon.colcon_cmake.task.cmake.build:Building CMake package in '/Bt/ThirdParty/tiago_robot/tiago_robot'
[4.675s] INFO:colcon.colcon_core.shell:Skip shell extension 'powershell' for command environment: Not usable outside of PowerShell
[4.675s] DEBUG:colcon.colcon_core.shell:Skip shell extension 'dsv' for command environment
[4.680s] Level 1:colcon.colcon_core.environment:create_environment_scripts_only(tiago_moveit_config)
[4.681s] Level 1:colcon.colcon_core.environment:checking '/Bt/install/tiago_moveit_config' for CMake module files
[4.681s] DEBUG:colcon.colcon_core.event_handler.log_command:Invoked command in '/Bt/build/tiago_moveit_config' returned '0': AMENT_PREFIX_PATH=/Bt/install/tiago_description:/Bt/install/pmb2_description:/Bt/install/pal_hey5_description:/Bt/install/pal_gripper_description:/Bt/install/omni_base_description:/Bt/install/pal_urdf_utils:/Bt/install/pal_robotiq_description:/Bt/install/launch_pal:${AMENT_PREFIX_PATH} CMAKE_PREFIX_PATH=/Bt/install/tiago_description:/Bt/install/pmb2_description:/Bt/install/pal_hey5_description:/Bt/install/pal_gripper_description:/Bt/install/omni_base_description:/Bt/install/pal_urdf_utils:/Bt/install/pal_robotiq_description:/opt/ros/jazzy/opt/gz_sim_vendor:/opt/ros/jazzy/opt/gz_sensors_vendor:/opt/ros/jazzy/opt/gz_physics_vendor:/opt/ros/jazzy/opt/sdformat_vendor:/opt/ros/jazzy/opt/gz_gui_vendor:/opt/ros/jazzy/opt/gz_transport_vendor:/opt/ros/jazzy/opt/gz_rendering_vendor:/opt/ros/jazzy/opt/gz_plugin_vendor:/opt/ros/jazzy/opt/gz_fuel_tools_vendor:/opt/ros/jazzy/opt/gz_msgs_vendor:/opt/ros/jazzy/opt/gz_common_vendor:/opt/ros/jazzy/opt/gz_math_vendor:/opt/ros/jazzy/opt/gz_utils_vendor:/opt/ros/jazzy/opt/gz_tools_vendor:/opt/ros/jazzy/opt/gz_ogre_next_vendor:/opt/ros/jazzy/opt/gz_dartsim_vendor:/opt/ros/jazzy/opt/gz_cmake_vendor:/opt/ros/jazzy PYTHONPATH=/Bt/install/tiago_description/lib/python3.12/site-packages:/Bt/install/pmb2_description/lib/python3.12/site-packages:/Bt/install/omni_base_description/lib/python3.12/site-packages:/Bt/install/launch_pal/lib/python3.12/site-packages:${PYTHONPATH} /usr/bin/cmake --install /Bt/build/tiago_moveit_config
[4.682s] Level 1:colcon.colcon_core.environment:checking '/Bt/install/tiago_moveit_config' for CMake config files
[4.682s] Level 1:colcon.colcon_core.shell:create_environment_hook('tiago_moveit_config', 'cmake_prefix_path')
[4.683s] INFO:colcon.colcon_core.shell:Creating environment hook '/Bt/install/tiago_moveit_config/share/tiago_moveit_config/hook/cmake_prefix_path.ps1'
[4.683s] INFO:colcon.colcon_core.shell:Creating environment descriptor '/Bt/install/tiago_moveit_config/share/tiago_moveit_config/hook/cmake_prefix_path.dsv'
[4.684s] INFO:colcon.colcon_core.shell:Creating environment hook '/Bt/install/tiago_moveit_config/share/tiago_moveit_config/hook/cmake_prefix_path.sh'
[4.685s] Level 1:colcon.colcon_core.environment:checking '/Bt/install/tiago_moveit_config/bin'
[4.685s] Level 1:colcon.colcon_core.environment:checking '/Bt/install/tiago_moveit_config/lib/pkgconfig/tiago_moveit_config.pc'
[4.685s] Level 1:colcon.colcon_core.environment:checking '/Bt/install/tiago_moveit_config/lib/python3.12/site-packages'
[4.686s] Level 1:colcon.colcon_core.environment:checking '/Bt/install/tiago_moveit_config/bin'
[4.686s] INFO:colcon.colcon_core.shell:Creating package script '/Bt/install/tiago_moveit_config/share/tiago_moveit_config/package.ps1'
[4.687s] INFO:colcon.colcon_core.shell:Creating package descriptor '/Bt/install/tiago_moveit_config/share/tiago_moveit_config/package.dsv'
[4.687s] INFO:colcon.colcon_core.shell:Creating package script '/Bt/install/tiago_moveit_config/share/tiago_moveit_config/package.sh'
[4.688s] INFO:colcon.colcon_core.shell:Creating package script '/Bt/install/tiago_moveit_config/share/tiago_moveit_config/package.bash'
[4.689s] INFO:colcon.colcon_core.shell:Creating package script '/Bt/install/tiago_moveit_config/share/tiago_moveit_config/package.zsh'
[4.689s] Level 1:colcon.colcon_core.environment:create_file_with_runtime_dependencies(/Bt/install/tiago_moveit_config/share/colcon-core/packages/tiago_moveit_config)
[4.690s] Level 1:colcon.colcon_core.environment:create_environment_scripts_only(tiago_moveit_config)
[4.690s] Level 1:colcon.colcon_core.environment:checking '/Bt/install/tiago_moveit_config' for CMake module files
[4.691s] Level 1:colcon.colcon_core.environment:checking '/Bt/install/tiago_moveit_config' for CMake config files
[4.691s] Level 1:colcon.colcon_core.shell:create_environment_hook('tiago_moveit_config', 'cmake_prefix_path')
[4.692s] INFO:colcon.colcon_core.shell:Creating environment hook '/Bt/install/tiago_moveit_config/share/tiago_moveit_config/hook/cmake_prefix_path.ps1'
[4.692s] INFO:colcon.colcon_core.shell:Creating environment descriptor '/Bt/install/tiago_moveit_config/share/tiago_moveit_config/hook/cmake_prefix_path.dsv'
[4.693s] INFO:colcon.colcon_core.shell:Creating environment hook '/Bt/install/tiago_moveit_config/share/tiago_moveit_config/hook/cmake_prefix_path.sh'
[4.694s] Level 1:colcon.colcon_core.environment:checking '/Bt/install/tiago_moveit_config/bin'
[4.694s] Level 1:colcon.colcon_core.environment:checking '/Bt/install/tiago_moveit_config/lib/pkgconfig/tiago_moveit_config.pc'
[4.694s] Level 1:colcon.colcon_core.environment:checking '/Bt/install/tiago_moveit_config/lib/python3.12/site-packages'
[4.695s] Level 1:colcon.colcon_core.environment:checking '/Bt/install/tiago_moveit_config/bin'
[4.695s] INFO:colcon.colcon_core.shell:Creating package script '/Bt/install/tiago_moveit_config/share/tiago_moveit_config/package.ps1'
[4.696s] INFO:colcon.colcon_core.shell:Creating package descriptor '/Bt/install/tiago_moveit_config/share/tiago_moveit_config/package.dsv'
[4.696s] INFO:colcon.colcon_core.shell:Creating package script '/Bt/install/tiago_moveit_config/share/tiago_moveit_config/package.sh'
[4.697s] INFO:colcon.colcon_core.shell:Creating package script '/Bt/install/tiago_moveit_config/share/tiago_moveit_config/package.bash'
[4.697s] INFO:colcon.colcon_core.shell:Creating package script '/Bt/install/tiago_moveit_config/share/tiago_moveit_config/package.zsh'
[4.698s] Level 1:colcon.colcon_core.environment:create_file_with_runtime_dependencies(/Bt/install/tiago_moveit_config/share/colcon-core/packages/tiago_moveit_config)
[4.698s] Level 1:colcon.colcon_core.environment:create_environment_scripts_only(yolo_bringup)
[4.699s] Level 1:colcon.colcon_core.environment:checking '/Bt/install/yolo_bringup' for CMake module files
[4.700s] DEBUG:colcon.colcon_core.event_handler.log_command:Invoked command in '/Bt/build/yolo_bringup' returned '0': AMENT_PREFIX_PATH=/Bt/install/yolo_ros:/Bt/install/yolo_msgs:${AMENT_PREFIX_PATH} CMAKE_PREFIX_PATH=/Bt/install/yolo_msgs:/opt/ros/jazzy/opt/gz_sim_vendor:/opt/ros/jazzy/opt/gz_sensors_vendor:/opt/ros/jazzy/opt/gz_physics_vendor:/opt/ros/jazzy/opt/sdformat_vendor:/opt/ros/jazzy/opt/gz_gui_vendor:/opt/ros/jazzy/opt/gz_transport_vendor:/opt/ros/jazzy/opt/gz_rendering_vendor:/opt/ros/jazzy/opt/gz_plugin_vendor:/opt/ros/jazzy/opt/gz_fuel_tools_vendor:/opt/ros/jazzy/opt/gz_msgs_vendor:/opt/ros/jazzy/opt/gz_common_vendor:/opt/ros/jazzy/opt/gz_math_vendor:/opt/ros/jazzy/opt/gz_utils_vendor:/opt/ros/jazzy/opt/gz_tools_vendor:/opt/ros/jazzy/opt/gz_ogre_next_vendor:/opt/ros/jazzy/opt/gz_dartsim_vendor:/opt/ros/jazzy/opt/gz_cmake_vendor:/opt/ros/jazzy LD_LIBRARY_PATH=/Bt/install/yolo_msgs/lib:${LD_LIBRARY_PATH} PYTHONPATH=/Bt/install/yolo_ros/lib/python3.12/site-packages:/Bt/install/yolo_msgs/lib/python3.12/site-packages:${PYTHONPATH} /usr/bin/cmake --install /Bt/build/yolo_bringup
[4.700s] Level 1:colcon.colcon_core.environment:checking '/Bt/install/yolo_bringup' for CMake config files
[4.701s] Level 1:colcon.colcon_core.shell:create_environment_hook('yolo_bringup', 'cmake_prefix_path')
[4.701s] INFO:colcon.colcon_core.shell:Creating environment hook '/Bt/install/yolo_bringup/share/yolo_bringup/hook/cmake_prefix_path.ps1'
[4.701s] INFO:colcon.colcon_core.shell:Creating environment descriptor '/Bt/install/yolo_bringup/share/yolo_bringup/hook/cmake_prefix_path.dsv'
[4.702s] INFO:colcon.colcon_core.shell:Creating environment hook '/Bt/install/yolo_bringup/share/yolo_bringup/hook/cmake_prefix_path.sh'
[4.703s] Level 1:colcon.colcon_core.environment:checking '/Bt/install/yolo_bringup/bin'
[4.703s] Level 1:colcon.colcon_core.environment:checking '/Bt/install/yolo_bringup/lib/pkgconfig/yolo_bringup.pc'
[4.703s] Level 1:colcon.colcon_core.environment:checking '/Bt/install/yolo_bringup/lib/python3.12/site-packages'
[4.704s] Level 1:colcon.colcon_core.environment:checking '/Bt/install/yolo_bringup/bin'
[4.704s] INFO:colcon.colcon_core.shell:Creating package script '/Bt/install/yolo_bringup/share/yolo_bringup/package.ps1'
[4.704s] INFO:colcon.colcon_core.shell:Creating package descriptor '/Bt/install/yolo_bringup/share/yolo_bringup/package.dsv'
[4.705s] INFO:colcon.colcon_core.shell:Creating package script '/Bt/install/yolo_bringup/share/yolo_bringup/package.sh'
[4.706s] INFO:colcon.colcon_core.shell:Creating package script '/Bt/install/yolo_bringup/share/yolo_bringup/package.bash'
[4.706s] INFO:colcon.colcon_core.shell:Creating package script '/Bt/install/yolo_bringup/share/yolo_bringup/package.zsh'
[4.707s] Level 1:colcon.colcon_core.environment:create_file_with_runtime_dependencies(/Bt/install/yolo_bringup/share/colcon-core/packages/yolo_bringup)
[4.707s] Level 1:colcon.colcon_core.environment:create_environment_scripts_only(yolo_bringup)
[4.708s] Level 1:colcon.colcon_core.environment:checking '/Bt/install/yolo_bringup' for CMake module files
[4.708s] Level 1:colcon.colcon_core.environment:checking '/Bt/install/yolo_bringup' for CMake config files
[4.709s] Level 1:colcon.colcon_core.shell:create_environment_hook('yolo_bringup', 'cmake_prefix_path')
[4.709s] INFO:colcon.colcon_core.shell:Creating environment hook '/Bt/install/yolo_bringup/share/yolo_bringup/hook/cmake_prefix_path.ps1'
[4.710s] INFO:colcon.colcon_core.shell:Creating environment descriptor '/Bt/install/yolo_bringup/share/yolo_bringup/hook/cmake_prefix_path.dsv'
[4.710s] INFO:colcon.colcon_core.shell:Creating environment hook '/Bt/install/yolo_bringup/share/yolo_bringup/hook/cmake_prefix_path.sh'
[4.711s] Level 1:colcon.colcon_core.environment:checking '/Bt/install/yolo_bringup/bin'
[4.711s] Level 1:colcon.colcon_core.environment:checking '/Bt/install/yolo_bringup/lib/pkgconfig/yolo_bringup.pc'
[4.711s] Level 1:colcon.colcon_core.environment:checking '/Bt/install/yolo_bringup/lib/python3.12/site-packages'
[4.712s] Level 1:colcon.colcon_core.environment:checking '/Bt/install/yolo_bringup/bin'
[4.712s] INFO:colcon.colcon_core.shell:Creating package script '/Bt/install/yolo_bringup/share/yolo_bringup/package.ps1'
[4.713s] INFO:colcon.colcon_core.shell:Creating package descriptor '/Bt/install/yolo_bringup/share/yolo_bringup/package.dsv'
[4.713s] INFO:colcon.colcon_core.shell:Creating package script '/Bt/install/yolo_bringup/share/yolo_bringup/package.sh'
[4.714s] INFO:colcon.colcon_core.shell:Creating package script '/Bt/install/yolo_bringup/share/yolo_bringup/package.bash'
[4.714s] INFO:colcon.colcon_core.shell:Creating package script '/Bt/install/yolo_bringup/share/yolo_bringup/package.zsh'
[4.715s] Level 1:colcon.colcon_core.environment:create_file_with_runtime_dependencies(/Bt/install/yolo_bringup/share/colcon-core/packages/yolo_bringup)
[4.716s] INFO:colcon.colcon_ros.task.ament_cmake.build:Building ROS package in '/Bt/ThirdParty/tiago_simulation/tiago_gazebo' with build type 'ament_cmake'
[4.716s] INFO:colcon.colcon_cmake.task.cmake.build:Building CMake package in '/Bt/ThirdParty/tiago_simulation/tiago_gazebo'
[4.716s] INFO:colcon.colcon_core.shell:Skip shell extension 'powershell' for command environment: Not usable outside of PowerShell
[4.717s] DEBUG:colcon.colcon_core.shell:Skip shell extension 'dsv' for command environment
[4.729s] DEBUG:colcon.colcon_core.event_handler.log_command:Invoking command in '/Bt/build/tiago_navigation': AMENT_PREFIX_PATH=/Bt/install/tiago_2dnav:/Bt/install/tiago_description:/Bt/install/pmb2_description:/Bt/install/pal_hey5_description:/Bt/install/pal_gripper_description:/Bt/install/omni_base_description:/Bt/install/tiago_laser_sensors:/Bt/install/pal_urdf_utils:/Bt/install/pal_robotiq_description:/Bt/install/pal_maps:/Bt/install/launch_pal:${AMENT_PREFIX_PATH} CMAKE_PREFIX_PATH=/Bt/install/tiago_2dnav:/Bt/install/tiago_description:/Bt/install/pmb2_description:/Bt/install/pal_hey5_description:/Bt/install/pal_gripper_description:/Bt/install/omni_base_description:/Bt/install/tiago_laser_sensors:/Bt/install/pal_urdf_utils:/Bt/install/pal_robotiq_description:/Bt/install/pal_maps:/opt/ros/jazzy/opt/gz_sim_vendor:/opt/ros/jazzy/opt/gz_sensors_vendor:/opt/ros/jazzy/opt/gz_physics_vendor:/opt/ros/jazzy/opt/sdformat_vendor:/opt/ros/jazzy/opt/gz_gui_vendor:/opt/ros/jazzy/opt/gz_transport_vendor:/opt/ros/jazzy/opt/gz_rendering_vendor:/opt/ros/jazzy/opt/gz_plugin_vendor:/opt/ros/jazzy/opt/gz_fuel_tools_vendor:/opt/ros/jazzy/opt/gz_msgs_vendor:/opt/ros/jazzy/opt/gz_common_vendor:/opt/ros/jazzy/opt/gz_math_vendor:/opt/ros/jazzy/opt/gz_utils_vendor:/opt/ros/jazzy/opt/gz_tools_vendor:/opt/ros/jazzy/opt/gz_ogre_next_vendor:/opt/ros/jazzy/opt/gz_dartsim_vendor:/opt/ros/jazzy/opt/gz_cmake_vendor:/opt/ros/jazzy PYTHONPATH=/Bt/install/tiago_description/lib/python3.12/site-packages:/Bt/install/pmb2_description/lib/python3.12/site-packages:/Bt/install/omni_base_description/lib/python3.12/site-packages:/Bt/install/launch_pal/lib/python3.12/site-packages:${PYTHONPATH} /usr/bin/cmake --build /Bt/build/tiago_navigation -- -j8 -l8
[4.731s] DEBUG:colcon.colcon_core.event_handler.log_command:Invoking command in '/Bt/build/tiago_robot': AMENT_PREFIX_PATH=/Bt/install/tiago_bringup:/Bt/install/tiago_description:/Bt/install/tiago_controller_configuration:/Bt/install/pmb2_description:/Bt/install/pmb2_controller_configuration:/Bt/install/play_motion2:/Bt/install/pal_hey5_description:/Bt/install/pal_gripper_description:/Bt/install/omni_base_description:/Bt/install/play_motion2_msgs:/Bt/install/pal_urdf_utils:/Bt/install/pal_robotiq_description:/Bt/install/pal_robotiq_controller_configuration:/Bt/install/pal_hey5_controller_configuration:/Bt/install/pal_gripper_controller_configuration:/Bt/install/omni_base_controller_configuration:/Bt/install/launch_pal:${AMENT_PREFIX_PATH} CMAKE_PREFIX_PATH=/Bt/install/tiago_bringup:/Bt/install/tiago_description:/Bt/install/tiago_controller_configuration:/Bt/install/pmb2_description:/Bt/install/pmb2_controller_configuration:/Bt/install/play_motion2:/Bt/install/pal_hey5_description:/Bt/install/pal_gripper_description:/Bt/install/omni_base_description:/Bt/install/play_motion2_msgs:/Bt/install/pal_urdf_utils:/Bt/install/pal_robotiq_description:/Bt/install/pal_robotiq_controller_configuration:/Bt/install/pal_hey5_controller_configuration:/Bt/install/pal_gripper_controller_configuration:/Bt/install/omni_base_controller_configuration:/opt/ros/jazzy/opt/gz_sim_vendor:/opt/ros/jazzy/opt/gz_sensors_vendor:/opt/ros/jazzy/opt/gz_physics_vendor:/opt/ros/jazzy/opt/sdformat_vendor:/opt/ros/jazzy/opt/gz_gui_vendor:/opt/ros/jazzy/opt/gz_transport_vendor:/opt/ros/jazzy/opt/gz_rendering_vendor:/opt/ros/jazzy/opt/gz_plugin_vendor:/opt/ros/jazzy/opt/gz_fuel_tools_vendor:/opt/ros/jazzy/opt/gz_msgs_vendor:/opt/ros/jazzy/opt/gz_common_vendor:/opt/ros/jazzy/opt/gz_math_vendor:/opt/ros/jazzy/opt/gz_utils_vendor:/opt/ros/jazzy/opt/gz_tools_vendor:/opt/ros/jazzy/opt/gz_ogre_next_vendor:/opt/ros/jazzy/opt/gz_dartsim_vendor:/opt/ros/jazzy/opt/gz_cmake_vendor:/opt/ros/jazzy LD_LIBRARY_PATH=/Bt/install/play_motion2/lib:/Bt/install/play_motion2_msgs/lib:${LD_LIBRARY_PATH} PYTHONPATH=/Bt/install/tiago_description/lib/python3.12/site-packages:/Bt/install/pmb2_description/lib/python3.12/site-packages:/Bt/install/omni_base_description/lib/python3.12/site-packages:/Bt/install/play_motion2_msgs/lib/python3.12/site-packages:/Bt/install/launch_pal/lib/python3.12/site-packages:${PYTHONPATH} /usr/bin/cmake --build /Bt/build/tiago_robot -- -j8 -l8
[4.752s] DEBUG:colcon.colcon_core.event_handler.log_command:Invoking command in '/Bt/build/tiago_gazebo': AMENT_PREFIX_PATH=/Bt/install/tiago_moveit_config:/Bt/install/tiago_bringup:/Bt/install/tiago_2dnav:/Bt/install/tiago_description:/Bt/install/tiago_controller_configuration:/Bt/install/pmb2_description:/Bt/install/pmb2_controller_configuration:/Bt/install/play_motion2:/Bt/install/pal_hey5_description:/Bt/install/pal_gripper_description:/Bt/install/omni_base_description:/Bt/install/tiago_laser_sensors:/Bt/install/play_motion2_msgs:/Bt/install/pal_urdf_utils:/Bt/install/pal_robotiq_description:/Bt/install/pal_robotiq_controller_configuration:/Bt/install/pal_maps:/Bt/install/pal_hey5_controller_configuration:/Bt/install/pal_gripper_controller_configuration:/Bt/install/omni_base_controller_configuration:/Bt/install/launch_pal:${AMENT_PREFIX_PATH} CMAKE_PREFIX_PATH=/Bt/install/tiago_moveit_config:/Bt/install/tiago_bringup:/Bt/install/tiago_2dnav:/Bt/install/tiago_description:/Bt/install/tiago_controller_configuration:/Bt/install/pmb2_description:/Bt/install/pmb2_controller_configuration:/Bt/install/play_motion2:/Bt/install/pal_hey5_description:/Bt/install/pal_gripper_description:/Bt/install/omni_base_description:/Bt/install/tiago_laser_sensors:/Bt/install/play_motion2_msgs:/Bt/install/pal_urdf_utils:/Bt/install/pal_robotiq_description:/Bt/install/pal_robotiq_controller_configuration:/Bt/install/pal_maps:/Bt/install/pal_hey5_controller_configuration:/Bt/install/pal_gripper_controller_configuration:/Bt/install/omni_base_controller_configuration:/opt/ros/jazzy/opt/gz_sim_vendor:/opt/ros/jazzy/opt/gz_sensors_vendor:/opt/ros/jazzy/opt/gz_physics_vendor:/opt/ros/jazzy/opt/sdformat_vendor:/opt/ros/jazzy/opt/gz_gui_vendor:/opt/ros/jazzy/opt/gz_transport_vendor:/opt/ros/jazzy/opt/gz_rendering_vendor:/opt/ros/jazzy/opt/gz_plugin_vendor:/opt/ros/jazzy/opt/gz_fuel_tools_vendor:/opt/ros/jazzy/opt/gz_msgs_vendor:/opt/ros/jazzy/opt/gz_common_vendor:/opt/ros/jazzy/opt/gz_math_vendor:/opt/ros/jazzy/opt/gz_utils_vendor:/opt/ros/jazzy/opt/gz_tools_vendor:/opt/ros/jazzy/opt/gz_ogre_next_vendor:/opt/ros/jazzy/opt/gz_dartsim_vendor:/opt/ros/jazzy/opt/gz_cmake_vendor:/opt/ros/jazzy LD_LIBRARY_PATH=/Bt/install/play_motion2/lib:/Bt/install/play_motion2_msgs/lib:${LD_LIBRARY_PATH} PYTHONPATH=/Bt/install/tiago_description/lib/python3.12/site-packages:/Bt/install/pmb2_description/lib/python3.12/site-packages:/Bt/install/omni_base_description/lib/python3.12/site-packages:/Bt/install/play_motion2_msgs/lib/python3.12/site-packages:/Bt/install/launch_pal/lib/python3.12/site-packages:${PYTHONPATH} /usr/bin/cmake --build /Bt/build/tiago_gazebo -- -j8 -l8
[4.771s] DEBUG:colcon.colcon_core.event_handler.log_command:Invoked command in '/Bt/build/tiago_robot' returned '0': AMENT_PREFIX_PATH=/Bt/install/tiago_bringup:/Bt/install/tiago_description:/Bt/install/tiago_controller_configuration:/Bt/install/pmb2_description:/Bt/install/pmb2_controller_configuration:/Bt/install/play_motion2:/Bt/install/pal_hey5_description:/Bt/install/pal_gripper_description:/Bt/install/omni_base_description:/Bt/install/play_motion2_msgs:/Bt/install/pal_urdf_utils:/Bt/install/pal_robotiq_description:/Bt/install/pal_robotiq_controller_configuration:/Bt/install/pal_hey5_controller_configuration:/Bt/install/pal_gripper_controller_configuration:/Bt/install/omni_base_controller_configuration:/Bt/install/launch_pal:${AMENT_PREFIX_PATH} CMAKE_PREFIX_PATH=/Bt/install/tiago_bringup:/Bt/install/tiago_description:/Bt/install/tiago_controller_configuration:/Bt/install/pmb2_description:/Bt/install/pmb2_controller_configuration:/Bt/install/play_motion2:/Bt/install/pal_hey5_description:/Bt/install/pal_gripper_description:/Bt/install/omni_base_description:/Bt/install/play_motion2_msgs:/Bt/install/pal_urdf_utils:/Bt/install/pal_robotiq_description:/Bt/install/pal_robotiq_controller_configuration:/Bt/install/pal_hey5_controller_configuration:/Bt/install/pal_gripper_controller_configuration:/Bt/install/omni_base_controller_configuration:/opt/ros/jazzy/opt/gz_sim_vendor:/opt/ros/jazzy/opt/gz_sensors_vendor:/opt/ros/jazzy/opt/gz_physics_vendor:/opt/ros/jazzy/opt/sdformat_vendor:/opt/ros/jazzy/opt/gz_gui_vendor:/opt/ros/jazzy/opt/gz_transport_vendor:/opt/ros/jazzy/opt/gz_rendering_vendor:/opt/ros/jazzy/opt/gz_plugin_vendor:/opt/ros/jazzy/opt/gz_fuel_tools_vendor:/opt/ros/jazzy/opt/gz_msgs_vendor:/opt/ros/jazzy/opt/gz_common_vendor:/opt/ros/jazzy/opt/gz_math_vendor:/opt/ros/jazzy/opt/gz_utils_vendor:/opt/ros/jazzy/opt/gz_tools_vendor:/opt/ros/jazzy/opt/gz_ogre_next_vendor:/opt/ros/jazzy/opt/gz_dartsim_vendor:/opt/ros/jazzy/opt/gz_cmake_vendor:/opt/ros/jazzy LD_LIBRARY_PATH=/Bt/install/play_motion2/lib:/Bt/install/play_motion2_msgs/lib:${LD_LIBRARY_PATH} PYTHONPATH=/Bt/install/tiago_description/lib/python3.12/site-packages:/Bt/install/pmb2_description/lib/python3.12/site-packages:/Bt/install/omni_base_description/lib/python3.12/site-packages:/Bt/install/play_motion2_msgs/lib/python3.12/site-packages:/Bt/install/launch_pal/lib/python3.12/site-packages:${PYTHONPATH} /usr/bin/cmake --build /Bt/build/tiago_robot -- -j8 -l8
[4.772s] DEBUG:colcon.colcon_core.event_handler.log_command:Invoking command in '/Bt/build/tiago_robot': AMENT_PREFIX_PATH=/Bt/install/tiago_bringup:/Bt/install/tiago_description:/Bt/install/tiago_controller_configuration:/Bt/install/pmb2_description:/Bt/install/pmb2_controller_configuration:/Bt/install/play_motion2:/Bt/install/pal_hey5_description:/Bt/install/pal_gripper_description:/Bt/install/omni_base_description:/Bt/install/play_motion2_msgs:/Bt/install/pal_urdf_utils:/Bt/install/pal_robotiq_description:/Bt/install/pal_robotiq_controller_configuration:/Bt/install/pal_hey5_controller_configuration:/Bt/install/pal_gripper_controller_configuration:/Bt/install/omni_base_controller_configuration:/Bt/install/launch_pal:${AMENT_PREFIX_PATH} CMAKE_PREFIX_PATH=/Bt/install/tiago_bringup:/Bt/install/tiago_description:/Bt/install/tiago_controller_configuration:/Bt/install/pmb2_description:/Bt/install/pmb2_controller_configuration:/Bt/install/play_motion2:/Bt/install/pal_hey5_description:/Bt/install/pal_gripper_description:/Bt/install/omni_base_description:/Bt/install/play_motion2_msgs:/Bt/install/pal_urdf_utils:/Bt/install/pal_robotiq_description:/Bt/install/pal_robotiq_controller_configuration:/Bt/install/pal_hey5_controller_configuration:/Bt/install/pal_gripper_controller_configuration:/Bt/install/omni_base_controller_configuration:/opt/ros/jazzy/opt/gz_sim_vendor:/opt/ros/jazzy/opt/gz_sensors_vendor:/opt/ros/jazzy/opt/gz_physics_vendor:/opt/ros/jazzy/opt/sdformat_vendor:/opt/ros/jazzy/opt/gz_gui_vendor:/opt/ros/jazzy/opt/gz_transport_vendor:/opt/ros/jazzy/opt/gz_rendering_vendor:/opt/ros/jazzy/opt/gz_plugin_vendor:/opt/ros/jazzy/opt/gz_fuel_tools_vendor:/opt/ros/jazzy/opt/gz_msgs_vendor:/opt/ros/jazzy/opt/gz_common_vendor:/opt/ros/jazzy/opt/gz_math_vendor:/opt/ros/jazzy/opt/gz_utils_vendor:/opt/ros/jazzy/opt/gz_tools_vendor:/opt/ros/jazzy/opt/gz_ogre_next_vendor:/opt/ros/jazzy/opt/gz_dartsim_vendor:/opt/ros/jazzy/opt/gz_cmake_vendor:/opt/ros/jazzy LD_LIBRARY_PATH=/Bt/install/play_motion2/lib:/Bt/install/play_motion2_msgs/lib:${LD_LIBRARY_PATH} PYTHONPATH=/Bt/install/tiago_description/lib/python3.12/site-packages:/Bt/install/pmb2_description/lib/python3.12/site-packages:/Bt/install/omni_base_description/lib/python3.12/site-packages:/Bt/install/play_motion2_msgs/lib/python3.12/site-packages:/Bt/install/launch_pal/lib/python3.12/site-packages:${PYTHONPATH} /usr/bin/cmake --install /Bt/build/tiago_robot
[4.773s] DEBUG:colcon.colcon_core.event_handler.log_command:Invoked command in '/Bt/build/tiago_navigation' returned '0': AMENT_PREFIX_PATH=/Bt/install/tiago_2dnav:/Bt/install/tiago_description:/Bt/install/pmb2_description:/Bt/install/pal_hey5_description:/Bt/install/pal_gripper_description:/Bt/install/omni_base_description:/Bt/install/tiago_laser_sensors:/Bt/install/pal_urdf_utils:/Bt/install/pal_robotiq_description:/Bt/install/pal_maps:/Bt/install/launch_pal:${AMENT_PREFIX_PATH} CMAKE_PREFIX_PATH=/Bt/install/tiago_2dnav:/Bt/install/tiago_description:/Bt/install/pmb2_description:/Bt/install/pal_hey5_description:/Bt/install/pal_gripper_description:/Bt/install/omni_base_description:/Bt/install/tiago_laser_sensors:/Bt/install/pal_urdf_utils:/Bt/install/pal_robotiq_description:/Bt/install/pal_maps:/opt/ros/jazzy/opt/gz_sim_vendor:/opt/ros/jazzy/opt/gz_sensors_vendor:/opt/ros/jazzy/opt/gz_physics_vendor:/opt/ros/jazzy/opt/sdformat_vendor:/opt/ros/jazzy/opt/gz_gui_vendor:/opt/ros/jazzy/opt/gz_transport_vendor:/opt/ros/jazzy/opt/gz_rendering_vendor:/opt/ros/jazzy/opt/gz_plugin_vendor:/opt/ros/jazzy/opt/gz_fuel_tools_vendor:/opt/ros/jazzy/opt/gz_msgs_vendor:/opt/ros/jazzy/opt/gz_common_vendor:/opt/ros/jazzy/opt/gz_math_vendor:/opt/ros/jazzy/opt/gz_utils_vendor:/opt/ros/jazzy/opt/gz_tools_vendor:/opt/ros/jazzy/opt/gz_ogre_next_vendor:/opt/ros/jazzy/opt/gz_dartsim_vendor:/opt/ros/jazzy/opt/gz_cmake_vendor:/opt/ros/jazzy PYTHONPATH=/Bt/install/tiago_description/lib/python3.12/site-packages:/Bt/install/pmb2_description/lib/python3.12/site-packages:/Bt/install/omni_base_description/lib/python3.12/site-packages:/Bt/install/launch_pal/lib/python3.12/site-packages:${PYTHONPATH} /usr/bin/cmake --build /Bt/build/tiago_navigation -- -j8 -l8
[4.774s] DEBUG:colcon.colcon_core.event_handler.log_command:Invoking command in '/Bt/build/tiago_navigation': AMENT_PREFIX_PATH=/Bt/install/tiago_2dnav:/Bt/install/tiago_description:/Bt/install/pmb2_description:/Bt/install/pal_hey5_description:/Bt/install/pal_gripper_description:/Bt/install/omni_base_description:/Bt/install/tiago_laser_sensors:/Bt/install/pal_urdf_utils:/Bt/install/pal_robotiq_description:/Bt/install/pal_maps:/Bt/install/launch_pal:${AMENT_PREFIX_PATH} CMAKE_PREFIX_PATH=/Bt/install/tiago_2dnav:/Bt/install/tiago_description:/Bt/install/pmb2_description:/Bt/install/pal_hey5_description:/Bt/install/pal_gripper_description:/Bt/install/omni_base_description:/Bt/install/tiago_laser_sensors:/Bt/install/pal_urdf_utils:/Bt/install/pal_robotiq_description:/Bt/install/pal_maps:/opt/ros/jazzy/opt/gz_sim_vendor:/opt/ros/jazzy/opt/gz_sensors_vendor:/opt/ros/jazzy/opt/gz_physics_vendor:/opt/ros/jazzy/opt/sdformat_vendor:/opt/ros/jazzy/opt/gz_gui_vendor:/opt/ros/jazzy/opt/gz_transport_vendor:/opt/ros/jazzy/opt/gz_rendering_vendor:/opt/ros/jazzy/opt/gz_plugin_vendor:/opt/ros/jazzy/opt/gz_fuel_tools_vendor:/opt/ros/jazzy/opt/gz_msgs_vendor:/opt/ros/jazzy/opt/gz_common_vendor:/opt/ros/jazzy/opt/gz_math_vendor:/opt/ros/jazzy/opt/gz_utils_vendor:/opt/ros/jazzy/opt/gz_tools_vendor:/opt/ros/jazzy/opt/gz_ogre_next_vendor:/opt/ros/jazzy/opt/gz_dartsim_vendor:/opt/ros/jazzy/opt/gz_cmake_vendor:/opt/ros/jazzy PYTHONPATH=/Bt/install/tiago_description/lib/python3.12/site-packages:/Bt/install/pmb2_description/lib/python3.12/site-packages:/Bt/install/omni_base_description/lib/python3.12/site-packages:/Bt/install/launch_pal/lib/python3.12/site-packages:${PYTHONPATH} /usr/bin/cmake --install /Bt/build/tiago_navigation
[4.784s] Level 1:colcon.colcon_core.environment:create_environment_scripts_only(tiago_robot)
[4.784s] Level 1:colcon.colcon_core.environment:checking '/Bt/install/tiago_robot' for CMake module files
[4.785s] Level 1:colcon.colcon_core.environment:checking '/Bt/install/tiago_robot' for CMake config files
[4.787s] Level 1:colcon.colcon_core.shell:create_environment_hook('tiago_robot', 'cmake_prefix_path')
[4.787s] INFO:colcon.colcon_core.shell:Creating environment hook '/Bt/install/tiago_robot/share/tiago_robot/hook/cmake_prefix_path.ps1'
[4.788s] INFO:colcon.colcon_core.shell:Creating environment descriptor '/Bt/install/tiago_robot/share/tiago_robot/hook/cmake_prefix_path.dsv'
[4.789s] INFO:colcon.colcon_core.shell:Creating environment hook '/Bt/install/tiago_robot/share/tiago_robot/hook/cmake_prefix_path.sh'
[4.789s] DEBUG:colcon.colcon_core.event_handler.log_command:Invoked command in '/Bt/build/tiago_robot' returned '0': AMENT_PREFIX_PATH=/Bt/install/tiago_bringup:/Bt/install/tiago_description:/Bt/install/tiago_controller_configuration:/Bt/install/pmb2_description:/Bt/install/pmb2_controller_configuration:/Bt/install/play_motion2:/Bt/install/pal_hey5_description:/Bt/install/pal_gripper_description:/Bt/install/omni_base_description:/Bt/install/play_motion2_msgs:/Bt/install/pal_urdf_utils:/Bt/install/pal_robotiq_description:/Bt/install/pal_robotiq_controller_configuration:/Bt/install/pal_hey5_controller_configuration:/Bt/install/pal_gripper_controller_configuration:/Bt/install/omni_base_controller_configuration:/Bt/install/launch_pal:${AMENT_PREFIX_PATH} CMAKE_PREFIX_PATH=/Bt/install/tiago_bringup:/Bt/install/tiago_description:/Bt/install/tiago_controller_configuration:/Bt/install/pmb2_description:/Bt/install/pmb2_controller_configuration:/Bt/install/play_motion2:/Bt/install/pal_hey5_description:/Bt/install/pal_gripper_description:/Bt/install/omni_base_description:/Bt/install/play_motion2_msgs:/Bt/install/pal_urdf_utils:/Bt/install/pal_robotiq_description:/Bt/install/pal_robotiq_controller_configuration:/Bt/install/pal_hey5_controller_configuration:/Bt/install/pal_gripper_controller_configuration:/Bt/install/omni_base_controller_configuration:/opt/ros/jazzy/opt/gz_sim_vendor:/opt/ros/jazzy/opt/gz_sensors_vendor:/opt/ros/jazzy/opt/gz_physics_vendor:/opt/ros/jazzy/opt/sdformat_vendor:/opt/ros/jazzy/opt/gz_gui_vendor:/opt/ros/jazzy/opt/gz_transport_vendor:/opt/ros/jazzy/opt/gz_rendering_vendor:/opt/ros/jazzy/opt/gz_plugin_vendor:/opt/ros/jazzy/opt/gz_fuel_tools_vendor:/opt/ros/jazzy/opt/gz_msgs_vendor:/opt/ros/jazzy/opt/gz_common_vendor:/opt/ros/jazzy/opt/gz_math_vendor:/opt/ros/jazzy/opt/gz_utils_vendor:/opt/ros/jazzy/opt/gz_tools_vendor:/opt/ros/jazzy/opt/gz_ogre_next_vendor:/opt/ros/jazzy/opt/gz_dartsim_vendor:/opt/ros/jazzy/opt/gz_cmake_vendor:/opt/ros/jazzy LD_LIBRARY_PATH=/Bt/install/play_motion2/lib:/Bt/install/play_motion2_msgs/lib:${LD_LIBRARY_PATH} PYTHONPATH=/Bt/install/tiago_description/lib/python3.12/site-packages:/Bt/install/pmb2_description/lib/python3.12/site-packages:/Bt/install/omni_base_description/lib/python3.12/site-packages:/Bt/install/play_motion2_msgs/lib/python3.12/site-packages:/Bt/install/launch_pal/lib/python3.12/site-packages:${PYTHONPATH} /usr/bin/cmake --install /Bt/build/tiago_robot
[4.790s] Level 1:colcon.colcon_core.environment:checking '/Bt/install/tiago_robot/bin'
[4.790s] Level 1:colcon.colcon_core.environment:checking '/Bt/install/tiago_robot/lib/pkgconfig/tiago_robot.pc'
[4.790s] Level 1:colcon.colcon_core.environment:checking '/Bt/install/tiago_robot/lib/python3.12/site-packages'
[4.790s] Level 1:colcon.colcon_core.environment:checking '/Bt/install/tiago_robot/bin'
[4.791s] INFO:colcon.colcon_core.shell:Creating package script '/Bt/install/tiago_robot/share/tiago_robot/package.ps1'
[4.791s] INFO:colcon.colcon_core.shell:Creating package descriptor '/Bt/install/tiago_robot/share/tiago_robot/package.dsv'
[4.791s] INFO:colcon.colcon_core.shell:Creating package script '/Bt/install/tiago_robot/share/tiago_robot/package.sh'
[4.792s] INFO:colcon.colcon_core.shell:Creating package script '/Bt/install/tiago_robot/share/tiago_robot/package.bash'
[4.792s] INFO:colcon.colcon_core.shell:Creating package script '/Bt/install/tiago_robot/share/tiago_robot/package.zsh'
[4.792s] Level 1:colcon.colcon_core.environment:create_file_with_runtime_dependencies(/Bt/install/tiago_robot/share/colcon-core/packages/tiago_robot)
[4.793s] Level 1:colcon.colcon_core.environment:create_environment_scripts_only(tiago_robot)
[4.793s] Level 1:colcon.colcon_core.environment:checking '/Bt/install/tiago_robot' for CMake module files
[4.794s] Level 1:colcon.colcon_core.environment:checking '/Bt/install/tiago_robot' for CMake config files
[4.794s] Level 1:colcon.colcon_core.shell:create_environment_hook('tiago_robot', 'cmake_prefix_path')
[4.794s] INFO:colcon.colcon_core.shell:Creating environment hook '/Bt/install/tiago_robot/share/tiago_robot/hook/cmake_prefix_path.ps1'
[4.794s] INFO:colcon.colcon_core.shell:Creating environment descriptor '/Bt/install/tiago_robot/share/tiago_robot/hook/cmake_prefix_path.dsv'
[4.795s] INFO:colcon.colcon_core.shell:Creating environment hook '/Bt/install/tiago_robot/share/tiago_robot/hook/cmake_prefix_path.sh'
[4.795s] Level 1:colcon.colcon_core.environment:checking '/Bt/install/tiago_robot/bin'
[4.795s] Level 1:colcon.colcon_core.environment:checking '/Bt/install/tiago_robot/lib/pkgconfig/tiago_robot.pc'
[4.796s] Level 1:colcon.colcon_core.environment:checking '/Bt/install/tiago_robot/lib/python3.12/site-packages'
[4.796s] Level 1:colcon.colcon_core.environment:checking '/Bt/install/tiago_robot/bin'
[4.796s] INFO:colcon.colcon_core.shell:Creating package script '/Bt/install/tiago_robot/share/tiago_robot/package.ps1'
[4.797s] INFO:colcon.colcon_core.shell:Creating package descriptor '/Bt/install/tiago_robot/share/tiago_robot/package.dsv'
[4.797s] INFO:colcon.colcon_core.shell:Creating package script '/Bt/install/tiago_robot/share/tiago_robot/package.sh'
[4.798s] INFO:colcon.colcon_core.shell:Creating package script '/Bt/install/tiago_robot/share/tiago_robot/package.bash'
[4.798s] INFO:colcon.colcon_core.shell:Creating package script '/Bt/install/tiago_robot/share/tiago_robot/package.zsh'
[4.799s] Level 1:colcon.colcon_core.environment:create_file_with_runtime_dependencies(/Bt/install/tiago_robot/share/colcon-core/packages/tiago_robot)
[4.800s] Level 1:colcon.colcon_core.environment:create_environment_scripts_only(tiago_navigation)
[4.800s] Level 1:colcon.colcon_core.environment:checking '/Bt/install/tiago_navigation' for CMake module files
[4.801s] DEBUG:colcon.colcon_core.event_handler.log_command:Invoked command in '/Bt/build/tiago_navigation' returned '0': AMENT_PREFIX_PATH=/Bt/install/tiago_2dnav:/Bt/install/tiago_description:/Bt/install/pmb2_description:/Bt/install/pal_hey5_description:/Bt/install/pal_gripper_description:/Bt/install/omni_base_description:/Bt/install/tiago_laser_sensors:/Bt/install/pal_urdf_utils:/Bt/install/pal_robotiq_description:/Bt/install/pal_maps:/Bt/install/launch_pal:${AMENT_PREFIX_PATH} CMAKE_PREFIX_PATH=/Bt/install/tiago_2dnav:/Bt/install/tiago_description:/Bt/install/pmb2_description:/Bt/install/pal_hey5_description:/Bt/install/pal_gripper_description:/Bt/install/omni_base_description:/Bt/install/tiago_laser_sensors:/Bt/install/pal_urdf_utils:/Bt/install/pal_robotiq_description:/Bt/install/pal_maps:/opt/ros/jazzy/opt/gz_sim_vendor:/opt/ros/jazzy/opt/gz_sensors_vendor:/opt/ros/jazzy/opt/gz_physics_vendor:/opt/ros/jazzy/opt/sdformat_vendor:/opt/ros/jazzy/opt/gz_gui_vendor:/opt/ros/jazzy/opt/gz_transport_vendor:/opt/ros/jazzy/opt/gz_rendering_vendor:/opt/ros/jazzy/opt/gz_plugin_vendor:/opt/ros/jazzy/opt/gz_fuel_tools_vendor:/opt/ros/jazzy/opt/gz_msgs_vendor:/opt/ros/jazzy/opt/gz_common_vendor:/opt/ros/jazzy/opt/gz_math_vendor:/opt/ros/jazzy/opt/gz_utils_vendor:/opt/ros/jazzy/opt/gz_tools_vendor:/opt/ros/jazzy/opt/gz_ogre_next_vendor:/opt/ros/jazzy/opt/gz_dartsim_vendor:/opt/ros/jazzy/opt/gz_cmake_vendor:/opt/ros/jazzy PYTHONPATH=/Bt/install/tiago_description/lib/python3.12/site-packages:/Bt/install/pmb2_description/lib/python3.12/site-packages:/Bt/install/omni_base_description/lib/python3.12/site-packages:/Bt/install/launch_pal/lib/python3.12/site-packages:${PYTHONPATH} /usr/bin/cmake --install /Bt/build/tiago_navigation
[4.801s] Level 1:colcon.colcon_core.environment:checking '/Bt/install/tiago_navigation' for CMake config files
[4.802s] Level 1:colcon.colcon_core.shell:create_environment_hook('tiago_navigation', 'cmake_prefix_path')
[4.802s] INFO:colcon.colcon_core.shell:Creating environment hook '/Bt/install/tiago_navigation/share/tiago_navigation/hook/cmake_prefix_path.ps1'
[4.803s] INFO:colcon.colcon_core.shell:Creating environment descriptor '/Bt/install/tiago_navigation/share/tiago_navigation/hook/cmake_prefix_path.dsv'
[4.803s] INFO:colcon.colcon_core.shell:Creating environment hook '/Bt/install/tiago_navigation/share/tiago_navigation/hook/cmake_prefix_path.sh'
[4.804s] Level 1:colcon.colcon_core.environment:checking '/Bt/install/tiago_navigation/bin'
[4.804s] Level 1:colcon.colcon_core.environment:checking '/Bt/install/tiago_navigation/lib/pkgconfig/tiago_navigation.pc'
[4.804s] Level 1:colcon.colcon_core.environment:checking '/Bt/install/tiago_navigation/lib/python3.12/site-packages'
[4.805s] Level 1:colcon.colcon_core.environment:checking '/Bt/install/tiago_navigation/bin'
[4.805s] INFO:colcon.colcon_core.shell:Creating package script '/Bt/install/tiago_navigation/share/tiago_navigation/package.ps1'
[4.806s] INFO:colcon.colcon_core.shell:Creating package descriptor '/Bt/install/tiago_navigation/share/tiago_navigation/package.dsv'
[4.807s] INFO:colcon.colcon_core.shell:Creating package script '/Bt/install/tiago_navigation/share/tiago_navigation/package.sh'
[4.807s] INFO:colcon.colcon_core.shell:Creating package script '/Bt/install/tiago_navigation/share/tiago_navigation/package.bash'
[4.808s] INFO:colcon.colcon_core.shell:Creating package script '/Bt/install/tiago_navigation/share/tiago_navigation/package.zsh'
[4.808s] Level 1:colcon.colcon_core.environment:create_file_with_runtime_dependencies(/Bt/install/tiago_navigation/share/colcon-core/packages/tiago_navigation)
[4.809s] Level 1:colcon.colcon_core.environment:create_environment_scripts_only(tiago_navigation)
[4.809s] Level 1:colcon.colcon_core.environment:checking '/Bt/install/tiago_navigation' for CMake module files
[4.810s] Level 1:colcon.colcon_core.environment:checking '/Bt/install/tiago_navigation' for CMake config files
[4.811s] Level 1:colcon.colcon_core.shell:create_environment_hook('tiago_navigation', 'cmake_prefix_path')
[4.811s] INFO:colcon.colcon_core.shell:Creating environment hook '/Bt/install/tiago_navigation/share/tiago_navigation/hook/cmake_prefix_path.ps1'
[4.812s] INFO:colcon.colcon_core.shell:Creating environment descriptor '/Bt/install/tiago_navigation/share/tiago_navigation/hook/cmake_prefix_path.dsv'
[4.812s] INFO:colcon.colcon_core.shell:Creating environment hook '/Bt/install/tiago_navigation/share/tiago_navigation/hook/cmake_prefix_path.sh'
[4.813s] Level 1:colcon.colcon_core.environment:checking '/Bt/install/tiago_navigation/bin'
[4.813s] Level 1:colcon.colcon_core.environment:checking '/Bt/install/tiago_navigation/lib/pkgconfig/tiago_navigation.pc'
[4.813s] Level 1:colcon.colcon_core.environment:checking '/Bt/install/tiago_navigation/lib/python3.12/site-packages'
[4.813s] Level 1:colcon.colcon_core.environment:checking '/Bt/install/tiago_navigation/bin'
[4.813s] INFO:colcon.colcon_core.shell:Creating package script '/Bt/install/tiago_navigation/share/tiago_navigation/package.ps1'
[4.814s] INFO:colcon.colcon_core.shell:Creating package descriptor '/Bt/install/tiago_navigation/share/tiago_navigation/package.dsv'
[4.814s] INFO:colcon.colcon_core.shell:Creating package script '/Bt/install/tiago_navigation/share/tiago_navigation/package.sh'
[4.815s] INFO:colcon.colcon_core.shell:Creating package script '/Bt/install/tiago_navigation/share/tiago_navigation/package.bash'
[4.815s] INFO:colcon.colcon_core.shell:Creating package script '/Bt/install/tiago_navigation/share/tiago_navigation/package.zsh'
[4.816s] Level 1:colcon.colcon_core.environment:create_file_with_runtime_dependencies(/Bt/install/tiago_navigation/share/colcon-core/packages/tiago_navigation)
[4.850s] DEBUG:colcon.colcon_core.event_handler.log_command:Invoked command in '/Bt/build/tiago_gazebo' returned '0': AMENT_PREFIX_PATH=/Bt/install/tiago_moveit_config:/Bt/install/tiago_bringup:/Bt/install/tiago_2dnav:/Bt/install/tiago_description:/Bt/install/tiago_controller_configuration:/Bt/install/pmb2_description:/Bt/install/pmb2_controller_configuration:/Bt/install/play_motion2:/Bt/install/pal_hey5_description:/Bt/install/pal_gripper_description:/Bt/install/omni_base_description:/Bt/install/tiago_laser_sensors:/Bt/install/play_motion2_msgs:/Bt/install/pal_urdf_utils:/Bt/install/pal_robotiq_description:/Bt/install/pal_robotiq_controller_configuration:/Bt/install/pal_maps:/Bt/install/pal_hey5_controller_configuration:/Bt/install/pal_gripper_controller_configuration:/Bt/install/omni_base_controller_configuration:/Bt/install/launch_pal:${AMENT_PREFIX_PATH} CMAKE_PREFIX_PATH=/Bt/install/tiago_moveit_config:/Bt/install/tiago_bringup:/Bt/install/tiago_2dnav:/Bt/install/tiago_description:/Bt/install/tiago_controller_configuration:/Bt/install/pmb2_description:/Bt/install/pmb2_controller_configuration:/Bt/install/play_motion2:/Bt/install/pal_hey5_description:/Bt/install/pal_gripper_description:/Bt/install/omni_base_description:/Bt/install/tiago_laser_sensors:/Bt/install/play_motion2_msgs:/Bt/install/pal_urdf_utils:/Bt/install/pal_robotiq_description:/Bt/install/pal_robotiq_controller_configuration:/Bt/install/pal_maps:/Bt/install/pal_hey5_controller_configuration:/Bt/install/pal_gripper_controller_configuration:/Bt/install/omni_base_controller_configuration:/opt/ros/jazzy/opt/gz_sim_vendor:/opt/ros/jazzy/opt/gz_sensors_vendor:/opt/ros/jazzy/opt/gz_physics_vendor:/opt/ros/jazzy/opt/sdformat_vendor:/opt/ros/jazzy/opt/gz_gui_vendor:/opt/ros/jazzy/opt/gz_transport_vendor:/opt/ros/jazzy/opt/gz_rendering_vendor:/opt/ros/jazzy/opt/gz_plugin_vendor:/opt/ros/jazzy/opt/gz_fuel_tools_vendor:/opt/ros/jazzy/opt/gz_msgs_vendor:/opt/ros/jazzy/opt/gz_common_vendor:/opt/ros/jazzy/opt/gz_math_vendor:/opt/ros/jazzy/opt/gz_utils_vendor:/opt/ros/jazzy/opt/gz_tools_vendor:/opt/ros/jazzy/opt/gz_ogre_next_vendor:/opt/ros/jazzy/opt/gz_dartsim_vendor:/opt/ros/jazzy/opt/gz_cmake_vendor:/opt/ros/jazzy LD_LIBRARY_PATH=/Bt/install/play_motion2/lib:/Bt/install/play_motion2_msgs/lib:${LD_LIBRARY_PATH} PYTHONPATH=/Bt/install/tiago_description/lib/python3.12/site-packages:/Bt/install/pmb2_description/lib/python3.12/site-packages:/Bt/install/omni_base_description/lib/python3.12/site-packages:/Bt/install/play_motion2_msgs/lib/python3.12/site-packages:/Bt/install/launch_pal/lib/python3.12/site-packages:${PYTHONPATH} /usr/bin/cmake --build /Bt/build/tiago_gazebo -- -j8 -l8
[4.851s] DEBUG:colcon.colcon_core.event_handler.log_command:Invoking command in '/Bt/build/tiago_gazebo': AMENT_PREFIX_PATH=/Bt/install/tiago_moveit_config:/Bt/install/tiago_bringup:/Bt/install/tiago_2dnav:/Bt/install/tiago_description:/Bt/install/tiago_controller_configuration:/Bt/install/pmb2_description:/Bt/install/pmb2_controller_configuration:/Bt/install/play_motion2:/Bt/install/pal_hey5_description:/Bt/install/pal_gripper_description:/Bt/install/omni_base_description:/Bt/install/tiago_laser_sensors:/Bt/install/play_motion2_msgs:/Bt/install/pal_urdf_utils:/Bt/install/pal_robotiq_description:/Bt/install/pal_robotiq_controller_configuration:/Bt/install/pal_maps:/Bt/install/pal_hey5_controller_configuration:/Bt/install/pal_gripper_controller_configuration:/Bt/install/omni_base_controller_configuration:/Bt/install/launch_pal:${AMENT_PREFIX_PATH} CMAKE_PREFIX_PATH=/Bt/install/tiago_moveit_config:/Bt/install/tiago_bringup:/Bt/install/tiago_2dnav:/Bt/install/tiago_description:/Bt/install/tiago_controller_configuration:/Bt/install/pmb2_description:/Bt/install/pmb2_controller_configuration:/Bt/install/play_motion2:/Bt/install/pal_hey5_description:/Bt/install/pal_gripper_description:/Bt/install/omni_base_description:/Bt/install/tiago_laser_sensors:/Bt/install/play_motion2_msgs:/Bt/install/pal_urdf_utils:/Bt/install/pal_robotiq_description:/Bt/install/pal_robotiq_controller_configuration:/Bt/install/pal_maps:/Bt/install/pal_hey5_controller_configuration:/Bt/install/pal_gripper_controller_configuration:/Bt/install/omni_base_controller_configuration:/opt/ros/jazzy/opt/gz_sim_vendor:/opt/ros/jazzy/opt/gz_sensors_vendor:/opt/ros/jazzy/opt/gz_physics_vendor:/opt/ros/jazzy/opt/sdformat_vendor:/opt/ros/jazzy/opt/gz_gui_vendor:/opt/ros/jazzy/opt/gz_transport_vendor:/opt/ros/jazzy/opt/gz_rendering_vendor:/opt/ros/jazzy/opt/gz_plugin_vendor:/opt/ros/jazzy/opt/gz_fuel_tools_vendor:/opt/ros/jazzy/opt/gz_msgs_vendor:/opt/ros/jazzy/opt/gz_common_vendor:/opt/ros/jazzy/opt/gz_math_vendor:/opt/ros/jazzy/opt/gz_utils_vendor:/opt/ros/jazzy/opt/gz_tools_vendor:/opt/ros/jazzy/opt/gz_ogre_next_vendor:/opt/ros/jazzy/opt/gz_dartsim_vendor:/opt/ros/jazzy/opt/gz_cmake_vendor:/opt/ros/jazzy LD_LIBRARY_PATH=/Bt/install/play_motion2/lib:/Bt/install/play_motion2_msgs/lib:${LD_LIBRARY_PATH} PYTHONPATH=/Bt/install/tiago_description/lib/python3.12/site-packages:/Bt/install/pmb2_description/lib/python3.12/site-packages:/Bt/install/omni_base_description/lib/python3.12/site-packages:/Bt/install/play_motion2_msgs/lib/python3.12/site-packages:/Bt/install/launch_pal/lib/python3.12/site-packages:${PYTHONPATH} /usr/bin/cmake --install /Bt/build/tiago_gazebo
[4.863s] Level 1:colcon.colcon_core.environment:create_environment_scripts_only(tiago_gazebo)
[4.864s] Level 1:colcon.colcon_core.environment:checking '/Bt/install/tiago_gazebo' for CMake module files
[4.864s] DEBUG:colcon.colcon_core.event_handler.log_command:Invoked command in '/Bt/build/tiago_gazebo' returned '0': AMENT_PREFIX_PATH=/Bt/install/tiago_moveit_config:/Bt/install/tiago_bringup:/Bt/install/tiago_2dnav:/Bt/install/tiago_description:/Bt/install/tiago_controller_configuration:/Bt/install/pmb2_description:/Bt/install/pmb2_controller_configuration:/Bt/install/play_motion2:/Bt/install/pal_hey5_description:/Bt/install/pal_gripper_description:/Bt/install/omni_base_description:/Bt/install/tiago_laser_sensors:/Bt/install/play_motion2_msgs:/Bt/install/pal_urdf_utils:/Bt/install/pal_robotiq_description:/Bt/install/pal_robotiq_controller_configuration:/Bt/install/pal_maps:/Bt/install/pal_hey5_controller_configuration:/Bt/install/pal_gripper_controller_configuration:/Bt/install/omni_base_controller_configuration:/Bt/install/launch_pal:${AMENT_PREFIX_PATH} CMAKE_PREFIX_PATH=/Bt/install/tiago_moveit_config:/Bt/install/tiago_bringup:/Bt/install/tiago_2dnav:/Bt/install/tiago_description:/Bt/install/tiago_controller_configuration:/Bt/install/pmb2_description:/Bt/install/pmb2_controller_configuration:/Bt/install/play_motion2:/Bt/install/pal_hey5_description:/Bt/install/pal_gripper_description:/Bt/install/omni_base_description:/Bt/install/tiago_laser_sensors:/Bt/install/play_motion2_msgs:/Bt/install/pal_urdf_utils:/Bt/install/pal_robotiq_description:/Bt/install/pal_robotiq_controller_configuration:/Bt/install/pal_maps:/Bt/install/pal_hey5_controller_configuration:/Bt/install/pal_gripper_controller_configuration:/Bt/install/omni_base_controller_configuration:/opt/ros/jazzy/opt/gz_sim_vendor:/opt/ros/jazzy/opt/gz_sensors_vendor:/opt/ros/jazzy/opt/gz_physics_vendor:/opt/ros/jazzy/opt/sdformat_vendor:/opt/ros/jazzy/opt/gz_gui_vendor:/opt/ros/jazzy/opt/gz_transport_vendor:/opt/ros/jazzy/opt/gz_rendering_vendor:/opt/ros/jazzy/opt/gz_plugin_vendor:/opt/ros/jazzy/opt/gz_fuel_tools_vendor:/opt/ros/jazzy/opt/gz_msgs_vendor:/opt/ros/jazzy/opt/gz_common_vendor:/opt/ros/jazzy/opt/gz_math_vendor:/opt/ros/jazzy/opt/gz_utils_vendor:/opt/ros/jazzy/opt/gz_tools_vendor:/opt/ros/jazzy/opt/gz_ogre_next_vendor:/opt/ros/jazzy/opt/gz_dartsim_vendor:/opt/ros/jazzy/opt/gz_cmake_vendor:/opt/ros/jazzy LD_LIBRARY_PATH=/Bt/install/play_motion2/lib:/Bt/install/play_motion2_msgs/lib:${LD_LIBRARY_PATH} PYTHONPATH=/Bt/install/tiago_description/lib/python3.12/site-packages:/Bt/install/pmb2_description/lib/python3.12/site-packages:/Bt/install/omni_base_description/lib/python3.12/site-packages:/Bt/install/play_motion2_msgs/lib/python3.12/site-packages:/Bt/install/launch_pal/lib/python3.12/site-packages:${PYTHONPATH} /usr/bin/cmake --install /Bt/build/tiago_gazebo
[4.864s] Level 1:colcon.colcon_core.environment:checking '/Bt/install/tiago_gazebo' for CMake config files
[4.865s] Level 1:colcon.colcon_core.shell:create_environment_hook('tiago_gazebo', 'cmake_prefix_path')
[4.865s] INFO:colcon.colcon_core.shell:Creating environment hook '/Bt/install/tiago_gazebo/share/tiago_gazebo/hook/cmake_prefix_path.ps1'
[4.865s] INFO:colcon.colcon_core.shell:Creating environment descriptor '/Bt/install/tiago_gazebo/share/tiago_gazebo/hook/cmake_prefix_path.dsv'
[4.865s] INFO:colcon.colcon_core.shell:Creating environment hook '/Bt/install/tiago_gazebo/share/tiago_gazebo/hook/cmake_prefix_path.sh'
[4.866s] Level 1:colcon.colcon_core.environment:checking '/Bt/install/tiago_gazebo/lib'
[4.866s] Level 1:colcon.colcon_core.environment:checking '/Bt/install/tiago_gazebo/bin'
[4.866s] Level 1:colcon.colcon_core.environment:checking '/Bt/install/tiago_gazebo/lib/pkgconfig/tiago_gazebo.pc'
[4.866s] Level 1:colcon.colcon_core.environment:checking '/Bt/install/tiago_gazebo/lib/python3.12/site-packages'
[4.867s] Level 1:colcon.colcon_core.environment:checking '/Bt/install/tiago_gazebo/bin'
[4.867s] INFO:colcon.colcon_core.shell:Creating package script '/Bt/install/tiago_gazebo/share/tiago_gazebo/package.ps1'
[4.868s] INFO:colcon.colcon_core.shell:Creating package descriptor '/Bt/install/tiago_gazebo/share/tiago_gazebo/package.dsv'
[4.868s] INFO:colcon.colcon_core.shell:Creating package script '/Bt/install/tiago_gazebo/share/tiago_gazebo/package.sh'
[4.868s] INFO:colcon.colcon_core.shell:Creating package script '/Bt/install/tiago_gazebo/share/tiago_gazebo/package.bash'
[4.869s] INFO:colcon.colcon_core.shell:Creating package script '/Bt/install/tiago_gazebo/share/tiago_gazebo/package.zsh'
[4.869s] Level 1:colcon.colcon_core.environment:create_file_with_runtime_dependencies(/Bt/install/tiago_gazebo/share/colcon-core/packages/tiago_gazebo)
[4.869s] Level 1:colcon.colcon_core.environment:create_environment_scripts_only(tiago_gazebo)
[4.870s] Level 1:colcon.colcon_core.environment:checking '/Bt/install/tiago_gazebo' for CMake module files
[4.870s] Level 1:colcon.colcon_core.environment:checking '/Bt/install/tiago_gazebo' for CMake config files
[4.870s] Level 1:colcon.colcon_core.shell:create_environment_hook('tiago_gazebo', 'cmake_prefix_path')
[4.870s] INFO:colcon.colcon_core.shell:Creating environment hook '/Bt/install/tiago_gazebo/share/tiago_gazebo/hook/cmake_prefix_path.ps1'
[4.871s] INFO:colcon.colcon_core.shell:Creating environment descriptor '/Bt/install/tiago_gazebo/share/tiago_gazebo/hook/cmake_prefix_path.dsv'
[4.871s] INFO:colcon.colcon_core.shell:Creating environment hook '/Bt/install/tiago_gazebo/share/tiago_gazebo/hook/cmake_prefix_path.sh'
[4.872s] Level 1:colcon.colcon_core.environment:checking '/Bt/install/tiago_gazebo/lib'
[4.872s] Level 1:colcon.colcon_core.environment:checking '/Bt/install/tiago_gazebo/bin'
[4.872s] Level 1:colcon.colcon_core.environment:checking '/Bt/install/tiago_gazebo/lib/pkgconfig/tiago_gazebo.pc'
[4.872s] Level 1:colcon.colcon_core.environment:checking '/Bt/install/tiago_gazebo/lib/python3.12/site-packages'
[4.872s] Level 1:colcon.colcon_core.environment:checking '/Bt/install/tiago_gazebo/bin'
[4.872s] INFO:colcon.colcon_core.shell:Creating package script '/Bt/install/tiago_gazebo/share/tiago_gazebo/package.ps1'
[4.873s] INFO:colcon.colcon_core.shell:Creating package descriptor '/Bt/install/tiago_gazebo/share/tiago_gazebo/package.dsv'
[4.873s] INFO:colcon.colcon_core.shell:Creating package script '/Bt/install/tiago_gazebo/share/tiago_gazebo/package.sh'
[4.874s] INFO:colcon.colcon_core.shell:Creating package script '/Bt/install/tiago_gazebo/share/tiago_gazebo/package.bash'
[4.874s] INFO:colcon.colcon_core.shell:Creating package script '/Bt/install/tiago_gazebo/share/tiago_gazebo/package.zsh'
[4.875s] Level 1:colcon.colcon_core.environment:create_file_with_runtime_dependencies(/Bt/install/tiago_gazebo/share/colcon-core/packages/tiago_gazebo)
[4.875s] INFO:colcon.colcon_ros.task.ament_cmake.build:Building ROS package in '/Bt/ThirdParty/tiago_simulation/tiago_simulation' with build type 'ament_cmake'
[4.875s] INFO:colcon.colcon_cmake.task.cmake.build:Building CMake package in '/Bt/ThirdParty/tiago_simulation/tiago_simulation'
[4.875s] INFO:colcon.colcon_core.shell:Skip shell extension 'powershell' for command environment: Not usable outside of PowerShell
[4.875s] DEBUG:colcon.colcon_core.shell:Skip shell extension 'dsv' for command environment
[4.902s] DEBUG:colcon.colcon_core.event_handler.log_command:Invoking command in '/Bt/build/tiago_simulation': AMENT_PREFIX_PATH=/Bt/install/tiago_gazebo:/Bt/install/tiago_moveit_config:/Bt/install/tiago_bringup:/Bt/install/tiago_2dnav:/Bt/install/tiago_description:/Bt/install/tiago_controller_configuration:/Bt/install/pmb2_description:/Bt/install/pmb2_controller_configuration:/Bt/install/play_motion2:/Bt/install/pal_hey5_description:/Bt/install/pal_gripper_description:/Bt/install/omni_base_description:/Bt/install/tiago_laser_sensors:/Bt/install/play_motion2_msgs:/Bt/install/pal_urdf_utils:/Bt/install/pal_robotiq_description:/Bt/install/pal_robotiq_controller_configuration:/Bt/install/pal_maps:/Bt/install/pal_hey5_controller_configuration:/Bt/install/pal_gripper_controller_configuration:/Bt/install/omni_base_controller_configuration:/Bt/install/launch_pal:${AMENT_PREFIX_PATH} CMAKE_PREFIX_PATH=/Bt/install/tiago_gazebo:/Bt/install/tiago_moveit_config:/Bt/install/tiago_bringup:/Bt/install/tiago_2dnav:/Bt/install/tiago_description:/Bt/install/tiago_controller_configuration:/Bt/install/pmb2_description:/Bt/install/pmb2_controller_configuration:/Bt/install/play_motion2:/Bt/install/pal_hey5_description:/Bt/install/pal_gripper_description:/Bt/install/omni_base_description:/Bt/install/tiago_laser_sensors:/Bt/install/play_motion2_msgs:/Bt/install/pal_urdf_utils:/Bt/install/pal_robotiq_description:/Bt/install/pal_robotiq_controller_configuration:/Bt/install/pal_maps:/Bt/install/pal_hey5_controller_configuration:/Bt/install/pal_gripper_controller_configuration:/Bt/install/omni_base_controller_configuration:/opt/ros/jazzy/opt/gz_sim_vendor:/opt/ros/jazzy/opt/gz_sensors_vendor:/opt/ros/jazzy/opt/gz_physics_vendor:/opt/ros/jazzy/opt/sdformat_vendor:/opt/ros/jazzy/opt/gz_gui_vendor:/opt/ros/jazzy/opt/gz_transport_vendor:/opt/ros/jazzy/opt/gz_rendering_vendor:/opt/ros/jazzy/opt/gz_plugin_vendor:/opt/ros/jazzy/opt/gz_fuel_tools_vendor:/opt/ros/jazzy/opt/gz_msgs_vendor:/opt/ros/jazzy/opt/gz_common_vendor:/opt/ros/jazzy/opt/gz_math_vendor:/opt/ros/jazzy/opt/gz_utils_vendor:/opt/ros/jazzy/opt/gz_tools_vendor:/opt/ros/jazzy/opt/gz_ogre_next_vendor:/opt/ros/jazzy/opt/gz_dartsim_vendor:/opt/ros/jazzy/opt/gz_cmake_vendor:/opt/ros/jazzy LD_LIBRARY_PATH=/Bt/install/play_motion2/lib:/Bt/install/play_motion2_msgs/lib:${LD_LIBRARY_PATH} PYTHONPATH=/Bt/install/tiago_description/lib/python3.12/site-packages:/Bt/install/pmb2_description/lib/python3.12/site-packages:/Bt/install/omni_base_description/lib/python3.12/site-packages:/Bt/install/play_motion2_msgs/lib/python3.12/site-packages:/Bt/install/launch_pal/lib/python3.12/site-packages:${PYTHONPATH} /usr/bin/cmake --build /Bt/build/tiago_simulation -- -j8 -l8
[4.940s] DEBUG:colcon.colcon_core.event_handler.log_command:Invoked command in '/Bt/build/tiago_simulation' returned '0': AMENT_PREFIX_PATH=/Bt/install/tiago_gazebo:/Bt/install/tiago_moveit_config:/Bt/install/tiago_bringup:/Bt/install/tiago_2dnav:/Bt/install/tiago_description:/Bt/install/tiago_controller_configuration:/Bt/install/pmb2_description:/Bt/install/pmb2_controller_configuration:/Bt/install/play_motion2:/Bt/install/pal_hey5_description:/Bt/install/pal_gripper_description:/Bt/install/omni_base_description:/Bt/install/tiago_laser_sensors:/Bt/install/play_motion2_msgs:/Bt/install/pal_urdf_utils:/Bt/install/pal_robotiq_description:/Bt/install/pal_robotiq_controller_configuration:/Bt/install/pal_maps:/Bt/install/pal_hey5_controller_configuration:/Bt/install/pal_gripper_controller_configuration:/Bt/install/omni_base_controller_configuration:/Bt/install/launch_pal:${AMENT_PREFIX_PATH} CMAKE_PREFIX_PATH=/Bt/install/tiago_gazebo:/Bt/install/tiago_moveit_config:/Bt/install/tiago_bringup:/Bt/install/tiago_2dnav:/Bt/install/tiago_description:/Bt/install/tiago_controller_configuration:/Bt/install/pmb2_description:/Bt/install/pmb2_controller_configuration:/Bt/install/play_motion2:/Bt/install/pal_hey5_description:/Bt/install/pal_gripper_description:/Bt/install/omni_base_description:/Bt/install/tiago_laser_sensors:/Bt/install/play_motion2_msgs:/Bt/install/pal_urdf_utils:/Bt/install/pal_robotiq_description:/Bt/install/pal_robotiq_controller_configuration:/Bt/install/pal_maps:/Bt/install/pal_hey5_controller_configuration:/Bt/install/pal_gripper_controller_configuration:/Bt/install/omni_base_controller_configuration:/opt/ros/jazzy/opt/gz_sim_vendor:/opt/ros/jazzy/opt/gz_sensors_vendor:/opt/ros/jazzy/opt/gz_physics_vendor:/opt/ros/jazzy/opt/sdformat_vendor:/opt/ros/jazzy/opt/gz_gui_vendor:/opt/ros/jazzy/opt/gz_transport_vendor:/opt/ros/jazzy/opt/gz_rendering_vendor:/opt/ros/jazzy/opt/gz_plugin_vendor:/opt/ros/jazzy/opt/gz_fuel_tools_vendor:/opt/ros/jazzy/opt/gz_msgs_vendor:/opt/ros/jazzy/opt/gz_common_vendor:/opt/ros/jazzy/opt/gz_math_vendor:/opt/ros/jazzy/opt/gz_utils_vendor:/opt/ros/jazzy/opt/gz_tools_vendor:/opt/ros/jazzy/opt/gz_ogre_next_vendor:/opt/ros/jazzy/opt/gz_dartsim_vendor:/opt/ros/jazzy/opt/gz_cmake_vendor:/opt/ros/jazzy LD_LIBRARY_PATH=/Bt/install/play_motion2/lib:/Bt/install/play_motion2_msgs/lib:${LD_LIBRARY_PATH} PYTHONPATH=/Bt/install/tiago_description/lib/python3.12/site-packages:/Bt/install/pmb2_description/lib/python3.12/site-packages:/Bt/install/omni_base_description/lib/python3.12/site-packages:/Bt/install/play_motion2_msgs/lib/python3.12/site-packages:/Bt/install/launch_pal/lib/python3.12/site-packages:${PYTHONPATH} /usr/bin/cmake --build /Bt/build/tiago_simulation -- -j8 -l8
[4.941s] DEBUG:colcon.colcon_core.event_handler.log_command:Invoking command in '/Bt/build/tiago_simulation': AMENT_PREFIX_PATH=/Bt/install/tiago_gazebo:/Bt/install/tiago_moveit_config:/Bt/install/tiago_bringup:/Bt/install/tiago_2dnav:/Bt/install/tiago_description:/Bt/install/tiago_controller_configuration:/Bt/install/pmb2_description:/Bt/install/pmb2_controller_configuration:/Bt/install/play_motion2:/Bt/install/pal_hey5_description:/Bt/install/pal_gripper_description:/Bt/install/omni_base_description:/Bt/install/tiago_laser_sensors:/Bt/install/play_motion2_msgs:/Bt/install/pal_urdf_utils:/Bt/install/pal_robotiq_description:/Bt/install/pal_robotiq_controller_configuration:/Bt/install/pal_maps:/Bt/install/pal_hey5_controller_configuration:/Bt/install/pal_gripper_controller_configuration:/Bt/install/omni_base_controller_configuration:/Bt/install/launch_pal:${AMENT_PREFIX_PATH} CMAKE_PREFIX_PATH=/Bt/install/tiago_gazebo:/Bt/install/tiago_moveit_config:/Bt/install/tiago_bringup:/Bt/install/tiago_2dnav:/Bt/install/tiago_description:/Bt/install/tiago_controller_configuration:/Bt/install/pmb2_description:/Bt/install/pmb2_controller_configuration:/Bt/install/play_motion2:/Bt/install/pal_hey5_description:/Bt/install/pal_gripper_description:/Bt/install/omni_base_description:/Bt/install/tiago_laser_sensors:/Bt/install/play_motion2_msgs:/Bt/install/pal_urdf_utils:/Bt/install/pal_robotiq_description:/Bt/install/pal_robotiq_controller_configuration:/Bt/install/pal_maps:/Bt/install/pal_hey5_controller_configuration:/Bt/install/pal_gripper_controller_configuration:/Bt/install/omni_base_controller_configuration:/opt/ros/jazzy/opt/gz_sim_vendor:/opt/ros/jazzy/opt/gz_sensors_vendor:/opt/ros/jazzy/opt/gz_physics_vendor:/opt/ros/jazzy/opt/sdformat_vendor:/opt/ros/jazzy/opt/gz_gui_vendor:/opt/ros/jazzy/opt/gz_transport_vendor:/opt/ros/jazzy/opt/gz_rendering_vendor:/opt/ros/jazzy/opt/gz_plugin_vendor:/opt/ros/jazzy/opt/gz_fuel_tools_vendor:/opt/ros/jazzy/opt/gz_msgs_vendor:/opt/ros/jazzy/opt/gz_common_vendor:/opt/ros/jazzy/opt/gz_math_vendor:/opt/ros/jazzy/opt/gz_utils_vendor:/opt/ros/jazzy/opt/gz_tools_vendor:/opt/ros/jazzy/opt/gz_ogre_next_vendor:/opt/ros/jazzy/opt/gz_dartsim_vendor:/opt/ros/jazzy/opt/gz_cmake_vendor:/opt/ros/jazzy LD_LIBRARY_PATH=/Bt/install/play_motion2/lib:/Bt/install/play_motion2_msgs/lib:${LD_LIBRARY_PATH} PYTHONPATH=/Bt/install/tiago_description/lib/python3.12/site-packages:/Bt/install/pmb2_description/lib/python3.12/site-packages:/Bt/install/omni_base_description/lib/python3.12/site-packages:/Bt/install/play_motion2_msgs/lib/python3.12/site-packages:/Bt/install/launch_pal/lib/python3.12/site-packages:${PYTHONPATH} /usr/bin/cmake --install /Bt/build/tiago_simulation
[4.951s] Level 1:colcon.colcon_core.environment:create_environment_scripts_only(tiago_simulation)
[4.951s] Level 1:colcon.colcon_core.environment:checking '/Bt/install/tiago_simulation' for CMake module files
[4.952s] DEBUG:colcon.colcon_core.event_handler.log_command:Invoked command in '/Bt/build/tiago_simulation' returned '0': AMENT_PREFIX_PATH=/Bt/install/tiago_gazebo:/Bt/install/tiago_moveit_config:/Bt/install/tiago_bringup:/Bt/install/tiago_2dnav:/Bt/install/tiago_description:/Bt/install/tiago_controller_configuration:/Bt/install/pmb2_description:/Bt/install/pmb2_controller_configuration:/Bt/install/play_motion2:/Bt/install/pal_hey5_description:/Bt/install/pal_gripper_description:/Bt/install/omni_base_description:/Bt/install/tiago_laser_sensors:/Bt/install/play_motion2_msgs:/Bt/install/pal_urdf_utils:/Bt/install/pal_robotiq_description:/Bt/install/pal_robotiq_controller_configuration:/Bt/install/pal_maps:/Bt/install/pal_hey5_controller_configuration:/Bt/install/pal_gripper_controller_configuration:/Bt/install/omni_base_controller_configuration:/Bt/install/launch_pal:${AMENT_PREFIX_PATH} CMAKE_PREFIX_PATH=/Bt/install/tiago_gazebo:/Bt/install/tiago_moveit_config:/Bt/install/tiago_bringup:/Bt/install/tiago_2dnav:/Bt/install/tiago_description:/Bt/install/tiago_controller_configuration:/Bt/install/pmb2_description:/Bt/install/pmb2_controller_configuration:/Bt/install/play_motion2:/Bt/install/pal_hey5_description:/Bt/install/pal_gripper_description:/Bt/install/omni_base_description:/Bt/install/tiago_laser_sensors:/Bt/install/play_motion2_msgs:/Bt/install/pal_urdf_utils:/Bt/install/pal_robotiq_description:/Bt/install/pal_robotiq_controller_configuration:/Bt/install/pal_maps:/Bt/install/pal_hey5_controller_configuration:/Bt/install/pal_gripper_controller_configuration:/Bt/install/omni_base_controller_configuration:/opt/ros/jazzy/opt/gz_sim_vendor:/opt/ros/jazzy/opt/gz_sensors_vendor:/opt/ros/jazzy/opt/gz_physics_vendor:/opt/ros/jazzy/opt/sdformat_vendor:/opt/ros/jazzy/opt/gz_gui_vendor:/opt/ros/jazzy/opt/gz_transport_vendor:/opt/ros/jazzy/opt/gz_rendering_vendor:/opt/ros/jazzy/opt/gz_plugin_vendor:/opt/ros/jazzy/opt/gz_fuel_tools_vendor:/opt/ros/jazzy/opt/gz_msgs_vendor:/opt/ros/jazzy/opt/gz_common_vendor:/opt/ros/jazzy/opt/gz_math_vendor:/opt/ros/jazzy/opt/gz_utils_vendor:/opt/ros/jazzy/opt/gz_tools_vendor:/opt/ros/jazzy/opt/gz_ogre_next_vendor:/opt/ros/jazzy/opt/gz_dartsim_vendor:/opt/ros/jazzy/opt/gz_cmake_vendor:/opt/ros/jazzy LD_LIBRARY_PATH=/Bt/install/play_motion2/lib:/Bt/install/play_motion2_msgs/lib:${LD_LIBRARY_PATH} PYTHONPATH=/Bt/install/tiago_description/lib/python3.12/site-packages:/Bt/install/pmb2_description/lib/python3.12/site-packages:/Bt/install/omni_base_description/lib/python3.12/site-packages:/Bt/install/play_motion2_msgs/lib/python3.12/site-packages:/Bt/install/launch_pal/lib/python3.12/site-packages:${PYTHONPATH} /usr/bin/cmake --install /Bt/build/tiago_simulation
[4.952s] Level 1:colcon.colcon_core.environment:checking '/Bt/install/tiago_simulation' for CMake config files
[4.952s] Level 1:colcon.colcon_core.shell:create_environment_hook('tiago_simulation', 'cmake_prefix_path')
[4.953s] INFO:colcon.colcon_core.shell:Creating environment hook '/Bt/install/tiago_simulation/share/tiago_simulation/hook/cmake_prefix_path.ps1'
[4.953s] INFO:colcon.colcon_core.shell:Creating environment descriptor '/Bt/install/tiago_simulation/share/tiago_simulation/hook/cmake_prefix_path.dsv'
[4.953s] INFO:colcon.colcon_core.shell:Creating environment hook '/Bt/install/tiago_simulation/share/tiago_simulation/hook/cmake_prefix_path.sh'
[4.954s] Level 1:colcon.colcon_core.environment:checking '/Bt/install/tiago_simulation/bin'
[4.954s] Level 1:colcon.colcon_core.environment:checking '/Bt/install/tiago_simulation/lib/pkgconfig/tiago_simulation.pc'
[4.954s] Level 1:colcon.colcon_core.environment:checking '/Bt/install/tiago_simulation/lib/python3.12/site-packages'
[4.954s] Level 1:colcon.colcon_core.environment:checking '/Bt/install/tiago_simulation/bin'
[4.955s] INFO:colcon.colcon_core.shell:Creating package script '/Bt/install/tiago_simulation/share/tiago_simulation/package.ps1'
[4.955s] INFO:colcon.colcon_core.shell:Creating package descriptor '/Bt/install/tiago_simulation/share/tiago_simulation/package.dsv'
[4.955s] INFO:colcon.colcon_core.shell:Creating package script '/Bt/install/tiago_simulation/share/tiago_simulation/package.sh'
[4.956s] INFO:colcon.colcon_core.shell:Creating package script '/Bt/install/tiago_simulation/share/tiago_simulation/package.bash'
[4.956s] INFO:colcon.colcon_core.shell:Creating package script '/Bt/install/tiago_simulation/share/tiago_simulation/package.zsh'
[4.957s] Level 1:colcon.colcon_core.environment:create_file_with_runtime_dependencies(/Bt/install/tiago_simulation/share/colcon-core/packages/tiago_simulation)
[4.957s] Level 1:colcon.colcon_core.environment:create_environment_scripts_only(tiago_simulation)
[4.957s] Level 1:colcon.colcon_core.environment:checking '/Bt/install/tiago_simulation' for CMake module files
[4.958s] Level 1:colcon.colcon_core.environment:checking '/Bt/install/tiago_simulation' for CMake config files
[4.958s] Level 1:colcon.colcon_core.shell:create_environment_hook('tiago_simulation', 'cmake_prefix_path')
[4.958s] INFO:colcon.colcon_core.shell:Creating environment hook '/Bt/install/tiago_simulation/share/tiago_simulation/hook/cmake_prefix_path.ps1'
[4.958s] INFO:colcon.colcon_core.shell:Creating environment descriptor '/Bt/install/tiago_simulation/share/tiago_simulation/hook/cmake_prefix_path.dsv'
[4.959s] INFO:colcon.colcon_core.shell:Creating environment hook '/Bt/install/tiago_simulation/share/tiago_simulation/hook/cmake_prefix_path.sh'
[4.959s] Level 1:colcon.colcon_core.environment:checking '/Bt/install/tiago_simulation/bin'
[4.959s] Level 1:colcon.colcon_core.environment:checking '/Bt/install/tiago_simulation/lib/pkgconfig/tiago_simulation.pc'
[4.959s] Level 1:colcon.colcon_core.environment:checking '/Bt/install/tiago_simulation/lib/python3.12/site-packages'
[4.960s] Level 1:colcon.colcon_core.environment:checking '/Bt/install/tiago_simulation/bin'
[4.960s] INFO:colcon.colcon_core.shell:Creating package script '/Bt/install/tiago_simulation/share/tiago_simulation/package.ps1'
[4.960s] INFO:colcon.colcon_core.shell:Creating package descriptor '/Bt/install/tiago_simulation/share/tiago_simulation/package.dsv'
[4.961s] INFO:colcon.colcon_core.shell:Creating package script '/Bt/install/tiago_simulation/share/tiago_simulation/package.sh'
[4.961s] INFO:colcon.colcon_core.shell:Creating package script '/Bt/install/tiago_simulation/share/tiago_simulation/package.bash'
[4.962s] INFO:colcon.colcon_core.shell:Creating package script '/Bt/install/tiago_simulation/share/tiago_simulation/package.zsh'
[4.962s] Level 1:colcon.colcon_core.environment:create_file_with_runtime_dependencies(/Bt/install/tiago_simulation/share/colcon-core/packages/tiago_simulation)
[5.179s] Level 1:colcon.colcon_core.environment:checking '/Bt/install/grab2_curobo_planner' for CMake module files
[5.179s] DEBUG:colcon.colcon_core.event_handler.log_command:Invoked command in '/Bt/ThirdParty/grab2/grab2_curobo_planner' returned '0': AMENT_PREFIX_PATH=/Bt/install/grab2_msgs:/Bt/install/btcpp_ros2_interfaces:${AMENT_PREFIX_PATH} CMAKE_PREFIX_PATH=/Bt/install/grab2_msgs:/Bt/install/btcpp_ros2_interfaces:${CMAKE_PREFIX_PATH} LD_LIBRARY_PATH=/Bt/install/grab2_msgs/lib:/Bt/install/btcpp_ros2_interfaces/lib:${LD_LIBRARY_PATH} PYTHONPATH=/Bt/build/grab2_curobo_planner/prefix_override:/usr/lib/python3/dist-packages/colcon_core/task/python/colcon_distutils_commands:/Bt/install/grab2_curobo_planner/lib/python3.12/site-packages:/Bt/install/grab2_msgs/lib/python3.12/site-packages:/Bt/install/btcpp_ros2_interfaces/lib/python3.12/site-packages:${PYTHONPATH} /usr/bin/python3 -W ignore:setup.py install is deprecated -W ignore:easy_install command is deprecated setup.py egg_info --egg-base ../../../build/grab2_curobo_planner build --build-base /Bt/build/grab2_curobo_planner/build install --record /Bt/build/grab2_curobo_planner/install.log --single-version-externally-managed install_data
[5.180s] Level 1:colcon.colcon_core.environment:checking '/Bt/install/grab2_curobo_planner' for CMake config files
[5.180s] Level 1:colcon.colcon_core.environment:checking '/Bt/install/grab2_curobo_planner/lib'
[5.180s] Level 1:colcon.colcon_core.environment:checking '/Bt/install/grab2_curobo_planner/bin'
[5.180s] Level 1:colcon.colcon_core.environment:checking '/Bt/install/grab2_curobo_planner/lib/pkgconfig/grab2_curobo_planner.pc'
[5.181s] Level 1:colcon.colcon_core.environment:checking '/Bt/install/grab2_curobo_planner/lib/python3.12/site-packages'
[5.181s] Level 1:colcon.colcon_core.shell:create_environment_hook('grab2_curobo_planner', 'pythonpath')
[5.181s] INFO:colcon.colcon_core.shell:Creating environment hook '/Bt/install/grab2_curobo_planner/share/grab2_curobo_planner/hook/pythonpath.ps1'
[5.181s] INFO:colcon.colcon_core.shell:Creating environment descriptor '/Bt/install/grab2_curobo_planner/share/grab2_curobo_planner/hook/pythonpath.dsv'
[5.182s] INFO:colcon.colcon_core.shell:Creating environment hook '/Bt/install/grab2_curobo_planner/share/grab2_curobo_planner/hook/pythonpath.sh'
[5.183s] Level 1:colcon.colcon_core.environment:checking '/Bt/install/grab2_curobo_planner/bin'
[5.183s] Level 1:colcon.colcon_core.environment:create_environment_scripts_only(grab2_curobo_planner)
[5.183s] INFO:colcon.colcon_core.shell:Creating package script '/Bt/install/grab2_curobo_planner/share/grab2_curobo_planner/package.ps1'
[5.183s] INFO:colcon.colcon_core.shell:Creating package descriptor '/Bt/install/grab2_curobo_planner/share/grab2_curobo_planner/package.dsv'
[5.184s] INFO:colcon.colcon_core.shell:Creating package script '/Bt/install/grab2_curobo_planner/share/grab2_curobo_planner/package.sh'
[5.184s] INFO:colcon.colcon_core.shell:Creating package script '/Bt/install/grab2_curobo_planner/share/grab2_curobo_planner/package.bash'
[5.185s] INFO:colcon.colcon_core.shell:Creating package script '/Bt/install/grab2_curobo_planner/share/grab2_curobo_planner/package.zsh'
[5.185s] Level 1:colcon.colcon_core.environment:create_file_with_runtime_dependencies(/Bt/install/grab2_curobo_planner/share/colcon-core/packages/grab2_curobo_planner)
[5.185s] DEBUG:colcon.colcon_parallel_executor.executor.parallel:closing loop
[5.185s] DEBUG:colcon.colcon_parallel_executor.executor.parallel:loop closed
[5.185s] DEBUG:colcon.colcon_parallel_executor.executor.parallel:run_until_complete finished with '0'
[5.185s] DEBUG:colcon.colcon_core.event_reactor:joining thread
[5.192s] INFO:colcon.colcon_core.plugin_system:Skipping extension 'colcon_notification.desktop_notification.notify_send': Could not find 'notify-send'
[5.192s] INFO:colcon.colcon_core.plugin_system:Skipping extension 'colcon_notification.desktop_notification.terminal_notifier': Not used on non-Darwin systems
[5.192s] INFO:colcon.colcon_core.plugin_system:Skipping extension 'colcon_notification.desktop_notification.win32': Not used on non-Windows systems
[5.192s] INFO:colcon.colcon_notification.desktop_notification:Sending desktop notification using 'notify2'
[5.194s] DEBUG:colcon.colcon_notification.desktop_notification.notify2:Failed to initialize notify2: org.freedesktop.DBus.Error.Spawn.ExecFailed: /usr/bin/dbus-launch terminated abnormally without any error message
[5.194s] DEBUG:colcon.colcon_core.event_reactor:joined thread
[5.195s] INFO:colcon.colcon_core.shell:Creating prefix script '/Bt/install/local_setup.ps1'
[5.196s] INFO:colcon.colcon_core.shell:Creating prefix util module '/Bt/install/_local_setup_util_ps1.py'
[5.197s] INFO:colcon.colcon_core.shell:Creating prefix chain script '/Bt/install/setup.ps1'
[5.198s] INFO:colcon.colcon_core.shell:Creating prefix script '/Bt/install/local_setup.sh'
[5.198s] INFO:colcon.colcon_core.shell:Creating prefix util module '/Bt/install/_local_setup_util_sh.py'
[5.199s] INFO:colcon.colcon_core.shell:Creating prefix chain script '/Bt/install/setup.sh'
[5.200s] INFO:colcon.colcon_core.shell:Creating prefix script '/Bt/install/local_setup.bash'
[5.200s] INFO:colcon.colcon_core.shell:Creating prefix chain script '/Bt/install/setup.bash'
[5.201s] INFO:colcon.colcon_core.shell:Creating prefix script '/Bt/install/local_setup.zsh'
[5.202s] INFO:colcon.colcon_core.shell:Creating prefix chain script '/Bt/install/setup.zsh'
