[4.122s] DEBUG:colcon:Command line arguments: ['/usr/bin/colcon', 'build']
[4.122s] DEBUG:colcon:Parsed command line arguments: Namespace(log_base=None, log_level=None, verb_name='build', build_base='build', install_base='install', merge_install=False, symlink_install=False, test_result_base=None, continue_on_error=False, executor='parallel', parallel_workers=8, event_handlers=None, ignore_user_meta=False, metas=['./colcon.meta'], base_paths=['.'], packages_ignore=None, packages_ignore_regex=None, paths=None, packages_up_to=None, packages_up_to_regex=None, packages_above=None, packages_above_and_dependencies=None, packages_above_depth=None, packages_select_by_dep=None, packages_skip_by_dep=None, packages_skip_up_to=None, packages_select_build_failed=False, packages_skip_build_finished=False, packages_select_test_failures=False, packages_skip_test_passed=False, packages_select=None, packages_skip=None, packages_select_regex=None, packages_skip_regex=None, packages_start=None, packages_end=None, cmake_args=None, cmake_target=None, cmake_target_skip_unavailable=False, cmake_clean_cache=False, cmake_clean_first=False, cmake_force_configure=False, ament_cmake_args=None, catkin_cmake_args=None, catkin_skip_building_tests=False, mixin_files=None, mixin=None, verb_parser=<colcon_mixin.mixin.mixin_argument.MixinArgumentDecorator object at 0x7e615f7da930>, verb_extension=<colcon_core.verb.build.BuildVerb object at 0x7e615f92ed80>, main=<bound method BuildVerb.main of <colcon_core.verb.build.BuildVerb object at 0x7e615f92ed80>>, mixin_verb=('build',))
[4.494s] Level 1:colcon.colcon_core.package_discovery:discover_packages(colcon_meta) check parameters
[4.497s] INFO:colcon.colcon_metadata.package_discovery.colcon_meta:Using configuration from '/root/.colcon/metadata/default/Gazebo.meta'
[4.498s] INFO:colcon.colcon_metadata.package_discovery.colcon_meta:Using configuration from '/root/.colcon/metadata/default/fastdds.meta'
[4.500s] INFO:colcon.colcon_metadata.package_discovery.colcon_meta:Using configuration from '/root/.colcon/metadata/default/fastrtps.meta'
[4.500s] Level 1:colcon.colcon_core.package_discovery:discover_packages(recursive) check parameters
[4.500s] Level 1:colcon.colcon_core.package_discovery:discover_packages(ignore) check parameters
[4.500s] Level 1:colcon.colcon_core.package_discovery:discover_packages(path) check parameters
[4.501s] Level 1:colcon.colcon_core.package_discovery:discover_packages(colcon_meta) discover
[4.501s] Level 1:colcon.colcon_core.package_discovery:discover_packages(recursive) discover
[4.501s] INFO:colcon.colcon_core.package_discovery:Crawling recursively for packages in '/Bt'
[4.501s] Level 1:colcon.colcon_core.package_identification:_identify(.) by extensions ['ignore', 'ignore_ament_install']
[4.502s] Level 1:colcon.colcon_core.package_identification:_identify(.) by extension 'ignore'
[4.502s] Level 1:colcon.colcon_core.package_identification:_identify(.) by extension 'ignore_ament_install'
[4.502s] Level 1:colcon.colcon_core.package_identification:_identify(.) by extensions ['colcon_pkg']
[4.502s] Level 1:colcon.colcon_core.package_identification:_identify(.) by extension 'colcon_pkg'
[4.503s] Level 1:colcon.colcon_core.package_identification:_identify(.) by extensions ['colcon_meta']
[4.503s] Level 1:colcon.colcon_core.package_identification:_identify(.) by extension 'colcon_meta'
[4.503s] Level 1:colcon.colcon_core.package_identification:_identify(.) by extensions ['ros']
[4.503s] Level 1:colcon.colcon_core.package_identification:_identify(.) by extension 'ros'
[4.753s] Level 1:colcon.colcon_core.package_identification:_identify(.) by extensions ['cmake', 'python']
[4.753s] Level 1:colcon.colcon_core.package_identification:_identify(.) by extension 'cmake'
[4.753s] Level 1:colcon.colcon_core.package_identification:_identify(.) by extension 'python'
[4.753s] Level 1:colcon.colcon_core.package_identification:_identify(.) by extensions ['python_setup_py']
[4.753s] Level 1:colcon.colcon_core.package_identification:_identify(.) by extension 'python_setup_py'
[4.753s] Level 1:colcon.colcon_core.package_identification:_identify(ThirdParty) by extensions ['ignore', 'ignore_ament_install']
[4.754s] Level 1:colcon.colcon_core.package_identification:_identify(ThirdParty) by extension 'ignore'
[4.754s] Level 1:colcon.colcon_core.package_identification:_identify(ThirdParty) by extension 'ignore_ament_install'
[4.754s] Level 1:colcon.colcon_core.package_identification:_identify(ThirdParty) by extensions ['colcon_pkg']
[4.754s] Level 1:colcon.colcon_core.package_identification:_identify(ThirdParty) by extension 'colcon_pkg'
[4.754s] Level 1:colcon.colcon_core.package_identification:_identify(ThirdParty) by extensions ['colcon_meta']
[4.754s] Level 1:colcon.colcon_core.package_identification:_identify(ThirdParty) by extension 'colcon_meta'
[4.754s] Level 1:colcon.colcon_core.package_identification:_identify(ThirdParty) by extensions ['ros']
[4.754s] Level 1:colcon.colcon_core.package_identification:_identify(ThirdParty) by extension 'ros'
[4.755s] Level 1:colcon.colcon_core.package_identification:_identify(ThirdParty) by extensions ['cmake', 'python']
[4.755s] Level 1:colcon.colcon_core.package_identification:_identify(ThirdParty) by extension 'cmake'
[4.755s] Level 1:colcon.colcon_core.package_identification:_identify(ThirdParty) by extension 'python'
[4.755s] Level 1:colcon.colcon_core.package_identification:_identify(ThirdParty) by extensions ['python_setup_py']
[4.755s] Level 1:colcon.colcon_core.package_identification:_identify(ThirdParty) by extension 'python_setup_py'
[4.767s] Level 1:colcon.colcon_core.package_identification:_identify(ThirdParty/BehaviorTree.ROS2) by extensions ['ignore', 'ignore_ament_install']
[4.768s] Level 1:colcon.colcon_core.package_identification:_identify(ThirdParty/BehaviorTree.ROS2) by extension 'ignore'
[4.768s] Level 1:colcon.colcon_core.package_identification:_identify(ThirdParty/BehaviorTree.ROS2) by extension 'ignore_ament_install'
[4.768s] Level 1:colcon.colcon_core.package_identification:_identify(ThirdParty/BehaviorTree.ROS2) by extensions ['colcon_pkg']
[4.768s] Level 1:colcon.colcon_core.package_identification:_identify(ThirdParty/BehaviorTree.ROS2) by extension 'colcon_pkg'
[4.768s] Level 1:colcon.colcon_core.package_identification:_identify(ThirdParty/BehaviorTree.ROS2) by extensions ['colcon_meta']
[4.769s] Level 1:colcon.colcon_core.package_identification:_identify(ThirdParty/BehaviorTree.ROS2) by extension 'colcon_meta'
[4.769s] Level 1:colcon.colcon_core.package_identification:_identify(ThirdParty/BehaviorTree.ROS2) by extensions ['ros']
[4.769s] Level 1:colcon.colcon_core.package_identification:_identify(ThirdParty/BehaviorTree.ROS2) by extension 'ros'
[4.769s] Level 1:colcon.colcon_core.package_identification:_identify(ThirdParty/BehaviorTree.ROS2) by extensions ['cmake', 'python']
[4.769s] Level 1:colcon.colcon_core.package_identification:_identify(ThirdParty/BehaviorTree.ROS2) by extension 'cmake'
[4.770s] Level 1:colcon.colcon_core.package_identification:_identify(ThirdParty/BehaviorTree.ROS2) by extension 'python'
[4.770s] Level 1:colcon.colcon_core.package_identification:_identify(ThirdParty/BehaviorTree.ROS2) by extensions ['python_setup_py']
[4.770s] Level 1:colcon.colcon_core.package_identification:_identify(ThirdParty/BehaviorTree.ROS2) by extension 'python_setup_py'
[4.782s] Level 1:colcon.colcon_core.package_identification:_identify(ThirdParty/BehaviorTree.ROS2/behaviortree_ros2) by extensions ['ignore', 'ignore_ament_install']
[4.782s] Level 1:colcon.colcon_core.package_identification:_identify(ThirdParty/BehaviorTree.ROS2/behaviortree_ros2) by extension 'ignore'
[4.782s] Level 1:colcon.colcon_core.package_identification:_identify(ThirdParty/BehaviorTree.ROS2/behaviortree_ros2) by extension 'ignore_ament_install'
[4.783s] Level 1:colcon.colcon_core.package_identification:_identify(ThirdParty/BehaviorTree.ROS2/behaviortree_ros2) by extensions ['colcon_pkg']
[4.783s] Level 1:colcon.colcon_core.package_identification:_identify(ThirdParty/BehaviorTree.ROS2/behaviortree_ros2) by extension 'colcon_pkg'
[4.783s] Level 1:colcon.colcon_core.package_identification:_identify(ThirdParty/BehaviorTree.ROS2/behaviortree_ros2) by extensions ['colcon_meta']
[4.783s] Level 1:colcon.colcon_core.package_identification:_identify(ThirdParty/BehaviorTree.ROS2/behaviortree_ros2) by extension 'colcon_meta'
[4.783s] Level 1:colcon.colcon_core.package_identification:_identify(ThirdParty/BehaviorTree.ROS2/behaviortree_ros2) by extensions ['ros']
[4.783s] Level 1:colcon.colcon_core.package_identification:_identify(ThirdParty/BehaviorTree.ROS2/behaviortree_ros2) by extension 'ros'
[4.802s] DEBUG:colcon.colcon_core.package_identification:Package 'ThirdParty/BehaviorTree.ROS2/behaviortree_ros2' with type 'ros.ament_cmake' and name 'behaviortree_ros2'
[4.803s] Level 1:colcon.colcon_core.package_identification:_identify(ThirdParty/BehaviorTree.ROS2/btcpp_ros2_interfaces) by extensions ['ignore', 'ignore_ament_install']
[4.803s] Level 1:colcon.colcon_core.package_identification:_identify(ThirdParty/BehaviorTree.ROS2/btcpp_ros2_interfaces) by extension 'ignore'
[4.804s] Level 1:colcon.colcon_core.package_identification:_identify(ThirdParty/BehaviorTree.ROS2/btcpp_ros2_interfaces) by extension 'ignore_ament_install'
[4.804s] Level 1:colcon.colcon_core.package_identification:_identify(ThirdParty/BehaviorTree.ROS2/btcpp_ros2_interfaces) by extensions ['colcon_pkg']
[4.804s] Level 1:colcon.colcon_core.package_identification:_identify(ThirdParty/BehaviorTree.ROS2/btcpp_ros2_interfaces) by extension 'colcon_pkg'
[4.804s] Level 1:colcon.colcon_core.package_identification:_identify(ThirdParty/BehaviorTree.ROS2/btcpp_ros2_interfaces) by extensions ['colcon_meta']
[4.805s] Level 1:colcon.colcon_core.package_identification:_identify(ThirdParty/BehaviorTree.ROS2/btcpp_ros2_interfaces) by extension 'colcon_meta'
[4.805s] Level 1:colcon.colcon_core.package_identification:_identify(ThirdParty/BehaviorTree.ROS2/btcpp_ros2_interfaces) by extensions ['ros']
[4.805s] Level 1:colcon.colcon_core.package_identification:_identify(ThirdParty/BehaviorTree.ROS2/btcpp_ros2_interfaces) by extension 'ros'
[4.807s] DEBUG:colcon.colcon_core.package_identification:Package 'ThirdParty/BehaviorTree.ROS2/btcpp_ros2_interfaces' with type 'ros.ament_cmake' and name 'btcpp_ros2_interfaces'
[4.808s] Level 1:colcon.colcon_core.package_identification:_identify(ThirdParty/BehaviorTree.ROS2/btcpp_ros2_samples) by extensions ['ignore', 'ignore_ament_install']
[4.808s] Level 1:colcon.colcon_core.package_identification:_identify(ThirdParty/BehaviorTree.ROS2/btcpp_ros2_samples) by extension 'ignore'
[4.809s] Level 1:colcon.colcon_core.package_identification:_identify(ThirdParty/BehaviorTree.ROS2/btcpp_ros2_samples) by extension 'ignore_ament_install'
[4.809s] Level 1:colcon.colcon_core.package_identification:_identify(ThirdParty/BehaviorTree.ROS2/btcpp_ros2_samples) by extensions ['colcon_pkg']
[4.809s] Level 1:colcon.colcon_core.package_identification:_identify(ThirdParty/BehaviorTree.ROS2/btcpp_ros2_samples) by extension 'colcon_pkg'
[4.809s] Level 1:colcon.colcon_core.package_identification:_identify(ThirdParty/BehaviorTree.ROS2/btcpp_ros2_samples) by extensions ['colcon_meta']
[4.809s] Level 1:colcon.colcon_core.package_identification:_identify(ThirdParty/BehaviorTree.ROS2/btcpp_ros2_samples) by extension 'colcon_meta'
[4.810s] Level 1:colcon.colcon_core.package_identification:_identify(ThirdParty/BehaviorTree.ROS2/btcpp_ros2_samples) by extensions ['ros']
[4.810s] Level 1:colcon.colcon_core.package_identification:_identify(ThirdParty/BehaviorTree.ROS2/btcpp_ros2_samples) by extension 'ros'
[4.812s] DEBUG:colcon.colcon_core.package_identification:Package 'ThirdParty/BehaviorTree.ROS2/btcpp_ros2_samples' with type 'ros.ament_cmake' and name 'btcpp_ros2_samples'
[4.827s] Level 1:colcon.colcon_core.package_identification:_identify(ThirdParty/grab2) by extensions ['ignore', 'ignore_ament_install']
[4.828s] Level 1:colcon.colcon_core.package_identification:_identify(ThirdParty/grab2) by extension 'ignore'
[4.828s] Level 1:colcon.colcon_core.package_identification:_identify(ThirdParty/grab2) by extension 'ignore_ament_install'
[4.829s] Level 1:colcon.colcon_core.package_identification:_identify(ThirdParty/grab2) by extensions ['colcon_pkg']
[4.829s] Level 1:colcon.colcon_core.package_identification:_identify(ThirdParty/grab2) by extension 'colcon_pkg'
[4.829s] Level 1:colcon.colcon_core.package_identification:_identify(ThirdParty/grab2) by extensions ['colcon_meta']
[4.829s] Level 1:colcon.colcon_core.package_identification:_identify(ThirdParty/grab2) by extension 'colcon_meta'
[4.829s] Level 1:colcon.colcon_core.package_identification:_identify(ThirdParty/grab2) by extensions ['ros']
[4.829s] Level 1:colcon.colcon_core.package_identification:_identify(ThirdParty/grab2) by extension 'ros'
[4.830s] Level 1:colcon.colcon_core.package_identification:_identify(ThirdParty/grab2) by extensions ['cmake', 'python']
[4.830s] Level 1:colcon.colcon_core.package_identification:_identify(ThirdParty/grab2) by extension 'cmake'
[4.830s] Level 1:colcon.colcon_core.package_identification:_identify(ThirdParty/grab2) by extension 'python'
[4.830s] Level 1:colcon.colcon_core.package_identification:_identify(ThirdParty/grab2) by extensions ['python_setup_py']
[4.830s] Level 1:colcon.colcon_core.package_identification:_identify(ThirdParty/grab2) by extension 'python_setup_py'
[4.846s] Level 1:colcon.colcon_core.package_identification:_identify(ThirdParty/grab2/docs) by extensions ['ignore', 'ignore_ament_install']
[4.847s] Level 1:colcon.colcon_core.package_identification:_identify(ThirdParty/grab2/docs) by extension 'ignore'
[4.847s] Level 1:colcon.colcon_core.package_identification:_identify(ThirdParty/grab2/docs) ignored
[4.848s] Level 1:colcon.colcon_core.package_identification:_identify(ThirdParty/grab2/grab2_behavior_tree) by extensions ['ignore', 'ignore_ament_install']
[4.848s] Level 1:colcon.colcon_core.package_identification:_identify(ThirdParty/grab2/grab2_behavior_tree) by extension 'ignore'
[4.848s] Level 1:colcon.colcon_core.package_identification:_identify(ThirdParty/grab2/grab2_behavior_tree) by extension 'ignore_ament_install'
[4.849s] Level 1:colcon.colcon_core.package_identification:_identify(ThirdParty/grab2/grab2_behavior_tree) by extensions ['colcon_pkg']
[4.849s] Level 1:colcon.colcon_core.package_identification:_identify(ThirdParty/grab2/grab2_behavior_tree) by extension 'colcon_pkg'
[4.849s] Level 1:colcon.colcon_core.package_identification:_identify(ThirdParty/grab2/grab2_behavior_tree) by extensions ['colcon_meta']
[4.849s] Level 1:colcon.colcon_core.package_identification:_identify(ThirdParty/grab2/grab2_behavior_tree) by extension 'colcon_meta'
[4.849s] Level 1:colcon.colcon_core.package_identification:_identify(ThirdParty/grab2/grab2_behavior_tree) by extensions ['ros']
[4.849s] Level 1:colcon.colcon_core.package_identification:_identify(ThirdParty/grab2/grab2_behavior_tree) by extension 'ros'
[4.865s] DEBUG:colcon.colcon_core.package_identification:Package 'ThirdParty/grab2/grab2_behavior_tree' with type 'ros.ament_cmake' and name 'grab2_behavior_tree'
[4.866s] Level 1:colcon.colcon_core.package_identification:_identify(ThirdParty/grab2/grab2_bt_grabber) by extensions ['ignore', 'ignore_ament_install']
[4.866s] Level 1:colcon.colcon_core.package_identification:_identify(ThirdParty/grab2/grab2_bt_grabber) by extension 'ignore'
[4.866s] Level 1:colcon.colcon_core.package_identification:_identify(ThirdParty/grab2/grab2_bt_grabber) by extension 'ignore_ament_install'
[4.867s] Level 1:colcon.colcon_core.package_identification:_identify(ThirdParty/grab2/grab2_bt_grabber) by extensions ['colcon_pkg']
[4.867s] Level 1:colcon.colcon_core.package_identification:_identify(ThirdParty/grab2/grab2_bt_grabber) by extension 'colcon_pkg'
[4.867s] Level 1:colcon.colcon_core.package_identification:_identify(ThirdParty/grab2/grab2_bt_grabber) by extensions ['colcon_meta']
[4.867s] Level 1:colcon.colcon_core.package_identification:_identify(ThirdParty/grab2/grab2_bt_grabber) by extension 'colcon_meta'
[4.868s] Level 1:colcon.colcon_core.package_identification:_identify(ThirdParty/grab2/grab2_bt_grabber) by extensions ['ros']
[4.868s] Level 1:colcon.colcon_core.package_identification:_identify(ThirdParty/grab2/grab2_bt_grabber) by extension 'ros'
[4.871s] DEBUG:colcon.colcon_core.package_identification:Package 'ThirdParty/grab2/grab2_bt_grabber' with type 'ros.ament_cmake' and name 'grab2_bt_grabber'
[4.872s] Level 1:colcon.colcon_core.package_identification:_identify(ThirdParty/grab2/grab2_controller) by extensions ['ignore', 'ignore_ament_install']
[4.872s] Level 1:colcon.colcon_core.package_identification:_identify(ThirdParty/grab2/grab2_controller) by extension 'ignore'
[4.873s] Level 1:colcon.colcon_core.package_identification:_identify(ThirdParty/grab2/grab2_controller) by extension 'ignore_ament_install'
[4.873s] Level 1:colcon.colcon_core.package_identification:_identify(ThirdParty/grab2/grab2_controller) by extensions ['colcon_pkg']
[4.873s] Level 1:colcon.colcon_core.package_identification:_identify(ThirdParty/grab2/grab2_controller) by extension 'colcon_pkg'
[4.873s] Level 1:colcon.colcon_core.package_identification:_identify(ThirdParty/grab2/grab2_controller) by extensions ['colcon_meta']
[4.873s] Level 1:colcon.colcon_core.package_identification:_identify(ThirdParty/grab2/grab2_controller) by extension 'colcon_meta'
[4.874s] Level 1:colcon.colcon_core.package_identification:_identify(ThirdParty/grab2/grab2_controller) by extensions ['ros']
[4.874s] Level 1:colcon.colcon_core.package_identification:_identify(ThirdParty/grab2/grab2_controller) by extension 'ros'
[4.893s] DEBUG:colcon.colcon_core.package_identification:Package 'ThirdParty/grab2/grab2_controller' with type 'ros.ament_cmake' and name 'grab2_controller'
[4.893s] Level 1:colcon.colcon_core.package_identification:_identify(ThirdParty/grab2/grab2_curobo_planner) by extensions ['ignore', 'ignore_ament_install']
[4.894s] Level 1:colcon.colcon_core.package_identification:_identify(ThirdParty/grab2/grab2_curobo_planner) by extension 'ignore'
[4.894s] Level 1:colcon.colcon_core.package_identification:_identify(ThirdParty/grab2/grab2_curobo_planner) by extension 'ignore_ament_install'
[4.894s] Level 1:colcon.colcon_core.package_identification:_identify(ThirdParty/grab2/grab2_curobo_planner) by extensions ['colcon_pkg']
[4.895s] Level 1:colcon.colcon_core.package_identification:_identify(ThirdParty/grab2/grab2_curobo_planner) by extension 'colcon_pkg'
[4.895s] Level 1:colcon.colcon_core.package_identification:_identify(ThirdParty/grab2/grab2_curobo_planner) by extensions ['colcon_meta']
[4.895s] Level 1:colcon.colcon_core.package_identification:_identify(ThirdParty/grab2/grab2_curobo_planner) by extension 'colcon_meta'
[4.895s] Level 1:colcon.colcon_core.package_identification:_identify(ThirdParty/grab2/grab2_curobo_planner) by extensions ['ros']
[4.895s] Level 1:colcon.colcon_core.package_identification:_identify(ThirdParty/grab2/grab2_curobo_planner) by extension 'ros'
[4.899s] DEBUG:colcon.colcon_core.package_identification:Package 'ThirdParty/grab2/grab2_curobo_planner' with type 'ros.ament_python' and name 'grab2_curobo_planner'
[4.899s] Level 1:colcon.colcon_core.package_identification:_identify(ThirdParty/grab2/grab2_grasp_generator) by extensions ['ignore', 'ignore_ament_install']
[4.900s] Level 1:colcon.colcon_core.package_identification:_identify(ThirdParty/grab2/grab2_grasp_generator) by extension 'ignore'
[4.900s] Level 1:colcon.colcon_core.package_identification:_identify(ThirdParty/grab2/grab2_grasp_generator) by extension 'ignore_ament_install'
[4.900s] Level 1:colcon.colcon_core.package_identification:_identify(ThirdParty/grab2/grab2_grasp_generator) by extensions ['colcon_pkg']
[4.901s] Level 1:colcon.colcon_core.package_identification:_identify(ThirdParty/grab2/grab2_grasp_generator) by extension 'colcon_pkg'
[4.901s] Level 1:colcon.colcon_core.package_identification:_identify(ThirdParty/grab2/grab2_grasp_generator) by extensions ['colcon_meta']
[4.901s] Level 1:colcon.colcon_core.package_identification:_identify(ThirdParty/grab2/grab2_grasp_generator) by extension 'colcon_meta'
[4.901s] Level 1:colcon.colcon_core.package_identification:_identify(ThirdParty/grab2/grab2_grasp_generator) by extensions ['ros']
[4.901s] Level 1:colcon.colcon_core.package_identification:_identify(ThirdParty/grab2/grab2_grasp_generator) by extension 'ros'
[4.905s] DEBUG:colcon.colcon_core.package_identification:Package 'ThirdParty/grab2/grab2_grasp_generator' with type 'ros.ament_cmake' and name 'grab2_grasp_generator'
[4.919s] Level 1:colcon.colcon_core.package_identification:_identify(ThirdParty/grab2/grab2_msgs) by extensions ['ignore', 'ignore_ament_install']
[4.920s] Level 1:colcon.colcon_core.package_identification:_identify(ThirdParty/grab2/grab2_msgs) by extension 'ignore'
[4.920s] Level 1:colcon.colcon_core.package_identification:_identify(ThirdParty/grab2/grab2_msgs) by extension 'ignore_ament_install'
[4.920s] Level 1:colcon.colcon_core.package_identification:_identify(ThirdParty/grab2/grab2_msgs) by extensions ['colcon_pkg']
[4.920s] Level 1:colcon.colcon_core.package_identification:_identify(ThirdParty/grab2/grab2_msgs) by extension 'colcon_pkg'
[4.921s] Level 1:colcon.colcon_core.package_identification:_identify(ThirdParty/grab2/grab2_msgs) by extensions ['colcon_meta']
[4.921s] Level 1:colcon.colcon_core.package_identification:_identify(ThirdParty/grab2/grab2_msgs) by extension 'colcon_meta'
[4.921s] Level 1:colcon.colcon_core.package_identification:_identify(ThirdParty/grab2/grab2_msgs) by extensions ['ros']
[4.921s] Level 1:colcon.colcon_core.package_identification:_identify(ThirdParty/grab2/grab2_msgs) by extension 'ros'
[4.924s] DEBUG:colcon.colcon_core.package_identification:Package 'ThirdParty/grab2/grab2_msgs' with type 'ros.ament_cmake' and name 'grab2_msgs'
[4.925s] Level 1:colcon.colcon_core.package_identification:_identify(ThirdParty/grab2/grab2_planner) by extensions ['ignore', 'ignore_ament_install']
[4.925s] Level 1:colcon.colcon_core.package_identification:_identify(ThirdParty/grab2/grab2_planner) by extension 'ignore'
[4.926s] Level 1:colcon.colcon_core.package_identification:_identify(ThirdParty/grab2/grab2_planner) by extension 'ignore_ament_install'
[4.926s] Level 1:colcon.colcon_core.package_identification:_identify(ThirdParty/grab2/grab2_planner) by extensions ['colcon_pkg']
[4.926s] Level 1:colcon.colcon_core.package_identification:_identify(ThirdParty/grab2/grab2_planner) by extension 'colcon_pkg'
[4.926s] Level 1:colcon.colcon_core.package_identification:_identify(ThirdParty/grab2/grab2_planner) by extensions ['colcon_meta']
[4.927s] Level 1:colcon.colcon_core.package_identification:_identify(ThirdParty/grab2/grab2_planner) by extension 'colcon_meta'
[4.927s] Level 1:colcon.colcon_core.package_identification:_identify(ThirdParty/grab2/grab2_planner) by extensions ['ros']
[4.927s] Level 1:colcon.colcon_core.package_identification:_identify(ThirdParty/grab2/grab2_planner) by extension 'ros'
[4.933s] DEBUG:colcon.colcon_core.package_identification:Package 'ThirdParty/grab2/grab2_planner' with type 'ros.ament_cmake' and name 'grab2_planner'
[4.933s] Level 1:colcon.colcon_core.package_identification:_identify(ThirdParty/grab2/grab2_ros_common) by extensions ['ignore', 'ignore_ament_install']
[4.934s] Level 1:colcon.colcon_core.package_identification:_identify(ThirdParty/grab2/grab2_ros_common) by extension 'ignore'
[4.934s] Level 1:colcon.colcon_core.package_identification:_identify(ThirdParty/grab2/grab2_ros_common) by extension 'ignore_ament_install'
[4.934s] Level 1:colcon.colcon_core.package_identification:_identify(ThirdParty/grab2/grab2_ros_common) by extensions ['colcon_pkg']
[4.934s] Level 1:colcon.colcon_core.package_identification:_identify(ThirdParty/grab2/grab2_ros_common) by extension 'colcon_pkg'
[4.935s] Level 1:colcon.colcon_core.package_identification:_identify(ThirdParty/grab2/grab2_ros_common) by extensions ['colcon_meta']
[4.935s] Level 1:colcon.colcon_core.package_identification:_identify(ThirdParty/grab2/grab2_ros_common) by extension 'colcon_meta'
[4.935s] Level 1:colcon.colcon_core.package_identification:_identify(ThirdParty/grab2/grab2_ros_common) by extensions ['ros']
[4.935s] Level 1:colcon.colcon_core.package_identification:_identify(ThirdParty/grab2/grab2_ros_common) by extension 'ros'
[4.939s] DEBUG:colcon.colcon_core.package_identification:Package 'ThirdParty/grab2/grab2_ros_common' with type 'ros.ament_cmake' and name 'grab2_ros_common'
[4.939s] Level 1:colcon.colcon_core.package_identification:_identify(ThirdParty/grab2/isaac_sim_worlds) by extensions ['ignore', 'ignore_ament_install']
[4.940s] Level 1:colcon.colcon_core.package_identification:_identify(ThirdParty/grab2/isaac_sim_worlds) by extension 'ignore'
[4.940s] Level 1:colcon.colcon_core.package_identification:_identify(ThirdParty/grab2/isaac_sim_worlds) by extension 'ignore_ament_install'
[4.940s] Level 1:colcon.colcon_core.package_identification:_identify(ThirdParty/grab2/isaac_sim_worlds) by extensions ['colcon_pkg']
[4.940s] Level 1:colcon.colcon_core.package_identification:_identify(ThirdParty/grab2/isaac_sim_worlds) by extension 'colcon_pkg'
[4.940s] Level 1:colcon.colcon_core.package_identification:_identify(ThirdParty/grab2/isaac_sim_worlds) by extensions ['colcon_meta']
[4.940s] Level 1:colcon.colcon_core.package_identification:_identify(ThirdParty/grab2/isaac_sim_worlds) by extension 'colcon_meta'
[4.941s] Level 1:colcon.colcon_core.package_identification:_identify(ThirdParty/grab2/isaac_sim_worlds) by extensions ['ros']
[4.941s] Level 1:colcon.colcon_core.package_identification:_identify(ThirdParty/grab2/isaac_sim_worlds) by extension 'ros'
[4.941s] Level 1:colcon.colcon_core.package_identification:_identify(ThirdParty/grab2/isaac_sim_worlds) by extensions ['cmake', 'python']
[4.941s] Level 1:colcon.colcon_core.package_identification:_identify(ThirdParty/grab2/isaac_sim_worlds) by extension 'cmake'
[4.941s] Level 1:colcon.colcon_core.package_identification:_identify(ThirdParty/grab2/isaac_sim_worlds) by extension 'python'
[4.941s] Level 1:colcon.colcon_core.package_identification:_identify(ThirdParty/grab2/isaac_sim_worlds) by extensions ['python_setup_py']
[4.941s] Level 1:colcon.colcon_core.package_identification:_identify(ThirdParty/grab2/isaac_sim_worlds) by extension 'python_setup_py'
[4.942s] Level 1:colcon.colcon_core.package_identification:_identify(ThirdParty/grab2/isaac_sim_worlds/assets) by extensions ['ignore', 'ignore_ament_install']
[4.942s] Level 1:colcon.colcon_core.package_identification:_identify(ThirdParty/grab2/isaac_sim_worlds/assets) by extension 'ignore'
[4.942s] Level 1:colcon.colcon_core.package_identification:_identify(ThirdParty/grab2/isaac_sim_worlds/assets) by extension 'ignore_ament_install'
[4.942s] Level 1:colcon.colcon_core.package_identification:_identify(ThirdParty/grab2/isaac_sim_worlds/assets) by extensions ['colcon_pkg']
[4.943s] Level 1:colcon.colcon_core.package_identification:_identify(ThirdParty/grab2/isaac_sim_worlds/assets) by extension 'colcon_pkg'
[4.943s] Level 1:colcon.colcon_core.package_identification:_identify(ThirdParty/grab2/isaac_sim_worlds/assets) by extensions ['colcon_meta']
[4.943s] Level 1:colcon.colcon_core.package_identification:_identify(ThirdParty/grab2/isaac_sim_worlds/assets) by extension 'colcon_meta'
[4.943s] Level 1:colcon.colcon_core.package_identification:_identify(ThirdParty/grab2/isaac_sim_worlds/assets) by extensions ['ros']
[4.943s] Level 1:colcon.colcon_core.package_identification:_identify(ThirdParty/grab2/isaac_sim_worlds/assets) by extension 'ros'
[4.943s] Level 1:colcon.colcon_core.package_identification:_identify(ThirdParty/grab2/isaac_sim_worlds/assets) by extensions ['cmake', 'python']
[4.943s] Level 1:colcon.colcon_core.package_identification:_identify(ThirdParty/grab2/isaac_sim_worlds/assets) by extension 'cmake'
[4.943s] Level 1:colcon.colcon_core.package_identification:_identify(ThirdParty/grab2/isaac_sim_worlds/assets) by extension 'python'
[4.944s] Level 1:colcon.colcon_core.package_identification:_identify(ThirdParty/grab2/isaac_sim_worlds/assets) by extensions ['python_setup_py']
[4.944s] Level 1:colcon.colcon_core.package_identification:_identify(ThirdParty/grab2/isaac_sim_worlds/assets) by extension 'python_setup_py'
[4.944s] Level 1:colcon.colcon_core.package_identification:_identify(ThirdParty/grab2/isaac_sim_worlds/assets/objects) by extensions ['ignore', 'ignore_ament_install']
[4.944s] Level 1:colcon.colcon_core.package_identification:_identify(ThirdParty/grab2/isaac_sim_worlds/assets/objects) by extension 'ignore'
[4.944s] Level 1:colcon.colcon_core.package_identification:_identify(ThirdParty/grab2/isaac_sim_worlds/assets/objects) by extension 'ignore_ament_install'
[4.944s] Level 1:colcon.colcon_core.package_identification:_identify(ThirdParty/grab2/isaac_sim_worlds/assets/objects) by extensions ['colcon_pkg']
[4.945s] Level 1:colcon.colcon_core.package_identification:_identify(ThirdParty/grab2/isaac_sim_worlds/assets/objects) by extension 'colcon_pkg'
[4.945s] Level 1:colcon.colcon_core.package_identification:_identify(ThirdParty/grab2/isaac_sim_worlds/assets/objects) by extensions ['colcon_meta']
[4.945s] Level 1:colcon.colcon_core.package_identification:_identify(ThirdParty/grab2/isaac_sim_worlds/assets/objects) by extension 'colcon_meta'
[4.945s] Level 1:colcon.colcon_core.package_identification:_identify(ThirdParty/grab2/isaac_sim_worlds/assets/objects) by extensions ['ros']
[4.945s] Level 1:colcon.colcon_core.package_identification:_identify(ThirdParty/grab2/isaac_sim_worlds/assets/objects) by extension 'ros'
[4.945s] Level 1:colcon.colcon_core.package_identification:_identify(ThirdParty/grab2/isaac_sim_worlds/assets/objects) by extensions ['cmake', 'python']
[4.945s] Level 1:colcon.colcon_core.package_identification:_identify(ThirdParty/grab2/isaac_sim_worlds/assets/objects) by extension 'cmake'
[4.945s] Level 1:colcon.colcon_core.package_identification:_identify(ThirdParty/grab2/isaac_sim_worlds/assets/objects) by extension 'python'
[4.945s] Level 1:colcon.colcon_core.package_identification:_identify(ThirdParty/grab2/isaac_sim_worlds/assets/objects) by extensions ['python_setup_py']
[4.945s] Level 1:colcon.colcon_core.package_identification:_identify(ThirdParty/grab2/isaac_sim_worlds/assets/objects) by extension 'python_setup_py'
[4.946s] Level 1:colcon.colcon_core.package_identification:_identify(ThirdParty/grab2/isaac_sim_worlds/assets/robots) by extensions ['ignore', 'ignore_ament_install']
[4.946s] Level 1:colcon.colcon_core.package_identification:_identify(ThirdParty/grab2/isaac_sim_worlds/assets/robots) by extension 'ignore'
[4.946s] Level 1:colcon.colcon_core.package_identification:_identify(ThirdParty/grab2/isaac_sim_worlds/assets/robots) by extension 'ignore_ament_install'
[4.946s] Level 1:colcon.colcon_core.package_identification:_identify(ThirdParty/grab2/isaac_sim_worlds/assets/robots) by extensions ['colcon_pkg']
[4.946s] Level 1:colcon.colcon_core.package_identification:_identify(ThirdParty/grab2/isaac_sim_worlds/assets/robots) by extension 'colcon_pkg'
[4.946s] Level 1:colcon.colcon_core.package_identification:_identify(ThirdParty/grab2/isaac_sim_worlds/assets/robots) by extensions ['colcon_meta']
[4.947s] Level 1:colcon.colcon_core.package_identification:_identify(ThirdParty/grab2/isaac_sim_worlds/assets/robots) by extension 'colcon_meta'
[4.947s] Level 1:colcon.colcon_core.package_identification:_identify(ThirdParty/grab2/isaac_sim_worlds/assets/robots) by extensions ['ros']
[4.947s] Level 1:colcon.colcon_core.package_identification:_identify(ThirdParty/grab2/isaac_sim_worlds/assets/robots) by extension 'ros'
[4.947s] Level 1:colcon.colcon_core.package_identification:_identify(ThirdParty/grab2/isaac_sim_worlds/assets/robots) by extensions ['cmake', 'python']
[4.947s] Level 1:colcon.colcon_core.package_identification:_identify(ThirdParty/grab2/isaac_sim_worlds/assets/robots) by extension 'cmake'
[4.947s] Level 1:colcon.colcon_core.package_identification:_identify(ThirdParty/grab2/isaac_sim_worlds/assets/robots) by extension 'python'
[4.947s] Level 1:colcon.colcon_core.package_identification:_identify(ThirdParty/grab2/isaac_sim_worlds/assets/robots) by extensions ['python_setup_py']
[4.947s] Level 1:colcon.colcon_core.package_identification:_identify(ThirdParty/grab2/isaac_sim_worlds/assets/robots) by extension 'python_setup_py'
[4.948s] Level 1:colcon.colcon_core.package_identification:_identify(ThirdParty/grab2/isaac_sim_worlds/assets/worlds) by extensions ['ignore', 'ignore_ament_install']
[4.948s] Level 1:colcon.colcon_core.package_identification:_identify(ThirdParty/grab2/isaac_sim_worlds/assets/worlds) by extension 'ignore'
[4.948s] Level 1:colcon.colcon_core.package_identification:_identify(ThirdParty/grab2/isaac_sim_worlds/assets/worlds) by extension 'ignore_ament_install'
[4.948s] Level 1:colcon.colcon_core.package_identification:_identify(ThirdParty/grab2/isaac_sim_worlds/assets/worlds) by extensions ['colcon_pkg']
[4.948s] Level 1:colcon.colcon_core.package_identification:_identify(ThirdParty/grab2/isaac_sim_worlds/assets/worlds) by extension 'colcon_pkg'
[4.948s] Level 1:colcon.colcon_core.package_identification:_identify(ThirdParty/grab2/isaac_sim_worlds/assets/worlds) by extensions ['colcon_meta']
[4.948s] Level 1:colcon.colcon_core.package_identification:_identify(ThirdParty/grab2/isaac_sim_worlds/assets/worlds) by extension 'colcon_meta'
[4.948s] Level 1:colcon.colcon_core.package_identification:_identify(ThirdParty/grab2/isaac_sim_worlds/assets/worlds) by extensions ['ros']
[4.948s] Level 1:colcon.colcon_core.package_identification:_identify(ThirdParty/grab2/isaac_sim_worlds/assets/worlds) by extension 'ros'
[4.949s] Level 1:colcon.colcon_core.package_identification:_identify(ThirdParty/grab2/isaac_sim_worlds/assets/worlds) by extensions ['cmake', 'python']
[4.949s] Level 1:colcon.colcon_core.package_identification:_identify(ThirdParty/grab2/isaac_sim_worlds/assets/worlds) by extension 'cmake'
[4.949s] Level 1:colcon.colcon_core.package_identification:_identify(ThirdParty/grab2/isaac_sim_worlds/assets/worlds) by extension 'python'
[4.949s] Level 1:colcon.colcon_core.package_identification:_identify(ThirdParty/grab2/isaac_sim_worlds/assets/worlds) by extensions ['python_setup_py']
[4.949s] Level 1:colcon.colcon_core.package_identification:_identify(ThirdParty/grab2/isaac_sim_worlds/assets/worlds) by extension 'python_setup_py'
[4.949s] Level 1:colcon.colcon_core.package_identification:_identify(ThirdParty/grab2/isaac_sim_worlds/assets/worlds/toybox_world) by extensions ['ignore', 'ignore_ament_install']
[4.949s] Level 1:colcon.colcon_core.package_identification:_identify(ThirdParty/grab2/isaac_sim_worlds/assets/worlds/toybox_world) by extension 'ignore'
[4.950s] Level 1:colcon.colcon_core.package_identification:_identify(ThirdParty/grab2/isaac_sim_worlds/assets/worlds/toybox_world) by extension 'ignore_ament_install'
[4.950s] Level 1:colcon.colcon_core.package_identification:_identify(ThirdParty/grab2/isaac_sim_worlds/assets/worlds/toybox_world) by extensions ['colcon_pkg']
[4.950s] Level 1:colcon.colcon_core.package_identification:_identify(ThirdParty/grab2/isaac_sim_worlds/assets/worlds/toybox_world) by extension 'colcon_pkg'
[4.950s] Level 1:colcon.colcon_core.package_identification:_identify(ThirdParty/grab2/isaac_sim_worlds/assets/worlds/toybox_world) by extensions ['colcon_meta']
[4.950s] Level 1:colcon.colcon_core.package_identification:_identify(ThirdParty/grab2/isaac_sim_worlds/assets/worlds/toybox_world) by extension 'colcon_meta'
[4.950s] Level 1:colcon.colcon_core.package_identification:_identify(ThirdParty/grab2/isaac_sim_worlds/assets/worlds/toybox_world) by extensions ['ros']
[4.950s] Level 1:colcon.colcon_core.package_identification:_identify(ThirdParty/grab2/isaac_sim_worlds/assets/worlds/toybox_world) by extension 'ros'
[4.950s] Level 1:colcon.colcon_core.package_identification:_identify(ThirdParty/grab2/isaac_sim_worlds/assets/worlds/toybox_world) by extensions ['cmake', 'python']
[4.950s] Level 1:colcon.colcon_core.package_identification:_identify(ThirdParty/grab2/isaac_sim_worlds/assets/worlds/toybox_world) by extension 'cmake'
[4.950s] Level 1:colcon.colcon_core.package_identification:_identify(ThirdParty/grab2/isaac_sim_worlds/assets/worlds/toybox_world) by extension 'python'
[4.950s] Level 1:colcon.colcon_core.package_identification:_identify(ThirdParty/grab2/isaac_sim_worlds/assets/worlds/toybox_world) by extensions ['python_setup_py']
[4.950s] Level 1:colcon.colcon_core.package_identification:_identify(ThirdParty/grab2/isaac_sim_worlds/assets/worlds/toybox_world) by extension 'python_setup_py'
[4.951s] Level 1:colcon.colcon_core.package_identification:_identify(ThirdParty/grab2/isaac_sim_worlds/assets/worlds/toybox_world/Textures) by extensions ['ignore', 'ignore_ament_install']
[4.951s] Level 1:colcon.colcon_core.package_identification:_identify(ThirdParty/grab2/isaac_sim_worlds/assets/worlds/toybox_world/Textures) by extension 'ignore'
[4.951s] Level 1:colcon.colcon_core.package_identification:_identify(ThirdParty/grab2/isaac_sim_worlds/assets/worlds/toybox_world/Textures) by extension 'ignore_ament_install'
[4.951s] Level 1:colcon.colcon_core.package_identification:_identify(ThirdParty/grab2/isaac_sim_worlds/assets/worlds/toybox_world/Textures) by extensions ['colcon_pkg']
[4.951s] Level 1:colcon.colcon_core.package_identification:_identify(ThirdParty/grab2/isaac_sim_worlds/assets/worlds/toybox_world/Textures) by extension 'colcon_pkg'
[4.951s] Level 1:colcon.colcon_core.package_identification:_identify(ThirdParty/grab2/isaac_sim_worlds/assets/worlds/toybox_world/Textures) by extensions ['colcon_meta']
[4.951s] Level 1:colcon.colcon_core.package_identification:_identify(ThirdParty/grab2/isaac_sim_worlds/assets/worlds/toybox_world/Textures) by extension 'colcon_meta'
[4.952s] Level 1:colcon.colcon_core.package_identification:_identify(ThirdParty/grab2/isaac_sim_worlds/assets/worlds/toybox_world/Textures) by extensions ['ros']
[4.952s] Level 1:colcon.colcon_core.package_identification:_identify(ThirdParty/grab2/isaac_sim_worlds/assets/worlds/toybox_world/Textures) by extension 'ros'
[4.952s] Level 1:colcon.colcon_core.package_identification:_identify(ThirdParty/grab2/isaac_sim_worlds/assets/worlds/toybox_world/Textures) by extensions ['cmake', 'python']
[4.952s] Level 1:colcon.colcon_core.package_identification:_identify(ThirdParty/grab2/isaac_sim_worlds/assets/worlds/toybox_world/Textures) by extension 'cmake'
[4.952s] Level 1:colcon.colcon_core.package_identification:_identify(ThirdParty/grab2/isaac_sim_worlds/assets/worlds/toybox_world/Textures) by extension 'python'
[4.952s] Level 1:colcon.colcon_core.package_identification:_identify(ThirdParty/grab2/isaac_sim_worlds/assets/worlds/toybox_world/Textures) by extensions ['python_setup_py']
[4.952s] Level 1:colcon.colcon_core.package_identification:_identify(ThirdParty/grab2/isaac_sim_worlds/assets/worlds/toybox_world/Textures) by extension 'python_setup_py'
[4.952s] Level 1:colcon.colcon_core.package_identification:_identify(ThirdParty/grab2/isaac_sim_worlds/grab2_utils) by extensions ['ignore', 'ignore_ament_install']
[4.952s] Level 1:colcon.colcon_core.package_identification:_identify(ThirdParty/grab2/isaac_sim_worlds/grab2_utils) by extension 'ignore'
[4.953s] Level 1:colcon.colcon_core.package_identification:_identify(ThirdParty/grab2/isaac_sim_worlds/grab2_utils) by extension 'ignore_ament_install'
[4.953s] Level 1:colcon.colcon_core.package_identification:_identify(ThirdParty/grab2/isaac_sim_worlds/grab2_utils) by extensions ['colcon_pkg']
[4.953s] Level 1:colcon.colcon_core.package_identification:_identify(ThirdParty/grab2/isaac_sim_worlds/grab2_utils) by extension 'colcon_pkg'
[4.953s] Level 1:colcon.colcon_core.package_identification:_identify(ThirdParty/grab2/isaac_sim_worlds/grab2_utils) by extensions ['colcon_meta']
[4.953s] Level 1:colcon.colcon_core.package_identification:_identify(ThirdParty/grab2/isaac_sim_worlds/grab2_utils) by extension 'colcon_meta'
[4.953s] Level 1:colcon.colcon_core.package_identification:_identify(ThirdParty/grab2/isaac_sim_worlds/grab2_utils) by extensions ['ros']
[4.953s] Level 1:colcon.colcon_core.package_identification:_identify(ThirdParty/grab2/isaac_sim_worlds/grab2_utils) by extension 'ros'
[4.953s] Level 1:colcon.colcon_core.package_identification:_identify(ThirdParty/grab2/isaac_sim_worlds/grab2_utils) by extensions ['cmake', 'python']
[4.953s] Level 1:colcon.colcon_core.package_identification:_identify(ThirdParty/grab2/isaac_sim_worlds/grab2_utils) by extension 'cmake'
[4.953s] Level 1:colcon.colcon_core.package_identification:_identify(ThirdParty/grab2/isaac_sim_worlds/grab2_utils) by extension 'python'
[4.953s] Level 1:colcon.colcon_core.package_identification:_identify(ThirdParty/grab2/isaac_sim_worlds/grab2_utils) by extensions ['python_setup_py']
[4.953s] Level 1:colcon.colcon_core.package_identification:_identify(ThirdParty/grab2/isaac_sim_worlds/grab2_utils) by extension 'python_setup_py'
[4.954s] Level 1:colcon.colcon_core.package_identification:_identify(ThirdParty/launch_pal) by extensions ['ignore', 'ignore_ament_install']
[4.954s] Level 1:colcon.colcon_core.package_identification:_identify(ThirdParty/launch_pal) by extension 'ignore'
[4.954s] Level 1:colcon.colcon_core.package_identification:_identify(ThirdParty/launch_pal) by extension 'ignore_ament_install'
[4.954s] Level 1:colcon.colcon_core.package_identification:_identify(ThirdParty/launch_pal) by extensions ['colcon_pkg']
[4.954s] Level 1:colcon.colcon_core.package_identification:_identify(ThirdParty/launch_pal) by extension 'colcon_pkg'
[4.954s] Level 1:colcon.colcon_core.package_identification:_identify(ThirdParty/launch_pal) by extensions ['colcon_meta']
[4.954s] Level 1:colcon.colcon_core.package_identification:_identify(ThirdParty/launch_pal) by extension 'colcon_meta'
[4.954s] Level 1:colcon.colcon_core.package_identification:_identify(ThirdParty/launch_pal) by extensions ['ros']
[4.954s] Level 1:colcon.colcon_core.package_identification:_identify(ThirdParty/launch_pal) by extension 'ros'
[4.968s] DEBUG:colcon.colcon_core.package_identification:Package 'ThirdParty/launch_pal' with type 'ros.ament_python' and name 'launch_pal'
[4.978s] Level 1:colcon.colcon_core.package_identification:_identify(ThirdParty/pal_gripper) by extensions ['ignore', 'ignore_ament_install']
[4.979s] Level 1:colcon.colcon_core.package_identification:_identify(ThirdParty/pal_gripper) by extension 'ignore'
[4.979s] Level 1:colcon.colcon_core.package_identification:_identify(ThirdParty/pal_gripper) by extension 'ignore_ament_install'
[4.979s] Level 1:colcon.colcon_core.package_identification:_identify(ThirdParty/pal_gripper) by extensions ['colcon_pkg']
[4.980s] Level 1:colcon.colcon_core.package_identification:_identify(ThirdParty/pal_gripper) by extension 'colcon_pkg'
[4.980s] Level 1:colcon.colcon_core.package_identification:_identify(ThirdParty/pal_gripper) by extensions ['colcon_meta']
[4.980s] Level 1:colcon.colcon_core.package_identification:_identify(ThirdParty/pal_gripper) by extension 'colcon_meta'
[4.980s] Level 1:colcon.colcon_core.package_identification:_identify(ThirdParty/pal_gripper) by extensions ['ros']
[4.980s] Level 1:colcon.colcon_core.package_identification:_identify(ThirdParty/pal_gripper) by extension 'ros'
[4.981s] Level 1:colcon.colcon_core.package_identification:_identify(ThirdParty/pal_gripper) by extensions ['cmake', 'python']
[4.981s] Level 1:colcon.colcon_core.package_identification:_identify(ThirdParty/pal_gripper) by extension 'cmake'
[4.981s] Level 1:colcon.colcon_core.package_identification:_identify(ThirdParty/pal_gripper) by extension 'python'
[4.981s] Level 1:colcon.colcon_core.package_identification:_identify(ThirdParty/pal_gripper) by extensions ['python_setup_py']
[4.981s] Level 1:colcon.colcon_core.package_identification:_identify(ThirdParty/pal_gripper) by extension 'python_setup_py'
[4.992s] Level 1:colcon.colcon_core.package_identification:_identify(ThirdParty/pal_gripper/pal_gripper) by extensions ['ignore', 'ignore_ament_install']
[4.993s] Level 1:colcon.colcon_core.package_identification:_identify(ThirdParty/pal_gripper/pal_gripper) by extension 'ignore'
[4.993s] Level 1:colcon.colcon_core.package_identification:_identify(ThirdParty/pal_gripper/pal_gripper) by extension 'ignore_ament_install'
[4.994s] Level 1:colcon.colcon_core.package_identification:_identify(ThirdParty/pal_gripper/pal_gripper) by extensions ['colcon_pkg']
[4.994s] Level 1:colcon.colcon_core.package_identification:_identify(ThirdParty/pal_gripper/pal_gripper) by extension 'colcon_pkg'
[4.994s] Level 1:colcon.colcon_core.package_identification:_identify(ThirdParty/pal_gripper/pal_gripper) by extensions ['colcon_meta']
[4.994s] Level 1:colcon.colcon_core.package_identification:_identify(ThirdParty/pal_gripper/pal_gripper) by extension 'colcon_meta'
[4.994s] Level 1:colcon.colcon_core.package_identification:_identify(ThirdParty/pal_gripper/pal_gripper) by extensions ['ros']
[4.994s] Level 1:colcon.colcon_core.package_identification:_identify(ThirdParty/pal_gripper/pal_gripper) by extension 'ros'
[5.007s] DEBUG:colcon.colcon_core.package_identification:Package 'ThirdParty/pal_gripper/pal_gripper' with type 'ros.ament_cmake' and name 'pal_gripper'
[5.007s] Level 1:colcon.colcon_core.package_identification:_identify(ThirdParty/pal_gripper/pal_gripper_controller_configuration) by extensions ['ignore', 'ignore_ament_install']
[5.008s] Level 1:colcon.colcon_core.package_identification:_identify(ThirdParty/pal_gripper/pal_gripper_controller_configuration) by extension 'ignore'
[5.008s] Level 1:colcon.colcon_core.package_identification:_identify(ThirdParty/pal_gripper/pal_gripper_controller_configuration) by extension 'ignore_ament_install'
[5.008s] Level 1:colcon.colcon_core.package_identification:_identify(ThirdParty/pal_gripper/pal_gripper_controller_configuration) by extensions ['colcon_pkg']
[5.009s] Level 1:colcon.colcon_core.package_identification:_identify(ThirdParty/pal_gripper/pal_gripper_controller_configuration) by extension 'colcon_pkg'
[5.009s] Level 1:colcon.colcon_core.package_identification:_identify(ThirdParty/pal_gripper/pal_gripper_controller_configuration) by extensions ['colcon_meta']
[5.009s] Level 1:colcon.colcon_core.package_identification:_identify(ThirdParty/pal_gripper/pal_gripper_controller_configuration) by extension 'colcon_meta'
[5.009s] Level 1:colcon.colcon_core.package_identification:_identify(ThirdParty/pal_gripper/pal_gripper_controller_configuration) by extensions ['ros']
[5.009s] Level 1:colcon.colcon_core.package_identification:_identify(ThirdParty/pal_gripper/pal_gripper_controller_configuration) by extension 'ros'
[5.011s] DEBUG:colcon.colcon_core.package_identification:Package 'ThirdParty/pal_gripper/pal_gripper_controller_configuration' with type 'ros.ament_cmake' and name 'pal_gripper_controller_configuration'
[5.012s] Level 1:colcon.colcon_core.package_identification:_identify(ThirdParty/pal_gripper/pal_gripper_description) by extensions ['ignore', 'ignore_ament_install']
[5.012s] Level 1:colcon.colcon_core.package_identification:_identify(ThirdParty/pal_gripper/pal_gripper_description) by extension 'ignore'
[5.012s] Level 1:colcon.colcon_core.package_identification:_identify(ThirdParty/pal_gripper/pal_gripper_description) by extension 'ignore_ament_install'
[5.013s] Level 1:colcon.colcon_core.package_identification:_identify(ThirdParty/pal_gripper/pal_gripper_description) by extensions ['colcon_pkg']
[5.013s] Level 1:colcon.colcon_core.package_identification:_identify(ThirdParty/pal_gripper/pal_gripper_description) by extension 'colcon_pkg'
[5.013s] Level 1:colcon.colcon_core.package_identification:_identify(ThirdParty/pal_gripper/pal_gripper_description) by extensions ['colcon_meta']
[5.013s] Level 1:colcon.colcon_core.package_identification:_identify(ThirdParty/pal_gripper/pal_gripper_description) by extension 'colcon_meta'
[5.013s] Level 1:colcon.colcon_core.package_identification:_identify(ThirdParty/pal_gripper/pal_gripper_description) by extensions ['ros']
[5.013s] Level 1:colcon.colcon_core.package_identification:_identify(ThirdParty/pal_gripper/pal_gripper_description) by extension 'ros'
[5.036s] DEBUG:colcon.colcon_core.package_identification:Package 'ThirdParty/pal_gripper/pal_gripper_description' with type 'ros.ament_cmake' and name 'pal_gripper_description'
[5.036s] Level 1:colcon.colcon_core.package_identification:_identify(ThirdParty/pal_gripper/pal_gripper_gazebo) by extensions ['ignore', 'ignore_ament_install']
[5.037s] Level 1:colcon.colcon_core.package_identification:_identify(ThirdParty/pal_gripper/pal_gripper_gazebo) by extension 'ignore'
[5.037s] Level 1:colcon.colcon_core.package_identification:_identify(ThirdParty/pal_gripper/pal_gripper_gazebo) ignored
[5.038s] Level 1:colcon.colcon_core.package_identification:_identify(ThirdParty/pal_gripper/pal_gripper_simulation) by extensions ['ignore', 'ignore_ament_install']
[5.038s] Level 1:colcon.colcon_core.package_identification:_identify(ThirdParty/pal_gripper/pal_gripper_simulation) by extension 'ignore'
[5.039s] Level 1:colcon.colcon_core.package_identification:_identify(ThirdParty/pal_gripper/pal_gripper_simulation) by extension 'ignore_ament_install'
[5.039s] Level 1:colcon.colcon_core.package_identification:_identify(ThirdParty/pal_gripper/pal_gripper_simulation) by extensions ['colcon_pkg']
[5.039s] Level 1:colcon.colcon_core.package_identification:_identify(ThirdParty/pal_gripper/pal_gripper_simulation) by extension 'colcon_pkg'
[5.039s] Level 1:colcon.colcon_core.package_identification:_identify(ThirdParty/pal_gripper/pal_gripper_simulation) by extensions ['colcon_meta']
[5.040s] Level 1:colcon.colcon_core.package_identification:_identify(ThirdParty/pal_gripper/pal_gripper_simulation) by extension 'colcon_meta'
[5.040s] Level 1:colcon.colcon_core.package_identification:_identify(ThirdParty/pal_gripper/pal_gripper_simulation) by extensions ['ros']
[5.040s] Level 1:colcon.colcon_core.package_identification:_identify(ThirdParty/pal_gripper/pal_gripper_simulation) by extension 'ros'
[5.042s] DEBUG:colcon.colcon_core.package_identification:Package 'ThirdParty/pal_gripper/pal_gripper_simulation' with type 'ros.ament_cmake' and name 'pal_gripper_simulation'
[5.043s] Level 1:colcon.colcon_core.package_identification:_identify(ThirdParty/pal_gripper/pal_parallel_gripper_wrapper) by extensions ['ignore', 'ignore_ament_install']
[5.043s] Level 1:colcon.colcon_core.package_identification:_identify(ThirdParty/pal_gripper/pal_parallel_gripper_wrapper) by extension 'ignore'
[5.043s] Level 1:colcon.colcon_core.package_identification:_identify(ThirdParty/pal_gripper/pal_parallel_gripper_wrapper) ignored
[5.044s] Level 1:colcon.colcon_core.package_identification:_identify(ThirdParty/pal_hey5) by extensions ['ignore', 'ignore_ament_install']
[5.044s] Level 1:colcon.colcon_core.package_identification:_identify(ThirdParty/pal_hey5) by extension 'ignore'
[5.045s] Level 1:colcon.colcon_core.package_identification:_identify(ThirdParty/pal_hey5) by extension 'ignore_ament_install'
[5.045s] Level 1:colcon.colcon_core.package_identification:_identify(ThirdParty/pal_hey5) by extensions ['colcon_pkg']
[5.045s] Level 1:colcon.colcon_core.package_identification:_identify(ThirdParty/pal_hey5) by extension 'colcon_pkg'
[5.045s] Level 1:colcon.colcon_core.package_identification:_identify(ThirdParty/pal_hey5) by extensions ['colcon_meta']
[5.045s] Level 1:colcon.colcon_core.package_identification:_identify(ThirdParty/pal_hey5) by extension 'colcon_meta'
[5.046s] Level 1:colcon.colcon_core.package_identification:_identify(ThirdParty/pal_hey5) by extensions ['ros']
[5.046s] Level 1:colcon.colcon_core.package_identification:_identify(ThirdParty/pal_hey5) by extension 'ros'
[5.046s] Level 1:colcon.colcon_core.package_identification:_identify(ThirdParty/pal_hey5) by extensions ['cmake', 'python']
[5.046s] Level 1:colcon.colcon_core.package_identification:_identify(ThirdParty/pal_hey5) by extension 'cmake'
[5.046s] Level 1:colcon.colcon_core.package_identification:_identify(ThirdParty/pal_hey5) by extension 'python'
[5.047s] Level 1:colcon.colcon_core.package_identification:_identify(ThirdParty/pal_hey5) by extensions ['python_setup_py']
[5.047s] Level 1:colcon.colcon_core.package_identification:_identify(ThirdParty/pal_hey5) by extension 'python_setup_py'
[5.047s] Level 1:colcon.colcon_core.package_identification:_identify(ThirdParty/pal_hey5/pal_hey5) by extensions ['ignore', 'ignore_ament_install']
[5.048s] Level 1:colcon.colcon_core.package_identification:_identify(ThirdParty/pal_hey5/pal_hey5) by extension 'ignore'
[5.048s] Level 1:colcon.colcon_core.package_identification:_identify(ThirdParty/pal_hey5/pal_hey5) by extension 'ignore_ament_install'
[5.048s] Level 1:colcon.colcon_core.package_identification:_identify(ThirdParty/pal_hey5/pal_hey5) by extensions ['colcon_pkg']
[5.048s] Level 1:colcon.colcon_core.package_identification:_identify(ThirdParty/pal_hey5/pal_hey5) by extension 'colcon_pkg'
[5.049s] Level 1:colcon.colcon_core.package_identification:_identify(ThirdParty/pal_hey5/pal_hey5) by extensions ['colcon_meta']
[5.049s] Level 1:colcon.colcon_core.package_identification:_identify(ThirdParty/pal_hey5/pal_hey5) by extension 'colcon_meta'
[5.049s] Level 1:colcon.colcon_core.package_identification:_identify(ThirdParty/pal_hey5/pal_hey5) by extensions ['ros']
[5.049s] Level 1:colcon.colcon_core.package_identification:_identify(ThirdParty/pal_hey5/pal_hey5) by extension 'ros'
[5.064s] DEBUG:colcon.colcon_core.package_identification:Package 'ThirdParty/pal_hey5/pal_hey5' with type 'ros.ament_cmake' and name 'pal_hey5'
[5.065s] Level 1:colcon.colcon_core.package_identification:_identify(ThirdParty/pal_hey5/pal_hey5_controller_configuration) by extensions ['ignore', 'ignore_ament_install']
[5.065s] Level 1:colcon.colcon_core.package_identification:_identify(ThirdParty/pal_hey5/pal_hey5_controller_configuration) by extension 'ignore'
[5.065s] Level 1:colcon.colcon_core.package_identification:_identify(ThirdParty/pal_hey5/pal_hey5_controller_configuration) by extension 'ignore_ament_install'
[5.066s] Level 1:colcon.colcon_core.package_identification:_identify(ThirdParty/pal_hey5/pal_hey5_controller_configuration) by extensions ['colcon_pkg']
[5.066s] Level 1:colcon.colcon_core.package_identification:_identify(ThirdParty/pal_hey5/pal_hey5_controller_configuration) by extension 'colcon_pkg'
[5.066s] Level 1:colcon.colcon_core.package_identification:_identify(ThirdParty/pal_hey5/pal_hey5_controller_configuration) by extensions ['colcon_meta']
[5.066s] Level 1:colcon.colcon_core.package_identification:_identify(ThirdParty/pal_hey5/pal_hey5_controller_configuration) by extension 'colcon_meta'
[5.066s] Level 1:colcon.colcon_core.package_identification:_identify(ThirdParty/pal_hey5/pal_hey5_controller_configuration) by extensions ['ros']
[5.066s] Level 1:colcon.colcon_core.package_identification:_identify(ThirdParty/pal_hey5/pal_hey5_controller_configuration) by extension 'ros'
[5.068s] DEBUG:colcon.colcon_core.package_identification:Package 'ThirdParty/pal_hey5/pal_hey5_controller_configuration' with type 'ros.ament_cmake' and name 'pal_hey5_controller_configuration'
[5.086s] Level 1:colcon.colcon_core.package_identification:_identify(ThirdParty/pal_hey5/pal_hey5_description) by extensions ['ignore', 'ignore_ament_install']
[5.087s] Level 1:colcon.colcon_core.package_identification:_identify(ThirdParty/pal_hey5/pal_hey5_description) by extension 'ignore'
[5.087s] Level 1:colcon.colcon_core.package_identification:_identify(ThirdParty/pal_hey5/pal_hey5_description) by extension 'ignore_ament_install'
[5.088s] Level 1:colcon.colcon_core.package_identification:_identify(ThirdParty/pal_hey5/pal_hey5_description) by extensions ['colcon_pkg']
[5.088s] Level 1:colcon.colcon_core.package_identification:_identify(ThirdParty/pal_hey5/pal_hey5_description) by extension 'colcon_pkg'
[5.088s] Level 1:colcon.colcon_core.package_identification:_identify(ThirdParty/pal_hey5/pal_hey5_description) by extensions ['colcon_meta']
[5.088s] Level 1:colcon.colcon_core.package_identification:_identify(ThirdParty/pal_hey5/pal_hey5_description) by extension 'colcon_meta'
[5.088s] Level 1:colcon.colcon_core.package_identification:_identify(ThirdParty/pal_hey5/pal_hey5_description) by extensions ['ros']
[5.089s] Level 1:colcon.colcon_core.package_identification:_identify(ThirdParty/pal_hey5/pal_hey5_description) by extension 'ros'
[5.193s] DEBUG:colcon.colcon_core.package_identification:Package 'ThirdParty/pal_hey5/pal_hey5_description' with type 'ros.ament_cmake' and name 'pal_hey5_description'
[5.225s] Level 1:colcon.colcon_core.package_identification:_identify(ThirdParty/pal_maps) by extensions ['ignore', 'ignore_ament_install']
[5.225s] Level 1:colcon.colcon_core.package_identification:_identify(ThirdParty/pal_maps) by extension 'ignore'
[5.225s] Level 1:colcon.colcon_core.package_identification:_identify(ThirdParty/pal_maps) by extension 'ignore_ament_install'
[5.226s] Level 1:colcon.colcon_core.package_identification:_identify(ThirdParty/pal_maps) by extensions ['colcon_pkg']
[5.226s] Level 1:colcon.colcon_core.package_identification:_identify(ThirdParty/pal_maps) by extension 'colcon_pkg'
[5.226s] Level 1:colcon.colcon_core.package_identification:_identify(ThirdParty/pal_maps) by extensions ['colcon_meta']
[5.226s] Level 1:colcon.colcon_core.package_identification:_identify(ThirdParty/pal_maps) by extension 'colcon_meta'
[5.227s] Level 1:colcon.colcon_core.package_identification:_identify(ThirdParty/pal_maps) by extensions ['ros']
[5.227s] Level 1:colcon.colcon_core.package_identification:_identify(ThirdParty/pal_maps) by extension 'ros'
[5.244s] DEBUG:colcon.colcon_core.package_identification:Package 'ThirdParty/pal_maps' with type 'ros.ament_cmake' and name 'pal_maps'
[5.262s] Level 1:colcon.colcon_core.package_identification:_identify(ThirdParty/pal_robotiq_gripper) by extensions ['ignore', 'ignore_ament_install']
[5.263s] Level 1:colcon.colcon_core.package_identification:_identify(ThirdParty/pal_robotiq_gripper) by extension 'ignore'
[5.263s] Level 1:colcon.colcon_core.package_identification:_identify(ThirdParty/pal_robotiq_gripper) by extension 'ignore_ament_install'
[5.263s] Level 1:colcon.colcon_core.package_identification:_identify(ThirdParty/pal_robotiq_gripper) by extensions ['colcon_pkg']
[5.263s] Level 1:colcon.colcon_core.package_identification:_identify(ThirdParty/pal_robotiq_gripper) by extension 'colcon_pkg'
[5.264s] Level 1:colcon.colcon_core.package_identification:_identify(ThirdParty/pal_robotiq_gripper) by extensions ['colcon_meta']
[5.264s] Level 1:colcon.colcon_core.package_identification:_identify(ThirdParty/pal_robotiq_gripper) by extension 'colcon_meta'
[5.264s] Level 1:colcon.colcon_core.package_identification:_identify(ThirdParty/pal_robotiq_gripper) by extensions ['ros']
[5.264s] Level 1:colcon.colcon_core.package_identification:_identify(ThirdParty/pal_robotiq_gripper) by extension 'ros'
[5.265s] Level 1:colcon.colcon_core.package_identification:_identify(ThirdParty/pal_robotiq_gripper) by extensions ['cmake', 'python']
[5.265s] Level 1:colcon.colcon_core.package_identification:_identify(ThirdParty/pal_robotiq_gripper) by extension 'cmake'
[5.265s] Level 1:colcon.colcon_core.package_identification:_identify(ThirdParty/pal_robotiq_gripper) by extension 'python'
[5.265s] Level 1:colcon.colcon_core.package_identification:_identify(ThirdParty/pal_robotiq_gripper) by extensions ['python_setup_py']
[5.265s] Level 1:colcon.colcon_core.package_identification:_identify(ThirdParty/pal_robotiq_gripper) by extension 'python_setup_py'
[5.293s] Level 1:colcon.colcon_core.package_identification:_identify(ThirdParty/pal_robotiq_gripper/pal_robotiq_controller_configuration) by extensions ['ignore', 'ignore_ament_install']
[5.294s] Level 1:colcon.colcon_core.package_identification:_identify(ThirdParty/pal_robotiq_gripper/pal_robotiq_controller_configuration) by extension 'ignore'
[5.294s] Level 1:colcon.colcon_core.package_identification:_identify(ThirdParty/pal_robotiq_gripper/pal_robotiq_controller_configuration) by extension 'ignore_ament_install'
[5.295s] Level 1:colcon.colcon_core.package_identification:_identify(ThirdParty/pal_robotiq_gripper/pal_robotiq_controller_configuration) by extensions ['colcon_pkg']
[5.295s] Level 1:colcon.colcon_core.package_identification:_identify(ThirdParty/pal_robotiq_gripper/pal_robotiq_controller_configuration) by extension 'colcon_pkg'
[5.295s] Level 1:colcon.colcon_core.package_identification:_identify(ThirdParty/pal_robotiq_gripper/pal_robotiq_controller_configuration) by extensions ['colcon_meta']
[5.295s] Level 1:colcon.colcon_core.package_identification:_identify(ThirdParty/pal_robotiq_gripper/pal_robotiq_controller_configuration) by extension 'colcon_meta'
[5.295s] Level 1:colcon.colcon_core.package_identification:_identify(ThirdParty/pal_robotiq_gripper/pal_robotiq_controller_configuration) by extensions ['ros']
[5.295s] Level 1:colcon.colcon_core.package_identification:_identify(ThirdParty/pal_robotiq_gripper/pal_robotiq_controller_configuration) by extension 'ros'
[5.344s] DEBUG:colcon.colcon_core.package_identification:Package 'ThirdParty/pal_robotiq_gripper/pal_robotiq_controller_configuration' with type 'ros.ament_cmake' and name 'pal_robotiq_controller_configuration'
[5.377s] Level 1:colcon.colcon_core.package_identification:_identify(ThirdParty/pal_robotiq_gripper/pal_robotiq_description) by extensions ['ignore', 'ignore_ament_install']
[5.377s] Level 1:colcon.colcon_core.package_identification:_identify(ThirdParty/pal_robotiq_gripper/pal_robotiq_description) by extension 'ignore'
[5.377s] Level 1:colcon.colcon_core.package_identification:_identify(ThirdParty/pal_robotiq_gripper/pal_robotiq_description) by extension 'ignore_ament_install'
[5.378s] Level 1:colcon.colcon_core.package_identification:_identify(ThirdParty/pal_robotiq_gripper/pal_robotiq_description) by extensions ['colcon_pkg']
[5.378s] Level 1:colcon.colcon_core.package_identification:_identify(ThirdParty/pal_robotiq_gripper/pal_robotiq_description) by extension 'colcon_pkg'
[5.378s] Level 1:colcon.colcon_core.package_identification:_identify(ThirdParty/pal_robotiq_gripper/pal_robotiq_description) by extensions ['colcon_meta']
[5.378s] Level 1:colcon.colcon_core.package_identification:_identify(ThirdParty/pal_robotiq_gripper/pal_robotiq_description) by extension 'colcon_meta'
[5.379s] Level 1:colcon.colcon_core.package_identification:_identify(ThirdParty/pal_robotiq_gripper/pal_robotiq_description) by extensions ['ros']
[5.379s] Level 1:colcon.colcon_core.package_identification:_identify(ThirdParty/pal_robotiq_gripper/pal_robotiq_description) by extension 'ros'
[5.404s] DEBUG:colcon.colcon_core.package_identification:Package 'ThirdParty/pal_robotiq_gripper/pal_robotiq_description' with type 'ros.ament_cmake' and name 'pal_robotiq_description'
[5.420s] Level 1:colcon.colcon_core.package_identification:_identify(ThirdParty/pal_robotiq_gripper/pal_robotiq_epick_gripper) by extensions ['ignore', 'ignore_ament_install']
[5.421s] Level 1:colcon.colcon_core.package_identification:_identify(ThirdParty/pal_robotiq_gripper/pal_robotiq_epick_gripper) by extension 'ignore'
[5.421s] Level 1:colcon.colcon_core.package_identification:_identify(ThirdParty/pal_robotiq_gripper/pal_robotiq_epick_gripper) by extension 'ignore_ament_install'
[5.421s] Level 1:colcon.colcon_core.package_identification:_identify(ThirdParty/pal_robotiq_gripper/pal_robotiq_epick_gripper) by extensions ['colcon_pkg']
[5.421s] Level 1:colcon.colcon_core.package_identification:_identify(ThirdParty/pal_robotiq_gripper/pal_robotiq_epick_gripper) by extension 'colcon_pkg'
[5.422s] Level 1:colcon.colcon_core.package_identification:_identify(ThirdParty/pal_robotiq_gripper/pal_robotiq_epick_gripper) by extensions ['colcon_meta']
[5.422s] Level 1:colcon.colcon_core.package_identification:_identify(ThirdParty/pal_robotiq_gripper/pal_robotiq_epick_gripper) by extension 'colcon_meta'
[5.422s] Level 1:colcon.colcon_core.package_identification:_identify(ThirdParty/pal_robotiq_gripper/pal_robotiq_epick_gripper) by extensions ['ros']
[5.422s] Level 1:colcon.colcon_core.package_identification:_identify(ThirdParty/pal_robotiq_gripper/pal_robotiq_epick_gripper) by extension 'ros'
[5.423s] Level 1:colcon.colcon_core.package_identification:_identify(ThirdParty/pal_robotiq_gripper/pal_robotiq_epick_gripper) by extensions ['cmake', 'python']
[5.423s] Level 1:colcon.colcon_core.package_identification:_identify(ThirdParty/pal_robotiq_gripper/pal_robotiq_epick_gripper) by extension 'cmake'
[5.423s] Level 1:colcon.colcon_core.package_identification:_identify(ThirdParty/pal_robotiq_gripper/pal_robotiq_epick_gripper) by extension 'python'
[5.423s] Level 1:colcon.colcon_core.package_identification:_identify(ThirdParty/pal_robotiq_gripper/pal_robotiq_epick_gripper) by extensions ['python_setup_py']
[5.423s] Level 1:colcon.colcon_core.package_identification:_identify(ThirdParty/pal_robotiq_gripper/pal_robotiq_epick_gripper) by extension 'python_setup_py'
[5.424s] Level 1:colcon.colcon_core.package_identification:_identify(ThirdParty/pal_robotiq_gripper/pal_robotiq_epick_gripper/pal_robotiq_epick_description) by extensions ['ignore', 'ignore_ament_install']
[5.425s] Level 1:colcon.colcon_core.package_identification:_identify(ThirdParty/pal_robotiq_gripper/pal_robotiq_epick_gripper/pal_robotiq_epick_description) by extension 'ignore'
[5.425s] Level 1:colcon.colcon_core.package_identification:_identify(ThirdParty/pal_robotiq_gripper/pal_robotiq_epick_gripper/pal_robotiq_epick_description) ignored
[5.426s] Level 1:colcon.colcon_core.package_identification:_identify(ThirdParty/pal_robotiq_gripper/pal_robotiq_epick_gripper/pal_robotiq_epick_gripper) by extensions ['ignore', 'ignore_ament_install']
[5.426s] Level 1:colcon.colcon_core.package_identification:_identify(ThirdParty/pal_robotiq_gripper/pal_robotiq_epick_gripper/pal_robotiq_epick_gripper) by extension 'ignore'
[5.427s] Level 1:colcon.colcon_core.package_identification:_identify(ThirdParty/pal_robotiq_gripper/pal_robotiq_epick_gripper/pal_robotiq_epick_gripper) ignored
[5.427s] Level 1:colcon.colcon_core.package_identification:_identify(ThirdParty/pal_robotiq_gripper/pal_robotiq_gripper) by extensions ['ignore', 'ignore_ament_install']
[5.428s] Level 1:colcon.colcon_core.package_identification:_identify(ThirdParty/pal_robotiq_gripper/pal_robotiq_gripper) by extension 'ignore'
[5.428s] Level 1:colcon.colcon_core.package_identification:_identify(ThirdParty/pal_robotiq_gripper/pal_robotiq_gripper) by extension 'ignore_ament_install'
[5.429s] Level 1:colcon.colcon_core.package_identification:_identify(ThirdParty/pal_robotiq_gripper/pal_robotiq_gripper) by extensions ['colcon_pkg']
[5.429s] Level 1:colcon.colcon_core.package_identification:_identify(ThirdParty/pal_robotiq_gripper/pal_robotiq_gripper) by extension 'colcon_pkg'
[5.429s] Level 1:colcon.colcon_core.package_identification:_identify(ThirdParty/pal_robotiq_gripper/pal_robotiq_gripper) by extensions ['colcon_meta']
[5.429s] Level 1:colcon.colcon_core.package_identification:_identify(ThirdParty/pal_robotiq_gripper/pal_robotiq_gripper) by extension 'colcon_meta'
[5.429s] Level 1:colcon.colcon_core.package_identification:_identify(ThirdParty/pal_robotiq_gripper/pal_robotiq_gripper) by extensions ['ros']
[5.430s] Level 1:colcon.colcon_core.package_identification:_identify(ThirdParty/pal_robotiq_gripper/pal_robotiq_gripper) by extension 'ros'
[5.443s] DEBUG:colcon.colcon_core.package_identification:Package 'ThirdParty/pal_robotiq_gripper/pal_robotiq_gripper' with type 'ros.ament_cmake' and name 'pal_robotiq_gripper'
[5.444s] Level 1:colcon.colcon_core.package_identification:_identify(ThirdParty/pal_robotiq_gripper/pal_robotiq_gripper_wrapper) by extensions ['ignore', 'ignore_ament_install']
[5.444s] Level 1:colcon.colcon_core.package_identification:_identify(ThirdParty/pal_robotiq_gripper/pal_robotiq_gripper_wrapper) by extension 'ignore'
[5.444s] Level 1:colcon.colcon_core.package_identification:_identify(ThirdParty/pal_robotiq_gripper/pal_robotiq_gripper_wrapper) ignored
[5.445s] Level 1:colcon.colcon_core.package_identification:_identify(ThirdParty/pal_urdf_utils) by extensions ['ignore', 'ignore_ament_install']
[5.445s] Level 1:colcon.colcon_core.package_identification:_identify(ThirdParty/pal_urdf_utils) by extension 'ignore'
[5.446s] Level 1:colcon.colcon_core.package_identification:_identify(ThirdParty/pal_urdf_utils) by extension 'ignore_ament_install'
[5.446s] Level 1:colcon.colcon_core.package_identification:_identify(ThirdParty/pal_urdf_utils) by extensions ['colcon_pkg']
[5.446s] Level 1:colcon.colcon_core.package_identification:_identify(ThirdParty/pal_urdf_utils) by extension 'colcon_pkg'
[5.447s] Level 1:colcon.colcon_core.package_identification:_identify(ThirdParty/pal_urdf_utils) by extensions ['colcon_meta']
[5.447s] Level 1:colcon.colcon_core.package_identification:_identify(ThirdParty/pal_urdf_utils) by extension 'colcon_meta'
[5.447s] Level 1:colcon.colcon_core.package_identification:_identify(ThirdParty/pal_urdf_utils) by extensions ['ros']
[5.447s] Level 1:colcon.colcon_core.package_identification:_identify(ThirdParty/pal_urdf_utils) by extension 'ros'
[5.486s] DEBUG:colcon.colcon_core.package_identification:Package 'ThirdParty/pal_urdf_utils' with type 'ros.ament_cmake' and name 'pal_urdf_utils'
[5.487s] Level 1:colcon.colcon_core.package_identification:_identify(ThirdParty/play_motion2) by extensions ['ignore', 'ignore_ament_install']
[5.487s] Level 1:colcon.colcon_core.package_identification:_identify(ThirdParty/play_motion2) by extension 'ignore'
[5.488s] Level 1:colcon.colcon_core.package_identification:_identify(ThirdParty/play_motion2) by extension 'ignore_ament_install'
[5.488s] Level 1:colcon.colcon_core.package_identification:_identify(ThirdParty/play_motion2) by extensions ['colcon_pkg']
[5.488s] Level 1:colcon.colcon_core.package_identification:_identify(ThirdParty/play_motion2) by extension 'colcon_pkg'
[5.489s] Level 1:colcon.colcon_core.package_identification:_identify(ThirdParty/play_motion2) by extensions ['colcon_meta']
[5.489s] Level 1:colcon.colcon_core.package_identification:_identify(ThirdParty/play_motion2) by extension 'colcon_meta'
[5.489s] Level 1:colcon.colcon_core.package_identification:_identify(ThirdParty/play_motion2) by extensions ['ros']
[5.489s] Level 1:colcon.colcon_core.package_identification:_identify(ThirdParty/play_motion2) by extension 'ros'
[5.489s] Level 1:colcon.colcon_core.package_identification:_identify(ThirdParty/play_motion2) by extensions ['cmake', 'python']
[5.490s] Level 1:colcon.colcon_core.package_identification:_identify(ThirdParty/play_motion2) by extension 'cmake'
[5.490s] Level 1:colcon.colcon_core.package_identification:_identify(ThirdParty/play_motion2) by extension 'python'
[5.490s] Level 1:colcon.colcon_core.package_identification:_identify(ThirdParty/play_motion2) by extensions ['python_setup_py']
[5.490s] Level 1:colcon.colcon_core.package_identification:_identify(ThirdParty/play_motion2) by extension 'python_setup_py'
[5.499s] Level 1:colcon.colcon_core.package_identification:_identify(ThirdParty/play_motion2/play_motion2) by extensions ['ignore', 'ignore_ament_install']
[5.499s] Level 1:colcon.colcon_core.package_identification:_identify(ThirdParty/play_motion2/play_motion2) by extension 'ignore'
[5.500s] Level 1:colcon.colcon_core.package_identification:_identify(ThirdParty/play_motion2/play_motion2) by extension 'ignore_ament_install'
[5.500s] Level 1:colcon.colcon_core.package_identification:_identify(ThirdParty/play_motion2/play_motion2) by extensions ['colcon_pkg']
[5.500s] Level 1:colcon.colcon_core.package_identification:_identify(ThirdParty/play_motion2/play_motion2) by extension 'colcon_pkg'
[5.500s] Level 1:colcon.colcon_core.package_identification:_identify(ThirdParty/play_motion2/play_motion2) by extensions ['colcon_meta']
[5.501s] Level 1:colcon.colcon_core.package_identification:_identify(ThirdParty/play_motion2/play_motion2) by extension 'colcon_meta'
[5.501s] Level 1:colcon.colcon_core.package_identification:_identify(ThirdParty/play_motion2/play_motion2) by extensions ['ros']
[5.501s] Level 1:colcon.colcon_core.package_identification:_identify(ThirdParty/play_motion2/play_motion2) by extension 'ros'
[5.514s] DEBUG:colcon.colcon_core.package_identification:Package 'ThirdParty/play_motion2/play_motion2' with type 'ros.ament_cmake' and name 'play_motion2'
[5.515s] Level 1:colcon.colcon_core.package_identification:_identify(ThirdParty/play_motion2/play_motion2_msgs) by extensions ['ignore', 'ignore_ament_install']
[5.515s] Level 1:colcon.colcon_core.package_identification:_identify(ThirdParty/play_motion2/play_motion2_msgs) by extension 'ignore'
[5.516s] Level 1:colcon.colcon_core.package_identification:_identify(ThirdParty/play_motion2/play_motion2_msgs) by extension 'ignore_ament_install'
[5.516s] Level 1:colcon.colcon_core.package_identification:_identify(ThirdParty/play_motion2/play_motion2_msgs) by extensions ['colcon_pkg']
[5.516s] Level 1:colcon.colcon_core.package_identification:_identify(ThirdParty/play_motion2/play_motion2_msgs) by extension 'colcon_pkg'
[5.516s] Level 1:colcon.colcon_core.package_identification:_identify(ThirdParty/play_motion2/play_motion2_msgs) by extensions ['colcon_meta']
[5.516s] Level 1:colcon.colcon_core.package_identification:_identify(ThirdParty/play_motion2/play_motion2_msgs) by extension 'colcon_meta'
[5.517s] Level 1:colcon.colcon_core.package_identification:_identify(ThirdParty/play_motion2/play_motion2_msgs) by extensions ['ros']
[5.517s] Level 1:colcon.colcon_core.package_identification:_identify(ThirdParty/play_motion2/play_motion2_msgs) by extension 'ros'
[5.529s] DEBUG:colcon.colcon_core.package_identification:Package 'ThirdParty/play_motion2/play_motion2_msgs' with type 'ros.ament_cmake' and name 'play_motion2_msgs'
[5.529s] Level 1:colcon.colcon_core.package_identification:_identify(ThirdParty/pmb2_navigation) by extensions ['ignore', 'ignore_ament_install']
[5.530s] Level 1:colcon.colcon_core.package_identification:_identify(ThirdParty/pmb2_navigation) by extension 'ignore'
[5.530s] Level 1:colcon.colcon_core.package_identification:_identify(ThirdParty/pmb2_navigation) by extension 'ignore_ament_install'
[5.530s] Level 1:colcon.colcon_core.package_identification:_identify(ThirdParty/pmb2_navigation) by extensions ['colcon_pkg']
[5.531s] Level 1:colcon.colcon_core.package_identification:_identify(ThirdParty/pmb2_navigation) by extension 'colcon_pkg'
[5.531s] Level 1:colcon.colcon_core.package_identification:_identify(ThirdParty/pmb2_navigation) by extensions ['colcon_meta']
[5.531s] Level 1:colcon.colcon_core.package_identification:_identify(ThirdParty/pmb2_navigation) by extension 'colcon_meta'
[5.531s] Level 1:colcon.colcon_core.package_identification:_identify(ThirdParty/pmb2_navigation) by extensions ['ros']
[5.531s] Level 1:colcon.colcon_core.package_identification:_identify(ThirdParty/pmb2_navigation) by extension 'ros'
[5.532s] Level 1:colcon.colcon_core.package_identification:_identify(ThirdParty/pmb2_navigation) by extensions ['cmake', 'python']
[5.532s] Level 1:colcon.colcon_core.package_identification:_identify(ThirdParty/pmb2_navigation) by extension 'cmake'
[5.532s] Level 1:colcon.colcon_core.package_identification:_identify(ThirdParty/pmb2_navigation) by extension 'python'
[5.532s] Level 1:colcon.colcon_core.package_identification:_identify(ThirdParty/pmb2_navigation) by extensions ['python_setup_py']
[5.532s] Level 1:colcon.colcon_core.package_identification:_identify(ThirdParty/pmb2_navigation) by extension 'python_setup_py'
[5.533s] Level 1:colcon.colcon_core.package_identification:_identify(ThirdParty/pmb2_navigation/pmb2_2dnav) by extensions ['ignore', 'ignore_ament_install']
[5.533s] Level 1:colcon.colcon_core.package_identification:_identify(ThirdParty/pmb2_navigation/pmb2_2dnav) by extension 'ignore'
[5.533s] Level 1:colcon.colcon_core.package_identification:_identify(ThirdParty/pmb2_navigation/pmb2_2dnav) by extension 'ignore_ament_install'
[5.534s] Level 1:colcon.colcon_core.package_identification:_identify(ThirdParty/pmb2_navigation/pmb2_2dnav) by extensions ['colcon_pkg']
[5.534s] Level 1:colcon.colcon_core.package_identification:_identify(ThirdParty/pmb2_navigation/pmb2_2dnav) by extension 'colcon_pkg'
[5.534s] Level 1:colcon.colcon_core.package_identification:_identify(ThirdParty/pmb2_navigation/pmb2_2dnav) by extensions ['colcon_meta']
[5.534s] Level 1:colcon.colcon_core.package_identification:_identify(ThirdParty/pmb2_navigation/pmb2_2dnav) by extension 'colcon_meta'
[5.534s] Level 1:colcon.colcon_core.package_identification:_identify(ThirdParty/pmb2_navigation/pmb2_2dnav) by extensions ['ros']
[5.534s] Level 1:colcon.colcon_core.package_identification:_identify(ThirdParty/pmb2_navigation/pmb2_2dnav) by extension 'ros'
[5.588s] DEBUG:colcon.colcon_core.package_identification:Package 'ThirdParty/pmb2_navigation/pmb2_2dnav' with type 'ros.ament_cmake' and name 'pmb2_2dnav'
[5.589s] Level 1:colcon.colcon_core.package_identification:_identify(ThirdParty/pmb2_navigation/pmb2_laser_sensors) by extensions ['ignore', 'ignore_ament_install']
[5.589s] Level 1:colcon.colcon_core.package_identification:_identify(ThirdParty/pmb2_navigation/pmb2_laser_sensors) by extension 'ignore'
[5.590s] Level 1:colcon.colcon_core.package_identification:_identify(ThirdParty/pmb2_navigation/pmb2_laser_sensors) by extension 'ignore_ament_install'
[5.590s] Level 1:colcon.colcon_core.package_identification:_identify(ThirdParty/pmb2_navigation/pmb2_laser_sensors) by extensions ['colcon_pkg']
[5.590s] Level 1:colcon.colcon_core.package_identification:_identify(ThirdParty/pmb2_navigation/pmb2_laser_sensors) by extension 'colcon_pkg'
[5.590s] Level 1:colcon.colcon_core.package_identification:_identify(ThirdParty/pmb2_navigation/pmb2_laser_sensors) by extensions ['colcon_meta']
[5.590s] Level 1:colcon.colcon_core.package_identification:_identify(ThirdParty/pmb2_navigation/pmb2_laser_sensors) by extension 'colcon_meta'
[5.590s] Level 1:colcon.colcon_core.package_identification:_identify(ThirdParty/pmb2_navigation/pmb2_laser_sensors) by extensions ['ros']
[5.590s] Level 1:colcon.colcon_core.package_identification:_identify(ThirdParty/pmb2_navigation/pmb2_laser_sensors) by extension 'ros'
[5.597s] DEBUG:colcon.colcon_core.package_identification:Package 'ThirdParty/pmb2_navigation/pmb2_laser_sensors' with type 'ros.ament_cmake' and name 'pmb2_laser_sensors'
[5.597s] Level 1:colcon.colcon_core.package_identification:_identify(ThirdParty/pmb2_navigation/pmb2_navigation) by extensions ['ignore', 'ignore_ament_install']
[5.597s] Level 1:colcon.colcon_core.package_identification:_identify(ThirdParty/pmb2_navigation/pmb2_navigation) by extension 'ignore'
[5.598s] Level 1:colcon.colcon_core.package_identification:_identify(ThirdParty/pmb2_navigation/pmb2_navigation) by extension 'ignore_ament_install'
[5.598s] Level 1:colcon.colcon_core.package_identification:_identify(ThirdParty/pmb2_navigation/pmb2_navigation) by extensions ['colcon_pkg']
[5.598s] Level 1:colcon.colcon_core.package_identification:_identify(ThirdParty/pmb2_navigation/pmb2_navigation) by extension 'colcon_pkg'
[5.598s] Level 1:colcon.colcon_core.package_identification:_identify(ThirdParty/pmb2_navigation/pmb2_navigation) by extensions ['colcon_meta']
[5.598s] Level 1:colcon.colcon_core.package_identification:_identify(ThirdParty/pmb2_navigation/pmb2_navigation) by extension 'colcon_meta'
[5.598s] Level 1:colcon.colcon_core.package_identification:_identify(ThirdParty/pmb2_navigation/pmb2_navigation) by extensions ['ros']
[5.598s] Level 1:colcon.colcon_core.package_identification:_identify(ThirdParty/pmb2_navigation/pmb2_navigation) by extension 'ros'
[5.599s] DEBUG:colcon.colcon_core.package_identification:Package 'ThirdParty/pmb2_navigation/pmb2_navigation' with type 'ros.ament_cmake' and name 'pmb2_navigation'
[5.600s] Level 1:colcon.colcon_core.package_identification:_identify(ThirdParty/pmb2_navigation/pmb2_rgbd_sensors) by extensions ['ignore', 'ignore_ament_install']
[5.600s] Level 1:colcon.colcon_core.package_identification:_identify(ThirdParty/pmb2_navigation/pmb2_rgbd_sensors) by extension 'ignore'
[5.600s] Level 1:colcon.colcon_core.package_identification:_identify(ThirdParty/pmb2_navigation/pmb2_rgbd_sensors) by extension 'ignore_ament_install'
[5.600s] Level 1:colcon.colcon_core.package_identification:_identify(ThirdParty/pmb2_navigation/pmb2_rgbd_sensors) by extensions ['colcon_pkg']
[5.600s] Level 1:colcon.colcon_core.package_identification:_identify(ThirdParty/pmb2_navigation/pmb2_rgbd_sensors) by extension 'colcon_pkg'
[5.600s] Level 1:colcon.colcon_core.package_identification:_identify(ThirdParty/pmb2_navigation/pmb2_rgbd_sensors) by extensions ['colcon_meta']
[5.600s] Level 1:colcon.colcon_core.package_identification:_identify(ThirdParty/pmb2_navigation/pmb2_rgbd_sensors) by extension 'colcon_meta'
[5.600s] Level 1:colcon.colcon_core.package_identification:_identify(ThirdParty/pmb2_navigation/pmb2_rgbd_sensors) by extensions ['ros']
[5.600s] Level 1:colcon.colcon_core.package_identification:_identify(ThirdParty/pmb2_navigation/pmb2_rgbd_sensors) by extension 'ros'
[5.621s] DEBUG:colcon.colcon_core.package_identification:Package 'ThirdParty/pmb2_navigation/pmb2_rgbd_sensors' with type 'ros.ament_cmake' and name 'pmb2_rgbd_sensors'
[5.621s] Level 1:colcon.colcon_core.package_identification:_identify(ThirdParty/pmb2_robot) by extensions ['ignore', 'ignore_ament_install']
[5.622s] Level 1:colcon.colcon_core.package_identification:_identify(ThirdParty/pmb2_robot) by extension 'ignore'
[5.622s] Level 1:colcon.colcon_core.package_identification:_identify(ThirdParty/pmb2_robot) by extension 'ignore_ament_install'
[5.622s] Level 1:colcon.colcon_core.package_identification:_identify(ThirdParty/pmb2_robot) by extensions ['colcon_pkg']
[5.622s] Level 1:colcon.colcon_core.package_identification:_identify(ThirdParty/pmb2_robot) by extension 'colcon_pkg'
[5.623s] Level 1:colcon.colcon_core.package_identification:_identify(ThirdParty/pmb2_robot) by extensions ['colcon_meta']
[5.623s] Level 1:colcon.colcon_core.package_identification:_identify(ThirdParty/pmb2_robot) by extension 'colcon_meta'
[5.623s] Level 1:colcon.colcon_core.package_identification:_identify(ThirdParty/pmb2_robot) by extensions ['ros']
[5.623s] Level 1:colcon.colcon_core.package_identification:_identify(ThirdParty/pmb2_robot) by extension 'ros'
[5.623s] Level 1:colcon.colcon_core.package_identification:_identify(ThirdParty/pmb2_robot) by extensions ['cmake', 'python']
[5.624s] Level 1:colcon.colcon_core.package_identification:_identify(ThirdParty/pmb2_robot) by extension 'cmake'
[5.624s] Level 1:colcon.colcon_core.package_identification:_identify(ThirdParty/pmb2_robot) by extension 'python'
[5.624s] Level 1:colcon.colcon_core.package_identification:_identify(ThirdParty/pmb2_robot) by extensions ['python_setup_py']
[5.624s] Level 1:colcon.colcon_core.package_identification:_identify(ThirdParty/pmb2_robot) by extension 'python_setup_py'
[5.632s] Level 1:colcon.colcon_core.package_identification:_identify(ThirdParty/pmb2_robot/pmb2_bringup) by extensions ['ignore', 'ignore_ament_install']
[5.632s] Level 1:colcon.colcon_core.package_identification:_identify(ThirdParty/pmb2_robot/pmb2_bringup) by extension 'ignore'
[5.633s] Level 1:colcon.colcon_core.package_identification:_identify(ThirdParty/pmb2_robot/pmb2_bringup) by extension 'ignore_ament_install'
[5.633s] Level 1:colcon.colcon_core.package_identification:_identify(ThirdParty/pmb2_robot/pmb2_bringup) by extensions ['colcon_pkg']
[5.633s] Level 1:colcon.colcon_core.package_identification:_identify(ThirdParty/pmb2_robot/pmb2_bringup) by extension 'colcon_pkg'
[5.633s] Level 1:colcon.colcon_core.package_identification:_identify(ThirdParty/pmb2_robot/pmb2_bringup) by extensions ['colcon_meta']
[5.633s] Level 1:colcon.colcon_core.package_identification:_identify(ThirdParty/pmb2_robot/pmb2_bringup) by extension 'colcon_meta'
[5.633s] Level 1:colcon.colcon_core.package_identification:_identify(ThirdParty/pmb2_robot/pmb2_bringup) by extensions ['ros']
[5.634s] Level 1:colcon.colcon_core.package_identification:_identify(ThirdParty/pmb2_robot/pmb2_bringup) by extension 'ros'
[5.655s] DEBUG:colcon.colcon_core.package_identification:Package 'ThirdParty/pmb2_robot/pmb2_bringup' with type 'ros.ament_cmake' and name 'pmb2_bringup'
[5.656s] Level 1:colcon.colcon_core.package_identification:_identify(ThirdParty/pmb2_robot/pmb2_controller_configuration) by extensions ['ignore', 'ignore_ament_install']
[5.656s] Level 1:colcon.colcon_core.package_identification:_identify(ThirdParty/pmb2_robot/pmb2_controller_configuration) by extension 'ignore'
[5.657s] Level 1:colcon.colcon_core.package_identification:_identify(ThirdParty/pmb2_robot/pmb2_controller_configuration) by extension 'ignore_ament_install'
[5.657s] Level 1:colcon.colcon_core.package_identification:_identify(ThirdParty/pmb2_robot/pmb2_controller_configuration) by extensions ['colcon_pkg']
[5.657s] Level 1:colcon.colcon_core.package_identification:_identify(ThirdParty/pmb2_robot/pmb2_controller_configuration) by extension 'colcon_pkg'
[5.657s] Level 1:colcon.colcon_core.package_identification:_identify(ThirdParty/pmb2_robot/pmb2_controller_configuration) by extensions ['colcon_meta']
[5.657s] Level 1:colcon.colcon_core.package_identification:_identify(ThirdParty/pmb2_robot/pmb2_controller_configuration) by extension 'colcon_meta'
[5.658s] Level 1:colcon.colcon_core.package_identification:_identify(ThirdParty/pmb2_robot/pmb2_controller_configuration) by extensions ['ros']
[5.658s] Level 1:colcon.colcon_core.package_identification:_identify(ThirdParty/pmb2_robot/pmb2_controller_configuration) by extension 'ros'
[5.661s] DEBUG:colcon.colcon_core.package_identification:Package 'ThirdParty/pmb2_robot/pmb2_controller_configuration' with type 'ros.ament_cmake' and name 'pmb2_controller_configuration'
[5.662s] Level 1:colcon.colcon_core.package_identification:_identify(ThirdParty/pmb2_robot/pmb2_description) by extensions ['ignore', 'ignore_ament_install']
[5.662s] Level 1:colcon.colcon_core.package_identification:_identify(ThirdParty/pmb2_robot/pmb2_description) by extension 'ignore'
[5.663s] Level 1:colcon.colcon_core.package_identification:_identify(ThirdParty/pmb2_robot/pmb2_description) by extension 'ignore_ament_install'
[5.663s] Level 1:colcon.colcon_core.package_identification:_identify(ThirdParty/pmb2_robot/pmb2_description) by extensions ['colcon_pkg']
[5.663s] Level 1:colcon.colcon_core.package_identification:_identify(ThirdParty/pmb2_robot/pmb2_description) by extension 'colcon_pkg'
[5.663s] Level 1:colcon.colcon_core.package_identification:_identify(ThirdParty/pmb2_robot/pmb2_description) by extensions ['colcon_meta']
[5.663s] Level 1:colcon.colcon_core.package_identification:_identify(ThirdParty/pmb2_robot/pmb2_description) by extension 'colcon_meta'
[5.664s] Level 1:colcon.colcon_core.package_identification:_identify(ThirdParty/pmb2_robot/pmb2_description) by extensions ['ros']
[5.664s] Level 1:colcon.colcon_core.package_identification:_identify(ThirdParty/pmb2_robot/pmb2_description) by extension 'ros'
[5.667s] DEBUG:colcon.colcon_core.package_identification:Package 'ThirdParty/pmb2_robot/pmb2_description' with type 'ros.ament_cmake' and name 'pmb2_description'
[5.668s] Level 1:colcon.colcon_core.package_identification:_identify(ThirdParty/pmb2_robot/pmb2_robot) by extensions ['ignore', 'ignore_ament_install']
[5.668s] Level 1:colcon.colcon_core.package_identification:_identify(ThirdParty/pmb2_robot/pmb2_robot) by extension 'ignore'
[5.668s] Level 1:colcon.colcon_core.package_identification:_identify(ThirdParty/pmb2_robot/pmb2_robot) by extension 'ignore_ament_install'
[5.669s] Level 1:colcon.colcon_core.package_identification:_identify(ThirdParty/pmb2_robot/pmb2_robot) by extensions ['colcon_pkg']
[5.669s] Level 1:colcon.colcon_core.package_identification:_identify(ThirdParty/pmb2_robot/pmb2_robot) by extension 'colcon_pkg'
[5.669s] Level 1:colcon.colcon_core.package_identification:_identify(ThirdParty/pmb2_robot/pmb2_robot) by extensions ['colcon_meta']
[5.669s] Level 1:colcon.colcon_core.package_identification:_identify(ThirdParty/pmb2_robot/pmb2_robot) by extension 'colcon_meta'
[5.669s] Level 1:colcon.colcon_core.package_identification:_identify(ThirdParty/pmb2_robot/pmb2_robot) by extensions ['ros']
[5.669s] Level 1:colcon.colcon_core.package_identification:_identify(ThirdParty/pmb2_robot/pmb2_robot) by extension 'ros'
[5.672s] DEBUG:colcon.colcon_core.package_identification:Package 'ThirdParty/pmb2_robot/pmb2_robot' with type 'ros.ament_cmake' and name 'pmb2_robot'
[5.673s] Level 1:colcon.colcon_core.package_identification:_identify(ThirdParty/ros2_aruco) by extensions ['ignore', 'ignore_ament_install']
[5.673s] Level 1:colcon.colcon_core.package_identification:_identify(ThirdParty/ros2_aruco) by extension 'ignore'
[5.674s] Level 1:colcon.colcon_core.package_identification:_identify(ThirdParty/ros2_aruco) by extension 'ignore_ament_install'
[5.674s] Level 1:colcon.colcon_core.package_identification:_identify(ThirdParty/ros2_aruco) by extensions ['colcon_pkg']
[5.674s] Level 1:colcon.colcon_core.package_identification:_identify(ThirdParty/ros2_aruco) by extension 'colcon_pkg'
[5.674s] Level 1:colcon.colcon_core.package_identification:_identify(ThirdParty/ros2_aruco) by extensions ['colcon_meta']
[5.674s] Level 1:colcon.colcon_core.package_identification:_identify(ThirdParty/ros2_aruco) by extension 'colcon_meta'
[5.674s] Level 1:colcon.colcon_core.package_identification:_identify(ThirdParty/ros2_aruco) by extensions ['ros']
[5.674s] Level 1:colcon.colcon_core.package_identification:_identify(ThirdParty/ros2_aruco) by extension 'ros'
[5.675s] Level 1:colcon.colcon_core.package_identification:_identify(ThirdParty/ros2_aruco) by extensions ['cmake', 'python']
[5.675s] Level 1:colcon.colcon_core.package_identification:_identify(ThirdParty/ros2_aruco) by extension 'cmake'
[5.675s] Level 1:colcon.colcon_core.package_identification:_identify(ThirdParty/ros2_aruco) by extension 'python'
[5.675s] Level 1:colcon.colcon_core.package_identification:_identify(ThirdParty/ros2_aruco) by extensions ['python_setup_py']
[5.675s] Level 1:colcon.colcon_core.package_identification:_identify(ThirdParty/ros2_aruco) by extension 'python_setup_py'
[5.689s] Level 1:colcon.colcon_core.package_identification:_identify(ThirdParty/ros2_aruco/ros2_aruco) by extensions ['ignore', 'ignore_ament_install']
[5.689s] Level 1:colcon.colcon_core.package_identification:_identify(ThirdParty/ros2_aruco/ros2_aruco) by extension 'ignore'
[5.690s] Level 1:colcon.colcon_core.package_identification:_identify(ThirdParty/ros2_aruco/ros2_aruco) by extension 'ignore_ament_install'
[5.690s] Level 1:colcon.colcon_core.package_identification:_identify(ThirdParty/ros2_aruco/ros2_aruco) by extensions ['colcon_pkg']
[5.690s] Level 1:colcon.colcon_core.package_identification:_identify(ThirdParty/ros2_aruco/ros2_aruco) by extension 'colcon_pkg'
[5.690s] Level 1:colcon.colcon_core.package_identification:_identify(ThirdParty/ros2_aruco/ros2_aruco) by extensions ['colcon_meta']
[5.691s] Level 1:colcon.colcon_core.package_identification:_identify(ThirdParty/ros2_aruco/ros2_aruco) by extension 'colcon_meta'
[5.691s] Level 1:colcon.colcon_core.package_identification:_identify(ThirdParty/ros2_aruco/ros2_aruco) by extensions ['ros']
[5.691s] Level 1:colcon.colcon_core.package_identification:_identify(ThirdParty/ros2_aruco/ros2_aruco) by extension 'ros'
[5.708s] DEBUG:colcon.colcon_core.package_identification:Package 'ThirdParty/ros2_aruco/ros2_aruco' with type 'ros.ament_python' and name 'ros2_aruco'
[5.709s] Level 1:colcon.colcon_core.package_identification:_identify(ThirdParty/ros2_aruco/ros2_aruco_interfaces) by extensions ['ignore', 'ignore_ament_install']
[5.709s] Level 1:colcon.colcon_core.package_identification:_identify(ThirdParty/ros2_aruco/ros2_aruco_interfaces) by extension 'ignore'
[5.710s] Level 1:colcon.colcon_core.package_identification:_identify(ThirdParty/ros2_aruco/ros2_aruco_interfaces) by extension 'ignore_ament_install'
[5.710s] Level 1:colcon.colcon_core.package_identification:_identify(ThirdParty/ros2_aruco/ros2_aruco_interfaces) by extensions ['colcon_pkg']
[5.710s] Level 1:colcon.colcon_core.package_identification:_identify(ThirdParty/ros2_aruco/ros2_aruco_interfaces) by extension 'colcon_pkg'
[5.711s] Level 1:colcon.colcon_core.package_identification:_identify(ThirdParty/ros2_aruco/ros2_aruco_interfaces) by extensions ['colcon_meta']
[5.711s] Level 1:colcon.colcon_core.package_identification:_identify(ThirdParty/ros2_aruco/ros2_aruco_interfaces) by extension 'colcon_meta'
[5.711s] Level 1:colcon.colcon_core.package_identification:_identify(ThirdParty/ros2_aruco/ros2_aruco_interfaces) by extensions ['ros']
[5.711s] Level 1:colcon.colcon_core.package_identification:_identify(ThirdParty/ros2_aruco/ros2_aruco_interfaces) by extension 'ros'
[5.713s] DEBUG:colcon.colcon_core.package_identification:Package 'ThirdParty/ros2_aruco/ros2_aruco_interfaces' with type 'ros.ament_cmake' and name 'ros2_aruco_interfaces'
[5.714s] Level 1:colcon.colcon_core.package_identification:_identify(ThirdParty/tiago_moveit_config) by extensions ['ignore', 'ignore_ament_install']
[5.714s] Level 1:colcon.colcon_core.package_identification:_identify(ThirdParty/tiago_moveit_config) by extension 'ignore'
[5.714s] Level 1:colcon.colcon_core.package_identification:_identify(ThirdParty/tiago_moveit_config) by extension 'ignore_ament_install'
[5.715s] Level 1:colcon.colcon_core.package_identification:_identify(ThirdParty/tiago_moveit_config) by extensions ['colcon_pkg']
[5.715s] Level 1:colcon.colcon_core.package_identification:_identify(ThirdParty/tiago_moveit_config) by extension 'colcon_pkg'
[5.715s] Level 1:colcon.colcon_core.package_identification:_identify(ThirdParty/tiago_moveit_config) by extensions ['colcon_meta']
[5.715s] Level 1:colcon.colcon_core.package_identification:_identify(ThirdParty/tiago_moveit_config) by extension 'colcon_meta'
[5.715s] Level 1:colcon.colcon_core.package_identification:_identify(ThirdParty/tiago_moveit_config) by extensions ['ros']
[5.716s] Level 1:colcon.colcon_core.package_identification:_identify(ThirdParty/tiago_moveit_config) by extension 'ros'
[5.719s] DEBUG:colcon.colcon_core.package_identification:Package 'ThirdParty/tiago_moveit_config' with type 'ros.ament_cmake' and name 'tiago_moveit_config'
[5.719s] Level 1:colcon.colcon_core.package_identification:_identify(ThirdParty/tiago_navigation) by extensions ['ignore', 'ignore_ament_install']
[5.720s] Level 1:colcon.colcon_core.package_identification:_identify(ThirdParty/tiago_navigation) by extension 'ignore'
[5.720s] Level 1:colcon.colcon_core.package_identification:_identify(ThirdParty/tiago_navigation) by extension 'ignore_ament_install'
[5.720s] Level 1:colcon.colcon_core.package_identification:_identify(ThirdParty/tiago_navigation) by extensions ['colcon_pkg']
[5.720s] Level 1:colcon.colcon_core.package_identification:_identify(ThirdParty/tiago_navigation) by extension 'colcon_pkg'
[5.720s] Level 1:colcon.colcon_core.package_identification:_identify(ThirdParty/tiago_navigation) by extensions ['colcon_meta']
[5.721s] Level 1:colcon.colcon_core.package_identification:_identify(ThirdParty/tiago_navigation) by extension 'colcon_meta'
[5.721s] Level 1:colcon.colcon_core.package_identification:_identify(ThirdParty/tiago_navigation) by extensions ['ros']
[5.721s] Level 1:colcon.colcon_core.package_identification:_identify(ThirdParty/tiago_navigation) by extension 'ros'
[5.721s] Level 1:colcon.colcon_core.package_identification:_identify(ThirdParty/tiago_navigation) by extensions ['cmake', 'python']
[5.721s] Level 1:colcon.colcon_core.package_identification:_identify(ThirdParty/tiago_navigation) by extension 'cmake'
[5.722s] Level 1:colcon.colcon_core.package_identification:_identify(ThirdParty/tiago_navigation) by extension 'python'
[5.722s] Level 1:colcon.colcon_core.package_identification:_identify(ThirdParty/tiago_navigation) by extensions ['python_setup_py']
[5.722s] Level 1:colcon.colcon_core.package_identification:_identify(ThirdParty/tiago_navigation) by extension 'python_setup_py'
[5.723s] Level 1:colcon.colcon_core.package_identification:_identify(ThirdParty/tiago_navigation/tiago_2dnav) by extensions ['ignore', 'ignore_ament_install']
[5.723s] Level 1:colcon.colcon_core.package_identification:_identify(ThirdParty/tiago_navigation/tiago_2dnav) by extension 'ignore'
[5.724s] Level 1:colcon.colcon_core.package_identification:_identify(ThirdParty/tiago_navigation/tiago_2dnav) by extension 'ignore_ament_install'
[5.724s] Level 1:colcon.colcon_core.package_identification:_identify(ThirdParty/tiago_navigation/tiago_2dnav) by extensions ['colcon_pkg']
[5.724s] Level 1:colcon.colcon_core.package_identification:_identify(ThirdParty/tiago_navigation/tiago_2dnav) by extension 'colcon_pkg'
[5.724s] Level 1:colcon.colcon_core.package_identification:_identify(ThirdParty/tiago_navigation/tiago_2dnav) by extensions ['colcon_meta']
[5.724s] Level 1:colcon.colcon_core.package_identification:_identify(ThirdParty/tiago_navigation/tiago_2dnav) by extension 'colcon_meta'
[5.724s] Level 1:colcon.colcon_core.package_identification:_identify(ThirdParty/tiago_navigation/tiago_2dnav) by extensions ['ros']
[5.725s] Level 1:colcon.colcon_core.package_identification:_identify(ThirdParty/tiago_navigation/tiago_2dnav) by extension 'ros'
[5.737s] DEBUG:colcon.colcon_core.package_identification:Package 'ThirdParty/tiago_navigation/tiago_2dnav' with type 'ros.ament_cmake' and name 'tiago_2dnav'
[5.737s] Level 1:colcon.colcon_core.package_identification:_identify(ThirdParty/tiago_navigation/tiago_laser_sensors) by extensions ['ignore', 'ignore_ament_install']
[5.738s] Level 1:colcon.colcon_core.package_identification:_identify(ThirdParty/tiago_navigation/tiago_laser_sensors) by extension 'ignore'
[5.738s] Level 1:colcon.colcon_core.package_identification:_identify(ThirdParty/tiago_navigation/tiago_laser_sensors) by extension 'ignore_ament_install'
[5.738s] Level 1:colcon.colcon_core.package_identification:_identify(ThirdParty/tiago_navigation/tiago_laser_sensors) by extensions ['colcon_pkg']
[5.738s] Level 1:colcon.colcon_core.package_identification:_identify(ThirdParty/tiago_navigation/tiago_laser_sensors) by extension 'colcon_pkg'
[5.738s] Level 1:colcon.colcon_core.package_identification:_identify(ThirdParty/tiago_navigation/tiago_laser_sensors) by extensions ['colcon_meta']
[5.739s] Level 1:colcon.colcon_core.package_identification:_identify(ThirdParty/tiago_navigation/tiago_laser_sensors) by extension 'colcon_meta'
[5.739s] Level 1:colcon.colcon_core.package_identification:_identify(ThirdParty/tiago_navigation/tiago_laser_sensors) by extensions ['ros']
[5.739s] Level 1:colcon.colcon_core.package_identification:_identify(ThirdParty/tiago_navigation/tiago_laser_sensors) by extension 'ros'
[5.745s] DEBUG:colcon.colcon_core.package_identification:Package 'ThirdParty/tiago_navigation/tiago_laser_sensors' with type 'ros.ament_cmake' and name 'tiago_laser_sensors'
[5.745s] Level 1:colcon.colcon_core.package_identification:_identify(ThirdParty/tiago_navigation/tiago_navigation) by extensions ['ignore', 'ignore_ament_install']
[5.746s] Level 1:colcon.colcon_core.package_identification:_identify(ThirdParty/tiago_navigation/tiago_navigation) by extension 'ignore'
[5.746s] Level 1:colcon.colcon_core.package_identification:_identify(ThirdParty/tiago_navigation/tiago_navigation) by extension 'ignore_ament_install'
[5.746s] Level 1:colcon.colcon_core.package_identification:_identify(ThirdParty/tiago_navigation/tiago_navigation) by extensions ['colcon_pkg']
[5.746s] Level 1:colcon.colcon_core.package_identification:_identify(ThirdParty/tiago_navigation/tiago_navigation) by extension 'colcon_pkg'
[5.746s] Level 1:colcon.colcon_core.package_identification:_identify(ThirdParty/tiago_navigation/tiago_navigation) by extensions ['colcon_meta']
[5.746s] Level 1:colcon.colcon_core.package_identification:_identify(ThirdParty/tiago_navigation/tiago_navigation) by extension 'colcon_meta'
[5.746s] Level 1:colcon.colcon_core.package_identification:_identify(ThirdParty/tiago_navigation/tiago_navigation) by extensions ['ros']
[5.747s] Level 1:colcon.colcon_core.package_identification:_identify(ThirdParty/tiago_navigation/tiago_navigation) by extension 'ros'
[5.748s] DEBUG:colcon.colcon_core.package_identification:Package 'ThirdParty/tiago_navigation/tiago_navigation' with type 'ros.ament_cmake' and name 'tiago_navigation'
[5.749s] Level 1:colcon.colcon_core.package_identification:_identify(ThirdParty/tiago_omni_base) by extensions ['ignore', 'ignore_ament_install']
[5.749s] Level 1:colcon.colcon_core.package_identification:_identify(ThirdParty/tiago_omni_base) by extension 'ignore'
[5.749s] Level 1:colcon.colcon_core.package_identification:_identify(ThirdParty/tiago_omni_base) by extension 'ignore_ament_install'
[5.749s] Level 1:colcon.colcon_core.package_identification:_identify(ThirdParty/tiago_omni_base) by extensions ['colcon_pkg']
[5.749s] Level 1:colcon.colcon_core.package_identification:_identify(ThirdParty/tiago_omni_base) by extension 'colcon_pkg'
[5.749s] Level 1:colcon.colcon_core.package_identification:_identify(ThirdParty/tiago_omni_base) by extensions ['colcon_meta']
[5.749s] Level 1:colcon.colcon_core.package_identification:_identify(ThirdParty/tiago_omni_base) by extension 'colcon_meta'
[5.749s] Level 1:colcon.colcon_core.package_identification:_identify(ThirdParty/tiago_omni_base) by extensions ['ros']
[5.749s] Level 1:colcon.colcon_core.package_identification:_identify(ThirdParty/tiago_omni_base) by extension 'ros'
[5.750s] Level 1:colcon.colcon_core.package_identification:_identify(ThirdParty/tiago_omni_base) by extensions ['cmake', 'python']
[5.750s] Level 1:colcon.colcon_core.package_identification:_identify(ThirdParty/tiago_omni_base) by extension 'cmake'
[5.750s] Level 1:colcon.colcon_core.package_identification:_identify(ThirdParty/tiago_omni_base) by extension 'python'
[5.750s] Level 1:colcon.colcon_core.package_identification:_identify(ThirdParty/tiago_omni_base) by extensions ['python_setup_py']
[5.750s] Level 1:colcon.colcon_core.package_identification:_identify(ThirdParty/tiago_omni_base) by extension 'python_setup_py'
[5.750s] Level 1:colcon.colcon_core.package_identification:_identify(ThirdParty/tiago_omni_base/omni_base_bringup) by extensions ['ignore', 'ignore_ament_install']
[5.751s] Level 1:colcon.colcon_core.package_identification:_identify(ThirdParty/tiago_omni_base/omni_base_bringup) by extension 'ignore'
[5.751s] Level 1:colcon.colcon_core.package_identification:_identify(ThirdParty/tiago_omni_base/omni_base_bringup) by extension 'ignore_ament_install'
[5.751s] Level 1:colcon.colcon_core.package_identification:_identify(ThirdParty/tiago_omni_base/omni_base_bringup) by extensions ['colcon_pkg']
[5.751s] Level 1:colcon.colcon_core.package_identification:_identify(ThirdParty/tiago_omni_base/omni_base_bringup) by extension 'colcon_pkg'
[5.751s] Level 1:colcon.colcon_core.package_identification:_identify(ThirdParty/tiago_omni_base/omni_base_bringup) by extensions ['colcon_meta']
[5.751s] Level 1:colcon.colcon_core.package_identification:_identify(ThirdParty/tiago_omni_base/omni_base_bringup) by extension 'colcon_meta'
[5.751s] Level 1:colcon.colcon_core.package_identification:_identify(ThirdParty/tiago_omni_base/omni_base_bringup) by extensions ['ros']
[5.751s] Level 1:colcon.colcon_core.package_identification:_identify(ThirdParty/tiago_omni_base/omni_base_bringup) by extension 'ros'
[5.757s] DEBUG:colcon.colcon_core.package_identification:Package 'ThirdParty/tiago_omni_base/omni_base_bringup' with type 'ros.ament_cmake' and name 'omni_base_bringup'
[5.757s] Level 1:colcon.colcon_core.package_identification:_identify(ThirdParty/tiago_omni_base/omni_base_controller_configuration) by extensions ['ignore', 'ignore_ament_install']
[5.758s] Level 1:colcon.colcon_core.package_identification:_identify(ThirdParty/tiago_omni_base/omni_base_controller_configuration) by extension 'ignore'
[5.758s] Level 1:colcon.colcon_core.package_identification:_identify(ThirdParty/tiago_omni_base/omni_base_controller_configuration) by extension 'ignore_ament_install'
[5.758s] Level 1:colcon.colcon_core.package_identification:_identify(ThirdParty/tiago_omni_base/omni_base_controller_configuration) by extensions ['colcon_pkg']
[5.758s] Level 1:colcon.colcon_core.package_identification:_identify(ThirdParty/tiago_omni_base/omni_base_controller_configuration) by extension 'colcon_pkg'
[5.758s] Level 1:colcon.colcon_core.package_identification:_identify(ThirdParty/tiago_omni_base/omni_base_controller_configuration) by extensions ['colcon_meta']
[5.758s] Level 1:colcon.colcon_core.package_identification:_identify(ThirdParty/tiago_omni_base/omni_base_controller_configuration) by extension 'colcon_meta'
[5.759s] Level 1:colcon.colcon_core.package_identification:_identify(ThirdParty/tiago_omni_base/omni_base_controller_configuration) by extensions ['ros']
[5.759s] Level 1:colcon.colcon_core.package_identification:_identify(ThirdParty/tiago_omni_base/omni_base_controller_configuration) by extension 'ros'
[5.761s] DEBUG:colcon.colcon_core.package_identification:Package 'ThirdParty/tiago_omni_base/omni_base_controller_configuration' with type 'ros.ament_cmake' and name 'omni_base_controller_configuration'
[5.761s] Level 1:colcon.colcon_core.package_identification:_identify(ThirdParty/tiago_omni_base/omni_base_description) by extensions ['ignore', 'ignore_ament_install']
[5.761s] Level 1:colcon.colcon_core.package_identification:_identify(ThirdParty/tiago_omni_base/omni_base_description) by extension 'ignore'
[5.762s] Level 1:colcon.colcon_core.package_identification:_identify(ThirdParty/tiago_omni_base/omni_base_description) by extension 'ignore_ament_install'
[5.762s] Level 1:colcon.colcon_core.package_identification:_identify(ThirdParty/tiago_omni_base/omni_base_description) by extensions ['colcon_pkg']
[5.762s] Level 1:colcon.colcon_core.package_identification:_identify(ThirdParty/tiago_omni_base/omni_base_description) by extension 'colcon_pkg'
[5.762s] Level 1:colcon.colcon_core.package_identification:_identify(ThirdParty/tiago_omni_base/omni_base_description) by extensions ['colcon_meta']
[5.762s] Level 1:colcon.colcon_core.package_identification:_identify(ThirdParty/tiago_omni_base/omni_base_description) by extension 'colcon_meta'
[5.762s] Level 1:colcon.colcon_core.package_identification:_identify(ThirdParty/tiago_omni_base/omni_base_description) by extensions ['ros']
[5.762s] Level 1:colcon.colcon_core.package_identification:_identify(ThirdParty/tiago_omni_base/omni_base_description) by extension 'ros'
[5.764s] DEBUG:colcon.colcon_core.package_identification:Package 'ThirdParty/tiago_omni_base/omni_base_description' with type 'ros.ament_cmake' and name 'omni_base_description'
[5.764s] Level 1:colcon.colcon_core.package_identification:_identify(ThirdParty/tiago_omni_base/omni_base_robot) by extensions ['ignore', 'ignore_ament_install']
[5.764s] Level 1:colcon.colcon_core.package_identification:_identify(ThirdParty/tiago_omni_base/omni_base_robot) by extension 'ignore'
[5.764s] Level 1:colcon.colcon_core.package_identification:_identify(ThirdParty/tiago_omni_base/omni_base_robot) by extension 'ignore_ament_install'
[5.765s] Level 1:colcon.colcon_core.package_identification:_identify(ThirdParty/tiago_omni_base/omni_base_robot) by extensions ['colcon_pkg']
[5.765s] Level 1:colcon.colcon_core.package_identification:_identify(ThirdParty/tiago_omni_base/omni_base_robot) by extension 'colcon_pkg'
[5.765s] Level 1:colcon.colcon_core.package_identification:_identify(ThirdParty/tiago_omni_base/omni_base_robot) by extensions ['colcon_meta']
[5.765s] Level 1:colcon.colcon_core.package_identification:_identify(ThirdParty/tiago_omni_base/omni_base_robot) by extension 'colcon_meta'
[5.765s] Level 1:colcon.colcon_core.package_identification:_identify(ThirdParty/tiago_omni_base/omni_base_robot) by extensions ['ros']
[5.765s] Level 1:colcon.colcon_core.package_identification:_identify(ThirdParty/tiago_omni_base/omni_base_robot) by extension 'ros'
[5.780s] DEBUG:colcon.colcon_core.package_identification:Package 'ThirdParty/tiago_omni_base/omni_base_robot' with type 'ros.ament_cmake' and name 'omni_base_robot'
[5.780s] Level 1:colcon.colcon_core.package_identification:_identify(ThirdParty/tiago_robot) by extensions ['ignore', 'ignore_ament_install']
[5.781s] Level 1:colcon.colcon_core.package_identification:_identify(ThirdParty/tiago_robot) by extension 'ignore'
[5.781s] Level 1:colcon.colcon_core.package_identification:_identify(ThirdParty/tiago_robot) by extension 'ignore_ament_install'
[5.781s] Level 1:colcon.colcon_core.package_identification:_identify(ThirdParty/tiago_robot) by extensions ['colcon_pkg']
[5.781s] Level 1:colcon.colcon_core.package_identification:_identify(ThirdParty/tiago_robot) by extension 'colcon_pkg'
[5.782s] Level 1:colcon.colcon_core.package_identification:_identify(ThirdParty/tiago_robot) by extensions ['colcon_meta']
[5.782s] Level 1:colcon.colcon_core.package_identification:_identify(ThirdParty/tiago_robot) by extension 'colcon_meta'
[5.782s] Level 1:colcon.colcon_core.package_identification:_identify(ThirdParty/tiago_robot) by extensions ['ros']
[5.782s] Level 1:colcon.colcon_core.package_identification:_identify(ThirdParty/tiago_robot) by extension 'ros'
[5.782s] Level 1:colcon.colcon_core.package_identification:_identify(ThirdParty/tiago_robot) by extensions ['cmake', 'python']
[5.783s] Level 1:colcon.colcon_core.package_identification:_identify(ThirdParty/tiago_robot) by extension 'cmake'
[5.783s] Level 1:colcon.colcon_core.package_identification:_identify(ThirdParty/tiago_robot) by extension 'python'
[5.783s] Level 1:colcon.colcon_core.package_identification:_identify(ThirdParty/tiago_robot) by extensions ['python_setup_py']
[5.783s] Level 1:colcon.colcon_core.package_identification:_identify(ThirdParty/tiago_robot) by extension 'python_setup_py'
[5.784s] Level 1:colcon.colcon_core.package_identification:_identify(ThirdParty/tiago_robot/tiago_bringup) by extensions ['ignore', 'ignore_ament_install']
[5.784s] Level 1:colcon.colcon_core.package_identification:_identify(ThirdParty/tiago_robot/tiago_bringup) by extension 'ignore'
[5.784s] Level 1:colcon.colcon_core.package_identification:_identify(ThirdParty/tiago_robot/tiago_bringup) by extension 'ignore_ament_install'
[5.785s] Level 1:colcon.colcon_core.package_identification:_identify(ThirdParty/tiago_robot/tiago_bringup) by extensions ['colcon_pkg']
[5.785s] Level 1:colcon.colcon_core.package_identification:_identify(ThirdParty/tiago_robot/tiago_bringup) by extension 'colcon_pkg'
[5.785s] Level 1:colcon.colcon_core.package_identification:_identify(ThirdParty/tiago_robot/tiago_bringup) by extensions ['colcon_meta']
[5.785s] Level 1:colcon.colcon_core.package_identification:_identify(ThirdParty/tiago_robot/tiago_bringup) by extension 'colcon_meta'
[5.785s] Level 1:colcon.colcon_core.package_identification:_identify(ThirdParty/tiago_robot/tiago_bringup) by extensions ['ros']
[5.785s] Level 1:colcon.colcon_core.package_identification:_identify(ThirdParty/tiago_robot/tiago_bringup) by extension 'ros'
[5.797s] DEBUG:colcon.colcon_core.package_identification:Package 'ThirdParty/tiago_robot/tiago_bringup' with type 'ros.ament_cmake' and name 'tiago_bringup'
[5.798s] Level 1:colcon.colcon_core.package_identification:_identify(ThirdParty/tiago_robot/tiago_controller_configuration) by extensions ['ignore', 'ignore_ament_install']
[5.798s] Level 1:colcon.colcon_core.package_identification:_identify(ThirdParty/tiago_robot/tiago_controller_configuration) by extension 'ignore'
[5.799s] Level 1:colcon.colcon_core.package_identification:_identify(ThirdParty/tiago_robot/tiago_controller_configuration) by extension 'ignore_ament_install'
[5.799s] Level 1:colcon.colcon_core.package_identification:_identify(ThirdParty/tiago_robot/tiago_controller_configuration) by extensions ['colcon_pkg']
[5.799s] Level 1:colcon.colcon_core.package_identification:_identify(ThirdParty/tiago_robot/tiago_controller_configuration) by extension 'colcon_pkg'
[5.799s] Level 1:colcon.colcon_core.package_identification:_identify(ThirdParty/tiago_robot/tiago_controller_configuration) by extensions ['colcon_meta']
[5.800s] Level 1:colcon.colcon_core.package_identification:_identify(ThirdParty/tiago_robot/tiago_controller_configuration) by extension 'colcon_meta'
[5.800s] Level 1:colcon.colcon_core.package_identification:_identify(ThirdParty/tiago_robot/tiago_controller_configuration) by extensions ['ros']
[5.800s] Level 1:colcon.colcon_core.package_identification:_identify(ThirdParty/tiago_robot/tiago_controller_configuration) by extension 'ros'
[5.804s] DEBUG:colcon.colcon_core.package_identification:Package 'ThirdParty/tiago_robot/tiago_controller_configuration' with type 'ros.ament_cmake' and name 'tiago_controller_configuration'
[5.805s] Level 1:colcon.colcon_core.package_identification:_identify(ThirdParty/tiago_robot/tiago_description) by extensions ['ignore', 'ignore_ament_install']
[5.805s] Level 1:colcon.colcon_core.package_identification:_identify(ThirdParty/tiago_robot/tiago_description) by extension 'ignore'
[5.806s] Level 1:colcon.colcon_core.package_identification:_identify(ThirdParty/tiago_robot/tiago_description) by extension 'ignore_ament_install'
[5.806s] Level 1:colcon.colcon_core.package_identification:_identify(ThirdParty/tiago_robot/tiago_description) by extensions ['colcon_pkg']
[5.806s] Level 1:colcon.colcon_core.package_identification:_identify(ThirdParty/tiago_robot/tiago_description) by extension 'colcon_pkg'
[5.806s] Level 1:colcon.colcon_core.package_identification:_identify(ThirdParty/tiago_robot/tiago_description) by extensions ['colcon_meta']
[5.806s] Level 1:colcon.colcon_core.package_identification:_identify(ThirdParty/tiago_robot/tiago_description) by extension 'colcon_meta'
[5.807s] Level 1:colcon.colcon_core.package_identification:_identify(ThirdParty/tiago_robot/tiago_description) by extensions ['ros']
[5.807s] Level 1:colcon.colcon_core.package_identification:_identify(ThirdParty/tiago_robot/tiago_description) by extension 'ros'
[5.813s] DEBUG:colcon.colcon_core.package_identification:Package 'ThirdParty/tiago_robot/tiago_description' with type 'ros.ament_cmake' and name 'tiago_description'
[5.814s] Level 1:colcon.colcon_core.package_identification:_identify(ThirdParty/tiago_robot/tiago_robot) by extensions ['ignore', 'ignore_ament_install']
[5.814s] Level 1:colcon.colcon_core.package_identification:_identify(ThirdParty/tiago_robot/tiago_robot) by extension 'ignore'
[5.815s] Level 1:colcon.colcon_core.package_identification:_identify(ThirdParty/tiago_robot/tiago_robot) by extension 'ignore_ament_install'
[5.815s] Level 1:colcon.colcon_core.package_identification:_identify(ThirdParty/tiago_robot/tiago_robot) by extensions ['colcon_pkg']
[5.815s] Level 1:colcon.colcon_core.package_identification:_identify(ThirdParty/tiago_robot/tiago_robot) by extension 'colcon_pkg'
[5.815s] Level 1:colcon.colcon_core.package_identification:_identify(ThirdParty/tiago_robot/tiago_robot) by extensions ['colcon_meta']
[5.815s] Level 1:colcon.colcon_core.package_identification:_identify(ThirdParty/tiago_robot/tiago_robot) by extension 'colcon_meta'
[5.816s] Level 1:colcon.colcon_core.package_identification:_identify(ThirdParty/tiago_robot/tiago_robot) by extensions ['ros']
[5.816s] Level 1:colcon.colcon_core.package_identification:_identify(ThirdParty/tiago_robot/tiago_robot) by extension 'ros'
[5.817s] DEBUG:colcon.colcon_core.package_identification:Package 'ThirdParty/tiago_robot/tiago_robot' with type 'ros.ament_cmake' and name 'tiago_robot'
[5.830s] Level 1:colcon.colcon_core.package_identification:_identify(ThirdParty/tiago_simulation) by extensions ['ignore', 'ignore_ament_install']
[5.830s] Level 1:colcon.colcon_core.package_identification:_identify(ThirdParty/tiago_simulation) by extension 'ignore'
[5.831s] Level 1:colcon.colcon_core.package_identification:_identify(ThirdParty/tiago_simulation) by extension 'ignore_ament_install'
[5.831s] Level 1:colcon.colcon_core.package_identification:_identify(ThirdParty/tiago_simulation) by extensions ['colcon_pkg']
[5.831s] Level 1:colcon.colcon_core.package_identification:_identify(ThirdParty/tiago_simulation) by extension 'colcon_pkg'
[5.832s] Level 1:colcon.colcon_core.package_identification:_identify(ThirdParty/tiago_simulation) by extensions ['colcon_meta']
[5.832s] Level 1:colcon.colcon_core.package_identification:_identify(ThirdParty/tiago_simulation) by extension 'colcon_meta'
[5.832s] Level 1:colcon.colcon_core.package_identification:_identify(ThirdParty/tiago_simulation) by extensions ['ros']
[5.832s] Level 1:colcon.colcon_core.package_identification:_identify(ThirdParty/tiago_simulation) by extension 'ros'
[5.832s] Level 1:colcon.colcon_core.package_identification:_identify(ThirdParty/tiago_simulation) by extensions ['cmake', 'python']
[5.833s] Level 1:colcon.colcon_core.package_identification:_identify(ThirdParty/tiago_simulation) by extension 'cmake'
[5.833s] Level 1:colcon.colcon_core.package_identification:_identify(ThirdParty/tiago_simulation) by extension 'python'
[5.833s] Level 1:colcon.colcon_core.package_identification:_identify(ThirdParty/tiago_simulation) by extensions ['python_setup_py']
[5.833s] Level 1:colcon.colcon_core.package_identification:_identify(ThirdParty/tiago_simulation) by extension 'python_setup_py'
[5.834s] Level 1:colcon.colcon_core.package_identification:_identify(ThirdParty/tiago_simulation/doc) by extensions ['ignore', 'ignore_ament_install']
[5.834s] Level 1:colcon.colcon_core.package_identification:_identify(ThirdParty/tiago_simulation/doc) by extension 'ignore'
[5.834s] Level 1:colcon.colcon_core.package_identification:_identify(ThirdParty/tiago_simulation/doc) by extension 'ignore_ament_install'
[5.835s] Level 1:colcon.colcon_core.package_identification:_identify(ThirdParty/tiago_simulation/doc) by extensions ['colcon_pkg']
[5.835s] Level 1:colcon.colcon_core.package_identification:_identify(ThirdParty/tiago_simulation/doc) by extension 'colcon_pkg'
[5.835s] Level 1:colcon.colcon_core.package_identification:_identify(ThirdParty/tiago_simulation/doc) by extensions ['colcon_meta']
[5.835s] Level 1:colcon.colcon_core.package_identification:_identify(ThirdParty/tiago_simulation/doc) by extension 'colcon_meta'
[5.835s] Level 1:colcon.colcon_core.package_identification:_identify(ThirdParty/tiago_simulation/doc) by extensions ['ros']
[5.835s] Level 1:colcon.colcon_core.package_identification:_identify(ThirdParty/tiago_simulation/doc) by extension 'ros'
[5.836s] Level 1:colcon.colcon_core.package_identification:_identify(ThirdParty/tiago_simulation/doc) by extensions ['cmake', 'python']
[5.836s] Level 1:colcon.colcon_core.package_identification:_identify(ThirdParty/tiago_simulation/doc) by extension 'cmake'
[5.836s] Level 1:colcon.colcon_core.package_identification:_identify(ThirdParty/tiago_simulation/doc) by extension 'python'
[5.836s] Level 1:colcon.colcon_core.package_identification:_identify(ThirdParty/tiago_simulation/doc) by extensions ['python_setup_py']
[5.836s] Level 1:colcon.colcon_core.package_identification:_identify(ThirdParty/tiago_simulation/doc) by extension 'python_setup_py'
[5.837s] Level 1:colcon.colcon_core.package_identification:_identify(ThirdParty/tiago_simulation/doc/media) by extensions ['ignore', 'ignore_ament_install']
[5.837s] Level 1:colcon.colcon_core.package_identification:_identify(ThirdParty/tiago_simulation/doc/media) by extension 'ignore'
[5.838s] Level 1:colcon.colcon_core.package_identification:_identify(ThirdParty/tiago_simulation/doc/media) by extension 'ignore_ament_install'
[5.838s] Level 1:colcon.colcon_core.package_identification:_identify(ThirdParty/tiago_simulation/doc/media) by extensions ['colcon_pkg']
[5.838s] Level 1:colcon.colcon_core.package_identification:_identify(ThirdParty/tiago_simulation/doc/media) by extension 'colcon_pkg'
[5.838s] Level 1:colcon.colcon_core.package_identification:_identify(ThirdParty/tiago_simulation/doc/media) by extensions ['colcon_meta']
[5.838s] Level 1:colcon.colcon_core.package_identification:_identify(ThirdParty/tiago_simulation/doc/media) by extension 'colcon_meta'
[5.839s] Level 1:colcon.colcon_core.package_identification:_identify(ThirdParty/tiago_simulation/doc/media) by extensions ['ros']
[5.839s] Level 1:colcon.colcon_core.package_identification:_identify(ThirdParty/tiago_simulation/doc/media) by extension 'ros'
[5.839s] Level 1:colcon.colcon_core.package_identification:_identify(ThirdParty/tiago_simulation/doc/media) by extensions ['cmake', 'python']
[5.839s] Level 1:colcon.colcon_core.package_identification:_identify(ThirdParty/tiago_simulation/doc/media) by extension 'cmake'
[5.839s] Level 1:colcon.colcon_core.package_identification:_identify(ThirdParty/tiago_simulation/doc/media) by extension 'python'
[5.840s] Level 1:colcon.colcon_core.package_identification:_identify(ThirdParty/tiago_simulation/doc/media) by extensions ['python_setup_py']
[5.840s] Level 1:colcon.colcon_core.package_identification:_identify(ThirdParty/tiago_simulation/doc/media) by extension 'python_setup_py'
[5.840s] Level 1:colcon.colcon_core.package_identification:_identify(ThirdParty/tiago_simulation/tiago_gazebo) by extensions ['ignore', 'ignore_ament_install']
[5.841s] Level 1:colcon.colcon_core.package_identification:_identify(ThirdParty/tiago_simulation/tiago_gazebo) by extension 'ignore'
[5.841s] Level 1:colcon.colcon_core.package_identification:_identify(ThirdParty/tiago_simulation/tiago_gazebo) by extension 'ignore_ament_install'
[5.841s] Level 1:colcon.colcon_core.package_identification:_identify(ThirdParty/tiago_simulation/tiago_gazebo) by extensions ['colcon_pkg']
[5.841s] Level 1:colcon.colcon_core.package_identification:_identify(ThirdParty/tiago_simulation/tiago_gazebo) by extension 'colcon_pkg'
[5.842s] Level 1:colcon.colcon_core.package_identification:_identify(ThirdParty/tiago_simulation/tiago_gazebo) by extensions ['colcon_meta']
[5.842s] Level 1:colcon.colcon_core.package_identification:_identify(ThirdParty/tiago_simulation/tiago_gazebo) by extension 'colcon_meta'
[5.842s] Level 1:colcon.colcon_core.package_identification:_identify(ThirdParty/tiago_simulation/tiago_gazebo) by extensions ['ros']
[5.842s] Level 1:colcon.colcon_core.package_identification:_identify(ThirdParty/tiago_simulation/tiago_gazebo) by extension 'ros'
[5.861s] DEBUG:colcon.colcon_core.package_identification:Package 'ThirdParty/tiago_simulation/tiago_gazebo' with type 'ros.ament_cmake' and name 'tiago_gazebo'
[5.873s] Level 1:colcon.colcon_core.package_identification:_identify(ThirdParty/tiago_simulation/tiago_multi) by extensions ['ignore', 'ignore_ament_install']
[5.874s] Level 1:colcon.colcon_core.package_identification:_identify(ThirdParty/tiago_simulation/tiago_multi) by extension 'ignore'
[5.874s] Level 1:colcon.colcon_core.package_identification:_identify(ThirdParty/tiago_simulation/tiago_multi) ignored
[5.875s] Level 1:colcon.colcon_core.package_identification:_identify(ThirdParty/tiago_simulation/tiago_simulation) by extensions ['ignore', 'ignore_ament_install']
[5.875s] Level 1:colcon.colcon_core.package_identification:_identify(ThirdParty/tiago_simulation/tiago_simulation) by extension 'ignore'
[5.875s] Level 1:colcon.colcon_core.package_identification:_identify(ThirdParty/tiago_simulation/tiago_simulation) by extension 'ignore_ament_install'
[5.875s] Level 1:colcon.colcon_core.package_identification:_identify(ThirdParty/tiago_simulation/tiago_simulation) by extensions ['colcon_pkg']
[5.875s] Level 1:colcon.colcon_core.package_identification:_identify(ThirdParty/tiago_simulation/tiago_simulation) by extension 'colcon_pkg'
[5.875s] Level 1:colcon.colcon_core.package_identification:_identify(ThirdParty/tiago_simulation/tiago_simulation) by extensions ['colcon_meta']
[5.875s] Level 1:colcon.colcon_core.package_identification:_identify(ThirdParty/tiago_simulation/tiago_simulation) by extension 'colcon_meta'
[5.875s] Level 1:colcon.colcon_core.package_identification:_identify(ThirdParty/tiago_simulation/tiago_simulation) by extensions ['ros']
[5.875s] Level 1:colcon.colcon_core.package_identification:_identify(ThirdParty/tiago_simulation/tiago_simulation) by extension 'ros'
[5.876s] DEBUG:colcon.colcon_core.package_identification:Package 'ThirdParty/tiago_simulation/tiago_simulation' with type 'ros.ament_cmake' and name 'tiago_simulation'
[5.876s] Level 1:colcon.colcon_core.package_identification:_identify(ThirdParty/yolo_ros) by extensions ['ignore', 'ignore_ament_install']
[5.876s] Level 1:colcon.colcon_core.package_identification:_identify(ThirdParty/yolo_ros) by extension 'ignore'
[5.876s] Level 1:colcon.colcon_core.package_identification:_identify(ThirdParty/yolo_ros) by extension 'ignore_ament_install'
[5.876s] Level 1:colcon.colcon_core.package_identification:_identify(ThirdParty/yolo_ros) by extensions ['colcon_pkg']
[5.876s] Level 1:colcon.colcon_core.package_identification:_identify(ThirdParty/yolo_ros) by extension 'colcon_pkg'
[5.876s] Level 1:colcon.colcon_core.package_identification:_identify(ThirdParty/yolo_ros) by extensions ['colcon_meta']
[5.876s] Level 1:colcon.colcon_core.package_identification:_identify(ThirdParty/yolo_ros) by extension 'colcon_meta'
[5.876s] Level 1:colcon.colcon_core.package_identification:_identify(ThirdParty/yolo_ros) by extensions ['ros']
[5.876s] Level 1:colcon.colcon_core.package_identification:_identify(ThirdParty/yolo_ros) by extension 'ros'
[5.876s] Level 1:colcon.colcon_core.package_identification:_identify(ThirdParty/yolo_ros) by extensions ['cmake', 'python']
[5.876s] Level 1:colcon.colcon_core.package_identification:_identify(ThirdParty/yolo_ros) by extension 'cmake'
[5.876s] Level 1:colcon.colcon_core.package_identification:_identify(ThirdParty/yolo_ros) by extension 'python'
[5.876s] Level 1:colcon.colcon_core.package_identification:_identify(ThirdParty/yolo_ros) by extensions ['python_setup_py']
[5.877s] Level 1:colcon.colcon_core.package_identification:_identify(ThirdParty/yolo_ros) by extension 'python_setup_py'
[5.877s] Level 1:colcon.colcon_core.package_identification:_identify(ThirdParty/yolo_ros/docs) by extensions ['ignore', 'ignore_ament_install']
[5.877s] Level 1:colcon.colcon_core.package_identification:_identify(ThirdParty/yolo_ros/docs) by extension 'ignore'
[5.877s] Level 1:colcon.colcon_core.package_identification:_identify(ThirdParty/yolo_ros/docs) by extension 'ignore_ament_install'
[5.877s] Level 1:colcon.colcon_core.package_identification:_identify(ThirdParty/yolo_ros/docs) by extensions ['colcon_pkg']
[5.877s] Level 1:colcon.colcon_core.package_identification:_identify(ThirdParty/yolo_ros/docs) by extension 'colcon_pkg'
[5.877s] Level 1:colcon.colcon_core.package_identification:_identify(ThirdParty/yolo_ros/docs) by extensions ['colcon_meta']
[5.877s] Level 1:colcon.colcon_core.package_identification:_identify(ThirdParty/yolo_ros/docs) by extension 'colcon_meta'
[5.877s] Level 1:colcon.colcon_core.package_identification:_identify(ThirdParty/yolo_ros/docs) by extensions ['ros']
[5.877s] Level 1:colcon.colcon_core.package_identification:_identify(ThirdParty/yolo_ros/docs) by extension 'ros'
[5.877s] Level 1:colcon.colcon_core.package_identification:_identify(ThirdParty/yolo_ros/docs) by extensions ['cmake', 'python']
[5.877s] Level 1:colcon.colcon_core.package_identification:_identify(ThirdParty/yolo_ros/docs) by extension 'cmake'
[5.877s] Level 1:colcon.colcon_core.package_identification:_identify(ThirdParty/yolo_ros/docs) by extension 'python'
[5.877s] Level 1:colcon.colcon_core.package_identification:_identify(ThirdParty/yolo_ros/docs) by extensions ['python_setup_py']
[5.877s] Level 1:colcon.colcon_core.package_identification:_identify(ThirdParty/yolo_ros/docs) by extension 'python_setup_py'
[5.878s] Level 1:colcon.colcon_core.package_identification:_identify(ThirdParty/yolo_ros/yolo_bringup) by extensions ['ignore', 'ignore_ament_install']
[5.878s] Level 1:colcon.colcon_core.package_identification:_identify(ThirdParty/yolo_ros/yolo_bringup) by extension 'ignore'
[5.878s] Level 1:colcon.colcon_core.package_identification:_identify(ThirdParty/yolo_ros/yolo_bringup) by extension 'ignore_ament_install'
[5.878s] Level 1:colcon.colcon_core.package_identification:_identify(ThirdParty/yolo_ros/yolo_bringup) by extensions ['colcon_pkg']
[5.878s] Level 1:colcon.colcon_core.package_identification:_identify(ThirdParty/yolo_ros/yolo_bringup) by extension 'colcon_pkg'
[5.878s] Level 1:colcon.colcon_core.package_identification:_identify(ThirdParty/yolo_ros/yolo_bringup) by extensions ['colcon_meta']
[5.878s] Level 1:colcon.colcon_core.package_identification:_identify(ThirdParty/yolo_ros/yolo_bringup) by extension 'colcon_meta'
[5.878s] Level 1:colcon.colcon_core.package_identification:_identify(ThirdParty/yolo_ros/yolo_bringup) by extensions ['ros']
[5.878s] Level 1:colcon.colcon_core.package_identification:_identify(ThirdParty/yolo_ros/yolo_bringup) by extension 'ros'
[5.896s] DEBUG:colcon.colcon_core.package_identification:Package 'ThirdParty/yolo_ros/yolo_bringup' with type 'ros.ament_cmake' and name 'yolo_bringup'
[5.897s] Level 1:colcon.colcon_core.package_identification:_identify(ThirdParty/yolo_ros/yolo_msgs) by extensions ['ignore', 'ignore_ament_install']
[5.897s] Level 1:colcon.colcon_core.package_identification:_identify(ThirdParty/yolo_ros/yolo_msgs) by extension 'ignore'
[5.898s] Level 1:colcon.colcon_core.package_identification:_identify(ThirdParty/yolo_ros/yolo_msgs) by extension 'ignore_ament_install'
[5.898s] Level 1:colcon.colcon_core.package_identification:_identify(ThirdParty/yolo_ros/yolo_msgs) by extensions ['colcon_pkg']
[5.898s] Level 1:colcon.colcon_core.package_identification:_identify(ThirdParty/yolo_ros/yolo_msgs) by extension 'colcon_pkg'
[5.898s] Level 1:colcon.colcon_core.package_identification:_identify(ThirdParty/yolo_ros/yolo_msgs) by extensions ['colcon_meta']
[5.898s] Level 1:colcon.colcon_core.package_identification:_identify(ThirdParty/yolo_ros/yolo_msgs) by extension 'colcon_meta'
[5.899s] Level 1:colcon.colcon_core.package_identification:_identify(ThirdParty/yolo_ros/yolo_msgs) by extensions ['ros']
[5.899s] Level 1:colcon.colcon_core.package_identification:_identify(ThirdParty/yolo_ros/yolo_msgs) by extension 'ros'
[5.901s] DEBUG:colcon.colcon_core.package_identification:Package 'ThirdParty/yolo_ros/yolo_msgs' with type 'ros.ament_cmake' and name 'yolo_msgs'
[5.901s] Level 1:colcon.colcon_core.package_identification:_identify(ThirdParty/yolo_ros/yolo_ros) by extensions ['ignore', 'ignore_ament_install']
[5.902s] Level 1:colcon.colcon_core.package_identification:_identify(ThirdParty/yolo_ros/yolo_ros) by extension 'ignore'
[5.903s] Level 1:colcon.colcon_core.package_identification:_identify(ThirdParty/yolo_ros/yolo_ros) by extension 'ignore_ament_install'
[5.903s] Level 1:colcon.colcon_core.package_identification:_identify(ThirdParty/yolo_ros/yolo_ros) by extensions ['colcon_pkg']
[5.903s] Level 1:colcon.colcon_core.package_identification:_identify(ThirdParty/yolo_ros/yolo_ros) by extension 'colcon_pkg'
[5.903s] Level 1:colcon.colcon_core.package_identification:_identify(ThirdParty/yolo_ros/yolo_ros) by extensions ['colcon_meta']
[5.903s] Level 1:colcon.colcon_core.package_identification:_identify(ThirdParty/yolo_ros/yolo_ros) by extension 'colcon_meta'
[5.904s] Level 1:colcon.colcon_core.package_identification:_identify(ThirdParty/yolo_ros/yolo_ros) by extensions ['ros']
[5.904s] Level 1:colcon.colcon_core.package_identification:_identify(ThirdParty/yolo_ros/yolo_ros) by extension 'ros'
[5.907s] DEBUG:colcon.colcon_core.package_identification:Package 'ThirdParty/yolo_ros/yolo_ros' with type 'ros.ament_python' and name 'yolo_ros'
[5.908s] Level 1:colcon.colcon_core.package_identification:_identify(build) by extensions ['ignore', 'ignore_ament_install']
[5.908s] Level 1:colcon.colcon_core.package_identification:_identify(build) by extension 'ignore'
[5.908s] Level 1:colcon.colcon_core.package_identification:_identify(build) ignored
[5.908s] Level 1:colcon.colcon_core.package_identification:_identify(docker_bt) by extensions ['ignore', 'ignore_ament_install']
[5.909s] Level 1:colcon.colcon_core.package_identification:_identify(docker_bt) by extension 'ignore'
[5.909s] Level 1:colcon.colcon_core.package_identification:_identify(docker_bt) by extension 'ignore_ament_install'
[5.909s] Level 1:colcon.colcon_core.package_identification:_identify(docker_bt) by extensions ['colcon_pkg']
[5.909s] Level 1:colcon.colcon_core.package_identification:_identify(docker_bt) by extension 'colcon_pkg'
[5.910s] Level 1:colcon.colcon_core.package_identification:_identify(docker_bt) by extensions ['colcon_meta']
[5.910s] Level 1:colcon.colcon_core.package_identification:_identify(docker_bt) by extension 'colcon_meta'
[5.910s] Level 1:colcon.colcon_core.package_identification:_identify(docker_bt) by extensions ['ros']
[5.910s] Level 1:colcon.colcon_core.package_identification:_identify(docker_bt) by extension 'ros'
[5.910s] Level 1:colcon.colcon_core.package_identification:_identify(docker_bt) by extensions ['cmake', 'python']
[5.910s] Level 1:colcon.colcon_core.package_identification:_identify(docker_bt) by extension 'cmake'
[5.911s] Level 1:colcon.colcon_core.package_identification:_identify(docker_bt) by extension 'python'
[5.911s] Level 1:colcon.colcon_core.package_identification:_identify(docker_bt) by extensions ['python_setup_py']
[5.911s] Level 1:colcon.colcon_core.package_identification:_identify(docker_bt) by extension 'python_setup_py'
[5.911s] Level 1:colcon.colcon_core.package_identification:_identify(docker_bt/scripts) by extensions ['ignore', 'ignore_ament_install']
[5.912s] Level 1:colcon.colcon_core.package_identification:_identify(docker_bt/scripts) by extension 'ignore'
[5.912s] Level 1:colcon.colcon_core.package_identification:_identify(docker_bt/scripts) by extension 'ignore_ament_install'
[5.912s] Level 1:colcon.colcon_core.package_identification:_identify(docker_bt/scripts) by extensions ['colcon_pkg']
[5.912s] Level 1:colcon.colcon_core.package_identification:_identify(docker_bt/scripts) by extension 'colcon_pkg'
[5.912s] Level 1:colcon.colcon_core.package_identification:_identify(docker_bt/scripts) by extensions ['colcon_meta']
[5.913s] Level 1:colcon.colcon_core.package_identification:_identify(docker_bt/scripts) by extension 'colcon_meta'
[5.913s] Level 1:colcon.colcon_core.package_identification:_identify(docker_bt/scripts) by extensions ['ros']
[5.913s] Level 1:colcon.colcon_core.package_identification:_identify(docker_bt/scripts) by extension 'ros'
[5.913s] Level 1:colcon.colcon_core.package_identification:_identify(docker_bt/scripts) by extensions ['cmake', 'python']
[5.913s] Level 1:colcon.colcon_core.package_identification:_identify(docker_bt/scripts) by extension 'cmake'
[5.914s] Level 1:colcon.colcon_core.package_identification:_identify(docker_bt/scripts) by extension 'python'
[5.914s] Level 1:colcon.colcon_core.package_identification:_identify(docker_bt/scripts) by extensions ['python_setup_py']
[5.914s] Level 1:colcon.colcon_core.package_identification:_identify(docker_bt/scripts) by extension 'python_setup_py'
[5.914s] Level 1:colcon.colcon_core.package_identification:_identify(docs) by extensions ['ignore', 'ignore_ament_install']
[5.915s] Level 1:colcon.colcon_core.package_identification:_identify(docs) by extension 'ignore'
[5.915s] Level 1:colcon.colcon_core.package_identification:_identify(docs) ignored
[5.915s] Level 1:colcon.colcon_core.package_identification:_identify(install) by extensions ['ignore', 'ignore_ament_install']
[5.915s] Level 1:colcon.colcon_core.package_identification:_identify(install) by extension 'ignore'
[5.916s] Level 1:colcon.colcon_core.package_identification:_identify(install) ignored
[5.916s] Level 1:colcon.colcon_core.package_identification:_identify(log) by extensions ['ignore', 'ignore_ament_install']
[5.916s] Level 1:colcon.colcon_core.package_identification:_identify(log) by extension 'ignore'
[5.917s] Level 1:colcon.colcon_core.package_identification:_identify(log) ignored
[5.917s] Level 1:colcon.colcon_core.package_identification:_identify(tiago_aruco_broadcast) by extensions ['ignore', 'ignore_ament_install']
[5.917s] Level 1:colcon.colcon_core.package_identification:_identify(tiago_aruco_broadcast) by extension 'ignore'
[5.917s] Level 1:colcon.colcon_core.package_identification:_identify(tiago_aruco_broadcast) by extension 'ignore_ament_install'
[5.918s] Level 1:colcon.colcon_core.package_identification:_identify(tiago_aruco_broadcast) by extensions ['colcon_pkg']
[5.918s] Level 1:colcon.colcon_core.package_identification:_identify(tiago_aruco_broadcast) by extension 'colcon_pkg'
[5.918s] Level 1:colcon.colcon_core.package_identification:_identify(tiago_aruco_broadcast) by extensions ['colcon_meta']
[5.918s] Level 1:colcon.colcon_core.package_identification:_identify(tiago_aruco_broadcast) by extension 'colcon_meta'
[5.918s] Level 1:colcon.colcon_core.package_identification:_identify(tiago_aruco_broadcast) by extensions ['ros']
[5.918s] Level 1:colcon.colcon_core.package_identification:_identify(tiago_aruco_broadcast) by extension 'ros'
[5.934s] DEBUG:colcon.colcon_core.package_identification:Package 'tiago_aruco_broadcast' with type 'ros.ament_cmake' and name 'tiago_aruco_broadcast'
[5.934s] Level 1:colcon.colcon_core.package_identification:_identify(tiago_behavior_tree) by extensions ['ignore', 'ignore_ament_install']
[5.934s] Level 1:colcon.colcon_core.package_identification:_identify(tiago_behavior_tree) by extension 'ignore'
[5.935s] Level 1:colcon.colcon_core.package_identification:_identify(tiago_behavior_tree) by extension 'ignore_ament_install'
[5.935s] Level 1:colcon.colcon_core.package_identification:_identify(tiago_behavior_tree) by extensions ['colcon_pkg']
[5.935s] Level 1:colcon.colcon_core.package_identification:_identify(tiago_behavior_tree) by extension 'colcon_pkg'
[5.936s] Level 1:colcon.colcon_core.package_identification:_identify(tiago_behavior_tree) by extensions ['colcon_meta']
[5.936s] Level 1:colcon.colcon_core.package_identification:_identify(tiago_behavior_tree) by extension 'colcon_meta'
[5.936s] Level 1:colcon.colcon_core.package_identification:_identify(tiago_behavior_tree) by extensions ['ros']
[5.936s] Level 1:colcon.colcon_core.package_identification:_identify(tiago_behavior_tree) by extension 'ros'
[5.947s] DEBUG:colcon.colcon_core.package_identification:Package 'tiago_behavior_tree' with type 'ros.ament_cmake' and name 'tiago_behavior_tree'
[5.947s] Level 1:colcon.colcon_core.package_identification:_identify(tiago_demos) by extensions ['ignore', 'ignore_ament_install']
[5.948s] Level 1:colcon.colcon_core.package_identification:_identify(tiago_demos) by extension 'ignore'
[5.948s] Level 1:colcon.colcon_core.package_identification:_identify(tiago_demos) by extension 'ignore_ament_install'
[5.948s] Level 1:colcon.colcon_core.package_identification:_identify(tiago_demos) by extensions ['colcon_pkg']
[5.948s] Level 1:colcon.colcon_core.package_identification:_identify(tiago_demos) by extension 'colcon_pkg'
[5.948s] Level 1:colcon.colcon_core.package_identification:_identify(tiago_demos) by extensions ['colcon_meta']
[5.949s] Level 1:colcon.colcon_core.package_identification:_identify(tiago_demos) by extension 'colcon_meta'
[5.949s] Level 1:colcon.colcon_core.package_identification:_identify(tiago_demos) by extensions ['ros']
[5.949s] Level 1:colcon.colcon_core.package_identification:_identify(tiago_demos) by extension 'ros'
[5.969s] DEBUG:colcon.colcon_core.package_identification:Package 'tiago_demos' with type 'ros.ament_cmake' and name 'tiago_demos'
[5.970s] Level 1:colcon.colcon_core.package_identification:_identify(tiago_grab) by extensions ['ignore', 'ignore_ament_install']
[5.970s] Level 1:colcon.colcon_core.package_identification:_identify(tiago_grab) by extension 'ignore'
[5.970s] Level 1:colcon.colcon_core.package_identification:_identify(tiago_grab) by extension 'ignore_ament_install'
[5.971s] Level 1:colcon.colcon_core.package_identification:_identify(tiago_grab) by extensions ['colcon_pkg']
[5.971s] Level 1:colcon.colcon_core.package_identification:_identify(tiago_grab) by extension 'colcon_pkg'
[5.971s] Level 1:colcon.colcon_core.package_identification:_identify(tiago_grab) by extensions ['colcon_meta']
[5.971s] Level 1:colcon.colcon_core.package_identification:_identify(tiago_grab) by extension 'colcon_meta'
[5.971s] Level 1:colcon.colcon_core.package_identification:_identify(tiago_grab) by extensions ['ros']
[5.972s] Level 1:colcon.colcon_core.package_identification:_identify(tiago_grab) by extension 'ros'
[5.974s] DEBUG:colcon.colcon_core.package_identification:Package 'tiago_grab' with type 'ros.ament_cmake' and name 'tiago_grab'
[5.975s] Level 1:colcon.colcon_core.package_identification:_identify(tiago_nav) by extensions ['ignore', 'ignore_ament_install']
[5.975s] Level 1:colcon.colcon_core.package_identification:_identify(tiago_nav) by extension 'ignore'
[5.975s] Level 1:colcon.colcon_core.package_identification:_identify(tiago_nav) by extension 'ignore_ament_install'
[5.976s] Level 1:colcon.colcon_core.package_identification:_identify(tiago_nav) by extensions ['colcon_pkg']
[5.976s] Level 1:colcon.colcon_core.package_identification:_identify(tiago_nav) by extension 'colcon_pkg'
[5.976s] Level 1:colcon.colcon_core.package_identification:_identify(tiago_nav) by extensions ['colcon_meta']
[5.976s] Level 1:colcon.colcon_core.package_identification:_identify(tiago_nav) by extension 'colcon_meta'
[5.976s] Level 1:colcon.colcon_core.package_identification:_identify(tiago_nav) by extensions ['ros']
[5.976s] Level 1:colcon.colcon_core.package_identification:_identify(tiago_nav) by extension 'ros'
[5.978s] DEBUG:colcon.colcon_core.package_identification:Package 'tiago_nav' with type 'ros.ament_cmake' and name 'tiago_nav'
[5.979s] Level 1:colcon.colcon_core.package_identification:_identify(tiago_sim) by extensions ['ignore', 'ignore_ament_install']
[5.979s] Level 1:colcon.colcon_core.package_identification:_identify(tiago_sim) by extension 'ignore'
[5.979s] Level 1:colcon.colcon_core.package_identification:_identify(tiago_sim) by extension 'ignore_ament_install'
[5.980s] Level 1:colcon.colcon_core.package_identification:_identify(tiago_sim) by extensions ['colcon_pkg']
[5.980s] Level 1:colcon.colcon_core.package_identification:_identify(tiago_sim) by extension 'colcon_pkg'
[5.980s] Level 1:colcon.colcon_core.package_identification:_identify(tiago_sim) by extensions ['colcon_meta']
[5.980s] Level 1:colcon.colcon_core.package_identification:_identify(tiago_sim) by extension 'colcon_meta'
[5.980s] Level 1:colcon.colcon_core.package_identification:_identify(tiago_sim) by extensions ['ros']
[5.980s] Level 1:colcon.colcon_core.package_identification:_identify(tiago_sim) by extension 'ros'
[5.992s] DEBUG:colcon.colcon_core.package_identification:Package 'tiago_sim' with type 'ros.ament_cmake' and name 'tiago_sim'
[5.993s] Level 1:colcon.colcon_core.package_identification:_identify(tiago_slam) by extensions ['ignore', 'ignore_ament_install']
[5.993s] Level 1:colcon.colcon_core.package_identification:_identify(tiago_slam) by extension 'ignore'
[5.993s] Level 1:colcon.colcon_core.package_identification:_identify(tiago_slam) by extension 'ignore_ament_install'
[5.994s] Level 1:colcon.colcon_core.package_identification:_identify(tiago_slam) by extensions ['colcon_pkg']
[5.994s] Level 1:colcon.colcon_core.package_identification:_identify(tiago_slam) by extension 'colcon_pkg'
[5.994s] Level 1:colcon.colcon_core.package_identification:_identify(tiago_slam) by extensions ['colcon_meta']
[5.994s] Level 1:colcon.colcon_core.package_identification:_identify(tiago_slam) by extension 'colcon_meta'
[5.994s] Level 1:colcon.colcon_core.package_identification:_identify(tiago_slam) by extensions ['ros']
[5.994s] Level 1:colcon.colcon_core.package_identification:_identify(tiago_slam) by extension 'ros'
[5.996s] DEBUG:colcon.colcon_core.package_identification:Package 'tiago_slam' with type 'ros.ament_cmake' and name 'tiago_slam'
[5.996s] Level 1:colcon.colcon_core.package_discovery:discover_packages(recursive) using defaults
[5.996s] Level 1:colcon.colcon_core.package_discovery:discover_packages(ignore) discover
[5.996s] Level 1:colcon.colcon_core.package_discovery:discover_packages(ignore) using defaults
[5.997s] Level 1:colcon.colcon_core.package_discovery:discover_packages(path) discover
[5.997s] Level 1:colcon.colcon_core.package_discovery:discover_packages(path) using defaults
[6.535s] Level 5:colcon.colcon_core.verb:set package 'btcpp_ros2_interfaces' build argument 'cmake_args' from command line to 'None'
[6.535s] Level 5:colcon.colcon_core.verb:set package 'btcpp_ros2_interfaces' build argument 'cmake_target' from command line to 'None'
[6.535s] Level 5:colcon.colcon_core.verb:set package 'btcpp_ros2_interfaces' build argument 'cmake_target_skip_unavailable' from command line to 'False'
[6.535s] Level 5:colcon.colcon_core.verb:set package 'btcpp_ros2_interfaces' build argument 'cmake_clean_cache' from command line to 'False'
[6.535s] Level 5:colcon.colcon_core.verb:set package 'btcpp_ros2_interfaces' build argument 'cmake_clean_first' from command line to 'False'
[6.535s] Level 5:colcon.colcon_core.verb:set package 'btcpp_ros2_interfaces' build argument 'cmake_force_configure' from command line to 'False'
[6.535s] Level 5:colcon.colcon_core.verb:set package 'btcpp_ros2_interfaces' build argument 'ament_cmake_args' from command line to 'None'
[6.535s] Level 5:colcon.colcon_core.verb:set package 'btcpp_ros2_interfaces' build argument 'catkin_cmake_args' from command line to 'None'
[6.535s] Level 5:colcon.colcon_core.verb:set package 'btcpp_ros2_interfaces' build argument 'catkin_skip_building_tests' from command line to 'False'
[6.535s] DEBUG:colcon.colcon_core.verb:Building package 'btcpp_ros2_interfaces' with the following arguments: {'ament_cmake_args': None, 'build_base': '/Bt/build/btcpp_ros2_interfaces', 'catkin_cmake_args': None, 'catkin_skip_building_tests': False, 'cmake_args': None, 'cmake_clean_cache': False, 'cmake_clean_first': False, 'cmake_force_configure': False, 'cmake_target': None, 'cmake_target_skip_unavailable': False, 'install_base': '/Bt/install/btcpp_ros2_interfaces', 'merge_install': False, 'path': '/Bt/ThirdParty/BehaviorTree.ROS2/btcpp_ros2_interfaces', 'symlink_install': False, 'test_result_base': None}
[6.536s] Level 5:colcon.colcon_core.verb:set package 'grab2_controller' build argument 'cmake_args' from command line to 'None'
[6.536s] Level 5:colcon.colcon_core.verb:set package 'grab2_controller' build argument 'cmake_target' from command line to 'None'
[6.536s] Level 5:colcon.colcon_core.verb:set package 'grab2_controller' build argument 'cmake_target_skip_unavailable' from command line to 'False'
[6.536s] Level 5:colcon.colcon_core.verb:set package 'grab2_controller' build argument 'cmake_clean_cache' from command line to 'False'
[6.536s] Level 5:colcon.colcon_core.verb:set package 'grab2_controller' build argument 'cmake_clean_first' from command line to 'False'
[6.536s] Level 5:colcon.colcon_core.verb:set package 'grab2_controller' build argument 'cmake_force_configure' from command line to 'False'
[6.536s] Level 5:colcon.colcon_core.verb:set package 'grab2_controller' build argument 'ament_cmake_args' from command line to 'None'
[6.536s] Level 5:colcon.colcon_core.verb:set package 'grab2_controller' build argument 'catkin_cmake_args' from command line to 'None'
[6.536s] Level 5:colcon.colcon_core.verb:set package 'grab2_controller' build argument 'catkin_skip_building_tests' from command line to 'False'
[6.536s] DEBUG:colcon.colcon_core.verb:Building package 'grab2_controller' with the following arguments: {'ament_cmake_args': None, 'build_base': '/Bt/build/grab2_controller', 'catkin_cmake_args': None, 'catkin_skip_building_tests': False, 'cmake_args': None, 'cmake_clean_cache': False, 'cmake_clean_first': False, 'cmake_force_configure': False, 'cmake_target': None, 'cmake_target_skip_unavailable': False, 'install_base': '/Bt/install/grab2_controller', 'merge_install': False, 'path': '/Bt/ThirdParty/grab2/grab2_controller', 'symlink_install': False, 'test_result_base': None}
[6.536s] Level 5:colcon.colcon_core.verb:set package 'launch_pal' build argument 'cmake_args' from command line to 'None'
[6.536s] Level 5:colcon.colcon_core.verb:set package 'launch_pal' build argument 'cmake_target' from command line to 'None'
[6.536s] Level 5:colcon.colcon_core.verb:set package 'launch_pal' build argument 'cmake_target_skip_unavailable' from command line to 'False'
[6.537s] Level 5:colcon.colcon_core.verb:set package 'launch_pal' build argument 'cmake_clean_cache' from command line to 'False'
[6.537s] Level 5:colcon.colcon_core.verb:set package 'launch_pal' build argument 'cmake_clean_first' from command line to 'False'
[6.537s] Level 5:colcon.colcon_core.verb:set package 'launch_pal' build argument 'cmake_force_configure' from command line to 'False'
[6.537s] Level 5:colcon.colcon_core.verb:set package 'launch_pal' build argument 'ament_cmake_args' from command line to 'None'
[6.537s] Level 5:colcon.colcon_core.verb:set package 'launch_pal' build argument 'catkin_cmake_args' from command line to 'None'
[6.537s] Level 5:colcon.colcon_core.verb:set package 'launch_pal' build argument 'catkin_skip_building_tests' from command line to 'False'
[6.537s] DEBUG:colcon.colcon_core.verb:Building package 'launch_pal' with the following arguments: {'ament_cmake_args': None, 'build_base': '/Bt/build/launch_pal', 'catkin_cmake_args': None, 'catkin_skip_building_tests': False, 'cmake_args': None, 'cmake_clean_cache': False, 'cmake_clean_first': False, 'cmake_force_configure': False, 'cmake_target': None, 'cmake_target_skip_unavailable': False, 'install_base': '/Bt/install/launch_pal', 'merge_install': False, 'path': '/Bt/ThirdParty/launch_pal', 'symlink_install': False, 'test_result_base': None}
[6.537s] Level 5:colcon.colcon_core.verb:set package 'omni_base_controller_configuration' build argument 'cmake_args' from command line to 'None'
[6.537s] Level 5:colcon.colcon_core.verb:set package 'omni_base_controller_configuration' build argument 'cmake_target' from command line to 'None'
[6.537s] Level 5:colcon.colcon_core.verb:set package 'omni_base_controller_configuration' build argument 'cmake_target_skip_unavailable' from command line to 'False'
[6.537s] Level 5:colcon.colcon_core.verb:set package 'omni_base_controller_configuration' build argument 'cmake_clean_cache' from command line to 'False'
[6.537s] Level 5:colcon.colcon_core.verb:set package 'omni_base_controller_configuration' build argument 'cmake_clean_first' from command line to 'False'
[6.537s] Level 5:colcon.colcon_core.verb:set package 'omni_base_controller_configuration' build argument 'cmake_force_configure' from command line to 'False'
[6.537s] Level 5:colcon.colcon_core.verb:set package 'omni_base_controller_configuration' build argument 'ament_cmake_args' from command line to 'None'
[6.537s] Level 5:colcon.colcon_core.verb:set package 'omni_base_controller_configuration' build argument 'catkin_cmake_args' from command line to 'None'
[6.537s] Level 5:colcon.colcon_core.verb:set package 'omni_base_controller_configuration' build argument 'catkin_skip_building_tests' from command line to 'False'
[6.537s] DEBUG:colcon.colcon_core.verb:Building package 'omni_base_controller_configuration' with the following arguments: {'ament_cmake_args': None, 'build_base': '/Bt/build/omni_base_controller_configuration', 'catkin_cmake_args': None, 'catkin_skip_building_tests': False, 'cmake_args': None, 'cmake_clean_cache': False, 'cmake_clean_first': False, 'cmake_force_configure': False, 'cmake_target': None, 'cmake_target_skip_unavailable': False, 'install_base': '/Bt/install/omni_base_controller_configuration', 'merge_install': False, 'path': '/Bt/ThirdParty/tiago_omni_base/omni_base_controller_configuration', 'symlink_install': False, 'test_result_base': None}
[6.538s] Level 5:colcon.colcon_core.verb:set package 'pal_gripper_controller_configuration' build argument 'cmake_args' from command line to 'None'
[6.538s] Level 5:colcon.colcon_core.verb:set package 'pal_gripper_controller_configuration' build argument 'cmake_target' from command line to 'None'
[6.538s] Level 5:colcon.colcon_core.verb:set package 'pal_gripper_controller_configuration' build argument 'cmake_target_skip_unavailable' from command line to 'False'
[6.538s] Level 5:colcon.colcon_core.verb:set package 'pal_gripper_controller_configuration' build argument 'cmake_clean_cache' from command line to 'False'
[6.538s] Level 5:colcon.colcon_core.verb:set package 'pal_gripper_controller_configuration' build argument 'cmake_clean_first' from command line to 'False'
[6.538s] Level 5:colcon.colcon_core.verb:set package 'pal_gripper_controller_configuration' build argument 'cmake_force_configure' from command line to 'False'
[6.538s] Level 5:colcon.colcon_core.verb:set package 'pal_gripper_controller_configuration' build argument 'ament_cmake_args' from command line to 'None'
[6.538s] Level 5:colcon.colcon_core.verb:set package 'pal_gripper_controller_configuration' build argument 'catkin_cmake_args' from command line to 'None'
[6.538s] Level 5:colcon.colcon_core.verb:set package 'pal_gripper_controller_configuration' build argument 'catkin_skip_building_tests' from command line to 'False'
[6.538s] DEBUG:colcon.colcon_core.verb:Building package 'pal_gripper_controller_configuration' with the following arguments: {'ament_cmake_args': None, 'build_base': '/Bt/build/pal_gripper_controller_configuration', 'catkin_cmake_args': None, 'catkin_skip_building_tests': False, 'cmake_args': None, 'cmake_clean_cache': False, 'cmake_clean_first': False, 'cmake_force_configure': False, 'cmake_target': None, 'cmake_target_skip_unavailable': False, 'install_base': '/Bt/install/pal_gripper_controller_configuration', 'merge_install': False, 'path': '/Bt/ThirdParty/pal_gripper/pal_gripper_controller_configuration', 'symlink_install': False, 'test_result_base': None}
[6.538s] Level 5:colcon.colcon_core.verb:set package 'pal_hey5_controller_configuration' build argument 'cmake_args' from command line to 'None'
[6.538s] Level 5:colcon.colcon_core.verb:set package 'pal_hey5_controller_configuration' build argument 'cmake_target' from command line to 'None'
[6.538s] Level 5:colcon.colcon_core.verb:set package 'pal_hey5_controller_configuration' build argument 'cmake_target_skip_unavailable' from command line to 'False'
[6.538s] Level 5:colcon.colcon_core.verb:set package 'pal_hey5_controller_configuration' build argument 'cmake_clean_cache' from command line to 'False'
[6.539s] Level 5:colcon.colcon_core.verb:set package 'pal_hey5_controller_configuration' build argument 'cmake_clean_first' from command line to 'False'
[6.539s] Level 5:colcon.colcon_core.verb:set package 'pal_hey5_controller_configuration' build argument 'cmake_force_configure' from command line to 'False'
[6.539s] Level 5:colcon.colcon_core.verb:set package 'pal_hey5_controller_configuration' build argument 'ament_cmake_args' from command line to 'None'
[6.539s] Level 5:colcon.colcon_core.verb:set package 'pal_hey5_controller_configuration' build argument 'catkin_cmake_args' from command line to 'None'
[6.539s] Level 5:colcon.colcon_core.verb:set package 'pal_hey5_controller_configuration' build argument 'catkin_skip_building_tests' from command line to 'False'
[6.539s] DEBUG:colcon.colcon_core.verb:Building package 'pal_hey5_controller_configuration' with the following arguments: {'ament_cmake_args': None, 'build_base': '/Bt/build/pal_hey5_controller_configuration', 'catkin_cmake_args': None, 'catkin_skip_building_tests': False, 'cmake_args': None, 'cmake_clean_cache': False, 'cmake_clean_first': False, 'cmake_force_configure': False, 'cmake_target': None, 'cmake_target_skip_unavailable': False, 'install_base': '/Bt/install/pal_hey5_controller_configuration', 'merge_install': False, 'path': '/Bt/ThirdParty/pal_hey5/pal_hey5_controller_configuration', 'symlink_install': False, 'test_result_base': None}
[6.539s] Level 5:colcon.colcon_core.verb:set package 'pal_maps' build argument 'cmake_args' from command line to 'None'
[6.539s] Level 5:colcon.colcon_core.verb:set package 'pal_maps' build argument 'cmake_target' from command line to 'None'
[6.539s] Level 5:colcon.colcon_core.verb:set package 'pal_maps' build argument 'cmake_target_skip_unavailable' from command line to 'False'
[6.539s] Level 5:colcon.colcon_core.verb:set package 'pal_maps' build argument 'cmake_clean_cache' from command line to 'False'
[6.539s] Level 5:colcon.colcon_core.verb:set package 'pal_maps' build argument 'cmake_clean_first' from command line to 'False'
[6.539s] Level 5:colcon.colcon_core.verb:set package 'pal_maps' build argument 'cmake_force_configure' from command line to 'False'
[6.539s] Level 5:colcon.colcon_core.verb:set package 'pal_maps' build argument 'ament_cmake_args' from command line to 'None'
[6.539s] Level 5:colcon.colcon_core.verb:set package 'pal_maps' build argument 'catkin_cmake_args' from command line to 'None'
[6.539s] Level 5:colcon.colcon_core.verb:set package 'pal_maps' build argument 'catkin_skip_building_tests' from command line to 'False'
[6.539s] DEBUG:colcon.colcon_core.verb:Building package 'pal_maps' with the following arguments: {'ament_cmake_args': None, 'build_base': '/Bt/build/pal_maps', 'catkin_cmake_args': None, 'catkin_skip_building_tests': False, 'cmake_args': None, 'cmake_clean_cache': False, 'cmake_clean_first': False, 'cmake_force_configure': False, 'cmake_target': None, 'cmake_target_skip_unavailable': False, 'install_base': '/Bt/install/pal_maps', 'merge_install': False, 'path': '/Bt/ThirdParty/pal_maps', 'symlink_install': False, 'test_result_base': None}
[6.539s] Level 5:colcon.colcon_core.verb:set package 'pal_robotiq_controller_configuration' build argument 'cmake_args' from command line to 'None'
[6.540s] Level 5:colcon.colcon_core.verb:set package 'pal_robotiq_controller_configuration' build argument 'cmake_target' from command line to 'None'
[6.540s] Level 5:colcon.colcon_core.verb:set package 'pal_robotiq_controller_configuration' build argument 'cmake_target_skip_unavailable' from command line to 'False'
[6.540s] Level 5:colcon.colcon_core.verb:set package 'pal_robotiq_controller_configuration' build argument 'cmake_clean_cache' from command line to 'False'
[6.540s] Level 5:colcon.colcon_core.verb:set package 'pal_robotiq_controller_configuration' build argument 'cmake_clean_first' from command line to 'False'
[6.540s] Level 5:colcon.colcon_core.verb:set package 'pal_robotiq_controller_configuration' build argument 'cmake_force_configure' from command line to 'False'
[6.540s] Level 5:colcon.colcon_core.verb:set package 'pal_robotiq_controller_configuration' build argument 'ament_cmake_args' from command line to 'None'
[6.540s] Level 5:colcon.colcon_core.verb:set package 'pal_robotiq_controller_configuration' build argument 'catkin_cmake_args' from command line to 'None'
[6.540s] Level 5:colcon.colcon_core.verb:set package 'pal_robotiq_controller_configuration' build argument 'catkin_skip_building_tests' from command line to 'False'
[6.540s] DEBUG:colcon.colcon_core.verb:Building package 'pal_robotiq_controller_configuration' with the following arguments: {'ament_cmake_args': None, 'build_base': '/Bt/build/pal_robotiq_controller_configuration', 'catkin_cmake_args': None, 'catkin_skip_building_tests': False, 'cmake_args': None, 'cmake_clean_cache': False, 'cmake_clean_first': False, 'cmake_force_configure': False, 'cmake_target': None, 'cmake_target_skip_unavailable': False, 'install_base': '/Bt/install/pal_robotiq_controller_configuration', 'merge_install': False, 'path': '/Bt/ThirdParty/pal_robotiq_gripper/pal_robotiq_controller_configuration', 'symlink_install': False, 'test_result_base': None}
[6.540s] Level 5:colcon.colcon_core.verb:set package 'pal_robotiq_description' build argument 'cmake_args' from command line to 'None'
[6.540s] Level 5:colcon.colcon_core.verb:set package 'pal_robotiq_description' build argument 'cmake_target' from command line to 'None'
[6.540s] Level 5:colcon.colcon_core.verb:set package 'pal_robotiq_description' build argument 'cmake_target_skip_unavailable' from command line to 'False'
[6.540s] Level 5:colcon.colcon_core.verb:set package 'pal_robotiq_description' build argument 'cmake_clean_cache' from command line to 'False'
[6.540s] Level 5:colcon.colcon_core.verb:set package 'pal_robotiq_description' build argument 'cmake_clean_first' from command line to 'False'
[6.540s] Level 5:colcon.colcon_core.verb:set package 'pal_robotiq_description' build argument 'cmake_force_configure' from command line to 'False'
[6.540s] Level 5:colcon.colcon_core.verb:set package 'pal_robotiq_description' build argument 'ament_cmake_args' from command line to 'None'
[6.540s] Level 5:colcon.colcon_core.verb:set package 'pal_robotiq_description' build argument 'catkin_cmake_args' from command line to 'None'
[6.540s] Level 5:colcon.colcon_core.verb:set package 'pal_robotiq_description' build argument 'catkin_skip_building_tests' from command line to 'False'
[6.540s] DEBUG:colcon.colcon_core.verb:Building package 'pal_robotiq_description' with the following arguments: {'ament_cmake_args': None, 'build_base': '/Bt/build/pal_robotiq_description', 'catkin_cmake_args': None, 'catkin_skip_building_tests': False, 'cmake_args': None, 'cmake_clean_cache': False, 'cmake_clean_first': False, 'cmake_force_configure': False, 'cmake_target': None, 'cmake_target_skip_unavailable': False, 'install_base': '/Bt/install/pal_robotiq_description', 'merge_install': False, 'path': '/Bt/ThirdParty/pal_robotiq_gripper/pal_robotiq_description', 'symlink_install': False, 'test_result_base': None}
[6.541s] Level 5:colcon.colcon_core.verb:set package 'pal_urdf_utils' build argument 'cmake_args' from command line to 'None'
[6.541s] Level 5:colcon.colcon_core.verb:set package 'pal_urdf_utils' build argument 'cmake_target' from command line to 'None'
[6.541s] Level 5:colcon.colcon_core.verb:set package 'pal_urdf_utils' build argument 'cmake_target_skip_unavailable' from command line to 'False'
[6.541s] Level 5:colcon.colcon_core.verb:set package 'pal_urdf_utils' build argument 'cmake_clean_cache' from command line to 'False'
[6.541s] Level 5:colcon.colcon_core.verb:set package 'pal_urdf_utils' build argument 'cmake_clean_first' from command line to 'False'
[6.541s] Level 5:colcon.colcon_core.verb:set package 'pal_urdf_utils' build argument 'cmake_force_configure' from command line to 'False'
[6.541s] Level 5:colcon.colcon_core.verb:set package 'pal_urdf_utils' build argument 'ament_cmake_args' from command line to 'None'
[6.541s] Level 5:colcon.colcon_core.verb:set package 'pal_urdf_utils' build argument 'catkin_cmake_args' from command line to 'None'
[6.541s] Level 5:colcon.colcon_core.verb:set package 'pal_urdf_utils' build argument 'catkin_skip_building_tests' from command line to 'False'
[6.541s] DEBUG:colcon.colcon_core.verb:Building package 'pal_urdf_utils' with the following arguments: {'ament_cmake_args': None, 'build_base': '/Bt/build/pal_urdf_utils', 'catkin_cmake_args': None, 'catkin_skip_building_tests': False, 'cmake_args': None, 'cmake_clean_cache': False, 'cmake_clean_first': False, 'cmake_force_configure': False, 'cmake_target': None, 'cmake_target_skip_unavailable': False, 'install_base': '/Bt/install/pal_urdf_utils', 'merge_install': False, 'path': '/Bt/ThirdParty/pal_urdf_utils', 'symlink_install': False, 'test_result_base': None}
[6.541s] Level 5:colcon.colcon_core.verb:set package 'play_motion2_msgs' build argument 'cmake_args' from command line to 'None'
[6.541s] Level 5:colcon.colcon_core.verb:set package 'play_motion2_msgs' build argument 'cmake_target' from command line to 'None'
[6.541s] Level 5:colcon.colcon_core.verb:set package 'play_motion2_msgs' build argument 'cmake_target_skip_unavailable' from command line to 'False'
[6.541s] Level 5:colcon.colcon_core.verb:set package 'play_motion2_msgs' build argument 'cmake_clean_cache' from command line to 'False'
[6.541s] Level 5:colcon.colcon_core.verb:set package 'play_motion2_msgs' build argument 'cmake_clean_first' from command line to 'False'
[6.541s] Level 5:colcon.colcon_core.verb:set package 'play_motion2_msgs' build argument 'cmake_force_configure' from command line to 'False'
[6.541s] Level 5:colcon.colcon_core.verb:set package 'play_motion2_msgs' build argument 'ament_cmake_args' from command line to 'None'
[6.541s] Level 5:colcon.colcon_core.verb:set package 'play_motion2_msgs' build argument 'catkin_cmake_args' from command line to 'None'
[6.541s] Level 5:colcon.colcon_core.verb:set package 'play_motion2_msgs' build argument 'catkin_skip_building_tests' from command line to 'False'
[6.541s] DEBUG:colcon.colcon_core.verb:Building package 'play_motion2_msgs' with the following arguments: {'ament_cmake_args': None, 'build_base': '/Bt/build/play_motion2_msgs', 'catkin_cmake_args': None, 'catkin_skip_building_tests': False, 'cmake_args': None, 'cmake_clean_cache': False, 'cmake_clean_first': False, 'cmake_force_configure': False, 'cmake_target': None, 'cmake_target_skip_unavailable': False, 'install_base': '/Bt/install/play_motion2_msgs', 'merge_install': False, 'path': '/Bt/ThirdParty/play_motion2/play_motion2_msgs', 'symlink_install': False, 'test_result_base': None}
[6.542s] Level 5:colcon.colcon_core.verb:set package 'pmb2_laser_sensors' build argument 'cmake_args' from command line to 'None'
[6.542s] Level 5:colcon.colcon_core.verb:set package 'pmb2_laser_sensors' build argument 'cmake_target' from command line to 'None'
[6.542s] Level 5:colcon.colcon_core.verb:set package 'pmb2_laser_sensors' build argument 'cmake_target_skip_unavailable' from command line to 'False'
[6.542s] Level 5:colcon.colcon_core.verb:set package 'pmb2_laser_sensors' build argument 'cmake_clean_cache' from command line to 'False'
[6.542s] Level 5:colcon.colcon_core.verb:set package 'pmb2_laser_sensors' build argument 'cmake_clean_first' from command line to 'False'
[6.542s] Level 5:colcon.colcon_core.verb:set package 'pmb2_laser_sensors' build argument 'cmake_force_configure' from command line to 'False'
[6.542s] Level 5:colcon.colcon_core.verb:set package 'pmb2_laser_sensors' build argument 'ament_cmake_args' from command line to 'None'
[6.542s] Level 5:colcon.colcon_core.verb:set package 'pmb2_laser_sensors' build argument 'catkin_cmake_args' from command line to 'None'
[6.542s] Level 5:colcon.colcon_core.verb:set package 'pmb2_laser_sensors' build argument 'catkin_skip_building_tests' from command line to 'False'
[6.542s] DEBUG:colcon.colcon_core.verb:Building package 'pmb2_laser_sensors' with the following arguments: {'ament_cmake_args': None, 'build_base': '/Bt/build/pmb2_laser_sensors', 'catkin_cmake_args': None, 'catkin_skip_building_tests': False, 'cmake_args': None, 'cmake_clean_cache': False, 'cmake_clean_first': False, 'cmake_force_configure': False, 'cmake_target': None, 'cmake_target_skip_unavailable': False, 'install_base': '/Bt/install/pmb2_laser_sensors', 'merge_install': False, 'path': '/Bt/ThirdParty/pmb2_navigation/pmb2_laser_sensors', 'symlink_install': False, 'test_result_base': None}
[6.542s] Level 5:colcon.colcon_core.verb:set package 'ros2_aruco' build argument 'cmake_args' from command line to 'None'
[6.542s] Level 5:colcon.colcon_core.verb:set package 'ros2_aruco' build argument 'cmake_target' from command line to 'None'
[6.542s] Level 5:colcon.colcon_core.verb:set package 'ros2_aruco' build argument 'cmake_target_skip_unavailable' from command line to 'False'
[6.542s] Level 5:colcon.colcon_core.verb:set package 'ros2_aruco' build argument 'cmake_clean_cache' from command line to 'False'
[6.542s] Level 5:colcon.colcon_core.verb:set package 'ros2_aruco' build argument 'cmake_clean_first' from command line to 'False'
[6.542s] Level 5:colcon.colcon_core.verb:set package 'ros2_aruco' build argument 'cmake_force_configure' from command line to 'False'
[6.542s] Level 5:colcon.colcon_core.verb:set package 'ros2_aruco' build argument 'ament_cmake_args' from command line to 'None'
[6.542s] Level 5:colcon.colcon_core.verb:set package 'ros2_aruco' build argument 'catkin_cmake_args' from command line to 'None'
[6.542s] Level 5:colcon.colcon_core.verb:set package 'ros2_aruco' build argument 'catkin_skip_building_tests' from command line to 'False'
[6.542s] DEBUG:colcon.colcon_core.verb:Building package 'ros2_aruco' with the following arguments: {'ament_cmake_args': None, 'build_base': '/Bt/build/ros2_aruco', 'catkin_cmake_args': None, 'catkin_skip_building_tests': False, 'cmake_args': None, 'cmake_clean_cache': False, 'cmake_clean_first': False, 'cmake_force_configure': False, 'cmake_target': None, 'cmake_target_skip_unavailable': False, 'install_base': '/Bt/install/ros2_aruco', 'merge_install': False, 'path': '/Bt/ThirdParty/ros2_aruco/ros2_aruco', 'symlink_install': False, 'test_result_base': None}
[6.543s] Level 5:colcon.colcon_core.verb:set package 'ros2_aruco_interfaces' build argument 'cmake_args' from command line to 'None'
[6.543s] Level 5:colcon.colcon_core.verb:set package 'ros2_aruco_interfaces' build argument 'cmake_target' from command line to 'None'
[6.543s] Level 5:colcon.colcon_core.verb:set package 'ros2_aruco_interfaces' build argument 'cmake_target_skip_unavailable' from command line to 'False'
[6.543s] Level 5:colcon.colcon_core.verb:set package 'ros2_aruco_interfaces' build argument 'cmake_clean_cache' from command line to 'False'
[6.543s] Level 5:colcon.colcon_core.verb:set package 'ros2_aruco_interfaces' build argument 'cmake_clean_first' from command line to 'False'
[6.543s] Level 5:colcon.colcon_core.verb:set package 'ros2_aruco_interfaces' build argument 'cmake_force_configure' from command line to 'False'
[6.543s] Level 5:colcon.colcon_core.verb:set package 'ros2_aruco_interfaces' build argument 'ament_cmake_args' from command line to 'None'
[6.543s] Level 5:colcon.colcon_core.verb:set package 'ros2_aruco_interfaces' build argument 'catkin_cmake_args' from command line to 'None'
[6.543s] Level 5:colcon.colcon_core.verb:set package 'ros2_aruco_interfaces' build argument 'catkin_skip_building_tests' from command line to 'False'
[6.543s] DEBUG:colcon.colcon_core.verb:Building package 'ros2_aruco_interfaces' with the following arguments: {'ament_cmake_args': None, 'build_base': '/Bt/build/ros2_aruco_interfaces', 'catkin_cmake_args': None, 'catkin_skip_building_tests': False, 'cmake_args': None, 'cmake_clean_cache': False, 'cmake_clean_first': False, 'cmake_force_configure': False, 'cmake_target': None, 'cmake_target_skip_unavailable': False, 'install_base': '/Bt/install/ros2_aruco_interfaces', 'merge_install': False, 'path': '/Bt/ThirdParty/ros2_aruco/ros2_aruco_interfaces', 'symlink_install': False, 'test_result_base': None}
[6.543s] Level 5:colcon.colcon_core.verb:set package 'tiago_laser_sensors' build argument 'cmake_args' from command line to 'None'
[6.543s] Level 5:colcon.colcon_core.verb:set package 'tiago_laser_sensors' build argument 'cmake_target' from command line to 'None'
[6.543s] Level 5:colcon.colcon_core.verb:set package 'tiago_laser_sensors' build argument 'cmake_target_skip_unavailable' from command line to 'False'
[6.543s] Level 5:colcon.colcon_core.verb:set package 'tiago_laser_sensors' build argument 'cmake_clean_cache' from command line to 'False'
[6.543s] Level 5:colcon.colcon_core.verb:set package 'tiago_laser_sensors' build argument 'cmake_clean_first' from command line to 'False'
[6.543s] Level 5:colcon.colcon_core.verb:set package 'tiago_laser_sensors' build argument 'cmake_force_configure' from command line to 'False'
[6.543s] Level 5:colcon.colcon_core.verb:set package 'tiago_laser_sensors' build argument 'ament_cmake_args' from command line to 'None'
[6.543s] Level 5:colcon.colcon_core.verb:set package 'tiago_laser_sensors' build argument 'catkin_cmake_args' from command line to 'None'
[6.543s] Level 5:colcon.colcon_core.verb:set package 'tiago_laser_sensors' build argument 'catkin_skip_building_tests' from command line to 'False'
[6.543s] DEBUG:colcon.colcon_core.verb:Building package 'tiago_laser_sensors' with the following arguments: {'ament_cmake_args': None, 'build_base': '/Bt/build/tiago_laser_sensors', 'catkin_cmake_args': None, 'catkin_skip_building_tests': False, 'cmake_args': None, 'cmake_clean_cache': False, 'cmake_clean_first': False, 'cmake_force_configure': False, 'cmake_target': None, 'cmake_target_skip_unavailable': False, 'install_base': '/Bt/install/tiago_laser_sensors', 'merge_install': False, 'path': '/Bt/ThirdParty/tiago_navigation/tiago_laser_sensors', 'symlink_install': False, 'test_result_base': None}
[6.544s] Level 5:colcon.colcon_core.verb:set package 'tiago_nav' build argument 'cmake_args' from command line to 'None'
[6.544s] Level 5:colcon.colcon_core.verb:set package 'tiago_nav' build argument 'cmake_target' from command line to 'None'
[6.544s] Level 5:colcon.colcon_core.verb:set package 'tiago_nav' build argument 'cmake_target_skip_unavailable' from command line to 'False'
[6.544s] Level 5:colcon.colcon_core.verb:set package 'tiago_nav' build argument 'cmake_clean_cache' from command line to 'False'
[6.544s] Level 5:colcon.colcon_core.verb:set package 'tiago_nav' build argument 'cmake_clean_first' from command line to 'False'
[6.544s] Level 5:colcon.colcon_core.verb:set package 'tiago_nav' build argument 'cmake_force_configure' from command line to 'False'
[6.544s] Level 5:colcon.colcon_core.verb:set package 'tiago_nav' build argument 'ament_cmake_args' from command line to 'None'
[6.544s] Level 5:colcon.colcon_core.verb:set package 'tiago_nav' build argument 'catkin_cmake_args' from command line to 'None'
[6.544s] Level 5:colcon.colcon_core.verb:set package 'tiago_nav' build argument 'catkin_skip_building_tests' from command line to 'False'
[6.544s] DEBUG:colcon.colcon_core.verb:Building package 'tiago_nav' with the following arguments: {'ament_cmake_args': None, 'build_base': '/Bt/build/tiago_nav', 'catkin_cmake_args': None, 'catkin_skip_building_tests': False, 'cmake_args': None, 'cmake_clean_cache': False, 'cmake_clean_first': False, 'cmake_force_configure': False, 'cmake_target': None, 'cmake_target_skip_unavailable': False, 'install_base': '/Bt/install/tiago_nav', 'merge_install': False, 'path': '/Bt/tiago_nav', 'symlink_install': False, 'test_result_base': None}
[6.544s] Level 5:colcon.colcon_core.verb:set package 'tiago_sim' build argument 'cmake_args' from command line to 'None'
[6.544s] Level 5:colcon.colcon_core.verb:set package 'tiago_sim' build argument 'cmake_target' from command line to 'None'
[6.544s] Level 5:colcon.colcon_core.verb:set package 'tiago_sim' build argument 'cmake_target_skip_unavailable' from command line to 'False'
[6.544s] Level 5:colcon.colcon_core.verb:set package 'tiago_sim' build argument 'cmake_clean_cache' from command line to 'False'
[6.544s] Level 5:colcon.colcon_core.verb:set package 'tiago_sim' build argument 'cmake_clean_first' from command line to 'False'
[6.544s] Level 5:colcon.colcon_core.verb:set package 'tiago_sim' build argument 'cmake_force_configure' from command line to 'False'
[6.544s] Level 5:colcon.colcon_core.verb:set package 'tiago_sim' build argument 'ament_cmake_args' from command line to 'None'
[6.544s] Level 5:colcon.colcon_core.verb:set package 'tiago_sim' build argument 'catkin_cmake_args' from command line to 'None'
[6.544s] Level 5:colcon.colcon_core.verb:set package 'tiago_sim' build argument 'catkin_skip_building_tests' from command line to 'False'
[6.544s] DEBUG:colcon.colcon_core.verb:Building package 'tiago_sim' with the following arguments: {'ament_cmake_args': None, 'build_base': '/Bt/build/tiago_sim', 'catkin_cmake_args': None, 'catkin_skip_building_tests': False, 'cmake_args': None, 'cmake_clean_cache': False, 'cmake_clean_first': False, 'cmake_force_configure': False, 'cmake_target': None, 'cmake_target_skip_unavailable': False, 'install_base': '/Bt/install/tiago_sim', 'merge_install': False, 'path': '/Bt/tiago_sim', 'symlink_install': False, 'test_result_base': None}
[6.545s] Level 5:colcon.colcon_core.verb:set package 'tiago_slam' build argument 'cmake_args' from command line to 'None'
[6.545s] Level 5:colcon.colcon_core.verb:set package 'tiago_slam' build argument 'cmake_target' from command line to 'None'
[6.545s] Level 5:colcon.colcon_core.verb:set package 'tiago_slam' build argument 'cmake_target_skip_unavailable' from command line to 'False'
[6.545s] Level 5:colcon.colcon_core.verb:set package 'tiago_slam' build argument 'cmake_clean_cache' from command line to 'False'
[6.545s] Level 5:colcon.colcon_core.verb:set package 'tiago_slam' build argument 'cmake_clean_first' from command line to 'False'
[6.545s] Level 5:colcon.colcon_core.verb:set package 'tiago_slam' build argument 'cmake_force_configure' from command line to 'False'
[6.545s] Level 5:colcon.colcon_core.verb:set package 'tiago_slam' build argument 'ament_cmake_args' from command line to 'None'
[6.545s] Level 5:colcon.colcon_core.verb:set package 'tiago_slam' build argument 'catkin_cmake_args' from command line to 'None'
[6.545s] Level 5:colcon.colcon_core.verb:set package 'tiago_slam' build argument 'catkin_skip_building_tests' from command line to 'False'
[6.545s] DEBUG:colcon.colcon_core.verb:Building package 'tiago_slam' with the following arguments: {'ament_cmake_args': None, 'build_base': '/Bt/build/tiago_slam', 'catkin_cmake_args': None, 'catkin_skip_building_tests': False, 'cmake_args': None, 'cmake_clean_cache': False, 'cmake_clean_first': False, 'cmake_force_configure': False, 'cmake_target': None, 'cmake_target_skip_unavailable': False, 'install_base': '/Bt/install/tiago_slam', 'merge_install': False, 'path': '/Bt/tiago_slam', 'symlink_install': False, 'test_result_base': None}
[6.545s] Level 5:colcon.colcon_core.verb:set package 'yolo_msgs' build argument 'cmake_args' from command line to 'None'
[6.545s] Level 5:colcon.colcon_core.verb:set package 'yolo_msgs' build argument 'cmake_target' from command line to 'None'
[6.545s] Level 5:colcon.colcon_core.verb:set package 'yolo_msgs' build argument 'cmake_target_skip_unavailable' from command line to 'False'
[6.545s] Level 5:colcon.colcon_core.verb:set package 'yolo_msgs' build argument 'cmake_clean_cache' from command line to 'False'
[6.545s] Level 5:colcon.colcon_core.verb:set package 'yolo_msgs' build argument 'cmake_clean_first' from command line to 'False'
[6.545s] Level 5:colcon.colcon_core.verb:set package 'yolo_msgs' build argument 'cmake_force_configure' from command line to 'False'
[6.545s] Level 5:colcon.colcon_core.verb:set package 'yolo_msgs' build argument 'ament_cmake_args' from command line to 'None'
[6.545s] Level 5:colcon.colcon_core.verb:set package 'yolo_msgs' build argument 'catkin_cmake_args' from command line to 'None'
[6.545s] Level 5:colcon.colcon_core.verb:set package 'yolo_msgs' build argument 'catkin_skip_building_tests' from command line to 'False'
[6.545s] DEBUG:colcon.colcon_core.verb:Building package 'yolo_msgs' with the following arguments: {'ament_cmake_args': None, 'build_base': '/Bt/build/yolo_msgs', 'catkin_cmake_args': None, 'catkin_skip_building_tests': False, 'cmake_args': None, 'cmake_clean_cache': False, 'cmake_clean_first': False, 'cmake_force_configure': False, 'cmake_target': None, 'cmake_target_skip_unavailable': False, 'install_base': '/Bt/install/yolo_msgs', 'merge_install': False, 'path': '/Bt/ThirdParty/yolo_ros/yolo_msgs', 'symlink_install': False, 'test_result_base': None}
[6.546s] Level 5:colcon.colcon_core.verb:set package 'behaviortree_ros2' build argument 'cmake_args' from command line to 'None'
[6.546s] Level 5:colcon.colcon_core.verb:set package 'behaviortree_ros2' build argument 'cmake_target' from command line to 'None'
[6.546s] Level 5:colcon.colcon_core.verb:set package 'behaviortree_ros2' build argument 'cmake_target_skip_unavailable' from command line to 'False'
[6.546s] Level 5:colcon.colcon_core.verb:set package 'behaviortree_ros2' build argument 'cmake_clean_cache' from command line to 'False'
[6.546s] Level 5:colcon.colcon_core.verb:set package 'behaviortree_ros2' build argument 'cmake_clean_first' from command line to 'False'
[6.546s] Level 5:colcon.colcon_core.verb:set package 'behaviortree_ros2' build argument 'cmake_force_configure' from command line to 'False'
[6.546s] Level 5:colcon.colcon_core.verb:set package 'behaviortree_ros2' build argument 'ament_cmake_args' from command line to 'None'
[6.546s] Level 5:colcon.colcon_core.verb:set package 'behaviortree_ros2' build argument 'catkin_cmake_args' from command line to 'None'
[6.546s] Level 5:colcon.colcon_core.verb:set package 'behaviortree_ros2' build argument 'catkin_skip_building_tests' from command line to 'False'
[6.546s] DEBUG:colcon.colcon_core.verb:Building package 'behaviortree_ros2' with the following arguments: {'ament_cmake_args': None, 'build_base': '/Bt/build/behaviortree_ros2', 'catkin_cmake_args': None, 'catkin_skip_building_tests': False, 'cmake_args': None, 'cmake_clean_cache': False, 'cmake_clean_first': False, 'cmake_force_configure': False, 'cmake_target': None, 'cmake_target_skip_unavailable': False, 'install_base': '/Bt/install/behaviortree_ros2', 'merge_install': False, 'path': '/Bt/ThirdParty/BehaviorTree.ROS2/behaviortree_ros2', 'symlink_install': False, 'test_result_base': None}
[6.546s] Level 5:colcon.colcon_core.verb:set package 'grab2_msgs' build argument 'cmake_args' from command line to 'None'
[6.546s] Level 5:colcon.colcon_core.verb:set package 'grab2_msgs' build argument 'cmake_target' from command line to 'None'
[6.546s] Level 5:colcon.colcon_core.verb:set package 'grab2_msgs' build argument 'cmake_target_skip_unavailable' from command line to 'False'
[6.546s] Level 5:colcon.colcon_core.verb:set package 'grab2_msgs' build argument 'cmake_clean_cache' from command line to 'False'
[6.546s] Level 5:colcon.colcon_core.verb:set package 'grab2_msgs' build argument 'cmake_clean_first' from command line to 'False'
[6.546s] Level 5:colcon.colcon_core.verb:set package 'grab2_msgs' build argument 'cmake_force_configure' from command line to 'False'
[6.546s] Level 5:colcon.colcon_core.verb:set package 'grab2_msgs' build argument 'ament_cmake_args' from command line to 'None'
[6.546s] Level 5:colcon.colcon_core.verb:set package 'grab2_msgs' build argument 'catkin_cmake_args' from command line to 'None'
[6.546s] Level 5:colcon.colcon_core.verb:set package 'grab2_msgs' build argument 'catkin_skip_building_tests' from command line to 'False'
[6.546s] DEBUG:colcon.colcon_core.verb:Building package 'grab2_msgs' with the following arguments: {'ament_cmake_args': None, 'build_base': '/Bt/build/grab2_msgs', 'catkin_cmake_args': None, 'catkin_skip_building_tests': False, 'cmake_args': None, 'cmake_clean_cache': False, 'cmake_clean_first': False, 'cmake_force_configure': False, 'cmake_target': None, 'cmake_target_skip_unavailable': False, 'install_base': '/Bt/install/grab2_msgs', 'merge_install': False, 'path': '/Bt/ThirdParty/grab2/grab2_msgs', 'symlink_install': False, 'test_result_base': None}
[6.547s] Level 5:colcon.colcon_core.verb:set package 'omni_base_description' build argument 'cmake_args' from command line to 'None'
[6.547s] Level 5:colcon.colcon_core.verb:set package 'omni_base_description' build argument 'cmake_target' from command line to 'None'
[6.547s] Level 5:colcon.colcon_core.verb:set package 'omni_base_description' build argument 'cmake_target_skip_unavailable' from command line to 'False'
[6.547s] Level 5:colcon.colcon_core.verb:set package 'omni_base_description' build argument 'cmake_clean_cache' from command line to 'False'
[6.547s] Level 5:colcon.colcon_core.verb:set package 'omni_base_description' build argument 'cmake_clean_first' from command line to 'False'
[6.547s] Level 5:colcon.colcon_core.verb:set package 'omni_base_description' build argument 'cmake_force_configure' from command line to 'False'
[6.547s] Level 5:colcon.colcon_core.verb:set package 'omni_base_description' build argument 'ament_cmake_args' from command line to 'None'
[6.547s] Level 5:colcon.colcon_core.verb:set package 'omni_base_description' build argument 'catkin_cmake_args' from command line to 'None'
[6.547s] Level 5:colcon.colcon_core.verb:set package 'omni_base_description' build argument 'catkin_skip_building_tests' from command line to 'False'
[6.547s] DEBUG:colcon.colcon_core.verb:Building package 'omni_base_description' with the following arguments: {'ament_cmake_args': None, 'build_base': '/Bt/build/omni_base_description', 'catkin_cmake_args': None, 'catkin_skip_building_tests': False, 'cmake_args': None, 'cmake_clean_cache': False, 'cmake_clean_first': False, 'cmake_force_configure': False, 'cmake_target': None, 'cmake_target_skip_unavailable': False, 'install_base': '/Bt/install/omni_base_description', 'merge_install': False, 'path': '/Bt/ThirdParty/tiago_omni_base/omni_base_description', 'symlink_install': False, 'test_result_base': None}
[6.547s] Level 5:colcon.colcon_core.verb:set package 'pal_gripper_description' build argument 'cmake_args' from command line to 'None'
[6.547s] Level 5:colcon.colcon_core.verb:set package 'pal_gripper_description' build argument 'cmake_target' from command line to 'None'
[6.547s] Level 5:colcon.colcon_core.verb:set package 'pal_gripper_description' build argument 'cmake_target_skip_unavailable' from command line to 'False'
[6.547s] Level 5:colcon.colcon_core.verb:set package 'pal_gripper_description' build argument 'cmake_clean_cache' from command line to 'False'
[6.547s] Level 5:colcon.colcon_core.verb:set package 'pal_gripper_description' build argument 'cmake_clean_first' from command line to 'False'
[6.547s] Level 5:colcon.colcon_core.verb:set package 'pal_gripper_description' build argument 'cmake_force_configure' from command line to 'False'
[6.547s] Level 5:colcon.colcon_core.verb:set package 'pal_gripper_description' build argument 'ament_cmake_args' from command line to 'None'
[6.547s] Level 5:colcon.colcon_core.verb:set package 'pal_gripper_description' build argument 'catkin_cmake_args' from command line to 'None'
[6.547s] Level 5:colcon.colcon_core.verb:set package 'pal_gripper_description' build argument 'catkin_skip_building_tests' from command line to 'False'
[6.547s] DEBUG:colcon.colcon_core.verb:Building package 'pal_gripper_description' with the following arguments: {'ament_cmake_args': None, 'build_base': '/Bt/build/pal_gripper_description', 'catkin_cmake_args': None, 'catkin_skip_building_tests': False, 'cmake_args': None, 'cmake_clean_cache': False, 'cmake_clean_first': False, 'cmake_force_configure': False, 'cmake_target': None, 'cmake_target_skip_unavailable': False, 'install_base': '/Bt/install/pal_gripper_description', 'merge_install': False, 'path': '/Bt/ThirdParty/pal_gripper/pal_gripper_description', 'symlink_install': False, 'test_result_base': None}
[6.547s] Level 5:colcon.colcon_core.verb:set package 'pal_hey5_description' build argument 'cmake_args' from command line to 'None'
[6.547s] Level 5:colcon.colcon_core.verb:set package 'pal_hey5_description' build argument 'cmake_target' from command line to 'None'
[6.548s] Level 5:colcon.colcon_core.verb:set package 'pal_hey5_description' build argument 'cmake_target_skip_unavailable' from command line to 'False'
[6.548s] Level 5:colcon.colcon_core.verb:set package 'pal_hey5_description' build argument 'cmake_clean_cache' from command line to 'False'
[6.548s] Level 5:colcon.colcon_core.verb:set package 'pal_hey5_description' build argument 'cmake_clean_first' from command line to 'False'
[6.548s] Level 5:colcon.colcon_core.verb:set package 'pal_hey5_description' build argument 'cmake_force_configure' from command line to 'False'
[6.548s] Level 5:colcon.colcon_core.verb:set package 'pal_hey5_description' build argument 'ament_cmake_args' from command line to 'None'
[6.548s] Level 5:colcon.colcon_core.verb:set package 'pal_hey5_description' build argument 'catkin_cmake_args' from command line to 'None'
[6.548s] Level 5:colcon.colcon_core.verb:set package 'pal_hey5_description' build argument 'catkin_skip_building_tests' from command line to 'False'
[6.548s] DEBUG:colcon.colcon_core.verb:Building package 'pal_hey5_description' with the following arguments: {'ament_cmake_args': None, 'build_base': '/Bt/build/pal_hey5_description', 'catkin_cmake_args': None, 'catkin_skip_building_tests': False, 'cmake_args': None, 'cmake_clean_cache': False, 'cmake_clean_first': False, 'cmake_force_configure': False, 'cmake_target': None, 'cmake_target_skip_unavailable': False, 'install_base': '/Bt/install/pal_hey5_description', 'merge_install': False, 'path': '/Bt/ThirdParty/pal_hey5/pal_hey5_description', 'symlink_install': False, 'test_result_base': None}
[6.548s] Level 5:colcon.colcon_core.verb:set package 'pal_robotiq_gripper' build argument 'cmake_args' from command line to 'None'
[6.548s] Level 5:colcon.colcon_core.verb:set package 'pal_robotiq_gripper' build argument 'cmake_target' from command line to 'None'
[6.548s] Level 5:colcon.colcon_core.verb:set package 'pal_robotiq_gripper' build argument 'cmake_target_skip_unavailable' from command line to 'False'
[6.548s] Level 5:colcon.colcon_core.verb:set package 'pal_robotiq_gripper' build argument 'cmake_clean_cache' from command line to 'False'
[6.548s] Level 5:colcon.colcon_core.verb:set package 'pal_robotiq_gripper' build argument 'cmake_clean_first' from command line to 'False'
[6.548s] Level 5:colcon.colcon_core.verb:set package 'pal_robotiq_gripper' build argument 'cmake_force_configure' from command line to 'False'
[6.548s] Level 5:colcon.colcon_core.verb:set package 'pal_robotiq_gripper' build argument 'ament_cmake_args' from command line to 'None'
[6.548s] Level 5:colcon.colcon_core.verb:set package 'pal_robotiq_gripper' build argument 'catkin_cmake_args' from command line to 'None'
[6.548s] Level 5:colcon.colcon_core.verb:set package 'pal_robotiq_gripper' build argument 'catkin_skip_building_tests' from command line to 'False'
[6.548s] DEBUG:colcon.colcon_core.verb:Building package 'pal_robotiq_gripper' with the following arguments: {'ament_cmake_args': None, 'build_base': '/Bt/build/pal_robotiq_gripper', 'catkin_cmake_args': None, 'catkin_skip_building_tests': False, 'cmake_args': None, 'cmake_clean_cache': False, 'cmake_clean_first': False, 'cmake_force_configure': False, 'cmake_target': None, 'cmake_target_skip_unavailable': False, 'install_base': '/Bt/install/pal_robotiq_gripper', 'merge_install': False, 'path': '/Bt/ThirdParty/pal_robotiq_gripper/pal_robotiq_gripper', 'symlink_install': False, 'test_result_base': None}
[6.549s] Level 5:colcon.colcon_core.verb:set package 'play_motion2' build argument 'cmake_args' from command line to 'None'
[6.549s] Level 5:colcon.colcon_core.verb:set package 'play_motion2' build argument 'cmake_target' from command line to 'None'
[6.549s] Level 5:colcon.colcon_core.verb:set package 'play_motion2' build argument 'cmake_target_skip_unavailable' from command line to 'False'
[6.549s] Level 5:colcon.colcon_core.verb:set package 'play_motion2' build argument 'cmake_clean_cache' from command line to 'False'
[6.549s] Level 5:colcon.colcon_core.verb:set package 'play_motion2' build argument 'cmake_clean_first' from command line to 'False'
[6.549s] Level 5:colcon.colcon_core.verb:set package 'play_motion2' build argument 'cmake_force_configure' from command line to 'False'
[6.549s] Level 5:colcon.colcon_core.verb:set package 'play_motion2' build argument 'ament_cmake_args' from command line to 'None'
[6.549s] Level 5:colcon.colcon_core.verb:set package 'play_motion2' build argument 'catkin_cmake_args' from command line to 'None'
[6.549s] Level 5:colcon.colcon_core.verb:set package 'play_motion2' build argument 'catkin_skip_building_tests' from command line to 'False'
[6.549s] DEBUG:colcon.colcon_core.verb:Building package 'play_motion2' with the following arguments: {'ament_cmake_args': None, 'build_base': '/Bt/build/play_motion2', 'catkin_cmake_args': None, 'catkin_skip_building_tests': False, 'cmake_args': None, 'cmake_clean_cache': False, 'cmake_clean_first': False, 'cmake_force_configure': False, 'cmake_target': None, 'cmake_target_skip_unavailable': False, 'install_base': '/Bt/install/play_motion2', 'merge_install': False, 'path': '/Bt/ThirdParty/play_motion2/play_motion2', 'symlink_install': False, 'test_result_base': None}
[6.549s] Level 5:colcon.colcon_core.verb:set package 'pmb2_2dnav' build argument 'cmake_args' from command line to 'None'
[6.549s] Level 5:colcon.colcon_core.verb:set package 'pmb2_2dnav' build argument 'cmake_target' from command line to 'None'
[6.549s] Level 5:colcon.colcon_core.verb:set package 'pmb2_2dnav' build argument 'cmake_target_skip_unavailable' from command line to 'False'
[6.549s] Level 5:colcon.colcon_core.verb:set package 'pmb2_2dnav' build argument 'cmake_clean_cache' from command line to 'False'
[6.549s] Level 5:colcon.colcon_core.verb:set package 'pmb2_2dnav' build argument 'cmake_clean_first' from command line to 'False'
[6.549s] Level 5:colcon.colcon_core.verb:set package 'pmb2_2dnav' build argument 'cmake_force_configure' from command line to 'False'
[6.549s] Level 5:colcon.colcon_core.verb:set package 'pmb2_2dnav' build argument 'ament_cmake_args' from command line to 'None'
[6.550s] Level 5:colcon.colcon_core.verb:set package 'pmb2_2dnav' build argument 'catkin_cmake_args' from command line to 'None'
[6.550s] Level 5:colcon.colcon_core.verb:set package 'pmb2_2dnav' build argument 'catkin_skip_building_tests' from command line to 'False'
[6.550s] DEBUG:colcon.colcon_core.verb:Building package 'pmb2_2dnav' with the following arguments: {'ament_cmake_args': None, 'build_base': '/Bt/build/pmb2_2dnav', 'catkin_cmake_args': None, 'catkin_skip_building_tests': False, 'cmake_args': None, 'cmake_clean_cache': False, 'cmake_clean_first': False, 'cmake_force_configure': False, 'cmake_target': None, 'cmake_target_skip_unavailable': False, 'install_base': '/Bt/install/pmb2_2dnav', 'merge_install': False, 'path': '/Bt/ThirdParty/pmb2_navigation/pmb2_2dnav', 'symlink_install': False, 'test_result_base': None}
[6.550s] Level 5:colcon.colcon_core.verb:set package 'pmb2_controller_configuration' build argument 'cmake_args' from command line to 'None'
[6.550s] Level 5:colcon.colcon_core.verb:set package 'pmb2_controller_configuration' build argument 'cmake_target' from command line to 'None'
[6.550s] Level 5:colcon.colcon_core.verb:set package 'pmb2_controller_configuration' build argument 'cmake_target_skip_unavailable' from command line to 'False'
[6.550s] Level 5:colcon.colcon_core.verb:set package 'pmb2_controller_configuration' build argument 'cmake_clean_cache' from command line to 'False'
[6.550s] Level 5:colcon.colcon_core.verb:set package 'pmb2_controller_configuration' build argument 'cmake_clean_first' from command line to 'False'
[6.550s] Level 5:colcon.colcon_core.verb:set package 'pmb2_controller_configuration' build argument 'cmake_force_configure' from command line to 'False'
[6.550s] Level 5:colcon.colcon_core.verb:set package 'pmb2_controller_configuration' build argument 'ament_cmake_args' from command line to 'None'
[6.550s] Level 5:colcon.colcon_core.verb:set package 'pmb2_controller_configuration' build argument 'catkin_cmake_args' from command line to 'None'
[6.550s] Level 5:colcon.colcon_core.verb:set package 'pmb2_controller_configuration' build argument 'catkin_skip_building_tests' from command line to 'False'
[6.550s] DEBUG:colcon.colcon_core.verb:Building package 'pmb2_controller_configuration' with the following arguments: {'ament_cmake_args': None, 'build_base': '/Bt/build/pmb2_controller_configuration', 'catkin_cmake_args': None, 'catkin_skip_building_tests': False, 'cmake_args': None, 'cmake_clean_cache': False, 'cmake_clean_first': False, 'cmake_force_configure': False, 'cmake_target': None, 'cmake_target_skip_unavailable': False, 'install_base': '/Bt/install/pmb2_controller_configuration', 'merge_install': False, 'path': '/Bt/ThirdParty/pmb2_robot/pmb2_controller_configuration', 'symlink_install': False, 'test_result_base': None}
[6.550s] Level 5:colcon.colcon_core.verb:set package 'pmb2_description' build argument 'cmake_args' from command line to 'None'
[6.550s] Level 5:colcon.colcon_core.verb:set package 'pmb2_description' build argument 'cmake_target' from command line to 'None'
[6.550s] Level 5:colcon.colcon_core.verb:set package 'pmb2_description' build argument 'cmake_target_skip_unavailable' from command line to 'False'
[6.550s] Level 5:colcon.colcon_core.verb:set package 'pmb2_description' build argument 'cmake_clean_cache' from command line to 'False'
[6.550s] Level 5:colcon.colcon_core.verb:set package 'pmb2_description' build argument 'cmake_clean_first' from command line to 'False'
[6.550s] Level 5:colcon.colcon_core.verb:set package 'pmb2_description' build argument 'cmake_force_configure' from command line to 'False'
[6.550s] Level 5:colcon.colcon_core.verb:set package 'pmb2_description' build argument 'ament_cmake_args' from command line to 'None'
[6.550s] Level 5:colcon.colcon_core.verb:set package 'pmb2_description' build argument 'catkin_cmake_args' from command line to 'None'
[6.550s] Level 5:colcon.colcon_core.verb:set package 'pmb2_description' build argument 'catkin_skip_building_tests' from command line to 'False'
[6.550s] DEBUG:colcon.colcon_core.verb:Building package 'pmb2_description' with the following arguments: {'ament_cmake_args': None, 'build_base': '/Bt/build/pmb2_description', 'catkin_cmake_args': None, 'catkin_skip_building_tests': False, 'cmake_args': None, 'cmake_clean_cache': False, 'cmake_clean_first': False, 'cmake_force_configure': False, 'cmake_target': None, 'cmake_target_skip_unavailable': False, 'install_base': '/Bt/install/pmb2_description', 'merge_install': False, 'path': '/Bt/ThirdParty/pmb2_robot/pmb2_description', 'symlink_install': False, 'test_result_base': None}
[6.551s] Level 5:colcon.colcon_core.verb:set package 'pmb2_rgbd_sensors' build argument 'cmake_args' from command line to 'None'
[6.551s] Level 5:colcon.colcon_core.verb:set package 'pmb2_rgbd_sensors' build argument 'cmake_target' from command line to 'None'
[6.551s] Level 5:colcon.colcon_core.verb:set package 'pmb2_rgbd_sensors' build argument 'cmake_target_skip_unavailable' from command line to 'False'
[6.551s] Level 5:colcon.colcon_core.verb:set package 'pmb2_rgbd_sensors' build argument 'cmake_clean_cache' from command line to 'False'
[6.551s] Level 5:colcon.colcon_core.verb:set package 'pmb2_rgbd_sensors' build argument 'cmake_clean_first' from command line to 'False'
[6.551s] Level 5:colcon.colcon_core.verb:set package 'pmb2_rgbd_sensors' build argument 'cmake_force_configure' from command line to 'False'
[6.551s] Level 5:colcon.colcon_core.verb:set package 'pmb2_rgbd_sensors' build argument 'ament_cmake_args' from command line to 'None'
[6.551s] Level 5:colcon.colcon_core.verb:set package 'pmb2_rgbd_sensors' build argument 'catkin_cmake_args' from command line to 'None'
[6.551s] Level 5:colcon.colcon_core.verb:set package 'pmb2_rgbd_sensors' build argument 'catkin_skip_building_tests' from command line to 'False'
[6.551s] DEBUG:colcon.colcon_core.verb:Building package 'pmb2_rgbd_sensors' with the following arguments: {'ament_cmake_args': None, 'build_base': '/Bt/build/pmb2_rgbd_sensors', 'catkin_cmake_args': None, 'catkin_skip_building_tests': False, 'cmake_args': None, 'cmake_clean_cache': False, 'cmake_clean_first': False, 'cmake_force_configure': False, 'cmake_target': None, 'cmake_target_skip_unavailable': False, 'install_base': '/Bt/install/pmb2_rgbd_sensors', 'merge_install': False, 'path': '/Bt/ThirdParty/pmb2_navigation/pmb2_rgbd_sensors', 'symlink_install': False, 'test_result_base': None}
[6.551s] Level 5:colcon.colcon_core.verb:set package 'tiago_aruco_broadcast' build argument 'cmake_args' from command line to 'None'
[6.551s] Level 5:colcon.colcon_core.verb:set package 'tiago_aruco_broadcast' build argument 'cmake_target' from command line to 'None'
[6.551s] Level 5:colcon.colcon_core.verb:set package 'tiago_aruco_broadcast' build argument 'cmake_target_skip_unavailable' from command line to 'False'
[6.551s] Level 5:colcon.colcon_core.verb:set package 'tiago_aruco_broadcast' build argument 'cmake_clean_cache' from command line to 'False'
[6.551s] Level 5:colcon.colcon_core.verb:set package 'tiago_aruco_broadcast' build argument 'cmake_clean_first' from command line to 'False'
[6.551s] Level 5:colcon.colcon_core.verb:set package 'tiago_aruco_broadcast' build argument 'cmake_force_configure' from command line to 'False'
[6.551s] Level 5:colcon.colcon_core.verb:set package 'tiago_aruco_broadcast' build argument 'ament_cmake_args' from command line to 'None'
[6.551s] Level 5:colcon.colcon_core.verb:set package 'tiago_aruco_broadcast' build argument 'catkin_cmake_args' from command line to 'None'
[6.551s] Level 5:colcon.colcon_core.verb:set package 'tiago_aruco_broadcast' build argument 'catkin_skip_building_tests' from command line to 'False'
[6.551s] DEBUG:colcon.colcon_core.verb:Building package 'tiago_aruco_broadcast' with the following arguments: {'ament_cmake_args': None, 'build_base': '/Bt/build/tiago_aruco_broadcast', 'catkin_cmake_args': None, 'catkin_skip_building_tests': False, 'cmake_args': None, 'cmake_clean_cache': False, 'cmake_clean_first': False, 'cmake_force_configure': False, 'cmake_target': None, 'cmake_target_skip_unavailable': False, 'install_base': '/Bt/install/tiago_aruco_broadcast', 'merge_install': False, 'path': '/Bt/tiago_aruco_broadcast', 'symlink_install': False, 'test_result_base': None}
[6.552s] Level 5:colcon.colcon_core.verb:set package 'yolo_ros' build argument 'cmake_args' from command line to 'None'
[6.552s] Level 5:colcon.colcon_core.verb:set package 'yolo_ros' build argument 'cmake_target' from command line to 'None'
[6.552s] Level 5:colcon.colcon_core.verb:set package 'yolo_ros' build argument 'cmake_target_skip_unavailable' from command line to 'False'
[6.552s] Level 5:colcon.colcon_core.verb:set package 'yolo_ros' build argument 'cmake_clean_cache' from command line to 'False'
[6.552s] Level 5:colcon.colcon_core.verb:set package 'yolo_ros' build argument 'cmake_clean_first' from command line to 'False'
[6.552s] Level 5:colcon.colcon_core.verb:set package 'yolo_ros' build argument 'cmake_force_configure' from command line to 'False'
[6.552s] Level 5:colcon.colcon_core.verb:set package 'yolo_ros' build argument 'ament_cmake_args' from command line to 'None'
[6.552s] Level 5:colcon.colcon_core.verb:set package 'yolo_ros' build argument 'catkin_cmake_args' from command line to 'None'
[6.552s] Level 5:colcon.colcon_core.verb:set package 'yolo_ros' build argument 'catkin_skip_building_tests' from command line to 'False'
[6.552s] DEBUG:colcon.colcon_core.verb:Building package 'yolo_ros' with the following arguments: {'ament_cmake_args': None, 'build_base': '/Bt/build/yolo_ros', 'catkin_cmake_args': None, 'catkin_skip_building_tests': False, 'cmake_args': None, 'cmake_clean_cache': False, 'cmake_clean_first': False, 'cmake_force_configure': False, 'cmake_target': None, 'cmake_target_skip_unavailable': False, 'install_base': '/Bt/install/yolo_ros', 'merge_install': False, 'path': '/Bt/ThirdParty/yolo_ros/yolo_ros', 'symlink_install': False, 'test_result_base': None}
[6.552s] Level 5:colcon.colcon_core.verb:set package 'btcpp_ros2_samples' build argument 'cmake_args' from command line to 'None'
[6.552s] Level 5:colcon.colcon_core.verb:set package 'btcpp_ros2_samples' build argument 'cmake_target' from command line to 'None'
[6.552s] Level 5:colcon.colcon_core.verb:set package 'btcpp_ros2_samples' build argument 'cmake_target_skip_unavailable' from command line to 'False'
[6.552s] Level 5:colcon.colcon_core.verb:set package 'btcpp_ros2_samples' build argument 'cmake_clean_cache' from command line to 'False'
[6.552s] Level 5:colcon.colcon_core.verb:set package 'btcpp_ros2_samples' build argument 'cmake_clean_first' from command line to 'False'
[6.552s] Level 5:colcon.colcon_core.verb:set package 'btcpp_ros2_samples' build argument 'cmake_force_configure' from command line to 'False'
[6.552s] Level 5:colcon.colcon_core.verb:set package 'btcpp_ros2_samples' build argument 'ament_cmake_args' from command line to 'None'
[6.552s] Level 5:colcon.colcon_core.verb:set package 'btcpp_ros2_samples' build argument 'catkin_cmake_args' from command line to 'None'
[6.552s] Level 5:colcon.colcon_core.verb:set package 'btcpp_ros2_samples' build argument 'catkin_skip_building_tests' from command line to 'False'
[6.552s] DEBUG:colcon.colcon_core.verb:Building package 'btcpp_ros2_samples' with the following arguments: {'ament_cmake_args': None, 'build_base': '/Bt/build/btcpp_ros2_samples', 'catkin_cmake_args': None, 'catkin_skip_building_tests': False, 'cmake_args': None, 'cmake_clean_cache': False, 'cmake_clean_first': False, 'cmake_force_configure': False, 'cmake_target': None, 'cmake_target_skip_unavailable': False, 'install_base': '/Bt/install/btcpp_ros2_samples', 'merge_install': False, 'path': '/Bt/ThirdParty/BehaviorTree.ROS2/btcpp_ros2_samples', 'symlink_install': False, 'test_result_base': None}
[6.552s] Level 5:colcon.colcon_core.verb:set package 'grab2_behavior_tree' build argument 'cmake_args' from command line to 'None'
[6.553s] Level 5:colcon.colcon_core.verb:set package 'grab2_behavior_tree' build argument 'cmake_target' from command line to 'None'
[6.553s] Level 5:colcon.colcon_core.verb:set package 'grab2_behavior_tree' build argument 'cmake_target_skip_unavailable' from command line to 'False'
[6.553s] Level 5:colcon.colcon_core.verb:set package 'grab2_behavior_tree' build argument 'cmake_clean_cache' from command line to 'False'
[6.553s] Level 5:colcon.colcon_core.verb:set package 'grab2_behavior_tree' build argument 'cmake_clean_first' from command line to 'False'
[6.553s] Level 5:colcon.colcon_core.verb:set package 'grab2_behavior_tree' build argument 'cmake_force_configure' from command line to 'False'
[6.553s] Level 5:colcon.colcon_core.verb:set package 'grab2_behavior_tree' build argument 'ament_cmake_args' from command line to 'None'
[6.553s] Level 5:colcon.colcon_core.verb:set package 'grab2_behavior_tree' build argument 'catkin_cmake_args' from command line to 'None'
[6.553s] Level 5:colcon.colcon_core.verb:set package 'grab2_behavior_tree' build argument 'catkin_skip_building_tests' from command line to 'False'
[6.553s] DEBUG:colcon.colcon_core.verb:Building package 'grab2_behavior_tree' with the following arguments: {'ament_cmake_args': None, 'build_base': '/Bt/build/grab2_behavior_tree', 'catkin_cmake_args': None, 'catkin_skip_building_tests': False, 'cmake_args': None, 'cmake_clean_cache': False, 'cmake_clean_first': False, 'cmake_force_configure': False, 'cmake_target': None, 'cmake_target_skip_unavailable': False, 'install_base': '/Bt/install/grab2_behavior_tree', 'merge_install': False, 'path': '/Bt/ThirdParty/grab2/grab2_behavior_tree', 'symlink_install': False, 'test_result_base': None}
[6.553s] Level 5:colcon.colcon_core.verb:set package 'grab2_curobo_planner' build argument 'cmake_args' from command line to 'None'
[6.553s] Level 5:colcon.colcon_core.verb:set package 'grab2_curobo_planner' build argument 'cmake_target' from command line to 'None'
[6.553s] Level 5:colcon.colcon_core.verb:set package 'grab2_curobo_planner' build argument 'cmake_target_skip_unavailable' from command line to 'False'
[6.553s] Level 5:colcon.colcon_core.verb:set package 'grab2_curobo_planner' build argument 'cmake_clean_cache' from command line to 'False'
[6.553s] Level 5:colcon.colcon_core.verb:set package 'grab2_curobo_planner' build argument 'cmake_clean_first' from command line to 'False'
[6.553s] Level 5:colcon.colcon_core.verb:set package 'grab2_curobo_planner' build argument 'cmake_force_configure' from command line to 'False'
[6.553s] Level 5:colcon.colcon_core.verb:set package 'grab2_curobo_planner' build argument 'ament_cmake_args' from command line to 'None'
[6.553s] Level 5:colcon.colcon_core.verb:set package 'grab2_curobo_planner' build argument 'catkin_cmake_args' from command line to 'None'
[6.553s] Level 5:colcon.colcon_core.verb:set package 'grab2_curobo_planner' build argument 'catkin_skip_building_tests' from command line to 'False'
[6.553s] DEBUG:colcon.colcon_core.verb:Building package 'grab2_curobo_planner' with the following arguments: {'ament_cmake_args': None, 'build_base': '/Bt/build/grab2_curobo_planner', 'catkin_cmake_args': None, 'catkin_skip_building_tests': False, 'cmake_args': None, 'cmake_clean_cache': False, 'cmake_clean_first': False, 'cmake_force_configure': False, 'cmake_target': None, 'cmake_target_skip_unavailable': False, 'install_base': '/Bt/install/grab2_curobo_planner', 'merge_install': False, 'path': '/Bt/ThirdParty/grab2/grab2_curobo_planner', 'symlink_install': False, 'test_result_base': None}
[6.553s] Level 5:colcon.colcon_core.verb:set package 'grab2_ros_common' build argument 'cmake_args' from command line to 'None'
[6.553s] Level 5:colcon.colcon_core.verb:set package 'grab2_ros_common' build argument 'cmake_target' from command line to 'None'
[6.553s] Level 5:colcon.colcon_core.verb:set package 'grab2_ros_common' build argument 'cmake_target_skip_unavailable' from command line to 'False'
[6.553s] Level 5:colcon.colcon_core.verb:set package 'grab2_ros_common' build argument 'cmake_clean_cache' from command line to 'False'
[6.553s] Level 5:colcon.colcon_core.verb:set package 'grab2_ros_common' build argument 'cmake_clean_first' from command line to 'False'
[6.553s] Level 5:colcon.colcon_core.verb:set package 'grab2_ros_common' build argument 'cmake_force_configure' from command line to 'False'
[6.554s] Level 5:colcon.colcon_core.verb:set package 'grab2_ros_common' build argument 'ament_cmake_args' from command line to 'None'
[6.554s] Level 5:colcon.colcon_core.verb:set package 'grab2_ros_common' build argument 'catkin_cmake_args' from command line to 'None'
[6.554s] Level 5:colcon.colcon_core.verb:set package 'grab2_ros_common' build argument 'catkin_skip_building_tests' from command line to 'False'
[6.554s] DEBUG:colcon.colcon_core.verb:Building package 'grab2_ros_common' with the following arguments: {'ament_cmake_args': None, 'build_base': '/Bt/build/grab2_ros_common', 'catkin_cmake_args': None, 'catkin_skip_building_tests': False, 'cmake_args': None, 'cmake_clean_cache': False, 'cmake_clean_first': False, 'cmake_force_configure': False, 'cmake_target': None, 'cmake_target_skip_unavailable': False, 'install_base': '/Bt/install/grab2_ros_common', 'merge_install': False, 'path': '/Bt/ThirdParty/grab2/grab2_ros_common', 'symlink_install': False, 'test_result_base': None}
[6.554s] Level 5:colcon.colcon_core.verb:set package 'omni_base_bringup' build argument 'cmake_args' from command line to 'None'
[6.554s] Level 5:colcon.colcon_core.verb:set package 'omni_base_bringup' build argument 'cmake_target' from command line to 'None'
[6.554s] Level 5:colcon.colcon_core.verb:set package 'omni_base_bringup' build argument 'cmake_target_skip_unavailable' from command line to 'False'
[6.554s] Level 5:colcon.colcon_core.verb:set package 'omni_base_bringup' build argument 'cmake_clean_cache' from command line to 'False'
[6.554s] Level 5:colcon.colcon_core.verb:set package 'omni_base_bringup' build argument 'cmake_clean_first' from command line to 'False'
[6.554s] Level 5:colcon.colcon_core.verb:set package 'omni_base_bringup' build argument 'cmake_force_configure' from command line to 'False'
[6.554s] Level 5:colcon.colcon_core.verb:set package 'omni_base_bringup' build argument 'ament_cmake_args' from command line to 'None'
[6.554s] Level 5:colcon.colcon_core.verb:set package 'omni_base_bringup' build argument 'catkin_cmake_args' from command line to 'None'
[6.554s] Level 5:colcon.colcon_core.verb:set package 'omni_base_bringup' build argument 'catkin_skip_building_tests' from command line to 'False'
[6.554s] DEBUG:colcon.colcon_core.verb:Building package 'omni_base_bringup' with the following arguments: {'ament_cmake_args': None, 'build_base': '/Bt/build/omni_base_bringup', 'catkin_cmake_args': None, 'catkin_skip_building_tests': False, 'cmake_args': None, 'cmake_clean_cache': False, 'cmake_clean_first': False, 'cmake_force_configure': False, 'cmake_target': None, 'cmake_target_skip_unavailable': False, 'install_base': '/Bt/install/omni_base_bringup', 'merge_install': False, 'path': '/Bt/ThirdParty/tiago_omni_base/omni_base_bringup', 'symlink_install': False, 'test_result_base': None}
[6.554s] Level 5:colcon.colcon_core.verb:set package 'pal_gripper' build argument 'cmake_args' from command line to 'None'
[6.554s] Level 5:colcon.colcon_core.verb:set package 'pal_gripper' build argument 'cmake_target' from command line to 'None'
[6.554s] Level 5:colcon.colcon_core.verb:set package 'pal_gripper' build argument 'cmake_target_skip_unavailable' from command line to 'False'
[6.554s] Level 5:colcon.colcon_core.verb:set package 'pal_gripper' build argument 'cmake_clean_cache' from command line to 'False'
[6.554s] Level 5:colcon.colcon_core.verb:set package 'pal_gripper' build argument 'cmake_clean_first' from command line to 'False'
[6.554s] Level 5:colcon.colcon_core.verb:set package 'pal_gripper' build argument 'cmake_force_configure' from command line to 'False'
[6.554s] Level 5:colcon.colcon_core.verb:set package 'pal_gripper' build argument 'ament_cmake_args' from command line to 'None'
[6.554s] Level 5:colcon.colcon_core.verb:set package 'pal_gripper' build argument 'catkin_cmake_args' from command line to 'None'
[6.554s] Level 5:colcon.colcon_core.verb:set package 'pal_gripper' build argument 'catkin_skip_building_tests' from command line to 'False'
[6.554s] DEBUG:colcon.colcon_core.verb:Building package 'pal_gripper' with the following arguments: {'ament_cmake_args': None, 'build_base': '/Bt/build/pal_gripper', 'catkin_cmake_args': None, 'catkin_skip_building_tests': False, 'cmake_args': None, 'cmake_clean_cache': False, 'cmake_clean_first': False, 'cmake_force_configure': False, 'cmake_target': None, 'cmake_target_skip_unavailable': False, 'install_base': '/Bt/install/pal_gripper', 'merge_install': False, 'path': '/Bt/ThirdParty/pal_gripper/pal_gripper', 'symlink_install': False, 'test_result_base': None}
[6.555s] Level 5:colcon.colcon_core.verb:set package 'pal_gripper_simulation' build argument 'cmake_args' from command line to 'None'
[6.555s] Level 5:colcon.colcon_core.verb:set package 'pal_gripper_simulation' build argument 'cmake_target' from command line to 'None'
[6.555s] Level 5:colcon.colcon_core.verb:set package 'pal_gripper_simulation' build argument 'cmake_target_skip_unavailable' from command line to 'False'
[6.555s] Level 5:colcon.colcon_core.verb:set package 'pal_gripper_simulation' build argument 'cmake_clean_cache' from command line to 'False'
[6.555s] Level 5:colcon.colcon_core.verb:set package 'pal_gripper_simulation' build argument 'cmake_clean_first' from command line to 'False'
[6.555s] Level 5:colcon.colcon_core.verb:set package 'pal_gripper_simulation' build argument 'cmake_force_configure' from command line to 'False'
[6.555s] Level 5:colcon.colcon_core.verb:set package 'pal_gripper_simulation' build argument 'ament_cmake_args' from command line to 'None'
[6.555s] Level 5:colcon.colcon_core.verb:set package 'pal_gripper_simulation' build argument 'catkin_cmake_args' from command line to 'None'
[6.555s] Level 5:colcon.colcon_core.verb:set package 'pal_gripper_simulation' build argument 'catkin_skip_building_tests' from command line to 'False'
[6.555s] DEBUG:colcon.colcon_core.verb:Building package 'pal_gripper_simulation' with the following arguments: {'ament_cmake_args': None, 'build_base': '/Bt/build/pal_gripper_simulation', 'catkin_cmake_args': None, 'catkin_skip_building_tests': False, 'cmake_args': None, 'cmake_clean_cache': False, 'cmake_clean_first': False, 'cmake_force_configure': False, 'cmake_target': None, 'cmake_target_skip_unavailable': False, 'install_base': '/Bt/install/pal_gripper_simulation', 'merge_install': False, 'path': '/Bt/ThirdParty/pal_gripper/pal_gripper_simulation', 'symlink_install': False, 'test_result_base': None}
[6.555s] Level 5:colcon.colcon_core.verb:set package 'pal_hey5' build argument 'cmake_args' from command line to 'None'
[6.555s] Level 5:colcon.colcon_core.verb:set package 'pal_hey5' build argument 'cmake_target' from command line to 'None'
[6.555s] Level 5:colcon.colcon_core.verb:set package 'pal_hey5' build argument 'cmake_target_skip_unavailable' from command line to 'False'
[6.555s] Level 5:colcon.colcon_core.verb:set package 'pal_hey5' build argument 'cmake_clean_cache' from command line to 'False'
[6.555s] Level 5:colcon.colcon_core.verb:set package 'pal_hey5' build argument 'cmake_clean_first' from command line to 'False'
[6.555s] Level 5:colcon.colcon_core.verb:set package 'pal_hey5' build argument 'cmake_force_configure' from command line to 'False'
[6.555s] Level 5:colcon.colcon_core.verb:set package 'pal_hey5' build argument 'ament_cmake_args' from command line to 'None'
[6.555s] Level 5:colcon.colcon_core.verb:set package 'pal_hey5' build argument 'catkin_cmake_args' from command line to 'None'
[6.555s] Level 5:colcon.colcon_core.verb:set package 'pal_hey5' build argument 'catkin_skip_building_tests' from command line to 'False'
[6.555s] DEBUG:colcon.colcon_core.verb:Building package 'pal_hey5' with the following arguments: {'ament_cmake_args': None, 'build_base': '/Bt/build/pal_hey5', 'catkin_cmake_args': None, 'catkin_skip_building_tests': False, 'cmake_args': None, 'cmake_clean_cache': False, 'cmake_clean_first': False, 'cmake_force_configure': False, 'cmake_target': None, 'cmake_target_skip_unavailable': False, 'install_base': '/Bt/install/pal_hey5', 'merge_install': False, 'path': '/Bt/ThirdParty/pal_hey5/pal_hey5', 'symlink_install': False, 'test_result_base': None}
[6.556s] Level 5:colcon.colcon_core.verb:set package 'pmb2_bringup' build argument 'cmake_args' from command line to 'None'
[6.556s] Level 5:colcon.colcon_core.verb:set package 'pmb2_bringup' build argument 'cmake_target' from command line to 'None'
[6.556s] Level 5:colcon.colcon_core.verb:set package 'pmb2_bringup' build argument 'cmake_target_skip_unavailable' from command line to 'False'
[6.556s] Level 5:colcon.colcon_core.verb:set package 'pmb2_bringup' build argument 'cmake_clean_cache' from command line to 'False'
[6.556s] Level 5:colcon.colcon_core.verb:set package 'pmb2_bringup' build argument 'cmake_clean_first' from command line to 'False'
[6.556s] Level 5:colcon.colcon_core.verb:set package 'pmb2_bringup' build argument 'cmake_force_configure' from command line to 'False'
[6.556s] Level 5:colcon.colcon_core.verb:set package 'pmb2_bringup' build argument 'ament_cmake_args' from command line to 'None'
[6.556s] Level 5:colcon.colcon_core.verb:set package 'pmb2_bringup' build argument 'catkin_cmake_args' from command line to 'None'
[6.556s] Level 5:colcon.colcon_core.verb:set package 'pmb2_bringup' build argument 'catkin_skip_building_tests' from command line to 'False'
[6.556s] DEBUG:colcon.colcon_core.verb:Building package 'pmb2_bringup' with the following arguments: {'ament_cmake_args': None, 'build_base': '/Bt/build/pmb2_bringup', 'catkin_cmake_args': None, 'catkin_skip_building_tests': False, 'cmake_args': None, 'cmake_clean_cache': False, 'cmake_clean_first': False, 'cmake_force_configure': False, 'cmake_target': None, 'cmake_target_skip_unavailable': False, 'install_base': '/Bt/install/pmb2_bringup', 'merge_install': False, 'path': '/Bt/ThirdParty/pmb2_robot/pmb2_bringup', 'symlink_install': False, 'test_result_base': None}
[6.556s] Level 5:colcon.colcon_core.verb:set package 'pmb2_navigation' build argument 'cmake_args' from command line to 'None'
[6.556s] Level 5:colcon.colcon_core.verb:set package 'pmb2_navigation' build argument 'cmake_target' from command line to 'None'
[6.556s] Level 5:colcon.colcon_core.verb:set package 'pmb2_navigation' build argument 'cmake_target_skip_unavailable' from command line to 'False'
[6.556s] Level 5:colcon.colcon_core.verb:set package 'pmb2_navigation' build argument 'cmake_clean_cache' from command line to 'False'
[6.556s] Level 5:colcon.colcon_core.verb:set package 'pmb2_navigation' build argument 'cmake_clean_first' from command line to 'False'
[6.556s] Level 5:colcon.colcon_core.verb:set package 'pmb2_navigation' build argument 'cmake_force_configure' from command line to 'False'
[6.556s] Level 5:colcon.colcon_core.verb:set package 'pmb2_navigation' build argument 'ament_cmake_args' from command line to 'None'
[6.556s] Level 5:colcon.colcon_core.verb:set package 'pmb2_navigation' build argument 'catkin_cmake_args' from command line to 'None'
[6.556s] Level 5:colcon.colcon_core.verb:set package 'pmb2_navigation' build argument 'catkin_skip_building_tests' from command line to 'False'
[6.556s] DEBUG:colcon.colcon_core.verb:Building package 'pmb2_navigation' with the following arguments: {'ament_cmake_args': None, 'build_base': '/Bt/build/pmb2_navigation', 'catkin_cmake_args': None, 'catkin_skip_building_tests': False, 'cmake_args': None, 'cmake_clean_cache': False, 'cmake_clean_first': False, 'cmake_force_configure': False, 'cmake_target': None, 'cmake_target_skip_unavailable': False, 'install_base': '/Bt/install/pmb2_navigation', 'merge_install': False, 'path': '/Bt/ThirdParty/pmb2_navigation/pmb2_navigation', 'symlink_install': False, 'test_result_base': None}
[6.556s] Level 5:colcon.colcon_core.verb:set package 'tiago_behavior_tree' build argument 'cmake_args' from command line to 'None'
[6.557s] Level 5:colcon.colcon_core.verb:set package 'tiago_behavior_tree' build argument 'cmake_target' from command line to 'None'
[6.557s] Level 5:colcon.colcon_core.verb:set package 'tiago_behavior_tree' build argument 'cmake_target_skip_unavailable' from command line to 'False'
[6.557s] Level 5:colcon.colcon_core.verb:set package 'tiago_behavior_tree' build argument 'cmake_clean_cache' from command line to 'False'
[6.557s] Level 5:colcon.colcon_core.verb:set package 'tiago_behavior_tree' build argument 'cmake_clean_first' from command line to 'False'
[6.557s] Level 5:colcon.colcon_core.verb:set package 'tiago_behavior_tree' build argument 'cmake_force_configure' from command line to 'False'
[6.557s] Level 5:colcon.colcon_core.verb:set package 'tiago_behavior_tree' build argument 'ament_cmake_args' from command line to 'None'
[6.557s] Level 5:colcon.colcon_core.verb:set package 'tiago_behavior_tree' build argument 'catkin_cmake_args' from command line to 'None'
[6.557s] Level 5:colcon.colcon_core.verb:set package 'tiago_behavior_tree' build argument 'catkin_skip_building_tests' from command line to 'False'
[6.557s] DEBUG:colcon.colcon_core.verb:Building package 'tiago_behavior_tree' with the following arguments: {'ament_cmake_args': None, 'build_base': '/Bt/build/tiago_behavior_tree', 'catkin_cmake_args': None, 'catkin_skip_building_tests': False, 'cmake_args': None, 'cmake_clean_cache': False, 'cmake_clean_first': False, 'cmake_force_configure': False, 'cmake_target': None, 'cmake_target_skip_unavailable': False, 'install_base': '/Bt/install/tiago_behavior_tree', 'merge_install': False, 'path': '/Bt/tiago_behavior_tree', 'symlink_install': False, 'test_result_base': None}
[6.557s] Level 5:colcon.colcon_core.verb:set package 'tiago_controller_configuration' build argument 'cmake_args' from command line to 'None'
[6.557s] Level 5:colcon.colcon_core.verb:set package 'tiago_controller_configuration' build argument 'cmake_target' from command line to 'None'
[6.557s] Level 5:colcon.colcon_core.verb:set package 'tiago_controller_configuration' build argument 'cmake_target_skip_unavailable' from command line to 'False'
[6.557s] Level 5:colcon.colcon_core.verb:set package 'tiago_controller_configuration' build argument 'cmake_clean_cache' from command line to 'False'
[6.557s] Level 5:colcon.colcon_core.verb:set package 'tiago_controller_configuration' build argument 'cmake_clean_first' from command line to 'False'
[6.557s] Level 5:colcon.colcon_core.verb:set package 'tiago_controller_configuration' build argument 'cmake_force_configure' from command line to 'False'
[6.557s] Level 5:colcon.colcon_core.verb:set package 'tiago_controller_configuration' build argument 'ament_cmake_args' from command line to 'None'
[6.557s] Level 5:colcon.colcon_core.verb:set package 'tiago_controller_configuration' build argument 'catkin_cmake_args' from command line to 'None'
[6.557s] Level 5:colcon.colcon_core.verb:set package 'tiago_controller_configuration' build argument 'catkin_skip_building_tests' from command line to 'False'
[6.557s] DEBUG:colcon.colcon_core.verb:Building package 'tiago_controller_configuration' with the following arguments: {'ament_cmake_args': None, 'build_base': '/Bt/build/tiago_controller_configuration', 'catkin_cmake_args': None, 'catkin_skip_building_tests': False, 'cmake_args': None, 'cmake_clean_cache': False, 'cmake_clean_first': False, 'cmake_force_configure': False, 'cmake_target': None, 'cmake_target_skip_unavailable': False, 'install_base': '/Bt/install/tiago_controller_configuration', 'merge_install': False, 'path': '/Bt/ThirdParty/tiago_robot/tiago_controller_configuration', 'symlink_install': False, 'test_result_base': None}
[6.557s] Level 5:colcon.colcon_core.verb:set package 'tiago_description' build argument 'cmake_args' from command line to 'None'
[6.557s] Level 5:colcon.colcon_core.verb:set package 'tiago_description' build argument 'cmake_target' from command line to 'None'
[6.557s] Level 5:colcon.colcon_core.verb:set package 'tiago_description' build argument 'cmake_target_skip_unavailable' from command line to 'False'
[6.557s] Level 5:colcon.colcon_core.verb:set package 'tiago_description' build argument 'cmake_clean_cache' from command line to 'False'
[6.557s] Level 5:colcon.colcon_core.verb:set package 'tiago_description' build argument 'cmake_clean_first' from command line to 'False'
[6.557s] Level 5:colcon.colcon_core.verb:set package 'tiago_description' build argument 'cmake_force_configure' from command line to 'False'
[6.558s] Level 5:colcon.colcon_core.verb:set package 'tiago_description' build argument 'ament_cmake_args' from command line to 'None'
[6.558s] Level 5:colcon.colcon_core.verb:set package 'tiago_description' build argument 'catkin_cmake_args' from command line to 'None'
[6.558s] Level 5:colcon.colcon_core.verb:set package 'tiago_description' build argument 'catkin_skip_building_tests' from command line to 'False'
[6.558s] DEBUG:colcon.colcon_core.verb:Building package 'tiago_description' with the following arguments: {'ament_cmake_args': None, 'build_base': '/Bt/build/tiago_description', 'catkin_cmake_args': None, 'catkin_skip_building_tests': False, 'cmake_args': None, 'cmake_clean_cache': False, 'cmake_clean_first': False, 'cmake_force_configure': False, 'cmake_target': None, 'cmake_target_skip_unavailable': False, 'install_base': '/Bt/install/tiago_description', 'merge_install': False, 'path': '/Bt/ThirdParty/tiago_robot/tiago_description', 'symlink_install': False, 'test_result_base': None}
[6.558s] Level 5:colcon.colcon_core.verb:set package 'yolo_bringup' build argument 'cmake_args' from command line to 'None'
[6.558s] Level 5:colcon.colcon_core.verb:set package 'yolo_bringup' build argument 'cmake_target' from command line to 'None'
[6.558s] Level 5:colcon.colcon_core.verb:set package 'yolo_bringup' build argument 'cmake_target_skip_unavailable' from command line to 'False'
[6.558s] Level 5:colcon.colcon_core.verb:set package 'yolo_bringup' build argument 'cmake_clean_cache' from command line to 'False'
[6.558s] Level 5:colcon.colcon_core.verb:set package 'yolo_bringup' build argument 'cmake_clean_first' from command line to 'False'
[6.558s] Level 5:colcon.colcon_core.verb:set package 'yolo_bringup' build argument 'cmake_force_configure' from command line to 'False'
[6.558s] Level 5:colcon.colcon_core.verb:set package 'yolo_bringup' build argument 'ament_cmake_args' from command line to 'None'
[6.558s] Level 5:colcon.colcon_core.verb:set package 'yolo_bringup' build argument 'catkin_cmake_args' from command line to 'None'
[6.558s] Level 5:colcon.colcon_core.verb:set package 'yolo_bringup' build argument 'catkin_skip_building_tests' from command line to 'False'
[6.558s] DEBUG:colcon.colcon_core.verb:Building package 'yolo_bringup' with the following arguments: {'ament_cmake_args': None, 'build_base': '/Bt/build/yolo_bringup', 'catkin_cmake_args': None, 'catkin_skip_building_tests': False, 'cmake_args': None, 'cmake_clean_cache': False, 'cmake_clean_first': False, 'cmake_force_configure': False, 'cmake_target': None, 'cmake_target_skip_unavailable': False, 'install_base': '/Bt/install/yolo_bringup', 'merge_install': False, 'path': '/Bt/ThirdParty/yolo_ros/yolo_bringup', 'symlink_install': False, 'test_result_base': None}
[6.558s] Level 5:colcon.colcon_core.verb:set package 'grab2_bt_grabber' build argument 'cmake_args' from command line to 'None'
[6.558s] Level 5:colcon.colcon_core.verb:set package 'grab2_bt_grabber' build argument 'cmake_target' from command line to 'None'
[6.558s] Level 5:colcon.colcon_core.verb:set package 'grab2_bt_grabber' build argument 'cmake_target_skip_unavailable' from command line to 'False'
[6.558s] Level 5:colcon.colcon_core.verb:set package 'grab2_bt_grabber' build argument 'cmake_clean_cache' from command line to 'False'
[6.558s] Level 5:colcon.colcon_core.verb:set package 'grab2_bt_grabber' build argument 'cmake_clean_first' from command line to 'False'
[6.558s] Level 5:colcon.colcon_core.verb:set package 'grab2_bt_grabber' build argument 'cmake_force_configure' from command line to 'False'
[6.558s] Level 5:colcon.colcon_core.verb:set package 'grab2_bt_grabber' build argument 'ament_cmake_args' from command line to 'None'
[6.558s] Level 5:colcon.colcon_core.verb:set package 'grab2_bt_grabber' build argument 'catkin_cmake_args' from command line to 'None'
[6.558s] Level 5:colcon.colcon_core.verb:set package 'grab2_bt_grabber' build argument 'catkin_skip_building_tests' from command line to 'False'
[6.558s] DEBUG:colcon.colcon_core.verb:Building package 'grab2_bt_grabber' with the following arguments: {'ament_cmake_args': None, 'build_base': '/Bt/build/grab2_bt_grabber', 'catkin_cmake_args': None, 'catkin_skip_building_tests': False, 'cmake_args': None, 'cmake_clean_cache': False, 'cmake_clean_first': False, 'cmake_force_configure': False, 'cmake_target': None, 'cmake_target_skip_unavailable': False, 'install_base': '/Bt/install/grab2_bt_grabber', 'merge_install': False, 'path': '/Bt/ThirdParty/grab2/grab2_bt_grabber', 'symlink_install': False, 'test_result_base': None}
[6.559s] Level 5:colcon.colcon_core.verb:set package 'grab2_grasp_generator' build argument 'cmake_args' from command line to 'None'
[6.559s] Level 5:colcon.colcon_core.verb:set package 'grab2_grasp_generator' build argument 'cmake_target' from command line to 'None'
[6.559s] Level 5:colcon.colcon_core.verb:set package 'grab2_grasp_generator' build argument 'cmake_target_skip_unavailable' from command line to 'False'
[6.559s] Level 5:colcon.colcon_core.verb:set package 'grab2_grasp_generator' build argument 'cmake_clean_cache' from command line to 'False'
[6.559s] Level 5:colcon.colcon_core.verb:set package 'grab2_grasp_generator' build argument 'cmake_clean_first' from command line to 'False'
[6.559s] Level 5:colcon.colcon_core.verb:set package 'grab2_grasp_generator' build argument 'cmake_force_configure' from command line to 'False'
[6.559s] Level 5:colcon.colcon_core.verb:set package 'grab2_grasp_generator' build argument 'ament_cmake_args' from command line to 'None'
[6.559s] Level 5:colcon.colcon_core.verb:set package 'grab2_grasp_generator' build argument 'catkin_cmake_args' from command line to 'None'
[6.559s] Level 5:colcon.colcon_core.verb:set package 'grab2_grasp_generator' build argument 'catkin_skip_building_tests' from command line to 'False'
[6.559s] DEBUG:colcon.colcon_core.verb:Building package 'grab2_grasp_generator' with the following arguments: {'ament_cmake_args': None, 'build_base': '/Bt/build/grab2_grasp_generator', 'catkin_cmake_args': None, 'catkin_skip_building_tests': False, 'cmake_args': None, 'cmake_clean_cache': False, 'cmake_clean_first': False, 'cmake_force_configure': False, 'cmake_target': None, 'cmake_target_skip_unavailable': False, 'install_base': '/Bt/install/grab2_grasp_generator', 'merge_install': False, 'path': '/Bt/ThirdParty/grab2/grab2_grasp_generator', 'symlink_install': False, 'test_result_base': None}
[6.559s] Level 5:colcon.colcon_core.verb:set package 'grab2_planner' build argument 'cmake_args' from command line to 'None'
[6.559s] Level 5:colcon.colcon_core.verb:set package 'grab2_planner' build argument 'cmake_target' from command line to 'None'
[6.559s] Level 5:colcon.colcon_core.verb:set package 'grab2_planner' build argument 'cmake_target_skip_unavailable' from command line to 'False'
[6.559s] Level 5:colcon.colcon_core.verb:set package 'grab2_planner' build argument 'cmake_clean_cache' from command line to 'False'
[6.559s] Level 5:colcon.colcon_core.verb:set package 'grab2_planner' build argument 'cmake_clean_first' from command line to 'False'
[6.559s] Level 5:colcon.colcon_core.verb:set package 'grab2_planner' build argument 'cmake_force_configure' from command line to 'False'
[6.559s] Level 5:colcon.colcon_core.verb:set package 'grab2_planner' build argument 'ament_cmake_args' from command line to 'None'
[6.559s] Level 5:colcon.colcon_core.verb:set package 'grab2_planner' build argument 'catkin_cmake_args' from command line to 'None'
[6.559s] Level 5:colcon.colcon_core.verb:set package 'grab2_planner' build argument 'catkin_skip_building_tests' from command line to 'False'
[6.559s] DEBUG:colcon.colcon_core.verb:Building package 'grab2_planner' with the following arguments: {'ament_cmake_args': None, 'build_base': '/Bt/build/grab2_planner', 'catkin_cmake_args': None, 'catkin_skip_building_tests': False, 'cmake_args': None, 'cmake_clean_cache': False, 'cmake_clean_first': False, 'cmake_force_configure': False, 'cmake_target': None, 'cmake_target_skip_unavailable': False, 'install_base': '/Bt/install/grab2_planner', 'merge_install': False, 'path': '/Bt/ThirdParty/grab2/grab2_planner', 'symlink_install': False, 'test_result_base': None}
[6.560s] Level 5:colcon.colcon_core.verb:set package 'omni_base_robot' build argument 'cmake_args' from command line to 'None'
[6.560s] Level 5:colcon.colcon_core.verb:set package 'omni_base_robot' build argument 'cmake_target' from command line to 'None'
[6.560s] Level 5:colcon.colcon_core.verb:set package 'omni_base_robot' build argument 'cmake_target_skip_unavailable' from command line to 'False'
[6.560s] Level 5:colcon.colcon_core.verb:set package 'omni_base_robot' build argument 'cmake_clean_cache' from command line to 'False'
[6.560s] Level 5:colcon.colcon_core.verb:set package 'omni_base_robot' build argument 'cmake_clean_first' from command line to 'False'
[6.560s] Level 5:colcon.colcon_core.verb:set package 'omni_base_robot' build argument 'cmake_force_configure' from command line to 'False'
[6.560s] Level 5:colcon.colcon_core.verb:set package 'omni_base_robot' build argument 'ament_cmake_args' from command line to 'None'
[6.560s] Level 5:colcon.colcon_core.verb:set package 'omni_base_robot' build argument 'catkin_cmake_args' from command line to 'None'
[6.560s] Level 5:colcon.colcon_core.verb:set package 'omni_base_robot' build argument 'catkin_skip_building_tests' from command line to 'False'
[6.560s] DEBUG:colcon.colcon_core.verb:Building package 'omni_base_robot' with the following arguments: {'ament_cmake_args': None, 'build_base': '/Bt/build/omni_base_robot', 'catkin_cmake_args': None, 'catkin_skip_building_tests': False, 'cmake_args': None, 'cmake_clean_cache': False, 'cmake_clean_first': False, 'cmake_force_configure': False, 'cmake_target': None, 'cmake_target_skip_unavailable': False, 'install_base': '/Bt/install/omni_base_robot', 'merge_install': False, 'path': '/Bt/ThirdParty/tiago_omni_base/omni_base_robot', 'symlink_install': False, 'test_result_base': None}
[6.560s] Level 5:colcon.colcon_core.verb:set package 'pmb2_robot' build argument 'cmake_args' from command line to 'None'
[6.560s] Level 5:colcon.colcon_core.verb:set package 'pmb2_robot' build argument 'cmake_target' from command line to 'None'
[6.560s] Level 5:colcon.colcon_core.verb:set package 'pmb2_robot' build argument 'cmake_target_skip_unavailable' from command line to 'False'
[6.560s] Level 5:colcon.colcon_core.verb:set package 'pmb2_robot' build argument 'cmake_clean_cache' from command line to 'False'
[6.560s] Level 5:colcon.colcon_core.verb:set package 'pmb2_robot' build argument 'cmake_clean_first' from command line to 'False'
[6.560s] Level 5:colcon.colcon_core.verb:set package 'pmb2_robot' build argument 'cmake_force_configure' from command line to 'False'
[6.560s] Level 5:colcon.colcon_core.verb:set package 'pmb2_robot' build argument 'ament_cmake_args' from command line to 'None'
[6.560s] Level 5:colcon.colcon_core.verb:set package 'pmb2_robot' build argument 'catkin_cmake_args' from command line to 'None'
[6.560s] Level 5:colcon.colcon_core.verb:set package 'pmb2_robot' build argument 'catkin_skip_building_tests' from command line to 'False'
[6.560s] DEBUG:colcon.colcon_core.verb:Building package 'pmb2_robot' with the following arguments: {'ament_cmake_args': None, 'build_base': '/Bt/build/pmb2_robot', 'catkin_cmake_args': None, 'catkin_skip_building_tests': False, 'cmake_args': None, 'cmake_clean_cache': False, 'cmake_clean_first': False, 'cmake_force_configure': False, 'cmake_target': None, 'cmake_target_skip_unavailable': False, 'install_base': '/Bt/install/pmb2_robot', 'merge_install': False, 'path': '/Bt/ThirdParty/pmb2_robot/pmb2_robot', 'symlink_install': False, 'test_result_base': None}
[6.560s] Level 5:colcon.colcon_core.verb:set package 'tiago_2dnav' build argument 'cmake_args' from command line to 'None'
[6.561s] Level 5:colcon.colcon_core.verb:set package 'tiago_2dnav' build argument 'cmake_target' from command line to 'None'
[6.561s] Level 5:colcon.colcon_core.verb:set package 'tiago_2dnav' build argument 'cmake_target_skip_unavailable' from command line to 'False'
[6.561s] Level 5:colcon.colcon_core.verb:set package 'tiago_2dnav' build argument 'cmake_clean_cache' from command line to 'False'
[6.561s] Level 5:colcon.colcon_core.verb:set package 'tiago_2dnav' build argument 'cmake_clean_first' from command line to 'False'
[6.561s] Level 5:colcon.colcon_core.verb:set package 'tiago_2dnav' build argument 'cmake_force_configure' from command line to 'False'
[6.561s] Level 5:colcon.colcon_core.verb:set package 'tiago_2dnav' build argument 'ament_cmake_args' from command line to 'None'
[6.561s] Level 5:colcon.colcon_core.verb:set package 'tiago_2dnav' build argument 'catkin_cmake_args' from command line to 'None'
[6.561s] Level 5:colcon.colcon_core.verb:set package 'tiago_2dnav' build argument 'catkin_skip_building_tests' from command line to 'False'
[6.561s] DEBUG:colcon.colcon_core.verb:Building package 'tiago_2dnav' with the following arguments: {'ament_cmake_args': None, 'build_base': '/Bt/build/tiago_2dnav', 'catkin_cmake_args': None, 'catkin_skip_building_tests': False, 'cmake_args': None, 'cmake_clean_cache': False, 'cmake_clean_first': False, 'cmake_force_configure': False, 'cmake_target': None, 'cmake_target_skip_unavailable': False, 'install_base': '/Bt/install/tiago_2dnav', 'merge_install': False, 'path': '/Bt/ThirdParty/tiago_navigation/tiago_2dnav', 'symlink_install': False, 'test_result_base': None}
[6.561s] Level 5:colcon.colcon_core.verb:set package 'tiago_bringup' build argument 'cmake_args' from command line to 'None'
[6.561s] Level 5:colcon.colcon_core.verb:set package 'tiago_bringup' build argument 'cmake_target' from command line to 'None'
[6.561s] Level 5:colcon.colcon_core.verb:set package 'tiago_bringup' build argument 'cmake_target_skip_unavailable' from command line to 'False'
[6.561s] Level 5:colcon.colcon_core.verb:set package 'tiago_bringup' build argument 'cmake_clean_cache' from command line to 'False'
[6.561s] Level 5:colcon.colcon_core.verb:set package 'tiago_bringup' build argument 'cmake_clean_first' from command line to 'False'
[6.561s] Level 5:colcon.colcon_core.verb:set package 'tiago_bringup' build argument 'cmake_force_configure' from command line to 'False'
[6.561s] Level 5:colcon.colcon_core.verb:set package 'tiago_bringup' build argument 'ament_cmake_args' from command line to 'None'
[6.561s] Level 5:colcon.colcon_core.verb:set package 'tiago_bringup' build argument 'catkin_cmake_args' from command line to 'None'
[6.561s] Level 5:colcon.colcon_core.verb:set package 'tiago_bringup' build argument 'catkin_skip_building_tests' from command line to 'False'
[6.561s] DEBUG:colcon.colcon_core.verb:Building package 'tiago_bringup' with the following arguments: {'ament_cmake_args': None, 'build_base': '/Bt/build/tiago_bringup', 'catkin_cmake_args': None, 'catkin_skip_building_tests': False, 'cmake_args': None, 'cmake_clean_cache': False, 'cmake_clean_first': False, 'cmake_force_configure': False, 'cmake_target': None, 'cmake_target_skip_unavailable': False, 'install_base': '/Bt/install/tiago_bringup', 'merge_install': False, 'path': '/Bt/ThirdParty/tiago_robot/tiago_bringup', 'symlink_install': False, 'test_result_base': None}
[6.561s] Level 5:colcon.colcon_core.verb:set package 'tiago_moveit_config' build argument 'cmake_args' from command line to 'None'
[6.561s] Level 5:colcon.colcon_core.verb:set package 'tiago_moveit_config' build argument 'cmake_target' from command line to 'None'
[6.561s] Level 5:colcon.colcon_core.verb:set package 'tiago_moveit_config' build argument 'cmake_target_skip_unavailable' from command line to 'False'
[6.561s] Level 5:colcon.colcon_core.verb:set package 'tiago_moveit_config' build argument 'cmake_clean_cache' from command line to 'False'
[6.561s] Level 5:colcon.colcon_core.verb:set package 'tiago_moveit_config' build argument 'cmake_clean_first' from command line to 'False'
[6.562s] Level 5:colcon.colcon_core.verb:set package 'tiago_moveit_config' build argument 'cmake_force_configure' from command line to 'False'
[6.562s] Level 5:colcon.colcon_core.verb:set package 'tiago_moveit_config' build argument 'ament_cmake_args' from command line to 'None'
[6.562s] Level 5:colcon.colcon_core.verb:set package 'tiago_moveit_config' build argument 'catkin_cmake_args' from command line to 'None'
[6.562s] Level 5:colcon.colcon_core.verb:set package 'tiago_moveit_config' build argument 'catkin_skip_building_tests' from command line to 'False'
[6.562s] DEBUG:colcon.colcon_core.verb:Building package 'tiago_moveit_config' with the following arguments: {'ament_cmake_args': None, 'build_base': '/Bt/build/tiago_moveit_config', 'catkin_cmake_args': None, 'catkin_skip_building_tests': False, 'cmake_args': None, 'cmake_clean_cache': False, 'cmake_clean_first': False, 'cmake_force_configure': False, 'cmake_target': None, 'cmake_target_skip_unavailable': False, 'install_base': '/Bt/install/tiago_moveit_config', 'merge_install': False, 'path': '/Bt/ThirdParty/tiago_moveit_config', 'symlink_install': False, 'test_result_base': None}
[6.562s] Level 5:colcon.colcon_core.verb:set package 'tiago_gazebo' build argument 'cmake_args' from command line to 'None'
[6.562s] Level 5:colcon.colcon_core.verb:set package 'tiago_gazebo' build argument 'cmake_target' from command line to 'None'
[6.562s] Level 5:colcon.colcon_core.verb:set package 'tiago_gazebo' build argument 'cmake_target_skip_unavailable' from command line to 'False'
[6.562s] Level 5:colcon.colcon_core.verb:set package 'tiago_gazebo' build argument 'cmake_clean_cache' from command line to 'False'
[6.562s] Level 5:colcon.colcon_core.verb:set package 'tiago_gazebo' build argument 'cmake_clean_first' from command line to 'False'
[6.562s] Level 5:colcon.colcon_core.verb:set package 'tiago_gazebo' build argument 'cmake_force_configure' from command line to 'False'
[6.562s] Level 5:colcon.colcon_core.verb:set package 'tiago_gazebo' build argument 'ament_cmake_args' from command line to 'None'
[6.562s] Level 5:colcon.colcon_core.verb:set package 'tiago_gazebo' build argument 'catkin_cmake_args' from command line to 'None'
[6.562s] Level 5:colcon.colcon_core.verb:set package 'tiago_gazebo' build argument 'catkin_skip_building_tests' from command line to 'False'
[6.562s] DEBUG:colcon.colcon_core.verb:Building package 'tiago_gazebo' with the following arguments: {'ament_cmake_args': None, 'build_base': '/Bt/build/tiago_gazebo', 'catkin_cmake_args': None, 'catkin_skip_building_tests': False, 'cmake_args': None, 'cmake_clean_cache': False, 'cmake_clean_first': False, 'cmake_force_configure': False, 'cmake_target': None, 'cmake_target_skip_unavailable': False, 'install_base': '/Bt/install/tiago_gazebo', 'merge_install': False, 'path': '/Bt/ThirdParty/tiago_simulation/tiago_gazebo', 'symlink_install': False, 'test_result_base': None}
[6.562s] Level 5:colcon.colcon_core.verb:set package 'tiago_grab' build argument 'cmake_args' from command line to 'None'
[6.562s] Level 5:colcon.colcon_core.verb:set package 'tiago_grab' build argument 'cmake_target' from command line to 'None'
[6.562s] Level 5:colcon.colcon_core.verb:set package 'tiago_grab' build argument 'cmake_target_skip_unavailable' from command line to 'False'
[6.562s] Level 5:colcon.colcon_core.verb:set package 'tiago_grab' build argument 'cmake_clean_cache' from command line to 'False'
[6.562s] Level 5:colcon.colcon_core.verb:set package 'tiago_grab' build argument 'cmake_clean_first' from command line to 'False'
[6.562s] Level 5:colcon.colcon_core.verb:set package 'tiago_grab' build argument 'cmake_force_configure' from command line to 'False'
[6.562s] Level 5:colcon.colcon_core.verb:set package 'tiago_grab' build argument 'ament_cmake_args' from command line to 'None'
[6.562s] Level 5:colcon.colcon_core.verb:set package 'tiago_grab' build argument 'catkin_cmake_args' from command line to 'None'
[6.563s] Level 5:colcon.colcon_core.verb:set package 'tiago_grab' build argument 'catkin_skip_building_tests' from command line to 'False'
[6.563s] DEBUG:colcon.colcon_core.verb:Building package 'tiago_grab' with the following arguments: {'ament_cmake_args': None, 'build_base': '/Bt/build/tiago_grab', 'catkin_cmake_args': None, 'catkin_skip_building_tests': False, 'cmake_args': None, 'cmake_clean_cache': False, 'cmake_clean_first': False, 'cmake_force_configure': False, 'cmake_target': None, 'cmake_target_skip_unavailable': False, 'install_base': '/Bt/install/tiago_grab', 'merge_install': False, 'path': '/Bt/tiago_grab', 'symlink_install': False, 'test_result_base': None}
[6.563s] Level 5:colcon.colcon_core.verb:set package 'tiago_navigation' build argument 'cmake_args' from command line to 'None'
[6.563s] Level 5:colcon.colcon_core.verb:set package 'tiago_navigation' build argument 'cmake_target' from command line to 'None'
[6.563s] Level 5:colcon.colcon_core.verb:set package 'tiago_navigation' build argument 'cmake_target_skip_unavailable' from command line to 'False'
[6.563s] Level 5:colcon.colcon_core.verb:set package 'tiago_navigation' build argument 'cmake_clean_cache' from command line to 'False'
[6.563s] Level 5:colcon.colcon_core.verb:set package 'tiago_navigation' build argument 'cmake_clean_first' from command line to 'False'
[6.563s] Level 5:colcon.colcon_core.verb:set package 'tiago_navigation' build argument 'cmake_force_configure' from command line to 'False'
[6.563s] Level 5:colcon.colcon_core.verb:set package 'tiago_navigation' build argument 'ament_cmake_args' from command line to 'None'
[6.563s] Level 5:colcon.colcon_core.verb:set package 'tiago_navigation' build argument 'catkin_cmake_args' from command line to 'None'
[6.563s] Level 5:colcon.colcon_core.verb:set package 'tiago_navigation' build argument 'catkin_skip_building_tests' from command line to 'False'
[6.563s] DEBUG:colcon.colcon_core.verb:Building package 'tiago_navigation' with the following arguments: {'ament_cmake_args': None, 'build_base': '/Bt/build/tiago_navigation', 'catkin_cmake_args': None, 'catkin_skip_building_tests': False, 'cmake_args': None, 'cmake_clean_cache': False, 'cmake_clean_first': False, 'cmake_force_configure': False, 'cmake_target': None, 'cmake_target_skip_unavailable': False, 'install_base': '/Bt/install/tiago_navigation', 'merge_install': False, 'path': '/Bt/ThirdParty/tiago_navigation/tiago_navigation', 'symlink_install': False, 'test_result_base': None}
[6.563s] Level 5:colcon.colcon_core.verb:set package 'tiago_robot' build argument 'cmake_args' from command line to 'None'
[6.563s] Level 5:colcon.colcon_core.verb:set package 'tiago_robot' build argument 'cmake_target' from command line to 'None'
[6.563s] Level 5:colcon.colcon_core.verb:set package 'tiago_robot' build argument 'cmake_target_skip_unavailable' from command line to 'False'
[6.563s] Level 5:colcon.colcon_core.verb:set package 'tiago_robot' build argument 'cmake_clean_cache' from command line to 'False'
[6.563s] Level 5:colcon.colcon_core.verb:set package 'tiago_robot' build argument 'cmake_clean_first' from command line to 'False'
[6.563s] Level 5:colcon.colcon_core.verb:set package 'tiago_robot' build argument 'cmake_force_configure' from command line to 'False'
[6.563s] Level 5:colcon.colcon_core.verb:set package 'tiago_robot' build argument 'ament_cmake_args' from command line to 'None'
[6.563s] Level 5:colcon.colcon_core.verb:set package 'tiago_robot' build argument 'catkin_cmake_args' from command line to 'None'
[6.563s] Level 5:colcon.colcon_core.verb:set package 'tiago_robot' build argument 'catkin_skip_building_tests' from command line to 'False'
[6.563s] DEBUG:colcon.colcon_core.verb:Building package 'tiago_robot' with the following arguments: {'ament_cmake_args': None, 'build_base': '/Bt/build/tiago_robot', 'catkin_cmake_args': None, 'catkin_skip_building_tests': False, 'cmake_args': None, 'cmake_clean_cache': False, 'cmake_clean_first': False, 'cmake_force_configure': False, 'cmake_target': None, 'cmake_target_skip_unavailable': False, 'install_base': '/Bt/install/tiago_robot', 'merge_install': False, 'path': '/Bt/ThirdParty/tiago_robot/tiago_robot', 'symlink_install': False, 'test_result_base': None}
[6.564s] Level 5:colcon.colcon_core.verb:set package 'tiago_demos' build argument 'cmake_args' from command line to 'None'
[6.564s] Level 5:colcon.colcon_core.verb:set package 'tiago_demos' build argument 'cmake_target' from command line to 'None'
[6.564s] Level 5:colcon.colcon_core.verb:set package 'tiago_demos' build argument 'cmake_target_skip_unavailable' from command line to 'False'
[6.564s] Level 5:colcon.colcon_core.verb:set package 'tiago_demos' build argument 'cmake_clean_cache' from command line to 'False'
[6.564s] Level 5:colcon.colcon_core.verb:set package 'tiago_demos' build argument 'cmake_clean_first' from command line to 'False'
[6.564s] Level 5:colcon.colcon_core.verb:set package 'tiago_demos' build argument 'cmake_force_configure' from command line to 'False'
[6.564s] Level 5:colcon.colcon_core.verb:set package 'tiago_demos' build argument 'ament_cmake_args' from command line to 'None'
[6.564s] Level 5:colcon.colcon_core.verb:set package 'tiago_demos' build argument 'catkin_cmake_args' from command line to 'None'
[6.564s] Level 5:colcon.colcon_core.verb:set package 'tiago_demos' build argument 'catkin_skip_building_tests' from command line to 'False'
[6.564s] DEBUG:colcon.colcon_core.verb:Building package 'tiago_demos' with the following arguments: {'ament_cmake_args': None, 'build_base': '/Bt/build/tiago_demos', 'catkin_cmake_args': None, 'catkin_skip_building_tests': False, 'cmake_args': None, 'cmake_clean_cache': False, 'cmake_clean_first': False, 'cmake_force_configure': False, 'cmake_target': None, 'cmake_target_skip_unavailable': False, 'install_base': '/Bt/install/tiago_demos', 'merge_install': False, 'path': '/Bt/tiago_demos', 'symlink_install': False, 'test_result_base': None}
[6.564s] Level 5:colcon.colcon_core.verb:set package 'tiago_simulation' build argument 'cmake_args' from command line to 'None'
[6.564s] Level 5:colcon.colcon_core.verb:set package 'tiago_simulation' build argument 'cmake_target' from command line to 'None'
[6.564s] Level 5:colcon.colcon_core.verb:set package 'tiago_simulation' build argument 'cmake_target_skip_unavailable' from command line to 'False'
[6.564s] Level 5:colcon.colcon_core.verb:set package 'tiago_simulation' build argument 'cmake_clean_cache' from command line to 'False'
[6.564s] Level 5:colcon.colcon_core.verb:set package 'tiago_simulation' build argument 'cmake_clean_first' from command line to 'False'
[6.564s] Level 5:colcon.colcon_core.verb:set package 'tiago_simulation' build argument 'cmake_force_configure' from command line to 'False'
[6.564s] Level 5:colcon.colcon_core.verb:set package 'tiago_simulation' build argument 'ament_cmake_args' from command line to 'None'
[6.564s] Level 5:colcon.colcon_core.verb:set package 'tiago_simulation' build argument 'catkin_cmake_args' from command line to 'None'
[6.564s] Level 5:colcon.colcon_core.verb:set package 'tiago_simulation' build argument 'catkin_skip_building_tests' from command line to 'False'
[6.564s] DEBUG:colcon.colcon_core.verb:Building package 'tiago_simulation' with the following arguments: {'ament_cmake_args': None, 'build_base': '/Bt/build/tiago_simulation', 'catkin_cmake_args': None, 'catkin_skip_building_tests': False, 'cmake_args': None, 'cmake_clean_cache': False, 'cmake_clean_first': False, 'cmake_force_configure': False, 'cmake_target': None, 'cmake_target_skip_unavailable': False, 'install_base': '/Bt/install/tiago_simulation', 'merge_install': False, 'path': '/Bt/ThirdParty/tiago_simulation/tiago_simulation', 'symlink_install': False, 'test_result_base': None}
[6.564s] INFO:colcon.colcon_core.executor:Executing jobs using 'parallel' executor
[6.565s] DEBUG:colcon.colcon_parallel_executor.executor.parallel:run_until_complete
[6.566s] INFO:colcon.colcon_ros.task.ament_python.build:Building ROS package in '/Bt/ThirdParty/launch_pal' with build type 'ament_python'
[6.566s] Level 1:colcon.colcon_core.shell:create_environment_hook('launch_pal', 'ament_prefix_path')
[6.600s] INFO:colcon.colcon_core.plugin_system:Skipping extension 'colcon_core.shell.bat': Not used on non-Windows systems
[6.600s] INFO:colcon.colcon_core.shell:Creating environment hook '/Bt/install/launch_pal/share/launch_pal/hook/ament_prefix_path.ps1'
[6.603s] INFO:colcon.colcon_core.shell:Creating environment descriptor '/Bt/install/launch_pal/share/launch_pal/hook/ament_prefix_path.dsv'
[6.618s] INFO:colcon.colcon_core.shell:Creating environment hook '/Bt/install/launch_pal/share/launch_pal/hook/ament_prefix_path.sh'
[6.621s] INFO:colcon.colcon_core.shell:Skip shell extension 'powershell' for command environment: Not usable outside of PowerShell
[6.621s] DEBUG:colcon.colcon_core.shell:Skip shell extension 'dsv' for command environment
[6.643s] INFO:colcon.colcon_ros.task.ament_cmake.build:Building ROS package in '/Bt/ThirdParty/pal_urdf_utils' with build type 'ament_cmake'
[6.644s] INFO:colcon.colcon_cmake.task.cmake.build:Building CMake package in '/Bt/ThirdParty/pal_urdf_utils'
[6.644s] INFO:colcon.colcon_core.shell:Skip shell extension 'powershell' for command environment: Not usable outside of PowerShell
[6.644s] DEBUG:colcon.colcon_core.shell:Skip shell extension 'dsv' for command environment
[6.651s] INFO:colcon.colcon_ros.task.ament_cmake.build:Building ROS package in '/Bt/ThirdParty/BehaviorTree.ROS2/btcpp_ros2_interfaces' with build type 'ament_cmake'
[6.651s] INFO:colcon.colcon_cmake.task.cmake.build:Building CMake package in '/Bt/ThirdParty/BehaviorTree.ROS2/btcpp_ros2_interfaces'
[6.651s] INFO:colcon.colcon_core.shell:Skip shell extension 'powershell' for command environment: Not usable outside of PowerShell
[6.651s] DEBUG:colcon.colcon_core.shell:Skip shell extension 'dsv' for command environment
[6.656s] INFO:colcon.colcon_ros.task.ament_cmake.build:Building ROS package in '/Bt/ThirdParty/pal_robotiq_gripper/pal_robotiq_description' with build type 'ament_cmake'
[6.657s] INFO:colcon.colcon_cmake.task.cmake.build:Building CMake package in '/Bt/ThirdParty/pal_robotiq_gripper/pal_robotiq_description'
[6.657s] INFO:colcon.colcon_core.shell:Skip shell extension 'powershell' for command environment: Not usable outside of PowerShell
[6.657s] DEBUG:colcon.colcon_core.shell:Skip shell extension 'dsv' for command environment
[6.661s] INFO:colcon.colcon_ros.task.ament_cmake.build:Building ROS package in '/Bt/ThirdParty/tiago_omni_base/omni_base_controller_configuration' with build type 'ament_cmake'
[6.662s] INFO:colcon.colcon_cmake.task.cmake.build:Building CMake package in '/Bt/ThirdParty/tiago_omni_base/omni_base_controller_configuration'
[6.662s] INFO:colcon.colcon_core.shell:Skip shell extension 'powershell' for command environment: Not usable outside of PowerShell
[6.662s] DEBUG:colcon.colcon_core.shell:Skip shell extension 'dsv' for command environment
[6.666s] INFO:colcon.colcon_ros.task.ament_cmake.build:Building ROS package in '/Bt/ThirdParty/pal_gripper/pal_gripper_controller_configuration' with build type 'ament_cmake'
[6.666s] INFO:colcon.colcon_cmake.task.cmake.build:Building CMake package in '/Bt/ThirdParty/pal_gripper/pal_gripper_controller_configuration'
[6.666s] INFO:colcon.colcon_core.shell:Skip shell extension 'powershell' for command environment: Not usable outside of PowerShell
[6.666s] DEBUG:colcon.colcon_core.shell:Skip shell extension 'dsv' for command environment
[6.669s] INFO:colcon.colcon_ros.task.ament_cmake.build:Building ROS package in '/Bt/ThirdParty/pal_hey5/pal_hey5_controller_configuration' with build type 'ament_cmake'
[6.670s] INFO:colcon.colcon_cmake.task.cmake.build:Building CMake package in '/Bt/ThirdParty/pal_hey5/pal_hey5_controller_configuration'
[6.670s] INFO:colcon.colcon_core.shell:Skip shell extension 'powershell' for command environment: Not usable outside of PowerShell
[6.670s] DEBUG:colcon.colcon_core.shell:Skip shell extension 'dsv' for command environment
[6.675s] INFO:colcon.colcon_ros.task.ament_cmake.build:Building ROS package in '/Bt/ThirdParty/pal_maps' with build type 'ament_cmake'
[6.675s] INFO:colcon.colcon_cmake.task.cmake.build:Building CMake package in '/Bt/ThirdParty/pal_maps'
[6.675s] INFO:colcon.colcon_core.shell:Skip shell extension 'powershell' for command environment: Not usable outside of PowerShell
[6.675s] DEBUG:colcon.colcon_core.shell:Skip shell extension 'dsv' for command environment
[6.746s] DEBUG:colcon.colcon_core.event_handler.log_command:Invoking command in '/Bt/build/pal_maps': CMAKE_PREFIX_PATH=${CMAKE_PREFIX_PATH}:/opt/ros/jazzy /usr/bin/cmake --build /Bt/build/pal_maps -- -j8 -l8
[6.783s] DEBUG:colcon.colcon_core.event_handler.log_command:Invoking command in '/Bt/build/pal_gripper_controller_configuration': CMAKE_PREFIX_PATH=${CMAKE_PREFIX_PATH}:/opt/ros/jazzy /usr/bin/cmake --build /Bt/build/pal_gripper_controller_configuration -- -j8 -l8
[6.808s] DEBUG:colcon.colcon_core.event_handler.log_command:Invoking command in '/Bt/build/pal_robotiq_description': CMAKE_PREFIX_PATH=${CMAKE_PREFIX_PATH}:/opt/ros/jazzy /usr/bin/cmake --build /Bt/build/pal_robotiq_description -- -j8 -l8
[6.830s] DEBUG:colcon.colcon_core.event_handler.log_command:Invoking command in '/Bt/build/btcpp_ros2_interfaces': CMAKE_PREFIX_PATH=${CMAKE_PREFIX_PATH}:/opt/ros/jazzy /usr/bin/cmake --build /Bt/build/btcpp_ros2_interfaces -- -j8 -l8
[7.281s] INFO:colcon.colcon_core.task.python.build:Building Python package in '/Bt/ThirdParty/launch_pal'
[7.281s] INFO:colcon.colcon_core.shell:Skip shell extension 'powershell' for command environment: Not usable outside of PowerShell
[7.281s] DEBUG:colcon.colcon_core.shell:Skip shell extension 'dsv' for command environment
[7.287s] DEBUG:colcon.colcon_core.event_handler.log_command:Invoking command in '/Bt/build/pal_hey5_controller_configuration': CMAKE_PREFIX_PATH=${CMAKE_PREFIX_PATH}:/opt/ros/jazzy /usr/bin/cmake --build /Bt/build/pal_hey5_controller_configuration -- -j8 -l8
[7.327s] DEBUG:colcon.colcon_core.event_handler.log_command:Invoking command in '/Bt/build/omni_base_controller_configuration': CMAKE_PREFIX_PATH=${CMAKE_PREFIX_PATH}:/opt/ros/jazzy /usr/bin/cmake --build /Bt/build/omni_base_controller_configuration -- -j8 -l8
[7.356s] DEBUG:colcon.colcon_core.event_handler.log_command:Invoking command in '/Bt/build/pal_urdf_utils': CMAKE_PREFIX_PATH=${CMAKE_PREFIX_PATH}:/opt/ros/jazzy /usr/bin/cmake --build /Bt/build/pal_urdf_utils -- -j8 -l8
[11.103s] DEBUG:colcon.colcon_core.event_handler.log_command:Invoked command in '/Bt/build/omni_base_controller_configuration' returned '0': CMAKE_PREFIX_PATH=${CMAKE_PREFIX_PATH}:/opt/ros/jazzy /usr/bin/cmake --build /Bt/build/omni_base_controller_configuration -- -j8 -l8
[11.157s] DEBUG:colcon.colcon_core.event_handler.log_command:Invoking command in '/Bt/build/omni_base_controller_configuration': CMAKE_PREFIX_PATH=${CMAKE_PREFIX_PATH}:/opt/ros/jazzy /usr/bin/cmake --install /Bt/build/omni_base_controller_configuration
[11.159s] DEBUG:colcon.colcon_core.event_handler.log_command:Invoked command in '/Bt/build/pal_robotiq_description' returned '0': CMAKE_PREFIX_PATH=${CMAKE_PREFIX_PATH}:/opt/ros/jazzy /usr/bin/cmake --build /Bt/build/pal_robotiq_description -- -j8 -l8
[11.191s] DEBUG:colcon.colcon_core.event_handler.log_command:Invoking command in '/Bt/build/pal_robotiq_description': CMAKE_PREFIX_PATH=${CMAKE_PREFIX_PATH}:/opt/ros/jazzy /usr/bin/cmake --install /Bt/build/pal_robotiq_description
[11.192s] DEBUG:colcon.colcon_core.event_handler.log_command:Invoked command in '/Bt/build/pal_maps' returned '0': CMAKE_PREFIX_PATH=${CMAKE_PREFIX_PATH}:/opt/ros/jazzy /usr/bin/cmake --build /Bt/build/pal_maps -- -j8 -l8
[11.398s] DEBUG:colcon.colcon_core.event_handler.log_command:Invoking command in '/Bt/build/pal_maps': CMAKE_PREFIX_PATH=${CMAKE_PREFIX_PATH}:/opt/ros/jazzy /usr/bin/cmake --install /Bt/build/pal_maps
[11.400s] DEBUG:colcon.colcon_core.event_handler.log_command:Invoked command in '/Bt/build/pal_hey5_controller_configuration' returned '0': CMAKE_PREFIX_PATH=${CMAKE_PREFIX_PATH}:/opt/ros/jazzy /usr/bin/cmake --build /Bt/build/pal_hey5_controller_configuration -- -j8 -l8
[11.464s] DEBUG:colcon.colcon_core.event_handler.log_command:Invoking command in '/Bt/build/pal_hey5_controller_configuration': CMAKE_PREFIX_PATH=${CMAKE_PREFIX_PATH}:/opt/ros/jazzy /usr/bin/cmake --install /Bt/build/pal_hey5_controller_configuration
[11.465s] DEBUG:colcon.colcon_core.event_handler.log_command:Invoked command in '/Bt/build/pal_gripper_controller_configuration' returned '0': CMAKE_PREFIX_PATH=${CMAKE_PREFIX_PATH}:/opt/ros/jazzy /usr/bin/cmake --build /Bt/build/pal_gripper_controller_configuration -- -j8 -l8
[11.475s] DEBUG:colcon.colcon_core.event_handler.log_command:Invoking command in '/Bt/build/pal_gripper_controller_configuration': CMAKE_PREFIX_PATH=${CMAKE_PREFIX_PATH}:/opt/ros/jazzy /usr/bin/cmake --install /Bt/build/pal_gripper_controller_configuration
[11.478s] DEBUG:colcon.colcon_core.event_handler.log_command:Invoked command in '/Bt/build/pal_urdf_utils' returned '0': CMAKE_PREFIX_PATH=${CMAKE_PREFIX_PATH}:/opt/ros/jazzy /usr/bin/cmake --build /Bt/build/pal_urdf_utils -- -j8 -l8
[11.508s] Level 1:colcon.colcon_core.environment:create_environment_scripts_only(omni_base_controller_configuration)
[11.511s] DEBUG:colcon.colcon_core.event_handler.log_command:Invoking command in '/Bt/build/pal_urdf_utils': CMAKE_PREFIX_PATH=${CMAKE_PREFIX_PATH}:/opt/ros/jazzy /usr/bin/cmake --install /Bt/build/pal_urdf_utils
[11.513s] DEBUG:colcon.colcon_core.event_handler.log_command:Invoked command in '/Bt/build/omni_base_controller_configuration' returned '0': CMAKE_PREFIX_PATH=${CMAKE_PREFIX_PATH}:/opt/ros/jazzy /usr/bin/cmake --install /Bt/build/omni_base_controller_configuration
[11.874s] Level 1:colcon.colcon_core.environment:checking '/Bt/install/omni_base_controller_configuration' for CMake module files
[11.876s] Level 1:colcon.colcon_core.environment:checking '/Bt/install/omni_base_controller_configuration' for CMake config files
[11.877s] Level 1:colcon.colcon_core.shell:create_environment_hook('omni_base_controller_configuration', 'cmake_prefix_path')
[11.878s] INFO:colcon.colcon_core.shell:Creating environment hook '/Bt/install/omni_base_controller_configuration/share/omni_base_controller_configuration/hook/cmake_prefix_path.ps1'
[11.879s] INFO:colcon.colcon_core.shell:Creating environment descriptor '/Bt/install/omni_base_controller_configuration/share/omni_base_controller_configuration/hook/cmake_prefix_path.dsv'
[11.881s] INFO:colcon.colcon_core.shell:Creating environment hook '/Bt/install/omni_base_controller_configuration/share/omni_base_controller_configuration/hook/cmake_prefix_path.sh'
[11.883s] Level 1:colcon.colcon_core.environment:checking '/Bt/install/omni_base_controller_configuration/bin'
[11.884s] Level 1:colcon.colcon_core.environment:checking '/Bt/install/omni_base_controller_configuration/lib/pkgconfig/omni_base_controller_configuration.pc'
[11.885s] Level 1:colcon.colcon_core.environment:checking '/Bt/install/omni_base_controller_configuration/lib/python3.12/site-packages'
[11.886s] Level 1:colcon.colcon_core.environment:checking '/Bt/install/omni_base_controller_configuration/bin'
[11.887s] INFO:colcon.colcon_core.shell:Creating package script '/Bt/install/omni_base_controller_configuration/share/omni_base_controller_configuration/package.ps1'
[11.893s] INFO:colcon.colcon_core.shell:Creating package descriptor '/Bt/install/omni_base_controller_configuration/share/omni_base_controller_configuration/package.dsv'
[11.960s] INFO:colcon.colcon_core.shell:Creating package script '/Bt/install/omni_base_controller_configuration/share/omni_base_controller_configuration/package.sh'
[11.962s] INFO:colcon.colcon_core.shell:Creating package script '/Bt/install/omni_base_controller_configuration/share/omni_base_controller_configuration/package.bash'
[12.018s] INFO:colcon.colcon_core.shell:Creating package script '/Bt/install/omni_base_controller_configuration/share/omni_base_controller_configuration/package.zsh'
[12.113s] Level 1:colcon.colcon_core.environment:create_file_with_runtime_dependencies(/Bt/install/omni_base_controller_configuration/share/colcon-core/packages/omni_base_controller_configuration)
[12.115s] Level 1:colcon.colcon_core.environment:create_environment_scripts_only(omni_base_controller_configuration)
[12.116s] Level 1:colcon.colcon_core.environment:checking '/Bt/install/omni_base_controller_configuration' for CMake module files
[12.118s] Level 1:colcon.colcon_core.environment:checking '/Bt/install/omni_base_controller_configuration' for CMake config files
[12.119s] Level 1:colcon.colcon_core.shell:create_environment_hook('omni_base_controller_configuration', 'cmake_prefix_path')
[12.120s] INFO:colcon.colcon_core.shell:Creating environment hook '/Bt/install/omni_base_controller_configuration/share/omni_base_controller_configuration/hook/cmake_prefix_path.ps1'
[12.121s] INFO:colcon.colcon_core.shell:Creating environment descriptor '/Bt/install/omni_base_controller_configuration/share/omni_base_controller_configuration/hook/cmake_prefix_path.dsv'
[12.122s] INFO:colcon.colcon_core.shell:Creating environment hook '/Bt/install/omni_base_controller_configuration/share/omni_base_controller_configuration/hook/cmake_prefix_path.sh'
[12.124s] Level 1:colcon.colcon_core.environment:checking '/Bt/install/omni_base_controller_configuration/bin'
[12.125s] Level 1:colcon.colcon_core.environment:checking '/Bt/install/omni_base_controller_configuration/lib/pkgconfig/omni_base_controller_configuration.pc'
[12.126s] Level 1:colcon.colcon_core.environment:checking '/Bt/install/omni_base_controller_configuration/lib/python3.12/site-packages'
[12.128s] Level 1:colcon.colcon_core.environment:checking '/Bt/install/omni_base_controller_configuration/bin'
[12.129s] INFO:colcon.colcon_core.shell:Creating package script '/Bt/install/omni_base_controller_configuration/share/omni_base_controller_configuration/package.ps1'
[12.132s] INFO:colcon.colcon_core.shell:Creating package descriptor '/Bt/install/omni_base_controller_configuration/share/omni_base_controller_configuration/package.dsv'
[12.134s] INFO:colcon.colcon_core.shell:Creating package script '/Bt/install/omni_base_controller_configuration/share/omni_base_controller_configuration/package.sh'
[12.135s] INFO:colcon.colcon_core.shell:Creating package script '/Bt/install/omni_base_controller_configuration/share/omni_base_controller_configuration/package.bash'
[12.137s] INFO:colcon.colcon_core.shell:Creating package script '/Bt/install/omni_base_controller_configuration/share/omni_base_controller_configuration/package.zsh'
[12.138s] Level 1:colcon.colcon_core.environment:create_file_with_runtime_dependencies(/Bt/install/omni_base_controller_configuration/share/colcon-core/packages/omni_base_controller_configuration)
[12.139s] Level 1:colcon.colcon_core.environment:create_environment_scripts_only(pal_robotiq_description)
[12.140s] Level 1:colcon.colcon_core.environment:checking '/Bt/install/pal_robotiq_description' for CMake module files
[12.143s] DEBUG:colcon.colcon_core.event_handler.log_command:Invoked command in '/Bt/build/pal_robotiq_description' returned '0': CMAKE_PREFIX_PATH=${CMAKE_PREFIX_PATH}:/opt/ros/jazzy /usr/bin/cmake --install /Bt/build/pal_robotiq_description
[12.145s] Level 1:colcon.colcon_core.environment:checking '/Bt/install/pal_robotiq_description' for CMake config files
[12.146s] Level 1:colcon.colcon_core.shell:create_environment_hook('pal_robotiq_description', 'cmake_prefix_path')
[12.146s] INFO:colcon.colcon_core.shell:Creating environment hook '/Bt/install/pal_robotiq_description/share/pal_robotiq_description/hook/cmake_prefix_path.ps1'
[12.161s] INFO:colcon.colcon_core.shell:Creating environment descriptor '/Bt/install/pal_robotiq_description/share/pal_robotiq_description/hook/cmake_prefix_path.dsv'
[12.162s] INFO:colcon.colcon_core.shell:Creating environment hook '/Bt/install/pal_robotiq_description/share/pal_robotiq_description/hook/cmake_prefix_path.sh'
[12.162s] Level 1:colcon.colcon_core.environment:checking '/Bt/install/pal_robotiq_description/bin'
[12.162s] Level 1:colcon.colcon_core.environment:checking '/Bt/install/pal_robotiq_description/lib/pkgconfig/pal_robotiq_description.pc'
[12.162s] Level 1:colcon.colcon_core.environment:checking '/Bt/install/pal_robotiq_description/lib/python3.12/site-packages'
[12.163s] Level 1:colcon.colcon_core.environment:checking '/Bt/install/pal_robotiq_description/bin'
[12.163s] INFO:colcon.colcon_core.shell:Creating package script '/Bt/install/pal_robotiq_description/share/pal_robotiq_description/package.ps1'
[12.164s] INFO:colcon.colcon_core.shell:Creating package descriptor '/Bt/install/pal_robotiq_description/share/pal_robotiq_description/package.dsv'
[12.164s] INFO:colcon.colcon_core.shell:Creating package script '/Bt/install/pal_robotiq_description/share/pal_robotiq_description/package.sh'
[12.164s] INFO:colcon.colcon_core.shell:Creating package script '/Bt/install/pal_robotiq_description/share/pal_robotiq_description/package.bash'
[12.165s] INFO:colcon.colcon_core.shell:Creating package script '/Bt/install/pal_robotiq_description/share/pal_robotiq_description/package.zsh'
[12.165s] Level 1:colcon.colcon_core.environment:create_file_with_runtime_dependencies(/Bt/install/pal_robotiq_description/share/colcon-core/packages/pal_robotiq_description)
[12.171s] Level 1:colcon.colcon_core.environment:create_environment_scripts_only(pal_robotiq_description)
[12.171s] Level 1:colcon.colcon_core.environment:checking '/Bt/install/pal_robotiq_description' for CMake module files
[12.172s] Level 1:colcon.colcon_core.environment:checking '/Bt/install/pal_robotiq_description' for CMake config files
[12.172s] Level 1:colcon.colcon_core.shell:create_environment_hook('pal_robotiq_description', 'cmake_prefix_path')
[12.172s] INFO:colcon.colcon_core.shell:Creating environment hook '/Bt/install/pal_robotiq_description/share/pal_robotiq_description/hook/cmake_prefix_path.ps1'
[12.173s] INFO:colcon.colcon_core.shell:Creating environment descriptor '/Bt/install/pal_robotiq_description/share/pal_robotiq_description/hook/cmake_prefix_path.dsv'
[12.173s] INFO:colcon.colcon_core.shell:Creating environment hook '/Bt/install/pal_robotiq_description/share/pal_robotiq_description/hook/cmake_prefix_path.sh'
[12.173s] Level 1:colcon.colcon_core.environment:checking '/Bt/install/pal_robotiq_description/bin'
[12.174s] Level 1:colcon.colcon_core.environment:checking '/Bt/install/pal_robotiq_description/lib/pkgconfig/pal_robotiq_description.pc'
[12.174s] Level 1:colcon.colcon_core.environment:checking '/Bt/install/pal_robotiq_description/lib/python3.12/site-packages'
[12.174s] Level 1:colcon.colcon_core.environment:checking '/Bt/install/pal_robotiq_description/bin'
[12.174s] INFO:colcon.colcon_core.shell:Creating package script '/Bt/install/pal_robotiq_description/share/pal_robotiq_description/package.ps1'
[12.175s] INFO:colcon.colcon_core.shell:Creating package descriptor '/Bt/install/pal_robotiq_description/share/pal_robotiq_description/package.dsv'
[12.175s] INFO:colcon.colcon_core.shell:Creating package script '/Bt/install/pal_robotiq_description/share/pal_robotiq_description/package.sh'
[12.176s] INFO:colcon.colcon_core.shell:Creating package script '/Bt/install/pal_robotiq_description/share/pal_robotiq_description/package.bash'
[12.189s] INFO:colcon.colcon_core.shell:Creating package script '/Bt/install/pal_robotiq_description/share/pal_robotiq_description/package.zsh'
[12.191s] Level 1:colcon.colcon_core.environment:create_file_with_runtime_dependencies(/Bt/install/pal_robotiq_description/share/colcon-core/packages/pal_robotiq_description)
[12.194s] INFO:colcon.colcon_ros.task.ament_cmake.build:Building ROS package in '/Bt/ThirdParty/pal_robotiq_gripper/pal_robotiq_controller_configuration' with build type 'ament_cmake'
[12.195s] INFO:colcon.colcon_cmake.task.cmake.build:Building CMake package in '/Bt/ThirdParty/pal_robotiq_gripper/pal_robotiq_controller_configuration'
[12.195s] INFO:colcon.colcon_core.shell:Skip shell extension 'powershell' for command environment: Not usable outside of PowerShell
[12.196s] DEBUG:colcon.colcon_core.shell:Skip shell extension 'dsv' for command environment
[12.211s] INFO:colcon.colcon_ros.task.ament_cmake.build:Building ROS package in '/Bt/ThirdParty/play_motion2/play_motion2_msgs' with build type 'ament_cmake'
[12.211s] INFO:colcon.colcon_cmake.task.cmake.build:Building CMake package in '/Bt/ThirdParty/play_motion2/play_motion2_msgs'
[12.212s] INFO:colcon.colcon_core.shell:Skip shell extension 'powershell' for command environment: Not usable outside of PowerShell
[12.212s] DEBUG:colcon.colcon_core.shell:Skip shell extension 'dsv' for command environment
[12.230s] Level 1:colcon.colcon_core.environment:create_environment_scripts_only(pal_hey5_controller_configuration)
[12.231s] Level 1:colcon.colcon_core.environment:checking '/Bt/install/pal_hey5_controller_configuration' for CMake module files
[12.232s] DEBUG:colcon.colcon_core.event_handler.log_command:Invoked command in '/Bt/build/pal_hey5_controller_configuration' returned '0': CMAKE_PREFIX_PATH=${CMAKE_PREFIX_PATH}:/opt/ros/jazzy /usr/bin/cmake --install /Bt/build/pal_hey5_controller_configuration
[12.233s] Level 1:colcon.colcon_core.environment:checking '/Bt/install/pal_hey5_controller_configuration' for CMake config files
[12.233s] Level 1:colcon.colcon_core.shell:create_environment_hook('pal_hey5_controller_configuration', 'cmake_prefix_path')
[12.234s] INFO:colcon.colcon_core.shell:Creating environment hook '/Bt/install/pal_hey5_controller_configuration/share/pal_hey5_controller_configuration/hook/cmake_prefix_path.ps1'
[12.234s] INFO:colcon.colcon_core.shell:Creating environment descriptor '/Bt/install/pal_hey5_controller_configuration/share/pal_hey5_controller_configuration/hook/cmake_prefix_path.dsv'
[12.235s] INFO:colcon.colcon_core.shell:Creating environment hook '/Bt/install/pal_hey5_controller_configuration/share/pal_hey5_controller_configuration/hook/cmake_prefix_path.sh'
[12.236s] Level 1:colcon.colcon_core.environment:checking '/Bt/install/pal_hey5_controller_configuration/bin'
[12.236s] Level 1:colcon.colcon_core.environment:checking '/Bt/install/pal_hey5_controller_configuration/lib/pkgconfig/pal_hey5_controller_configuration.pc'
[12.236s] Level 1:colcon.colcon_core.environment:checking '/Bt/install/pal_hey5_controller_configuration/lib/python3.12/site-packages'
[12.237s] Level 1:colcon.colcon_core.environment:checking '/Bt/install/pal_hey5_controller_configuration/bin'
[12.238s] INFO:colcon.colcon_core.shell:Creating package script '/Bt/install/pal_hey5_controller_configuration/share/pal_hey5_controller_configuration/package.ps1'
[12.238s] INFO:colcon.colcon_core.shell:Creating package descriptor '/Bt/install/pal_hey5_controller_configuration/share/pal_hey5_controller_configuration/package.dsv'
[12.239s] INFO:colcon.colcon_core.shell:Creating package script '/Bt/install/pal_hey5_controller_configuration/share/pal_hey5_controller_configuration/package.sh'
[12.240s] INFO:colcon.colcon_core.shell:Creating package script '/Bt/install/pal_hey5_controller_configuration/share/pal_hey5_controller_configuration/package.bash'
[12.249s] INFO:colcon.colcon_core.shell:Creating package script '/Bt/install/pal_hey5_controller_configuration/share/pal_hey5_controller_configuration/package.zsh'
[12.249s] Level 1:colcon.colcon_core.environment:create_file_with_runtime_dependencies(/Bt/install/pal_hey5_controller_configuration/share/colcon-core/packages/pal_hey5_controller_configuration)
[12.250s] Level 1:colcon.colcon_core.environment:create_environment_scripts_only(pal_hey5_controller_configuration)
[12.250s] Level 1:colcon.colcon_core.environment:checking '/Bt/install/pal_hey5_controller_configuration' for CMake module files
[12.251s] Level 1:colcon.colcon_core.environment:checking '/Bt/install/pal_hey5_controller_configuration' for CMake config files
[12.251s] Level 1:colcon.colcon_core.shell:create_environment_hook('pal_hey5_controller_configuration', 'cmake_prefix_path')
[12.251s] INFO:colcon.colcon_core.shell:Creating environment hook '/Bt/install/pal_hey5_controller_configuration/share/pal_hey5_controller_configuration/hook/cmake_prefix_path.ps1'
[12.252s] INFO:colcon.colcon_core.shell:Creating environment descriptor '/Bt/install/pal_hey5_controller_configuration/share/pal_hey5_controller_configuration/hook/cmake_prefix_path.dsv'
[12.252s] INFO:colcon.colcon_core.shell:Creating environment hook '/Bt/install/pal_hey5_controller_configuration/share/pal_hey5_controller_configuration/hook/cmake_prefix_path.sh'
[12.253s] Level 1:colcon.colcon_core.environment:checking '/Bt/install/pal_hey5_controller_configuration/bin'
[12.253s] Level 1:colcon.colcon_core.environment:checking '/Bt/install/pal_hey5_controller_configuration/lib/pkgconfig/pal_hey5_controller_configuration.pc'
[12.253s] Level 1:colcon.colcon_core.environment:checking '/Bt/install/pal_hey5_controller_configuration/lib/python3.12/site-packages'
[12.253s] Level 1:colcon.colcon_core.environment:checking '/Bt/install/pal_hey5_controller_configuration/bin'
[12.254s] INFO:colcon.colcon_core.shell:Creating package script '/Bt/install/pal_hey5_controller_configuration/share/pal_hey5_controller_configuration/package.ps1'
[12.254s] INFO:colcon.colcon_core.shell:Creating package descriptor '/Bt/install/pal_hey5_controller_configuration/share/pal_hey5_controller_configuration/package.dsv'
[12.255s] INFO:colcon.colcon_core.shell:Creating package script '/Bt/install/pal_hey5_controller_configuration/share/pal_hey5_controller_configuration/package.sh'
[12.257s] INFO:colcon.colcon_core.shell:Creating package script '/Bt/install/pal_hey5_controller_configuration/share/pal_hey5_controller_configuration/package.bash'
[12.258s] INFO:colcon.colcon_core.shell:Creating package script '/Bt/install/pal_hey5_controller_configuration/share/pal_hey5_controller_configuration/package.zsh'
[12.258s] Level 1:colcon.colcon_core.environment:create_file_with_runtime_dependencies(/Bt/install/pal_hey5_controller_configuration/share/colcon-core/packages/pal_hey5_controller_configuration)
[12.258s] Level 1:colcon.colcon_core.environment:create_environment_scripts_only(pal_maps)
[12.258s] Level 1:colcon.colcon_core.environment:checking '/Bt/install/pal_maps' for CMake module files
[12.259s] DEBUG:colcon.colcon_core.event_handler.log_command:Invoked command in '/Bt/build/pal_maps' returned '0': CMAKE_PREFIX_PATH=${CMAKE_PREFIX_PATH}:/opt/ros/jazzy /usr/bin/cmake --install /Bt/build/pal_maps
[12.260s] Level 1:colcon.colcon_core.environment:checking '/Bt/install/pal_maps' for CMake config files
[12.260s] Level 1:colcon.colcon_core.shell:create_environment_hook('pal_maps', 'cmake_prefix_path')
[12.260s] INFO:colcon.colcon_core.shell:Creating environment hook '/Bt/install/pal_maps/share/pal_maps/hook/cmake_prefix_path.ps1'
[12.261s] INFO:colcon.colcon_core.shell:Creating environment descriptor '/Bt/install/pal_maps/share/pal_maps/hook/cmake_prefix_path.dsv'
[12.261s] INFO:colcon.colcon_core.shell:Creating environment hook '/Bt/install/pal_maps/share/pal_maps/hook/cmake_prefix_path.sh'
[12.262s] Level 1:colcon.colcon_core.environment:checking '/Bt/install/pal_maps/bin'
[12.262s] Level 1:colcon.colcon_core.environment:checking '/Bt/install/pal_maps/lib/pkgconfig/pal_maps.pc'
[12.262s] Level 1:colcon.colcon_core.environment:checking '/Bt/install/pal_maps/lib/python3.12/site-packages'
[12.262s] Level 1:colcon.colcon_core.environment:checking '/Bt/install/pal_maps/bin'
[12.263s] INFO:colcon.colcon_core.shell:Creating package script '/Bt/install/pal_maps/share/pal_maps/package.ps1'
[12.263s] INFO:colcon.colcon_core.shell:Creating package descriptor '/Bt/install/pal_maps/share/pal_maps/package.dsv'
[12.263s] INFO:colcon.colcon_core.shell:Creating package script '/Bt/install/pal_maps/share/pal_maps/package.sh'
[12.280s] INFO:colcon.colcon_core.shell:Creating package script '/Bt/install/pal_maps/share/pal_maps/package.bash'
[12.280s] INFO:colcon.colcon_core.shell:Creating package script '/Bt/install/pal_maps/share/pal_maps/package.zsh'
[12.281s] Level 1:colcon.colcon_core.environment:create_file_with_runtime_dependencies(/Bt/install/pal_maps/share/colcon-core/packages/pal_maps)
[12.281s] Level 1:colcon.colcon_core.environment:create_environment_scripts_only(pal_maps)
[12.281s] Level 1:colcon.colcon_core.environment:checking '/Bt/install/pal_maps' for CMake module files
[12.282s] Level 1:colcon.colcon_core.environment:checking '/Bt/install/pal_maps' for CMake config files
[12.282s] Level 1:colcon.colcon_core.shell:create_environment_hook('pal_maps', 'cmake_prefix_path')
[12.282s] INFO:colcon.colcon_core.shell:Creating environment hook '/Bt/install/pal_maps/share/pal_maps/hook/cmake_prefix_path.ps1'
[12.283s] INFO:colcon.colcon_core.shell:Creating environment descriptor '/Bt/install/pal_maps/share/pal_maps/hook/cmake_prefix_path.dsv'
[12.283s] INFO:colcon.colcon_core.shell:Creating environment hook '/Bt/install/pal_maps/share/pal_maps/hook/cmake_prefix_path.sh'
[12.283s] Level 1:colcon.colcon_core.environment:checking '/Bt/install/pal_maps/bin'
[12.283s] Level 1:colcon.colcon_core.environment:checking '/Bt/install/pal_maps/lib/pkgconfig/pal_maps.pc'
[12.284s] Level 1:colcon.colcon_core.environment:checking '/Bt/install/pal_maps/lib/python3.12/site-packages'
[12.284s] Level 1:colcon.colcon_core.environment:checking '/Bt/install/pal_maps/bin'
[12.284s] INFO:colcon.colcon_core.shell:Creating package script '/Bt/install/pal_maps/share/pal_maps/package.ps1'
[12.285s] INFO:colcon.colcon_core.shell:Creating package descriptor '/Bt/install/pal_maps/share/pal_maps/package.dsv'
[12.292s] INFO:colcon.colcon_core.shell:Creating package script '/Bt/install/pal_maps/share/pal_maps/package.sh'
[12.293s] INFO:colcon.colcon_core.shell:Creating package script '/Bt/install/pal_maps/share/pal_maps/package.bash'
[12.293s] INFO:colcon.colcon_core.shell:Creating package script '/Bt/install/pal_maps/share/pal_maps/package.zsh'
[12.294s] Level 1:colcon.colcon_core.environment:create_file_with_runtime_dependencies(/Bt/install/pal_maps/share/colcon-core/packages/pal_maps)
[12.294s] Level 1:colcon.colcon_core.environment:create_environment_scripts_only(pal_urdf_utils)
[12.294s] Level 1:colcon.colcon_core.environment:checking '/Bt/install/pal_urdf_utils' for CMake module files
[12.295s] DEBUG:colcon.colcon_core.event_handler.log_command:Invoked command in '/Bt/build/pal_urdf_utils' returned '0': CMAKE_PREFIX_PATH=${CMAKE_PREFIX_PATH}:/opt/ros/jazzy /usr/bin/cmake --install /Bt/build/pal_urdf_utils
[12.295s] Level 1:colcon.colcon_core.environment:checking '/Bt/install/pal_urdf_utils' for CMake config files
[12.295s] Level 1:colcon.colcon_core.shell:create_environment_hook('pal_urdf_utils', 'cmake_prefix_path')
[12.296s] INFO:colcon.colcon_core.shell:Creating environment hook '/Bt/install/pal_urdf_utils/share/pal_urdf_utils/hook/cmake_prefix_path.ps1'
[12.296s] INFO:colcon.colcon_core.shell:Creating environment descriptor '/Bt/install/pal_urdf_utils/share/pal_urdf_utils/hook/cmake_prefix_path.dsv'
[12.308s] INFO:colcon.colcon_core.shell:Creating environment hook '/Bt/install/pal_urdf_utils/share/pal_urdf_utils/hook/cmake_prefix_path.sh'
[12.308s] Level 1:colcon.colcon_core.environment:checking '/Bt/install/pal_urdf_utils/bin'
[12.308s] Level 1:colcon.colcon_core.environment:checking '/Bt/install/pal_urdf_utils/lib/pkgconfig/pal_urdf_utils.pc'
[12.309s] Level 1:colcon.colcon_core.environment:checking '/Bt/install/pal_urdf_utils/lib/python3.12/site-packages'
[12.309s] Level 1:colcon.colcon_core.environment:checking '/Bt/install/pal_urdf_utils/bin'
[12.309s] INFO:colcon.colcon_core.shell:Creating package script '/Bt/install/pal_urdf_utils/share/pal_urdf_utils/package.ps1'
[12.310s] INFO:colcon.colcon_core.shell:Creating package descriptor '/Bt/install/pal_urdf_utils/share/pal_urdf_utils/package.dsv'
[12.310s] INFO:colcon.colcon_core.shell:Creating package script '/Bt/install/pal_urdf_utils/share/pal_urdf_utils/package.sh'
[12.310s] INFO:colcon.colcon_core.shell:Creating package script '/Bt/install/pal_urdf_utils/share/pal_urdf_utils/package.bash'
[12.311s] INFO:colcon.colcon_core.shell:Creating package script '/Bt/install/pal_urdf_utils/share/pal_urdf_utils/package.zsh'
[12.311s] Level 1:colcon.colcon_core.environment:create_file_with_runtime_dependencies(/Bt/install/pal_urdf_utils/share/colcon-core/packages/pal_urdf_utils)
[12.319s] Level 1:colcon.colcon_core.environment:create_environment_scripts_only(pal_urdf_utils)
[12.320s] Level 1:colcon.colcon_core.environment:checking '/Bt/install/pal_urdf_utils' for CMake module files
[12.320s] Level 1:colcon.colcon_core.environment:checking '/Bt/install/pal_urdf_utils' for CMake config files
[12.320s] Level 1:colcon.colcon_core.shell:create_environment_hook('pal_urdf_utils', 'cmake_prefix_path')
[12.320s] INFO:colcon.colcon_core.shell:Creating environment hook '/Bt/install/pal_urdf_utils/share/pal_urdf_utils/hook/cmake_prefix_path.ps1'
[12.321s] INFO:colcon.colcon_core.shell:Creating environment descriptor '/Bt/install/pal_urdf_utils/share/pal_urdf_utils/hook/cmake_prefix_path.dsv'
[12.321s] INFO:colcon.colcon_core.shell:Creating environment hook '/Bt/install/pal_urdf_utils/share/pal_urdf_utils/hook/cmake_prefix_path.sh'
[12.322s] Level 1:colcon.colcon_core.environment:checking '/Bt/install/pal_urdf_utils/bin'
[12.322s] Level 1:colcon.colcon_core.environment:checking '/Bt/install/pal_urdf_utils/lib/pkgconfig/pal_urdf_utils.pc'
[12.322s] Level 1:colcon.colcon_core.environment:checking '/Bt/install/pal_urdf_utils/lib/python3.12/site-packages'
[12.322s] Level 1:colcon.colcon_core.environment:checking '/Bt/install/pal_urdf_utils/bin'
[12.323s] INFO:colcon.colcon_core.shell:Creating package script '/Bt/install/pal_urdf_utils/share/pal_urdf_utils/package.ps1'
[12.323s] INFO:colcon.colcon_core.shell:Creating package descriptor '/Bt/install/pal_urdf_utils/share/pal_urdf_utils/package.dsv'
[12.324s] INFO:colcon.colcon_core.shell:Creating package script '/Bt/install/pal_urdf_utils/share/pal_urdf_utils/package.sh'
[12.324s] INFO:colcon.colcon_core.shell:Creating package script '/Bt/install/pal_urdf_utils/share/pal_urdf_utils/package.bash'
[12.345s] INFO:colcon.colcon_core.shell:Creating package script '/Bt/install/pal_urdf_utils/share/pal_urdf_utils/package.zsh'
[12.345s] Level 1:colcon.colcon_core.environment:create_file_with_runtime_dependencies(/Bt/install/pal_urdf_utils/share/colcon-core/packages/pal_urdf_utils)
[12.345s] Level 1:colcon.colcon_core.environment:create_environment_scripts_only(pal_gripper_controller_configuration)
[12.346s] Level 1:colcon.colcon_core.environment:checking '/Bt/install/pal_gripper_controller_configuration' for CMake module files
[12.347s] DEBUG:colcon.colcon_core.event_handler.log_command:Invoked command in '/Bt/build/pal_gripper_controller_configuration' returned '0': CMAKE_PREFIX_PATH=${CMAKE_PREFIX_PATH}:/opt/ros/jazzy /usr/bin/cmake --install /Bt/build/pal_gripper_controller_configuration
[12.347s] Level 1:colcon.colcon_core.environment:checking '/Bt/install/pal_gripper_controller_configuration' for CMake config files
[12.376s] Level 1:colcon.colcon_core.shell:create_environment_hook('pal_gripper_controller_configuration', 'cmake_prefix_path')
[12.376s] INFO:colcon.colcon_core.shell:Creating environment hook '/Bt/install/pal_gripper_controller_configuration/share/pal_gripper_controller_configuration/hook/cmake_prefix_path.ps1'
[12.377s] INFO:colcon.colcon_core.shell:Creating environment descriptor '/Bt/install/pal_gripper_controller_configuration/share/pal_gripper_controller_configuration/hook/cmake_prefix_path.dsv'
[12.377s] INFO:colcon.colcon_core.shell:Creating environment hook '/Bt/install/pal_gripper_controller_configuration/share/pal_gripper_controller_configuration/hook/cmake_prefix_path.sh'
[12.378s] Level 1:colcon.colcon_core.environment:checking '/Bt/install/pal_gripper_controller_configuration/bin'
[12.378s] Level 1:colcon.colcon_core.environment:checking '/Bt/install/pal_gripper_controller_configuration/lib/pkgconfig/pal_gripper_controller_configuration.pc'
[12.378s] Level 1:colcon.colcon_core.environment:checking '/Bt/install/pal_gripper_controller_configuration/lib/python3.12/site-packages'
[12.378s] Level 1:colcon.colcon_core.environment:checking '/Bt/install/pal_gripper_controller_configuration/bin'
[12.378s] INFO:colcon.colcon_core.shell:Creating package script '/Bt/install/pal_gripper_controller_configuration/share/pal_gripper_controller_configuration/package.ps1'
[12.379s] INFO:colcon.colcon_core.shell:Creating package descriptor '/Bt/install/pal_gripper_controller_configuration/share/pal_gripper_controller_configuration/package.dsv'
[12.379s] INFO:colcon.colcon_core.shell:Creating package script '/Bt/install/pal_gripper_controller_configuration/share/pal_gripper_controller_configuration/package.sh'
[12.380s] INFO:colcon.colcon_core.shell:Creating package script '/Bt/install/pal_gripper_controller_configuration/share/pal_gripper_controller_configuration/package.bash'
[12.380s] INFO:colcon.colcon_core.shell:Creating package script '/Bt/install/pal_gripper_controller_configuration/share/pal_gripper_controller_configuration/package.zsh'
[12.400s] Level 1:colcon.colcon_core.environment:create_file_with_runtime_dependencies(/Bt/install/pal_gripper_controller_configuration/share/colcon-core/packages/pal_gripper_controller_configuration)
[12.402s] Level 1:colcon.colcon_core.environment:create_environment_scripts_only(pal_gripper_controller_configuration)
[12.403s] Level 1:colcon.colcon_core.environment:checking '/Bt/install/pal_gripper_controller_configuration' for CMake module files
[12.407s] Level 1:colcon.colcon_core.environment:checking '/Bt/install/pal_gripper_controller_configuration' for CMake config files
[12.408s] Level 1:colcon.colcon_core.shell:create_environment_hook('pal_gripper_controller_configuration', 'cmake_prefix_path')
[12.409s] INFO:colcon.colcon_core.shell:Creating environment hook '/Bt/install/pal_gripper_controller_configuration/share/pal_gripper_controller_configuration/hook/cmake_prefix_path.ps1'
[12.411s] INFO:colcon.colcon_core.shell:Creating environment descriptor '/Bt/install/pal_gripper_controller_configuration/share/pal_gripper_controller_configuration/hook/cmake_prefix_path.dsv'
[12.412s] INFO:colcon.colcon_core.shell:Creating environment hook '/Bt/install/pal_gripper_controller_configuration/share/pal_gripper_controller_configuration/hook/cmake_prefix_path.sh'
[12.414s] Level 1:colcon.colcon_core.environment:checking '/Bt/install/pal_gripper_controller_configuration/bin'
[12.414s] Level 1:colcon.colcon_core.environment:checking '/Bt/install/pal_gripper_controller_configuration/lib/pkgconfig/pal_gripper_controller_configuration.pc'
[12.415s] Level 1:colcon.colcon_core.environment:checking '/Bt/install/pal_gripper_controller_configuration/lib/python3.12/site-packages'
[12.416s] Level 1:colcon.colcon_core.environment:checking '/Bt/install/pal_gripper_controller_configuration/bin'
[12.417s] INFO:colcon.colcon_core.shell:Creating package script '/Bt/install/pal_gripper_controller_configuration/share/pal_gripper_controller_configuration/package.ps1'
[12.418s] INFO:colcon.colcon_core.shell:Creating package descriptor '/Bt/install/pal_gripper_controller_configuration/share/pal_gripper_controller_configuration/package.dsv'
[12.420s] INFO:colcon.colcon_core.shell:Creating package script '/Bt/install/pal_gripper_controller_configuration/share/pal_gripper_controller_configuration/package.sh'
[12.421s] INFO:colcon.colcon_core.shell:Creating package script '/Bt/install/pal_gripper_controller_configuration/share/pal_gripper_controller_configuration/package.bash'
[12.422s] INFO:colcon.colcon_core.shell:Creating package script '/Bt/install/pal_gripper_controller_configuration/share/pal_gripper_controller_configuration/package.zsh'
[12.423s] Level 1:colcon.colcon_core.environment:create_file_with_runtime_dependencies(/Bt/install/pal_gripper_controller_configuration/share/colcon-core/packages/pal_gripper_controller_configuration)
[12.425s] INFO:colcon.colcon_ros.task.ament_cmake.build:Building ROS package in '/Bt/ThirdParty/pal_gripper/pal_gripper_description' with build type 'ament_cmake'
[12.425s] INFO:colcon.colcon_cmake.task.cmake.build:Building CMake package in '/Bt/ThirdParty/pal_gripper/pal_gripper_description'
[12.425s] INFO:colcon.colcon_core.shell:Skip shell extension 'powershell' for command environment: Not usable outside of PowerShell
[12.426s] DEBUG:colcon.colcon_core.shell:Skip shell extension 'dsv' for command environment
[12.432s] INFO:colcon.colcon_ros.task.ament_cmake.build:Building ROS package in '/Bt/ThirdParty/pal_hey5/pal_hey5_description' with build type 'ament_cmake'
[12.432s] INFO:colcon.colcon_cmake.task.cmake.build:Building CMake package in '/Bt/ThirdParty/pal_hey5/pal_hey5_description'
[12.432s] INFO:colcon.colcon_core.shell:Skip shell extension 'powershell' for command environment: Not usable outside of PowerShell
[12.432s] DEBUG:colcon.colcon_core.shell:Skip shell extension 'dsv' for command environment
[12.436s] INFO:colcon.colcon_ros.task.ament_cmake.build:Building ROS package in '/Bt/ThirdParty/tiago_navigation/tiago_laser_sensors' with build type 'ament_cmake'
[12.436s] INFO:colcon.colcon_cmake.task.cmake.build:Building CMake package in '/Bt/ThirdParty/tiago_navigation/tiago_laser_sensors'
[12.436s] INFO:colcon.colcon_core.shell:Skip shell extension 'powershell' for command environment: Not usable outside of PowerShell
[12.436s] DEBUG:colcon.colcon_core.shell:Skip shell extension 'dsv' for command environment
[12.440s] INFO:colcon.colcon_ros.task.ament_cmake.build:Building ROS package in '/Bt/ThirdParty/yolo_ros/yolo_msgs' with build type 'ament_cmake'
[12.440s] INFO:colcon.colcon_cmake.task.cmake.build:Building CMake package in '/Bt/ThirdParty/yolo_ros/yolo_msgs'
[12.441s] INFO:colcon.colcon_core.shell:Skip shell extension 'powershell' for command environment: Not usable outside of PowerShell
[12.441s] DEBUG:colcon.colcon_core.shell:Skip shell extension 'dsv' for command environment
[12.579s] DEBUG:colcon.colcon_core.event_handler.log_command:Invoking command in '/Bt/build/pal_robotiq_controller_configuration': CMAKE_PREFIX_PATH=${CMAKE_PREFIX_PATH}:/opt/ros/jazzy /usr/bin/cmake --build /Bt/build/pal_robotiq_controller_configuration -- -j8 -l8
[12.606s] DEBUG:colcon.colcon_core.event_handler.log_command:Invoking command in '/Bt/build/play_motion2_msgs': CMAKE_PREFIX_PATH=${CMAKE_PREFIX_PATH}:/opt/ros/jazzy /usr/bin/cmake --build /Bt/build/play_motion2_msgs -- -j8 -l8
[12.712s] DEBUG:colcon.colcon_core.event_handler.log_command:Invoking command in '/Bt/build/tiago_laser_sensors': CMAKE_PREFIX_PATH=${CMAKE_PREFIX_PATH}:/opt/ros/jazzy /usr/bin/cmake --build /Bt/build/tiago_laser_sensors -- -j8 -l8
[12.723s] DEBUG:colcon.colcon_core.event_handler.log_command:Invoking command in '/Bt/build/yolo_msgs': CMAKE_PREFIX_PATH=${CMAKE_PREFIX_PATH}:/opt/ros/jazzy /usr/bin/cmake --build /Bt/build/yolo_msgs -- -j8 -l8
[12.773s] DEBUG:colcon.colcon_core.event_handler.log_command:Invoking command in '/Bt/build/pal_gripper_description': AMENT_PREFIX_PATH=/Bt/install/pal_urdf_utils:${AMENT_PREFIX_PATH} CMAKE_PREFIX_PATH=/Bt/install/pal_urdf_utils:/opt/ros/jazzy/opt/gz_sim_vendor:/opt/ros/jazzy/opt/gz_sensors_vendor:/opt/ros/jazzy/opt/gz_physics_vendor:/opt/ros/jazzy/opt/sdformat_vendor:/opt/ros/jazzy/opt/gz_gui_vendor:/opt/ros/jazzy/opt/gz_transport_vendor:/opt/ros/jazzy/opt/gz_rendering_vendor:/opt/ros/jazzy/opt/gz_plugin_vendor:/opt/ros/jazzy/opt/gz_fuel_tools_vendor:/opt/ros/jazzy/opt/gz_msgs_vendor:/opt/ros/jazzy/opt/gz_common_vendor:/opt/ros/jazzy/opt/gz_math_vendor:/opt/ros/jazzy/opt/gz_utils_vendor:/opt/ros/jazzy/opt/gz_tools_vendor:/opt/ros/jazzy/opt/gz_ogre_next_vendor:/opt/ros/jazzy/opt/gz_dartsim_vendor:/opt/ros/jazzy/opt/gz_cmake_vendor:/opt/ros/jazzy /usr/bin/cmake --build /Bt/build/pal_gripper_description -- -j8 -l8
[13.033s] DEBUG:colcon.colcon_core.event_handler.log_command:Invoking command in '/Bt/build/pal_hey5_description': AMENT_PREFIX_PATH=/Bt/install/pal_urdf_utils:${AMENT_PREFIX_PATH} CMAKE_PREFIX_PATH=/Bt/install/pal_urdf_utils:/opt/ros/jazzy/opt/gz_sim_vendor:/opt/ros/jazzy/opt/gz_sensors_vendor:/opt/ros/jazzy/opt/gz_physics_vendor:/opt/ros/jazzy/opt/sdformat_vendor:/opt/ros/jazzy/opt/gz_gui_vendor:/opt/ros/jazzy/opt/gz_transport_vendor:/opt/ros/jazzy/opt/gz_rendering_vendor:/opt/ros/jazzy/opt/gz_plugin_vendor:/opt/ros/jazzy/opt/gz_fuel_tools_vendor:/opt/ros/jazzy/opt/gz_msgs_vendor:/opt/ros/jazzy/opt/gz_common_vendor:/opt/ros/jazzy/opt/gz_math_vendor:/opt/ros/jazzy/opt/gz_utils_vendor:/opt/ros/jazzy/opt/gz_tools_vendor:/opt/ros/jazzy/opt/gz_ogre_next_vendor:/opt/ros/jazzy/opt/gz_dartsim_vendor:/opt/ros/jazzy/opt/gz_cmake_vendor:/opt/ros/jazzy /usr/bin/cmake --build /Bt/build/pal_hey5_description -- -j8 -l8
[13.034s] DEBUG:colcon.colcon_core.event_handler.log_command:Invoked command in '/Bt/build/pal_robotiq_controller_configuration' returned '0': CMAKE_PREFIX_PATH=${CMAKE_PREFIX_PATH}:/opt/ros/jazzy /usr/bin/cmake --build /Bt/build/pal_robotiq_controller_configuration -- -j8 -l8
[13.127s] DEBUG:colcon.colcon_core.event_handler.log_command:Invoking command in '/Bt/build/pal_robotiq_controller_configuration': CMAKE_PREFIX_PATH=${CMAKE_PREFIX_PATH}:/opt/ros/jazzy /usr/bin/cmake --install /Bt/build/pal_robotiq_controller_configuration
[13.128s] DEBUG:colcon.colcon_core.event_handler.log_command:Invoked command in '/Bt/build/tiago_laser_sensors' returned '0': CMAKE_PREFIX_PATH=${CMAKE_PREFIX_PATH}:/opt/ros/jazzy /usr/bin/cmake --build /Bt/build/tiago_laser_sensors -- -j8 -l8
[13.139s] DEBUG:colcon.colcon_core.event_handler.log_command:Invoking command in '/Bt/build/tiago_laser_sensors': CMAKE_PREFIX_PATH=${CMAKE_PREFIX_PATH}:/opt/ros/jazzy /usr/bin/cmake --install /Bt/build/tiago_laser_sensors
[13.183s] Level 1:colcon.colcon_core.environment:create_environment_scripts_only(pal_robotiq_controller_configuration)
[13.184s] Level 1:colcon.colcon_core.environment:checking '/Bt/install/pal_robotiq_controller_configuration' for CMake module files
[13.185s] DEBUG:colcon.colcon_core.event_handler.log_command:Invoked command in '/Bt/build/pal_robotiq_controller_configuration' returned '0': CMAKE_PREFIX_PATH=${CMAKE_PREFIX_PATH}:/opt/ros/jazzy /usr/bin/cmake --install /Bt/build/pal_robotiq_controller_configuration
[13.186s] Level 1:colcon.colcon_core.environment:checking '/Bt/install/pal_robotiq_controller_configuration' for CMake config files
[13.187s] Level 1:colcon.colcon_core.shell:create_environment_hook('pal_robotiq_controller_configuration', 'cmake_prefix_path')
[13.187s] INFO:colcon.colcon_core.shell:Creating environment hook '/Bt/install/pal_robotiq_controller_configuration/share/pal_robotiq_controller_configuration/hook/cmake_prefix_path.ps1'
[13.188s] INFO:colcon.colcon_core.shell:Creating environment descriptor '/Bt/install/pal_robotiq_controller_configuration/share/pal_robotiq_controller_configuration/hook/cmake_prefix_path.dsv'
[13.189s] INFO:colcon.colcon_core.shell:Creating environment hook '/Bt/install/pal_robotiq_controller_configuration/share/pal_robotiq_controller_configuration/hook/cmake_prefix_path.sh'
[13.189s] Level 1:colcon.colcon_core.environment:checking '/Bt/install/pal_robotiq_controller_configuration/bin'
[13.189s] Level 1:colcon.colcon_core.environment:checking '/Bt/install/pal_robotiq_controller_configuration/lib/pkgconfig/pal_robotiq_controller_configuration.pc'
[13.190s] Level 1:colcon.colcon_core.environment:checking '/Bt/install/pal_robotiq_controller_configuration/lib/python3.12/site-packages'
[13.190s] Level 1:colcon.colcon_core.environment:checking '/Bt/install/pal_robotiq_controller_configuration/bin'
[13.191s] INFO:colcon.colcon_core.shell:Creating package script '/Bt/install/pal_robotiq_controller_configuration/share/pal_robotiq_controller_configuration/package.ps1'
[13.191s] INFO:colcon.colcon_core.shell:Creating package descriptor '/Bt/install/pal_robotiq_controller_configuration/share/pal_robotiq_controller_configuration/package.dsv'
[13.192s] INFO:colcon.colcon_core.shell:Creating package script '/Bt/install/pal_robotiq_controller_configuration/share/pal_robotiq_controller_configuration/package.sh'
[13.192s] INFO:colcon.colcon_core.shell:Creating package script '/Bt/install/pal_robotiq_controller_configuration/share/pal_robotiq_controller_configuration/package.bash'
[13.204s] INFO:colcon.colcon_core.shell:Creating package script '/Bt/install/pal_robotiq_controller_configuration/share/pal_robotiq_controller_configuration/package.zsh'
[13.206s] Level 1:colcon.colcon_core.environment:create_file_with_runtime_dependencies(/Bt/install/pal_robotiq_controller_configuration/share/colcon-core/packages/pal_robotiq_controller_configuration)
[13.207s] Level 1:colcon.colcon_core.environment:create_environment_scripts_only(pal_robotiq_controller_configuration)
[13.208s] Level 1:colcon.colcon_core.environment:checking '/Bt/install/pal_robotiq_controller_configuration' for CMake module files
[13.210s] Level 1:colcon.colcon_core.environment:checking '/Bt/install/pal_robotiq_controller_configuration' for CMake config files
[13.211s] Level 1:colcon.colcon_core.shell:create_environment_hook('pal_robotiq_controller_configuration', 'cmake_prefix_path')
[13.212s] INFO:colcon.colcon_core.shell:Creating environment hook '/Bt/install/pal_robotiq_controller_configuration/share/pal_robotiq_controller_configuration/hook/cmake_prefix_path.ps1'
[13.213s] INFO:colcon.colcon_core.shell:Creating environment descriptor '/Bt/install/pal_robotiq_controller_configuration/share/pal_robotiq_controller_configuration/hook/cmake_prefix_path.dsv'
[13.217s] INFO:colcon.colcon_core.shell:Creating environment hook '/Bt/install/pal_robotiq_controller_configuration/share/pal_robotiq_controller_configuration/hook/cmake_prefix_path.sh'
[13.228s] Level 1:colcon.colcon_core.environment:checking '/Bt/install/pal_robotiq_controller_configuration/bin'
[13.228s] Level 1:colcon.colcon_core.environment:checking '/Bt/install/pal_robotiq_controller_configuration/lib/pkgconfig/pal_robotiq_controller_configuration.pc'
[13.230s] Level 1:colcon.colcon_core.environment:checking '/Bt/install/pal_robotiq_controller_configuration/lib/python3.12/site-packages'
[13.233s] Level 1:colcon.colcon_core.environment:checking '/Bt/install/pal_robotiq_controller_configuration/bin'
[13.234s] INFO:colcon.colcon_core.shell:Creating package script '/Bt/install/pal_robotiq_controller_configuration/share/pal_robotiq_controller_configuration/package.ps1'
[13.237s] INFO:colcon.colcon_core.shell:Creating package descriptor '/Bt/install/pal_robotiq_controller_configuration/share/pal_robotiq_controller_configuration/package.dsv'
[13.240s] INFO:colcon.colcon_core.shell:Creating package script '/Bt/install/pal_robotiq_controller_configuration/share/pal_robotiq_controller_configuration/package.sh'
[13.242s] INFO:colcon.colcon_core.shell:Creating package script '/Bt/install/pal_robotiq_controller_configuration/share/pal_robotiq_controller_configuration/package.bash'
[13.245s] INFO:colcon.colcon_core.shell:Creating package script '/Bt/install/pal_robotiq_controller_configuration/share/pal_robotiq_controller_configuration/package.zsh'
[13.247s] Level 1:colcon.colcon_core.environment:create_file_with_runtime_dependencies(/Bt/install/pal_robotiq_controller_configuration/share/colcon-core/packages/pal_robotiq_controller_configuration)
[13.252s] INFO:colcon.colcon_ros.task.ament_cmake.build:Building ROS package in '/Bt/ThirdParty/pmb2_navigation/pmb2_laser_sensors' with build type 'ament_cmake'
[13.252s] INFO:colcon.colcon_cmake.task.cmake.build:Building CMake package in '/Bt/ThirdParty/pmb2_navigation/pmb2_laser_sensors'
[13.253s] INFO:colcon.colcon_core.shell:Skip shell extension 'powershell' for command environment: Not usable outside of PowerShell
[13.253s] DEBUG:colcon.colcon_core.shell:Skip shell extension 'dsv' for command environment
[13.273s] DEBUG:colcon.colcon_core.event_handler.log_command:Invoked command in '/Bt/build/pal_gripper_description' returned '0': AMENT_PREFIX_PATH=/Bt/install/pal_urdf_utils:${AMENT_PREFIX_PATH} CMAKE_PREFIX_PATH=/Bt/install/pal_urdf_utils:/opt/ros/jazzy/opt/gz_sim_vendor:/opt/ros/jazzy/opt/gz_sensors_vendor:/opt/ros/jazzy/opt/gz_physics_vendor:/opt/ros/jazzy/opt/sdformat_vendor:/opt/ros/jazzy/opt/gz_gui_vendor:/opt/ros/jazzy/opt/gz_transport_vendor:/opt/ros/jazzy/opt/gz_rendering_vendor:/opt/ros/jazzy/opt/gz_plugin_vendor:/opt/ros/jazzy/opt/gz_fuel_tools_vendor:/opt/ros/jazzy/opt/gz_msgs_vendor:/opt/ros/jazzy/opt/gz_common_vendor:/opt/ros/jazzy/opt/gz_math_vendor:/opt/ros/jazzy/opt/gz_utils_vendor:/opt/ros/jazzy/opt/gz_tools_vendor:/opt/ros/jazzy/opt/gz_ogre_next_vendor:/opt/ros/jazzy/opt/gz_dartsim_vendor:/opt/ros/jazzy/opt/gz_cmake_vendor:/opt/ros/jazzy /usr/bin/cmake --build /Bt/build/pal_gripper_description -- -j8 -l8
[13.300s] DEBUG:colcon.colcon_core.event_handler.log_command:Invoking command in '/Bt/build/pal_gripper_description': AMENT_PREFIX_PATH=/Bt/install/pal_urdf_utils:${AMENT_PREFIX_PATH} CMAKE_PREFIX_PATH=/Bt/install/pal_urdf_utils:/opt/ros/jazzy/opt/gz_sim_vendor:/opt/ros/jazzy/opt/gz_sensors_vendor:/opt/ros/jazzy/opt/gz_physics_vendor:/opt/ros/jazzy/opt/sdformat_vendor:/opt/ros/jazzy/opt/gz_gui_vendor:/opt/ros/jazzy/opt/gz_transport_vendor:/opt/ros/jazzy/opt/gz_rendering_vendor:/opt/ros/jazzy/opt/gz_plugin_vendor:/opt/ros/jazzy/opt/gz_fuel_tools_vendor:/opt/ros/jazzy/opt/gz_msgs_vendor:/opt/ros/jazzy/opt/gz_common_vendor:/opt/ros/jazzy/opt/gz_math_vendor:/opt/ros/jazzy/opt/gz_utils_vendor:/opt/ros/jazzy/opt/gz_tools_vendor:/opt/ros/jazzy/opt/gz_ogre_next_vendor:/opt/ros/jazzy/opt/gz_dartsim_vendor:/opt/ros/jazzy/opt/gz_cmake_vendor:/opt/ros/jazzy /usr/bin/cmake --install /Bt/build/pal_gripper_description
[13.303s] DEBUG:colcon.colcon_core.event_handler.log_command:Invoked command in '/Bt/build/pal_hey5_description' returned '0': AMENT_PREFIX_PATH=/Bt/install/pal_urdf_utils:${AMENT_PREFIX_PATH} CMAKE_PREFIX_PATH=/Bt/install/pal_urdf_utils:/opt/ros/jazzy/opt/gz_sim_vendor:/opt/ros/jazzy/opt/gz_sensors_vendor:/opt/ros/jazzy/opt/gz_physics_vendor:/opt/ros/jazzy/opt/sdformat_vendor:/opt/ros/jazzy/opt/gz_gui_vendor:/opt/ros/jazzy/opt/gz_transport_vendor:/opt/ros/jazzy/opt/gz_rendering_vendor:/opt/ros/jazzy/opt/gz_plugin_vendor:/opt/ros/jazzy/opt/gz_fuel_tools_vendor:/opt/ros/jazzy/opt/gz_msgs_vendor:/opt/ros/jazzy/opt/gz_common_vendor:/opt/ros/jazzy/opt/gz_math_vendor:/opt/ros/jazzy/opt/gz_utils_vendor:/opt/ros/jazzy/opt/gz_tools_vendor:/opt/ros/jazzy/opt/gz_ogre_next_vendor:/opt/ros/jazzy/opt/gz_dartsim_vendor:/opt/ros/jazzy/opt/gz_cmake_vendor:/opt/ros/jazzy /usr/bin/cmake --build /Bt/build/pal_hey5_description -- -j8 -l8
[13.318s] DEBUG:colcon.colcon_core.event_handler.log_command:Invoking command in '/Bt/build/pal_hey5_description': AMENT_PREFIX_PATH=/Bt/install/pal_urdf_utils:${AMENT_PREFIX_PATH} CMAKE_PREFIX_PATH=/Bt/install/pal_urdf_utils:/opt/ros/jazzy/opt/gz_sim_vendor:/opt/ros/jazzy/opt/gz_sensors_vendor:/opt/ros/jazzy/opt/gz_physics_vendor:/opt/ros/jazzy/opt/sdformat_vendor:/opt/ros/jazzy/opt/gz_gui_vendor:/opt/ros/jazzy/opt/gz_transport_vendor:/opt/ros/jazzy/opt/gz_rendering_vendor:/opt/ros/jazzy/opt/gz_plugin_vendor:/opt/ros/jazzy/opt/gz_fuel_tools_vendor:/opt/ros/jazzy/opt/gz_msgs_vendor:/opt/ros/jazzy/opt/gz_common_vendor:/opt/ros/jazzy/opt/gz_math_vendor:/opt/ros/jazzy/opt/gz_utils_vendor:/opt/ros/jazzy/opt/gz_tools_vendor:/opt/ros/jazzy/opt/gz_ogre_next_vendor:/opt/ros/jazzy/opt/gz_dartsim_vendor:/opt/ros/jazzy/opt/gz_cmake_vendor:/opt/ros/jazzy /usr/bin/cmake --install /Bt/build/pal_hey5_description
[13.318s] Level 1:colcon.colcon_core.environment:create_environment_scripts_only(tiago_laser_sensors)
[13.319s] Level 1:colcon.colcon_core.environment:checking '/Bt/install/tiago_laser_sensors' for CMake module files
[13.321s] DEBUG:colcon.colcon_core.event_handler.log_command:Invoked command in '/Bt/build/tiago_laser_sensors' returned '0': CMAKE_PREFIX_PATH=${CMAKE_PREFIX_PATH}:/opt/ros/jazzy /usr/bin/cmake --install /Bt/build/tiago_laser_sensors
[13.324s] Level 1:colcon.colcon_core.environment:checking '/Bt/install/tiago_laser_sensors' for CMake config files
[13.325s] Level 1:colcon.colcon_core.shell:create_environment_hook('tiago_laser_sensors', 'cmake_prefix_path')
[13.326s] INFO:colcon.colcon_core.shell:Creating environment hook '/Bt/install/tiago_laser_sensors/share/tiago_laser_sensors/hook/cmake_prefix_path.ps1'
[13.328s] INFO:colcon.colcon_core.shell:Creating environment descriptor '/Bt/install/tiago_laser_sensors/share/tiago_laser_sensors/hook/cmake_prefix_path.dsv'
[13.330s] INFO:colcon.colcon_core.shell:Creating environment hook '/Bt/install/tiago_laser_sensors/share/tiago_laser_sensors/hook/cmake_prefix_path.sh'
[13.333s] Level 1:colcon.colcon_core.environment:checking '/Bt/install/tiago_laser_sensors/bin'
[13.333s] Level 1:colcon.colcon_core.environment:checking '/Bt/install/tiago_laser_sensors/lib/pkgconfig/tiago_laser_sensors.pc'
[13.334s] Level 1:colcon.colcon_core.environment:checking '/Bt/install/tiago_laser_sensors/lib/python3.12/site-packages'
[13.335s] Level 1:colcon.colcon_core.environment:checking '/Bt/install/tiago_laser_sensors/bin'
[13.336s] INFO:colcon.colcon_core.shell:Creating package script '/Bt/install/tiago_laser_sensors/share/tiago_laser_sensors/package.ps1'
[13.338s] INFO:colcon.colcon_core.shell:Creating package descriptor '/Bt/install/tiago_laser_sensors/share/tiago_laser_sensors/package.dsv'
[13.339s] INFO:colcon.colcon_core.shell:Creating package script '/Bt/install/tiago_laser_sensors/share/tiago_laser_sensors/package.sh'
[13.341s] INFO:colcon.colcon_core.shell:Creating package script '/Bt/install/tiago_laser_sensors/share/tiago_laser_sensors/package.bash'
[13.342s] INFO:colcon.colcon_core.shell:Creating package script '/Bt/install/tiago_laser_sensors/share/tiago_laser_sensors/package.zsh'
[13.345s] Level 1:colcon.colcon_core.environment:create_file_with_runtime_dependencies(/Bt/install/tiago_laser_sensors/share/colcon-core/packages/tiago_laser_sensors)
[13.347s] Level 1:colcon.colcon_core.environment:create_environment_scripts_only(tiago_laser_sensors)
[13.348s] Level 1:colcon.colcon_core.environment:checking '/Bt/install/tiago_laser_sensors' for CMake module files
[13.353s] Level 1:colcon.colcon_core.environment:checking '/Bt/install/tiago_laser_sensors' for CMake config files
[13.354s] Level 1:colcon.colcon_core.shell:create_environment_hook('tiago_laser_sensors', 'cmake_prefix_path')
[13.354s] INFO:colcon.colcon_core.shell:Creating environment hook '/Bt/install/tiago_laser_sensors/share/tiago_laser_sensors/hook/cmake_prefix_path.ps1'
[13.356s] INFO:colcon.colcon_core.shell:Creating environment descriptor '/Bt/install/tiago_laser_sensors/share/tiago_laser_sensors/hook/cmake_prefix_path.dsv'
[13.357s] INFO:colcon.colcon_core.shell:Creating environment hook '/Bt/install/tiago_laser_sensors/share/tiago_laser_sensors/hook/cmake_prefix_path.sh'
[13.360s] Level 1:colcon.colcon_core.environment:checking '/Bt/install/tiago_laser_sensors/bin'
[13.360s] Level 1:colcon.colcon_core.environment:checking '/Bt/install/tiago_laser_sensors/lib/pkgconfig/tiago_laser_sensors.pc'
[13.361s] Level 1:colcon.colcon_core.environment:checking '/Bt/install/tiago_laser_sensors/lib/python3.12/site-packages'
[13.362s] Level 1:colcon.colcon_core.environment:checking '/Bt/install/tiago_laser_sensors/bin'
[13.363s] INFO:colcon.colcon_core.shell:Creating package script '/Bt/install/tiago_laser_sensors/share/tiago_laser_sensors/package.ps1'
[13.365s] INFO:colcon.colcon_core.shell:Creating package descriptor '/Bt/install/tiago_laser_sensors/share/tiago_laser_sensors/package.dsv'
[13.368s] INFO:colcon.colcon_core.shell:Creating package script '/Bt/install/tiago_laser_sensors/share/tiago_laser_sensors/package.sh'
[13.370s] INFO:colcon.colcon_core.shell:Creating package script '/Bt/install/tiago_laser_sensors/share/tiago_laser_sensors/package.bash'
[13.372s] INFO:colcon.colcon_core.shell:Creating package script '/Bt/install/tiago_laser_sensors/share/tiago_laser_sensors/package.zsh'
[13.373s] Level 1:colcon.colcon_core.environment:create_file_with_runtime_dependencies(/Bt/install/tiago_laser_sensors/share/colcon-core/packages/tiago_laser_sensors)
[13.375s] INFO:colcon.colcon_ros.task.ament_cmake.build:Building ROS package in '/Bt/ThirdParty/ros2_aruco/ros2_aruco_interfaces' with build type 'ament_cmake'
[13.376s] INFO:colcon.colcon_cmake.task.cmake.build:Building CMake package in '/Bt/ThirdParty/ros2_aruco/ros2_aruco_interfaces'
[13.377s] INFO:colcon.colcon_core.shell:Skip shell extension 'powershell' for command environment: Not usable outside of PowerShell
[13.377s] DEBUG:colcon.colcon_core.shell:Skip shell extension 'dsv' for command environment
[13.473s] DEBUG:colcon.colcon_core.event_handler.log_command:Invoking command in '/Bt/build/pmb2_laser_sensors': CMAKE_PREFIX_PATH=${CMAKE_PREFIX_PATH}:/opt/ros/jazzy /usr/bin/cmake --build /Bt/build/pmb2_laser_sensors -- -j8 -l8
[13.473s] Level 1:colcon.colcon_core.environment:create_environment_scripts_only(pal_hey5_description)
[13.473s] Level 1:colcon.colcon_core.environment:checking '/Bt/install/pal_hey5_description' for CMake module files
[13.474s] DEBUG:colcon.colcon_core.event_handler.log_command:Invoked command in '/Bt/build/pal_hey5_description' returned '0': AMENT_PREFIX_PATH=/Bt/install/pal_urdf_utils:${AMENT_PREFIX_PATH} CMAKE_PREFIX_PATH=/Bt/install/pal_urdf_utils:/opt/ros/jazzy/opt/gz_sim_vendor:/opt/ros/jazzy/opt/gz_sensors_vendor:/opt/ros/jazzy/opt/gz_physics_vendor:/opt/ros/jazzy/opt/sdformat_vendor:/opt/ros/jazzy/opt/gz_gui_vendor:/opt/ros/jazzy/opt/gz_transport_vendor:/opt/ros/jazzy/opt/gz_rendering_vendor:/opt/ros/jazzy/opt/gz_plugin_vendor:/opt/ros/jazzy/opt/gz_fuel_tools_vendor:/opt/ros/jazzy/opt/gz_msgs_vendor:/opt/ros/jazzy/opt/gz_common_vendor:/opt/ros/jazzy/opt/gz_math_vendor:/opt/ros/jazzy/opt/gz_utils_vendor:/opt/ros/jazzy/opt/gz_tools_vendor:/opt/ros/jazzy/opt/gz_ogre_next_vendor:/opt/ros/jazzy/opt/gz_dartsim_vendor:/opt/ros/jazzy/opt/gz_cmake_vendor:/opt/ros/jazzy /usr/bin/cmake --install /Bt/build/pal_hey5_description
[13.474s] Level 1:colcon.colcon_core.environment:checking '/Bt/install/pal_hey5_description' for CMake config files
[13.475s] Level 1:colcon.colcon_core.shell:create_environment_hook('pal_hey5_description', 'cmake_prefix_path')
[13.475s] INFO:colcon.colcon_core.shell:Creating environment hook '/Bt/install/pal_hey5_description/share/pal_hey5_description/hook/cmake_prefix_path.ps1'
[13.475s] INFO:colcon.colcon_core.shell:Creating environment descriptor '/Bt/install/pal_hey5_description/share/pal_hey5_description/hook/cmake_prefix_path.dsv'
[13.476s] INFO:colcon.colcon_core.shell:Creating environment hook '/Bt/install/pal_hey5_description/share/pal_hey5_description/hook/cmake_prefix_path.sh'
[13.476s] Level 1:colcon.colcon_core.environment:checking '/Bt/install/pal_hey5_description/bin'
[13.476s] Level 1:colcon.colcon_core.environment:checking '/Bt/install/pal_hey5_description/lib/pkgconfig/pal_hey5_description.pc'
[13.477s] Level 1:colcon.colcon_core.environment:checking '/Bt/install/pal_hey5_description/lib/python3.12/site-packages'
[13.477s] Level 1:colcon.colcon_core.environment:checking '/Bt/install/pal_hey5_description/bin'
[13.477s] INFO:colcon.colcon_core.shell:Creating package script '/Bt/install/pal_hey5_description/share/pal_hey5_description/package.ps1'
[13.478s] INFO:colcon.colcon_core.shell:Creating package descriptor '/Bt/install/pal_hey5_description/share/pal_hey5_description/package.dsv'
[13.478s] INFO:colcon.colcon_core.shell:Creating package script '/Bt/install/pal_hey5_description/share/pal_hey5_description/package.sh'
[13.487s] INFO:colcon.colcon_core.shell:Creating package script '/Bt/install/pal_hey5_description/share/pal_hey5_description/package.bash'
[13.487s] INFO:colcon.colcon_core.shell:Creating package script '/Bt/install/pal_hey5_description/share/pal_hey5_description/package.zsh'
[13.487s] Level 1:colcon.colcon_core.environment:create_file_with_runtime_dependencies(/Bt/install/pal_hey5_description/share/colcon-core/packages/pal_hey5_description)
[13.488s] Level 1:colcon.colcon_core.environment:create_environment_scripts_only(pal_hey5_description)
[13.488s] Level 1:colcon.colcon_core.environment:checking '/Bt/install/pal_hey5_description' for CMake module files
[13.489s] Level 1:colcon.colcon_core.environment:checking '/Bt/install/pal_hey5_description' for CMake config files
[13.489s] Level 1:colcon.colcon_core.shell:create_environment_hook('pal_hey5_description', 'cmake_prefix_path')
[13.489s] INFO:colcon.colcon_core.shell:Creating environment hook '/Bt/install/pal_hey5_description/share/pal_hey5_description/hook/cmake_prefix_path.ps1'
[13.490s] INFO:colcon.colcon_core.shell:Creating environment descriptor '/Bt/install/pal_hey5_description/share/pal_hey5_description/hook/cmake_prefix_path.dsv'
[13.490s] INFO:colcon.colcon_core.shell:Creating environment hook '/Bt/install/pal_hey5_description/share/pal_hey5_description/hook/cmake_prefix_path.sh'
[13.491s] Level 1:colcon.colcon_core.environment:checking '/Bt/install/pal_hey5_description/bin'
[13.491s] Level 1:colcon.colcon_core.environment:checking '/Bt/install/pal_hey5_description/lib/pkgconfig/pal_hey5_description.pc'
[13.491s] Level 1:colcon.colcon_core.environment:checking '/Bt/install/pal_hey5_description/lib/python3.12/site-packages'
[13.491s] Level 1:colcon.colcon_core.environment:checking '/Bt/install/pal_hey5_description/bin'
[13.492s] INFO:colcon.colcon_core.shell:Creating package script '/Bt/install/pal_hey5_description/share/pal_hey5_description/package.ps1'
[13.492s] INFO:colcon.colcon_core.shell:Creating package descriptor '/Bt/install/pal_hey5_description/share/pal_hey5_description/package.dsv'
[13.493s] INFO:colcon.colcon_core.shell:Creating package script '/Bt/install/pal_hey5_description/share/pal_hey5_description/package.sh'
[13.493s] INFO:colcon.colcon_core.shell:Creating package script '/Bt/install/pal_hey5_description/share/pal_hey5_description/package.bash'
[13.516s] INFO:colcon.colcon_core.shell:Creating package script '/Bt/install/pal_hey5_description/share/pal_hey5_description/package.zsh'
[13.518s] Level 1:colcon.colcon_core.environment:create_file_with_runtime_dependencies(/Bt/install/pal_hey5_description/share/colcon-core/packages/pal_hey5_description)
[13.518s] Level 1:colcon.colcon_core.environment:create_environment_scripts_only(pal_gripper_description)
[13.520s] Level 1:colcon.colcon_core.environment:checking '/Bt/install/pal_gripper_description' for CMake module files
[13.522s] DEBUG:colcon.colcon_core.event_handler.log_command:Invoked command in '/Bt/build/pal_gripper_description' returned '0': AMENT_PREFIX_PATH=/Bt/install/pal_urdf_utils:${AMENT_PREFIX_PATH} CMAKE_PREFIX_PATH=/Bt/install/pal_urdf_utils:/opt/ros/jazzy/opt/gz_sim_vendor:/opt/ros/jazzy/opt/gz_sensors_vendor:/opt/ros/jazzy/opt/gz_physics_vendor:/opt/ros/jazzy/opt/sdformat_vendor:/opt/ros/jazzy/opt/gz_gui_vendor:/opt/ros/jazzy/opt/gz_transport_vendor:/opt/ros/jazzy/opt/gz_rendering_vendor:/opt/ros/jazzy/opt/gz_plugin_vendor:/opt/ros/jazzy/opt/gz_fuel_tools_vendor:/opt/ros/jazzy/opt/gz_msgs_vendor:/opt/ros/jazzy/opt/gz_common_vendor:/opt/ros/jazzy/opt/gz_math_vendor:/opt/ros/jazzy/opt/gz_utils_vendor:/opt/ros/jazzy/opt/gz_tools_vendor:/opt/ros/jazzy/opt/gz_ogre_next_vendor:/opt/ros/jazzy/opt/gz_dartsim_vendor:/opt/ros/jazzy/opt/gz_cmake_vendor:/opt/ros/jazzy /usr/bin/cmake --install /Bt/build/pal_gripper_description
[13.525s] Level 1:colcon.colcon_core.environment:checking '/Bt/install/pal_gripper_description' for CMake config files
[13.526s] Level 1:colcon.colcon_core.shell:create_environment_hook('pal_gripper_description', 'cmake_prefix_path')
[13.527s] INFO:colcon.colcon_core.shell:Creating environment hook '/Bt/install/pal_gripper_description/share/pal_gripper_description/hook/cmake_prefix_path.ps1'
[13.527s] INFO:colcon.colcon_core.shell:Creating environment descriptor '/Bt/install/pal_gripper_description/share/pal_gripper_description/hook/cmake_prefix_path.dsv'
[13.528s] INFO:colcon.colcon_core.shell:Creating environment hook '/Bt/install/pal_gripper_description/share/pal_gripper_description/hook/cmake_prefix_path.sh'
[13.528s] Level 1:colcon.colcon_core.environment:checking '/Bt/install/pal_gripper_description/bin'
[13.529s] Level 1:colcon.colcon_core.environment:checking '/Bt/install/pal_gripper_description/lib/pkgconfig/pal_gripper_description.pc'
[13.529s] Level 1:colcon.colcon_core.environment:checking '/Bt/install/pal_gripper_description/lib/python3.12/site-packages'
[13.529s] Level 1:colcon.colcon_core.environment:checking '/Bt/install/pal_gripper_description/bin'
[13.529s] INFO:colcon.colcon_core.shell:Creating package script '/Bt/install/pal_gripper_description/share/pal_gripper_description/package.ps1'
[13.530s] INFO:colcon.colcon_core.shell:Creating package descriptor '/Bt/install/pal_gripper_description/share/pal_gripper_description/package.dsv'
[13.530s] INFO:colcon.colcon_core.shell:Creating package script '/Bt/install/pal_gripper_description/share/pal_gripper_description/package.sh'
[13.531s] INFO:colcon.colcon_core.shell:Creating package script '/Bt/install/pal_gripper_description/share/pal_gripper_description/package.bash'
[13.531s] INFO:colcon.colcon_core.shell:Creating package script '/Bt/install/pal_gripper_description/share/pal_gripper_description/package.zsh'
[13.573s] Level 1:colcon.colcon_core.environment:create_file_with_runtime_dependencies(/Bt/install/pal_gripper_description/share/colcon-core/packages/pal_gripper_description)
[13.575s] Level 1:colcon.colcon_core.environment:create_environment_scripts_only(pal_gripper_description)
[13.575s] Level 1:colcon.colcon_core.environment:checking '/Bt/install/pal_gripper_description' for CMake module files
[13.577s] Level 1:colcon.colcon_core.environment:checking '/Bt/install/pal_gripper_description' for CMake config files
[13.578s] Level 1:colcon.colcon_core.shell:create_environment_hook('pal_gripper_description', 'cmake_prefix_path')
[13.579s] INFO:colcon.colcon_core.shell:Creating environment hook '/Bt/install/pal_gripper_description/share/pal_gripper_description/hook/cmake_prefix_path.ps1'
[13.580s] INFO:colcon.colcon_core.shell:Creating environment descriptor '/Bt/install/pal_gripper_description/share/pal_gripper_description/hook/cmake_prefix_path.dsv'
[13.581s] INFO:colcon.colcon_core.shell:Creating environment hook '/Bt/install/pal_gripper_description/share/pal_gripper_description/hook/cmake_prefix_path.sh'
[13.583s] Level 1:colcon.colcon_core.environment:checking '/Bt/install/pal_gripper_description/bin'
[13.583s] Level 1:colcon.colcon_core.environment:checking '/Bt/install/pal_gripper_description/lib/pkgconfig/pal_gripper_description.pc'
[13.584s] Level 1:colcon.colcon_core.environment:checking '/Bt/install/pal_gripper_description/lib/python3.12/site-packages'
[13.586s] Level 1:colcon.colcon_core.environment:checking '/Bt/install/pal_gripper_description/bin'
[13.586s] INFO:colcon.colcon_core.shell:Creating package script '/Bt/install/pal_gripper_description/share/pal_gripper_description/package.ps1'
[13.588s] INFO:colcon.colcon_core.shell:Creating package descriptor '/Bt/install/pal_gripper_description/share/pal_gripper_description/package.dsv'
[13.590s] INFO:colcon.colcon_core.shell:Creating package script '/Bt/install/pal_gripper_description/share/pal_gripper_description/package.sh'
[13.591s] INFO:colcon.colcon_core.shell:Creating package script '/Bt/install/pal_gripper_description/share/pal_gripper_description/package.bash'
[13.612s] INFO:colcon.colcon_core.shell:Creating package script '/Bt/install/pal_gripper_description/share/pal_gripper_description/package.zsh'
[13.614s] Level 1:colcon.colcon_core.environment:create_file_with_runtime_dependencies(/Bt/install/pal_gripper_description/share/colcon-core/packages/pal_gripper_description)
[13.738s] INFO:colcon.colcon_ros.task.ament_cmake.build:Building ROS package in '/Bt/tiago_nav' with build type 'ament_cmake'
[13.738s] INFO:colcon.colcon_cmake.task.cmake.build:Building CMake package in '/Bt/tiago_nav'
[13.739s] INFO:colcon.colcon_core.shell:Skip shell extension 'powershell' for command environment: Not usable outside of PowerShell
[13.739s] DEBUG:colcon.colcon_core.shell:Skip shell extension 'dsv' for command environment
[13.741s] DEBUG:colcon.colcon_core.event_handler.log_command:Invoking command in '/Bt/build/ros2_aruco_interfaces': CMAKE_PREFIX_PATH=${CMAKE_PREFIX_PATH}:/opt/ros/jazzy /usr/bin/cmake --build /Bt/build/ros2_aruco_interfaces -- -j8 -l8
[13.751s] INFO:colcon.colcon_ros.task.ament_cmake.build:Building ROS package in '/Bt/ThirdParty/grab2/grab2_controller' with build type 'ament_cmake'
[13.752s] INFO:colcon.colcon_cmake.task.cmake.build:Building CMake package in '/Bt/ThirdParty/grab2/grab2_controller'
[13.752s] INFO:colcon.colcon_core.shell:Skip shell extension 'powershell' for command environment: Not usable outside of PowerShell
[13.752s] DEBUG:colcon.colcon_core.shell:Skip shell extension 'dsv' for command environment
[13.761s] DEBUG:colcon.colcon_core.event_handler.log_command:Invoked command in '/Bt/build/pmb2_laser_sensors' returned '0': CMAKE_PREFIX_PATH=${CMAKE_PREFIX_PATH}:/opt/ros/jazzy /usr/bin/cmake --build /Bt/build/pmb2_laser_sensors -- -j8 -l8
[13.763s] DEBUG:colcon.colcon_core.event_handler.log_command:Invoking command in '/Bt/build/pmb2_laser_sensors': CMAKE_PREFIX_PATH=${CMAKE_PREFIX_PATH}:/opt/ros/jazzy /usr/bin/cmake --install /Bt/build/pmb2_laser_sensors
[13.922s] DEBUG:colcon.colcon_core.event_handler.log_command:Invoking command in '/Bt/build/tiago_nav': CMAKE_PREFIX_PATH=${CMAKE_PREFIX_PATH}:/opt/ros/jazzy /usr/bin/cmake --build /Bt/build/tiago_nav -- -j8 -l8
[14.015s] Level 1:colcon.colcon_core.environment:create_environment_scripts_only(pmb2_laser_sensors)
[14.016s] Level 1:colcon.colcon_core.environment:checking '/Bt/install/pmb2_laser_sensors' for CMake module files
[14.017s] DEBUG:colcon.colcon_core.event_handler.log_command:Invoking command in '/Bt/build/grab2_controller': CMAKE_PREFIX_PATH=${CMAKE_PREFIX_PATH}:/opt/ros/jazzy /usr/bin/cmake --build /Bt/build/grab2_controller -- -j8 -l8
[14.018s] DEBUG:colcon.colcon_core.event_handler.log_command:Invoked command in '/Bt/build/pmb2_laser_sensors' returned '0': CMAKE_PREFIX_PATH=${CMAKE_PREFIX_PATH}:/opt/ros/jazzy /usr/bin/cmake --install /Bt/build/pmb2_laser_sensors
[14.018s] Level 1:colcon.colcon_core.environment:checking '/Bt/install/pmb2_laser_sensors' for CMake config files
[14.019s] Level 1:colcon.colcon_core.shell:create_environment_hook('pmb2_laser_sensors', 'cmake_prefix_path')
[14.019s] INFO:colcon.colcon_core.shell:Creating environment hook '/Bt/install/pmb2_laser_sensors/share/pmb2_laser_sensors/hook/cmake_prefix_path.ps1'
[14.020s] INFO:colcon.colcon_core.shell:Creating environment descriptor '/Bt/install/pmb2_laser_sensors/share/pmb2_laser_sensors/hook/cmake_prefix_path.dsv'
[14.020s] INFO:colcon.colcon_core.shell:Creating environment hook '/Bt/install/pmb2_laser_sensors/share/pmb2_laser_sensors/hook/cmake_prefix_path.sh'
[14.021s] Level 1:colcon.colcon_core.environment:checking '/Bt/install/pmb2_laser_sensors/bin'
[14.021s] Level 1:colcon.colcon_core.environment:checking '/Bt/install/pmb2_laser_sensors/lib/pkgconfig/pmb2_laser_sensors.pc'
[14.021s] Level 1:colcon.colcon_core.environment:checking '/Bt/install/pmb2_laser_sensors/lib/python3.12/site-packages'
[14.022s] Level 1:colcon.colcon_core.environment:checking '/Bt/install/pmb2_laser_sensors/bin'
[14.022s] INFO:colcon.colcon_core.shell:Creating package script '/Bt/install/pmb2_laser_sensors/share/pmb2_laser_sensors/package.ps1'
[14.023s] INFO:colcon.colcon_core.shell:Creating package descriptor '/Bt/install/pmb2_laser_sensors/share/pmb2_laser_sensors/package.dsv'
[14.023s] INFO:colcon.colcon_core.shell:Creating package script '/Bt/install/pmb2_laser_sensors/share/pmb2_laser_sensors/package.sh'
[14.024s] INFO:colcon.colcon_core.shell:Creating package script '/Bt/install/pmb2_laser_sensors/share/pmb2_laser_sensors/package.bash'
[14.030s] INFO:colcon.colcon_core.shell:Creating package script '/Bt/install/pmb2_laser_sensors/share/pmb2_laser_sensors/package.zsh'
[14.031s] Level 1:colcon.colcon_core.environment:create_file_with_runtime_dependencies(/Bt/install/pmb2_laser_sensors/share/colcon-core/packages/pmb2_laser_sensors)
[14.033s] Level 1:colcon.colcon_core.environment:create_environment_scripts_only(pmb2_laser_sensors)
[14.033s] Level 1:colcon.colcon_core.environment:checking '/Bt/install/pmb2_laser_sensors' for CMake module files
[14.034s] Level 1:colcon.colcon_core.environment:checking '/Bt/install/pmb2_laser_sensors' for CMake config files
[14.035s] Level 1:colcon.colcon_core.shell:create_environment_hook('pmb2_laser_sensors', 'cmake_prefix_path')
[14.035s] INFO:colcon.colcon_core.shell:Creating environment hook '/Bt/install/pmb2_laser_sensors/share/pmb2_laser_sensors/hook/cmake_prefix_path.ps1'
[14.036s] INFO:colcon.colcon_core.shell:Creating environment descriptor '/Bt/install/pmb2_laser_sensors/share/pmb2_laser_sensors/hook/cmake_prefix_path.dsv'
[14.037s] INFO:colcon.colcon_core.shell:Creating environment hook '/Bt/install/pmb2_laser_sensors/share/pmb2_laser_sensors/hook/cmake_prefix_path.sh'
[14.038s] Level 1:colcon.colcon_core.environment:checking '/Bt/install/pmb2_laser_sensors/bin'
[14.039s] Level 1:colcon.colcon_core.environment:checking '/Bt/install/pmb2_laser_sensors/lib/pkgconfig/pmb2_laser_sensors.pc'
[14.039s] Level 1:colcon.colcon_core.environment:checking '/Bt/install/pmb2_laser_sensors/lib/python3.12/site-packages'
[14.040s] Level 1:colcon.colcon_core.environment:checking '/Bt/install/pmb2_laser_sensors/bin'
[14.040s] INFO:colcon.colcon_core.shell:Creating package script '/Bt/install/pmb2_laser_sensors/share/pmb2_laser_sensors/package.ps1'
[14.041s] INFO:colcon.colcon_core.shell:Creating package descriptor '/Bt/install/pmb2_laser_sensors/share/pmb2_laser_sensors/package.dsv'
[14.042s] INFO:colcon.colcon_core.shell:Creating package script '/Bt/install/pmb2_laser_sensors/share/pmb2_laser_sensors/package.sh'
[14.043s] INFO:colcon.colcon_core.shell:Creating package script '/Bt/install/pmb2_laser_sensors/share/pmb2_laser_sensors/package.bash'
[14.044s] INFO:colcon.colcon_core.shell:Creating package script '/Bt/install/pmb2_laser_sensors/share/pmb2_laser_sensors/package.zsh'
[14.083s] Level 1:colcon.colcon_core.environment:create_file_with_runtime_dependencies(/Bt/install/pmb2_laser_sensors/share/colcon-core/packages/pmb2_laser_sensors)
[14.085s] INFO:colcon.colcon_ros.task.ament_python.build:Building ROS package in '/Bt/ThirdParty/ros2_aruco/ros2_aruco' with build type 'ament_python'
[14.086s] Level 1:colcon.colcon_core.shell:create_environment_hook('ros2_aruco', 'ament_prefix_path')
[14.088s] INFO:colcon.colcon_core.shell:Creating environment hook '/Bt/install/ros2_aruco/share/ros2_aruco/hook/ament_prefix_path.ps1'
[14.091s] INFO:colcon.colcon_core.shell:Creating environment descriptor '/Bt/install/ros2_aruco/share/ros2_aruco/hook/ament_prefix_path.dsv'
[14.092s] INFO:colcon.colcon_core.shell:Creating environment hook '/Bt/install/ros2_aruco/share/ros2_aruco/hook/ament_prefix_path.sh'
[14.094s] INFO:colcon.colcon_core.shell:Skip shell extension 'powershell' for command environment: Not usable outside of PowerShell
[14.095s] DEBUG:colcon.colcon_core.shell:Skip shell extension 'dsv' for command environment
[14.793s] INFO:colcon.colcon_core.task.python.build:Building Python package in '/Bt/ThirdParty/ros2_aruco/ros2_aruco'
[14.794s] INFO:colcon.colcon_core.shell:Skip shell extension 'powershell' for command environment: Not usable outside of PowerShell
[14.794s] DEBUG:colcon.colcon_core.shell:Skip shell extension 'dsv' for command environment
[14.799s] DEBUG:colcon.colcon_core.event_handler.log_command:Invoked command in '/Bt/build/tiago_nav' returned '0': CMAKE_PREFIX_PATH=${CMAKE_PREFIX_PATH}:/opt/ros/jazzy /usr/bin/cmake --build /Bt/build/tiago_nav -- -j8 -l8
[14.991s] DEBUG:colcon.colcon_core.event_handler.log_command:Invoking command in '/Bt/build/tiago_nav': CMAKE_PREFIX_PATH=${CMAKE_PREFIX_PATH}:/opt/ros/jazzy /usr/bin/cmake --install /Bt/build/tiago_nav
[14.992s] DEBUG:colcon.colcon_core.event_handler.log_command:Invoked command in '/Bt/build/grab2_controller' returned '0': CMAKE_PREFIX_PATH=${CMAKE_PREFIX_PATH}:/opt/ros/jazzy /usr/bin/cmake --build /Bt/build/grab2_controller -- -j8 -l8
[15.163s] DEBUG:colcon.colcon_core.event_handler.log_command:Invoking command in '/Bt/build/grab2_controller': CMAKE_PREFIX_PATH=${CMAKE_PREFIX_PATH}:/opt/ros/jazzy /usr/bin/cmake --install /Bt/build/grab2_controller
[15.165s] Level 1:colcon.colcon_core.environment:create_environment_scripts_only(tiago_nav)
[15.166s] Level 1:colcon.colcon_core.environment:checking '/Bt/install/tiago_nav' for CMake module files
[15.167s] DEBUG:colcon.colcon_core.event_handler.log_command:Invoked command in '/Bt/build/tiago_nav' returned '0': CMAKE_PREFIX_PATH=${CMAKE_PREFIX_PATH}:/opt/ros/jazzy /usr/bin/cmake --install /Bt/build/tiago_nav
[15.170s] Level 1:colcon.colcon_core.environment:checking '/Bt/install/tiago_nav' for CMake config files
[15.243s] Level 1:colcon.colcon_core.shell:create_environment_hook('tiago_nav', 'cmake_prefix_path')
[15.244s] INFO:colcon.colcon_core.shell:Creating environment hook '/Bt/install/tiago_nav/share/tiago_nav/hook/cmake_prefix_path.ps1'
[15.245s] INFO:colcon.colcon_core.shell:Creating environment descriptor '/Bt/install/tiago_nav/share/tiago_nav/hook/cmake_prefix_path.dsv'
[15.247s] INFO:colcon.colcon_core.shell:Creating environment hook '/Bt/install/tiago_nav/share/tiago_nav/hook/cmake_prefix_path.sh'
[15.249s] Level 1:colcon.colcon_core.environment:checking '/Bt/install/tiago_nav/bin'
[15.250s] Level 1:colcon.colcon_core.environment:checking '/Bt/install/tiago_nav/lib/pkgconfig/tiago_nav.pc'
[15.251s] Level 1:colcon.colcon_core.environment:checking '/Bt/install/tiago_nav/lib/python3.12/site-packages'
[15.253s] Level 1:colcon.colcon_core.environment:checking '/Bt/install/tiago_nav/bin'
[15.253s] INFO:colcon.colcon_core.shell:Creating package script '/Bt/install/tiago_nav/share/tiago_nav/package.ps1'
[15.255s] INFO:colcon.colcon_core.shell:Creating package descriptor '/Bt/install/tiago_nav/share/tiago_nav/package.dsv'
[15.257s] INFO:colcon.colcon_core.shell:Creating package script '/Bt/install/tiago_nav/share/tiago_nav/package.sh'
[15.259s] INFO:colcon.colcon_core.shell:Creating package script '/Bt/install/tiago_nav/share/tiago_nav/package.bash'
[15.260s] INFO:colcon.colcon_core.shell:Creating package script '/Bt/install/tiago_nav/share/tiago_nav/package.zsh'
[15.262s] Level 1:colcon.colcon_core.environment:create_file_with_runtime_dependencies(/Bt/install/tiago_nav/share/colcon-core/packages/tiago_nav)
[15.264s] Level 1:colcon.colcon_core.environment:create_environment_scripts_only(tiago_nav)
[15.264s] Level 1:colcon.colcon_core.environment:checking '/Bt/install/tiago_nav' for CMake module files
[15.268s] Level 1:colcon.colcon_core.environment:checking '/Bt/install/tiago_nav' for CMake config files
[15.274s] Level 1:colcon.colcon_core.shell:create_environment_hook('tiago_nav', 'cmake_prefix_path')
[15.274s] INFO:colcon.colcon_core.shell:Creating environment hook '/Bt/install/tiago_nav/share/tiago_nav/hook/cmake_prefix_path.ps1'
[15.310s] INFO:colcon.colcon_core.shell:Creating environment descriptor '/Bt/install/tiago_nav/share/tiago_nav/hook/cmake_prefix_path.dsv'
[15.312s] INFO:colcon.colcon_core.shell:Creating environment hook '/Bt/install/tiago_nav/share/tiago_nav/hook/cmake_prefix_path.sh'
[15.312s] Level 1:colcon.colcon_core.environment:checking '/Bt/install/tiago_nav/bin'
[15.312s] Level 1:colcon.colcon_core.environment:checking '/Bt/install/tiago_nav/lib/pkgconfig/tiago_nav.pc'
[15.313s] Level 1:colcon.colcon_core.environment:checking '/Bt/install/tiago_nav/lib/python3.12/site-packages'
[15.314s] Level 1:colcon.colcon_core.environment:checking '/Bt/install/tiago_nav/bin'
[15.314s] INFO:colcon.colcon_core.shell:Creating package script '/Bt/install/tiago_nav/share/tiago_nav/package.ps1'
[15.315s] INFO:colcon.colcon_core.shell:Creating package descriptor '/Bt/install/tiago_nav/share/tiago_nav/package.dsv'
[15.316s] INFO:colcon.colcon_core.shell:Creating package script '/Bt/install/tiago_nav/share/tiago_nav/package.sh'
[15.316s] INFO:colcon.colcon_core.shell:Creating package script '/Bt/install/tiago_nav/share/tiago_nav/package.bash'
[15.317s] INFO:colcon.colcon_core.shell:Creating package script '/Bt/install/tiago_nav/share/tiago_nav/package.zsh'
[15.333s] Level 1:colcon.colcon_core.environment:create_file_with_runtime_dependencies(/Bt/install/tiago_nav/share/colcon-core/packages/tiago_nav)
[15.335s] INFO:colcon.colcon_ros.task.ament_cmake.build:Building ROS package in '/Bt/tiago_sim' with build type 'ament_cmake'
[15.335s] INFO:colcon.colcon_cmake.task.cmake.build:Building CMake package in '/Bt/tiago_sim'
[15.335s] INFO:colcon.colcon_core.shell:Skip shell extension 'powershell' for command environment: Not usable outside of PowerShell
[15.335s] DEBUG:colcon.colcon_core.shell:Skip shell extension 'dsv' for command environment
[15.347s] DEBUG:colcon.colcon_core.event_handler.log_command:Invoked command in '/Bt/build/play_motion2_msgs' returned '0': CMAKE_PREFIX_PATH=${CMAKE_PREFIX_PATH}:/opt/ros/jazzy /usr/bin/cmake --build /Bt/build/play_motion2_msgs -- -j8 -l8
[15.385s] DEBUG:colcon.colcon_core.event_handler.log_command:Invoking command in '/Bt/build/play_motion2_msgs': CMAKE_PREFIX_PATH=${CMAKE_PREFIX_PATH}:/opt/ros/jazzy /usr/bin/cmake --install /Bt/build/play_motion2_msgs
[15.386s] DEBUG:colcon.colcon_core.event_handler.log_command:Invoked command in '/Bt/build/btcpp_ros2_interfaces' returned '0': CMAKE_PREFIX_PATH=${CMAKE_PREFIX_PATH}:/opt/ros/jazzy /usr/bin/cmake --build /Bt/build/btcpp_ros2_interfaces -- -j8 -l8
[15.399s] DEBUG:colcon.colcon_core.event_handler.log_command:Invoking command in '/Bt/build/btcpp_ros2_interfaces': CMAKE_PREFIX_PATH=${CMAKE_PREFIX_PATH}:/opt/ros/jazzy /usr/bin/cmake --install /Bt/build/btcpp_ros2_interfaces
[15.543s] Level 1:colcon.colcon_core.environment:create_environment_scripts_only(grab2_controller)
[15.543s] Level 1:colcon.colcon_core.environment:checking '/Bt/install/grab2_controller' for CMake module files
[15.545s] DEBUG:colcon.colcon_core.event_handler.log_command:Invoking command in '/Bt/build/tiago_sim': CMAKE_PREFIX_PATH=${CMAKE_PREFIX_PATH}:/opt/ros/jazzy /usr/bin/cmake --build /Bt/build/tiago_sim -- -j8 -l8
[15.546s] DEBUG:colcon.colcon_core.event_handler.log_command:Invoked command in '/Bt/build/grab2_controller' returned '0': CMAKE_PREFIX_PATH=${CMAKE_PREFIX_PATH}:/opt/ros/jazzy /usr/bin/cmake --install /Bt/build/grab2_controller
[15.546s] Level 1:colcon.colcon_core.environment:checking '/Bt/install/grab2_controller' for CMake config files
[15.547s] Level 1:colcon.colcon_core.shell:create_environment_hook('grab2_controller', 'cmake_prefix_path')
[15.547s] INFO:colcon.colcon_core.shell:Creating environment hook '/Bt/install/grab2_controller/share/grab2_controller/hook/cmake_prefix_path.ps1'
[15.548s] INFO:colcon.colcon_core.shell:Creating environment descriptor '/Bt/install/grab2_controller/share/grab2_controller/hook/cmake_prefix_path.dsv'
[15.548s] INFO:colcon.colcon_core.shell:Creating environment hook '/Bt/install/grab2_controller/share/grab2_controller/hook/cmake_prefix_path.sh'
[15.549s] Level 1:colcon.colcon_core.environment:checking '/Bt/install/grab2_controller/bin'
[15.549s] Level 1:colcon.colcon_core.environment:checking '/Bt/install/grab2_controller/lib/pkgconfig/grab2_controller.pc'
[15.550s] Level 1:colcon.colcon_core.environment:checking '/Bt/install/grab2_controller/lib/python3.12/site-packages'
[15.550s] Level 1:colcon.colcon_core.environment:checking '/Bt/install/grab2_controller/bin'
[15.550s] INFO:colcon.colcon_core.shell:Creating package script '/Bt/install/grab2_controller/share/grab2_controller/package.ps1'
[15.551s] INFO:colcon.colcon_core.shell:Creating package descriptor '/Bt/install/grab2_controller/share/grab2_controller/package.dsv'
[15.552s] INFO:colcon.colcon_core.shell:Creating package script '/Bt/install/grab2_controller/share/grab2_controller/package.sh'
[15.552s] INFO:colcon.colcon_core.shell:Creating package script '/Bt/install/grab2_controller/share/grab2_controller/package.bash'
[15.553s] INFO:colcon.colcon_core.shell:Creating package script '/Bt/install/grab2_controller/share/grab2_controller/package.zsh'
[15.553s] Level 1:colcon.colcon_core.environment:create_file_with_runtime_dependencies(/Bt/install/grab2_controller/share/colcon-core/packages/grab2_controller)
[15.554s] Level 1:colcon.colcon_core.environment:create_environment_scripts_only(grab2_controller)
[15.554s] Level 1:colcon.colcon_core.environment:checking '/Bt/install/grab2_controller' for CMake module files
[15.555s] Level 1:colcon.colcon_core.environment:checking '/Bt/install/grab2_controller' for CMake config files
[15.556s] Level 1:colcon.colcon_core.shell:create_environment_hook('grab2_controller', 'cmake_prefix_path')
[15.556s] INFO:colcon.colcon_core.shell:Creating environment hook '/Bt/install/grab2_controller/share/grab2_controller/hook/cmake_prefix_path.ps1'
[15.563s] INFO:colcon.colcon_core.shell:Creating environment descriptor '/Bt/install/grab2_controller/share/grab2_controller/hook/cmake_prefix_path.dsv'
[15.566s] INFO:colcon.colcon_core.shell:Creating environment hook '/Bt/install/grab2_controller/share/grab2_controller/hook/cmake_prefix_path.sh'
[15.567s] Level 1:colcon.colcon_core.environment:checking '/Bt/install/grab2_controller/bin'
[15.567s] Level 1:colcon.colcon_core.environment:checking '/Bt/install/grab2_controller/lib/pkgconfig/grab2_controller.pc'
[15.567s] Level 1:colcon.colcon_core.environment:checking '/Bt/install/grab2_controller/lib/python3.12/site-packages'
[15.568s] Level 1:colcon.colcon_core.environment:checking '/Bt/install/grab2_controller/bin'
[15.568s] INFO:colcon.colcon_core.shell:Creating package script '/Bt/install/grab2_controller/share/grab2_controller/package.ps1'
[15.569s] INFO:colcon.colcon_core.shell:Creating package descriptor '/Bt/install/grab2_controller/share/grab2_controller/package.dsv'
[15.570s] INFO:colcon.colcon_core.shell:Creating package script '/Bt/install/grab2_controller/share/grab2_controller/package.sh'
[15.570s] INFO:colcon.colcon_core.shell:Creating package script '/Bt/install/grab2_controller/share/grab2_controller/package.bash'
[15.571s] INFO:colcon.colcon_core.shell:Creating package script '/Bt/install/grab2_controller/share/grab2_controller/package.zsh'
[15.571s] Level 1:colcon.colcon_core.environment:create_file_with_runtime_dependencies(/Bt/install/grab2_controller/share/colcon-core/packages/grab2_controller)
[15.572s] INFO:colcon.colcon_ros.task.ament_cmake.build:Building ROS package in '/Bt/tiago_slam' with build type 'ament_cmake'
[15.572s] INFO:colcon.colcon_cmake.task.cmake.build:Building CMake package in '/Bt/tiago_slam'
[15.573s] INFO:colcon.colcon_core.shell:Skip shell extension 'powershell' for command environment: Not usable outside of PowerShell
[15.573s] DEBUG:colcon.colcon_core.shell:Skip shell extension 'dsv' for command environment
[15.675s] DEBUG:colcon.colcon_core.event_handler.log_command:Invoking command in '/Bt/build/tiago_slam': CMAKE_PREFIX_PATH=${CMAKE_PREFIX_PATH}:/opt/ros/jazzy /usr/bin/cmake --build /Bt/build/tiago_slam -- -j8 -l8
[15.676s] DEBUG:colcon.colcon_core.event_handler.log_command:Invoked command in '/Bt/build/tiago_sim' returned '0': CMAKE_PREFIX_PATH=${CMAKE_PREFIX_PATH}:/opt/ros/jazzy /usr/bin/cmake --build /Bt/build/tiago_sim -- -j8 -l8
[15.687s] DEBUG:colcon.colcon_core.event_handler.log_command:Invoking command in '/Bt/build/tiago_sim': CMAKE_PREFIX_PATH=${CMAKE_PREFIX_PATH}:/opt/ros/jazzy /usr/bin/cmake --install /Bt/build/tiago_sim
[15.727s] Level 1:colcon.colcon_core.environment:create_environment_scripts_only(tiago_sim)
[15.728s] Level 1:colcon.colcon_core.environment:checking '/Bt/install/tiago_sim' for CMake module files
[15.735s] Level 1:colcon.colcon_core.environment:checking '/Bt/install/tiago_sim' for CMake config files
[15.760s] DEBUG:colcon.colcon_core.event_handler.log_command:Invoked command in '/Bt/build/tiago_sim' returned '0': CMAKE_PREFIX_PATH=${CMAKE_PREFIX_PATH}:/opt/ros/jazzy /usr/bin/cmake --install /Bt/build/tiago_sim
[15.763s] Level 1:colcon.colcon_core.shell:create_environment_hook('tiago_sim', 'cmake_prefix_path')
[15.764s] INFO:colcon.colcon_core.shell:Creating environment hook '/Bt/install/tiago_sim/share/tiago_sim/hook/cmake_prefix_path.ps1'
[15.764s] INFO:colcon.colcon_core.shell:Creating environment descriptor '/Bt/install/tiago_sim/share/tiago_sim/hook/cmake_prefix_path.dsv'
[15.764s] INFO:colcon.colcon_core.shell:Creating environment hook '/Bt/install/tiago_sim/share/tiago_sim/hook/cmake_prefix_path.sh'
[15.765s] Level 1:colcon.colcon_core.environment:checking '/Bt/install/tiago_sim/bin'
[15.765s] Level 1:colcon.colcon_core.environment:checking '/Bt/install/tiago_sim/lib/pkgconfig/tiago_sim.pc'
[15.765s] Level 1:colcon.colcon_core.environment:checking '/Bt/install/tiago_sim/lib/python3.12/site-packages'
[15.766s] Level 1:colcon.colcon_core.environment:checking '/Bt/install/tiago_sim/bin'
[15.766s] INFO:colcon.colcon_core.shell:Creating package script '/Bt/install/tiago_sim/share/tiago_sim/package.ps1'
[15.766s] INFO:colcon.colcon_core.shell:Creating package descriptor '/Bt/install/tiago_sim/share/tiago_sim/package.dsv'
[15.767s] INFO:colcon.colcon_core.shell:Creating package script '/Bt/install/tiago_sim/share/tiago_sim/package.sh'
[15.767s] INFO:colcon.colcon_core.shell:Creating package script '/Bt/install/tiago_sim/share/tiago_sim/package.bash'
[15.767s] INFO:colcon.colcon_core.shell:Creating package script '/Bt/install/tiago_sim/share/tiago_sim/package.zsh'
[15.787s] Level 1:colcon.colcon_core.environment:create_file_with_runtime_dependencies(/Bt/install/tiago_sim/share/colcon-core/packages/tiago_sim)
[15.792s] Level 1:colcon.colcon_core.environment:create_environment_scripts_only(tiago_sim)
[15.793s] Level 1:colcon.colcon_core.environment:checking '/Bt/install/tiago_sim' for CMake module files
[15.795s] Level 1:colcon.colcon_core.environment:checking '/Bt/install/tiago_sim' for CMake config files
[15.806s] Level 1:colcon.colcon_core.shell:create_environment_hook('tiago_sim', 'cmake_prefix_path')
[15.806s] INFO:colcon.colcon_core.shell:Creating environment hook '/Bt/install/tiago_sim/share/tiago_sim/hook/cmake_prefix_path.ps1'
[15.808s] INFO:colcon.colcon_core.shell:Creating environment descriptor '/Bt/install/tiago_sim/share/tiago_sim/hook/cmake_prefix_path.dsv'
[15.809s] INFO:colcon.colcon_core.shell:Creating environment hook '/Bt/install/tiago_sim/share/tiago_sim/hook/cmake_prefix_path.sh'
[15.811s] Level 1:colcon.colcon_core.environment:checking '/Bt/install/tiago_sim/bin'
[15.811s] Level 1:colcon.colcon_core.environment:checking '/Bt/install/tiago_sim/lib/pkgconfig/tiago_sim.pc'
[15.812s] Level 1:colcon.colcon_core.environment:checking '/Bt/install/tiago_sim/lib/python3.12/site-packages'
[15.814s] Level 1:colcon.colcon_core.environment:checking '/Bt/install/tiago_sim/bin'
[15.815s] INFO:colcon.colcon_core.shell:Creating package script '/Bt/install/tiago_sim/share/tiago_sim/package.ps1'
[15.818s] INFO:colcon.colcon_core.shell:Creating package descriptor '/Bt/install/tiago_sim/share/tiago_sim/package.dsv'
[15.820s] INFO:colcon.colcon_core.shell:Creating package script '/Bt/install/tiago_sim/share/tiago_sim/package.sh'
[15.822s] INFO:colcon.colcon_core.shell:Creating package script '/Bt/install/tiago_sim/share/tiago_sim/package.bash'
[15.823s] INFO:colcon.colcon_core.shell:Creating package script '/Bt/install/tiago_sim/share/tiago_sim/package.zsh'
[15.825s] Level 1:colcon.colcon_core.environment:create_file_with_runtime_dependencies(/Bt/install/tiago_sim/share/colcon-core/packages/tiago_sim)
[15.828s] INFO:colcon.colcon_ros.task.ament_cmake.build:Building ROS package in '/Bt/ThirdParty/pal_robotiq_gripper/pal_robotiq_gripper' with build type 'ament_cmake'
[15.828s] INFO:colcon.colcon_cmake.task.cmake.build:Building CMake package in '/Bt/ThirdParty/pal_robotiq_gripper/pal_robotiq_gripper'
[15.828s] INFO:colcon.colcon_core.shell:Skip shell extension 'powershell' for command environment: Not usable outside of PowerShell
[15.829s] DEBUG:colcon.colcon_core.shell:Skip shell extension 'dsv' for command environment
[15.835s] DEBUG:colcon.colcon_core.event_handler.log_command:Invoked command in '/Bt/build/ros2_aruco_interfaces' returned '0': CMAKE_PREFIX_PATH=${CMAKE_PREFIX_PATH}:/opt/ros/jazzy /usr/bin/cmake --build /Bt/build/ros2_aruco_interfaces -- -j8 -l8
[15.906s] DEBUG:colcon.colcon_core.event_handler.log_command:Invoking command in '/Bt/build/ros2_aruco_interfaces': CMAKE_PREFIX_PATH=${CMAKE_PREFIX_PATH}:/opt/ros/jazzy /usr/bin/cmake --install /Bt/build/ros2_aruco_interfaces
[15.907s] DEBUG:colcon.colcon_core.event_handler.log_command:Invoked command in '/Bt/build/yolo_msgs' returned '0': CMAKE_PREFIX_PATH=${CMAKE_PREFIX_PATH}:/opt/ros/jazzy /usr/bin/cmake --build /Bt/build/yolo_msgs -- -j8 -l8
[16.267s] DEBUG:colcon.colcon_core.event_handler.log_command:Invoking command in '/Bt/build/yolo_msgs': CMAKE_PREFIX_PATH=${CMAKE_PREFIX_PATH}:/opt/ros/jazzy /usr/bin/cmake --install /Bt/build/yolo_msgs
[16.268s] DEBUG:colcon.colcon_core.event_handler.log_command:Invoked command in '/Bt/build/tiago_slam' returned '0': CMAKE_PREFIX_PATH=${CMAKE_PREFIX_PATH}:/opt/ros/jazzy /usr/bin/cmake --build /Bt/build/tiago_slam -- -j8 -l8
[16.330s] DEBUG:colcon.colcon_core.event_handler.log_command:Invoking command in '/Bt/build/tiago_slam': CMAKE_PREFIX_PATH=${CMAKE_PREFIX_PATH}:/opt/ros/jazzy /usr/bin/cmake --install /Bt/build/tiago_slam
[16.583s] Level 1:colcon.colcon_core.environment:create_environment_scripts_only(tiago_slam)
[16.584s] Level 1:colcon.colcon_core.environment:checking '/Bt/install/tiago_slam' for CMake module files
[16.586s] DEBUG:colcon.colcon_core.event_handler.log_command:Invoking command in '/Bt/build/pal_robotiq_gripper': AMENT_PREFIX_PATH=/Bt/install/pal_robotiq_description:/Bt/install/pal_robotiq_controller_configuration:${AMENT_PREFIX_PATH} CMAKE_PREFIX_PATH=/Bt/install/pal_robotiq_description:/Bt/install/pal_robotiq_controller_configuration:/opt/ros/jazzy/opt/gz_sim_vendor:/opt/ros/jazzy/opt/gz_sensors_vendor:/opt/ros/jazzy/opt/gz_physics_vendor:/opt/ros/jazzy/opt/sdformat_vendor:/opt/ros/jazzy/opt/gz_gui_vendor:/opt/ros/jazzy/opt/gz_transport_vendor:/opt/ros/jazzy/opt/gz_rendering_vendor:/opt/ros/jazzy/opt/gz_plugin_vendor:/opt/ros/jazzy/opt/gz_fuel_tools_vendor:/opt/ros/jazzy/opt/gz_msgs_vendor:/opt/ros/jazzy/opt/gz_common_vendor:/opt/ros/jazzy/opt/gz_math_vendor:/opt/ros/jazzy/opt/gz_utils_vendor:/opt/ros/jazzy/opt/gz_tools_vendor:/opt/ros/jazzy/opt/gz_ogre_next_vendor:/opt/ros/jazzy/opt/gz_dartsim_vendor:/opt/ros/jazzy/opt/gz_cmake_vendor:/opt/ros/jazzy /usr/bin/cmake --build /Bt/build/pal_robotiq_gripper -- -j8 -l8
[16.587s] DEBUG:colcon.colcon_core.event_handler.log_command:Invoked command in '/Bt/build/tiago_slam' returned '0': CMAKE_PREFIX_PATH=${CMAKE_PREFIX_PATH}:/opt/ros/jazzy /usr/bin/cmake --install /Bt/build/tiago_slam
[16.588s] Level 1:colcon.colcon_core.environment:checking '/Bt/install/tiago_slam' for CMake config files
[16.589s] Level 1:colcon.colcon_core.shell:create_environment_hook('tiago_slam', 'cmake_prefix_path')
[16.590s] INFO:colcon.colcon_core.shell:Creating environment hook '/Bt/install/tiago_slam/share/tiago_slam/hook/cmake_prefix_path.ps1'
[16.591s] INFO:colcon.colcon_core.shell:Creating environment descriptor '/Bt/install/tiago_slam/share/tiago_slam/hook/cmake_prefix_path.dsv'
[16.593s] INFO:colcon.colcon_core.shell:Creating environment hook '/Bt/install/tiago_slam/share/tiago_slam/hook/cmake_prefix_path.sh'
[16.595s] Level 1:colcon.colcon_core.environment:checking '/Bt/install/tiago_slam/bin'
[16.595s] Level 1:colcon.colcon_core.environment:checking '/Bt/install/tiago_slam/lib/pkgconfig/tiago_slam.pc'
[16.596s] Level 1:colcon.colcon_core.environment:checking '/Bt/install/tiago_slam/lib/python3.12/site-packages'
[16.597s] Level 1:colcon.colcon_core.environment:checking '/Bt/install/tiago_slam/bin'
[16.598s] INFO:colcon.colcon_core.shell:Creating package script '/Bt/install/tiago_slam/share/tiago_slam/package.ps1'
[16.599s] INFO:colcon.colcon_core.shell:Creating package descriptor '/Bt/install/tiago_slam/share/tiago_slam/package.dsv'
[16.601s] INFO:colcon.colcon_core.shell:Creating package script '/Bt/install/tiago_slam/share/tiago_slam/package.sh'
[16.602s] INFO:colcon.colcon_core.shell:Creating package script '/Bt/install/tiago_slam/share/tiago_slam/package.bash'
[16.603s] INFO:colcon.colcon_core.shell:Creating package script '/Bt/install/tiago_slam/share/tiago_slam/package.zsh'
[16.605s] Level 1:colcon.colcon_core.environment:create_file_with_runtime_dependencies(/Bt/install/tiago_slam/share/colcon-core/packages/tiago_slam)
[16.606s] Level 1:colcon.colcon_core.environment:create_environment_scripts_only(tiago_slam)
[16.607s] Level 1:colcon.colcon_core.environment:checking '/Bt/install/tiago_slam' for CMake module files
[16.608s] Level 1:colcon.colcon_core.environment:checking '/Bt/install/tiago_slam' for CMake config files
[16.623s] Level 1:colcon.colcon_core.shell:create_environment_hook('tiago_slam', 'cmake_prefix_path')
[16.624s] INFO:colcon.colcon_core.shell:Creating environment hook '/Bt/install/tiago_slam/share/tiago_slam/hook/cmake_prefix_path.ps1'
[16.624s] INFO:colcon.colcon_core.shell:Creating environment descriptor '/Bt/install/tiago_slam/share/tiago_slam/hook/cmake_prefix_path.dsv'
[16.625s] INFO:colcon.colcon_core.shell:Creating environment hook '/Bt/install/tiago_slam/share/tiago_slam/hook/cmake_prefix_path.sh'
[16.625s] Level 1:colcon.colcon_core.environment:checking '/Bt/install/tiago_slam/bin'
[16.625s] Level 1:colcon.colcon_core.environment:checking '/Bt/install/tiago_slam/lib/pkgconfig/tiago_slam.pc'
[16.625s] Level 1:colcon.colcon_core.environment:checking '/Bt/install/tiago_slam/lib/python3.12/site-packages'
[16.626s] Level 1:colcon.colcon_core.environment:checking '/Bt/install/tiago_slam/bin'
[16.626s] INFO:colcon.colcon_core.shell:Creating package script '/Bt/install/tiago_slam/share/tiago_slam/package.ps1'
[16.626s] INFO:colcon.colcon_core.shell:Creating package descriptor '/Bt/install/tiago_slam/share/tiago_slam/package.dsv'
[16.627s] INFO:colcon.colcon_core.shell:Creating package script '/Bt/install/tiago_slam/share/tiago_slam/package.sh'
[16.627s] INFO:colcon.colcon_core.shell:Creating package script '/Bt/install/tiago_slam/share/tiago_slam/package.bash'
[16.627s] INFO:colcon.colcon_core.shell:Creating package script '/Bt/install/tiago_slam/share/tiago_slam/package.zsh'
[16.628s] Level 1:colcon.colcon_core.environment:create_file_with_runtime_dependencies(/Bt/install/tiago_slam/share/colcon-core/packages/tiago_slam)
[16.628s] INFO:colcon.colcon_ros.task.ament_cmake.build:Building ROS package in '/Bt/ThirdParty/pal_gripper/pal_gripper' with build type 'ament_cmake'
[16.628s] INFO:colcon.colcon_cmake.task.cmake.build:Building CMake package in '/Bt/ThirdParty/pal_gripper/pal_gripper'
[16.628s] INFO:colcon.colcon_core.shell:Skip shell extension 'powershell' for command environment: Not usable outside of PowerShell
[16.629s] DEBUG:colcon.colcon_core.shell:Skip shell extension 'dsv' for command environment
[16.906s] DEBUG:colcon.colcon_core.event_handler.log_command:Invoking command in '/Bt/build/pal_gripper': AMENT_PREFIX_PATH=/Bt/install/pal_gripper_description:/Bt/install/pal_urdf_utils:/Bt/install/pal_gripper_controller_configuration:${AMENT_PREFIX_PATH} CMAKE_PREFIX_PATH=/Bt/install/pal_gripper_description:/Bt/install/pal_urdf_utils:/Bt/install/pal_gripper_controller_configuration:/opt/ros/jazzy/opt/gz_sim_vendor:/opt/ros/jazzy/opt/gz_sensors_vendor:/opt/ros/jazzy/opt/gz_physics_vendor:/opt/ros/jazzy/opt/sdformat_vendor:/opt/ros/jazzy/opt/gz_gui_vendor:/opt/ros/jazzy/opt/gz_transport_vendor:/opt/ros/jazzy/opt/gz_rendering_vendor:/opt/ros/jazzy/opt/gz_plugin_vendor:/opt/ros/jazzy/opt/gz_fuel_tools_vendor:/opt/ros/jazzy/opt/gz_msgs_vendor:/opt/ros/jazzy/opt/gz_common_vendor:/opt/ros/jazzy/opt/gz_math_vendor:/opt/ros/jazzy/opt/gz_utils_vendor:/opt/ros/jazzy/opt/gz_tools_vendor:/opt/ros/jazzy/opt/gz_ogre_next_vendor:/opt/ros/jazzy/opt/gz_dartsim_vendor:/opt/ros/jazzy/opt/gz_cmake_vendor:/opt/ros/jazzy /usr/bin/cmake --build /Bt/build/pal_gripper -- -j8 -l8
[16.965s] DEBUG:colcon.colcon_core.event_handler.log_command:Invoked command in '/Bt/build/pal_gripper' returned '0': AMENT_PREFIX_PATH=/Bt/install/pal_gripper_description:/Bt/install/pal_urdf_utils:/Bt/install/pal_gripper_controller_configuration:${AMENT_PREFIX_PATH} CMAKE_PREFIX_PATH=/Bt/install/pal_gripper_description:/Bt/install/pal_urdf_utils:/Bt/install/pal_gripper_controller_configuration:/opt/ros/jazzy/opt/gz_sim_vendor:/opt/ros/jazzy/opt/gz_sensors_vendor:/opt/ros/jazzy/opt/gz_physics_vendor:/opt/ros/jazzy/opt/sdformat_vendor:/opt/ros/jazzy/opt/gz_gui_vendor:/opt/ros/jazzy/opt/gz_transport_vendor:/opt/ros/jazzy/opt/gz_rendering_vendor:/opt/ros/jazzy/opt/gz_plugin_vendor:/opt/ros/jazzy/opt/gz_fuel_tools_vendor:/opt/ros/jazzy/opt/gz_msgs_vendor:/opt/ros/jazzy/opt/gz_common_vendor:/opt/ros/jazzy/opt/gz_math_vendor:/opt/ros/jazzy/opt/gz_utils_vendor:/opt/ros/jazzy/opt/gz_tools_vendor:/opt/ros/jazzy/opt/gz_ogre_next_vendor:/opt/ros/jazzy/opt/gz_dartsim_vendor:/opt/ros/jazzy/opt/gz_cmake_vendor:/opt/ros/jazzy /usr/bin/cmake --build /Bt/build/pal_gripper -- -j8 -l8
[16.981s] DEBUG:colcon.colcon_core.event_handler.log_command:Invoking command in '/Bt/build/pal_gripper': AMENT_PREFIX_PATH=/Bt/install/pal_gripper_description:/Bt/install/pal_urdf_utils:/Bt/install/pal_gripper_controller_configuration:${AMENT_PREFIX_PATH} CMAKE_PREFIX_PATH=/Bt/install/pal_gripper_description:/Bt/install/pal_urdf_utils:/Bt/install/pal_gripper_controller_configuration:/opt/ros/jazzy/opt/gz_sim_vendor:/opt/ros/jazzy/opt/gz_sensors_vendor:/opt/ros/jazzy/opt/gz_physics_vendor:/opt/ros/jazzy/opt/sdformat_vendor:/opt/ros/jazzy/opt/gz_gui_vendor:/opt/ros/jazzy/opt/gz_transport_vendor:/opt/ros/jazzy/opt/gz_rendering_vendor:/opt/ros/jazzy/opt/gz_plugin_vendor:/opt/ros/jazzy/opt/gz_fuel_tools_vendor:/opt/ros/jazzy/opt/gz_msgs_vendor:/opt/ros/jazzy/opt/gz_common_vendor:/opt/ros/jazzy/opt/gz_math_vendor:/opt/ros/jazzy/opt/gz_utils_vendor:/opt/ros/jazzy/opt/gz_tools_vendor:/opt/ros/jazzy/opt/gz_ogre_next_vendor:/opt/ros/jazzy/opt/gz_dartsim_vendor:/opt/ros/jazzy/opt/gz_cmake_vendor:/opt/ros/jazzy /usr/bin/cmake --install /Bt/build/pal_gripper
[17.039s] Level 1:colcon.colcon_core.environment:create_environment_scripts_only(pal_gripper)
[17.040s] Level 1:colcon.colcon_core.environment:checking '/Bt/install/pal_gripper' for CMake module files
[17.043s] DEBUG:colcon.colcon_core.event_handler.log_command:Invoked command in '/Bt/build/pal_gripper' returned '0': AMENT_PREFIX_PATH=/Bt/install/pal_gripper_description:/Bt/install/pal_urdf_utils:/Bt/install/pal_gripper_controller_configuration:${AMENT_PREFIX_PATH} CMAKE_PREFIX_PATH=/Bt/install/pal_gripper_description:/Bt/install/pal_urdf_utils:/Bt/install/pal_gripper_controller_configuration:/opt/ros/jazzy/opt/gz_sim_vendor:/opt/ros/jazzy/opt/gz_sensors_vendor:/opt/ros/jazzy/opt/gz_physics_vendor:/opt/ros/jazzy/opt/sdformat_vendor:/opt/ros/jazzy/opt/gz_gui_vendor:/opt/ros/jazzy/opt/gz_transport_vendor:/opt/ros/jazzy/opt/gz_rendering_vendor:/opt/ros/jazzy/opt/gz_plugin_vendor:/opt/ros/jazzy/opt/gz_fuel_tools_vendor:/opt/ros/jazzy/opt/gz_msgs_vendor:/opt/ros/jazzy/opt/gz_common_vendor:/opt/ros/jazzy/opt/gz_math_vendor:/opt/ros/jazzy/opt/gz_utils_vendor:/opt/ros/jazzy/opt/gz_tools_vendor:/opt/ros/jazzy/opt/gz_ogre_next_vendor:/opt/ros/jazzy/opt/gz_dartsim_vendor:/opt/ros/jazzy/opt/gz_cmake_vendor:/opt/ros/jazzy /usr/bin/cmake --install /Bt/build/pal_gripper
[17.045s] Level 1:colcon.colcon_core.environment:checking '/Bt/install/pal_gripper' for CMake config files
[17.047s] Level 1:colcon.colcon_core.shell:create_environment_hook('pal_gripper', 'cmake_prefix_path')
[17.048s] INFO:colcon.colcon_core.shell:Creating environment hook '/Bt/install/pal_gripper/share/pal_gripper/hook/cmake_prefix_path.ps1'
[17.050s] INFO:colcon.colcon_core.shell:Creating environment descriptor '/Bt/install/pal_gripper/share/pal_gripper/hook/cmake_prefix_path.dsv'
[17.054s] INFO:colcon.colcon_core.shell:Creating environment hook '/Bt/install/pal_gripper/share/pal_gripper/hook/cmake_prefix_path.sh'
[17.063s] Level 1:colcon.colcon_core.environment:checking '/Bt/install/pal_gripper/bin'
[17.063s] Level 1:colcon.colcon_core.environment:checking '/Bt/install/pal_gripper/lib/pkgconfig/pal_gripper.pc'
[17.064s] Level 1:colcon.colcon_core.environment:checking '/Bt/install/pal_gripper/lib/python3.12/site-packages'
[17.065s] Level 1:colcon.colcon_core.environment:checking '/Bt/install/pal_gripper/bin'
[17.066s] INFO:colcon.colcon_core.shell:Creating package script '/Bt/install/pal_gripper/share/pal_gripper/package.ps1'
[17.068s] INFO:colcon.colcon_core.shell:Creating package descriptor '/Bt/install/pal_gripper/share/pal_gripper/package.dsv'
[17.069s] INFO:colcon.colcon_core.shell:Creating package script '/Bt/install/pal_gripper/share/pal_gripper/package.sh'
[17.070s] INFO:colcon.colcon_core.shell:Creating package script '/Bt/install/pal_gripper/share/pal_gripper/package.bash'
[17.071s] INFO:colcon.colcon_core.shell:Creating package script '/Bt/install/pal_gripper/share/pal_gripper/package.zsh'
[17.087s] Level 1:colcon.colcon_core.environment:create_file_with_runtime_dependencies(/Bt/install/pal_gripper/share/colcon-core/packages/pal_gripper)
[17.088s] Level 1:colcon.colcon_core.environment:create_environment_scripts_only(pal_gripper)
[17.088s] Level 1:colcon.colcon_core.environment:checking '/Bt/install/pal_gripper' for CMake module files
[17.088s] Level 1:colcon.colcon_core.environment:checking '/Bt/install/pal_gripper' for CMake config files
[17.089s] Level 1:colcon.colcon_core.shell:create_environment_hook('pal_gripper', 'cmake_prefix_path')
[17.089s] INFO:colcon.colcon_core.shell:Creating environment hook '/Bt/install/pal_gripper/share/pal_gripper/hook/cmake_prefix_path.ps1'
[17.089s] INFO:colcon.colcon_core.shell:Creating environment descriptor '/Bt/install/pal_gripper/share/pal_gripper/hook/cmake_prefix_path.dsv'
[17.090s] INFO:colcon.colcon_core.shell:Creating environment hook '/Bt/install/pal_gripper/share/pal_gripper/hook/cmake_prefix_path.sh'
[17.091s] Level 1:colcon.colcon_core.environment:checking '/Bt/install/pal_gripper/bin'
[17.091s] Level 1:colcon.colcon_core.environment:checking '/Bt/install/pal_gripper/lib/pkgconfig/pal_gripper.pc'
[17.091s] Level 1:colcon.colcon_core.environment:checking '/Bt/install/pal_gripper/lib/python3.12/site-packages'
[17.091s] Level 1:colcon.colcon_core.environment:checking '/Bt/install/pal_gripper/bin'
[17.092s] INFO:colcon.colcon_core.shell:Creating package script '/Bt/install/pal_gripper/share/pal_gripper/package.ps1'
[17.092s] INFO:colcon.colcon_core.shell:Creating package descriptor '/Bt/install/pal_gripper/share/pal_gripper/package.dsv'
[17.099s] INFO:colcon.colcon_core.shell:Creating package script '/Bt/install/pal_gripper/share/pal_gripper/package.sh'
[17.099s] INFO:colcon.colcon_core.shell:Creating package script '/Bt/install/pal_gripper/share/pal_gripper/package.bash'
[17.100s] INFO:colcon.colcon_core.shell:Creating package script '/Bt/install/pal_gripper/share/pal_gripper/package.zsh'
[17.100s] Level 1:colcon.colcon_core.environment:create_file_with_runtime_dependencies(/Bt/install/pal_gripper/share/colcon-core/packages/pal_gripper)
[17.101s] INFO:colcon.colcon_ros.task.ament_cmake.build:Building ROS package in '/Bt/ThirdParty/pal_gripper/pal_gripper_simulation' with build type 'ament_cmake'
[17.101s] INFO:colcon.colcon_cmake.task.cmake.build:Building CMake package in '/Bt/ThirdParty/pal_gripper/pal_gripper_simulation'
[17.101s] INFO:colcon.colcon_core.shell:Skip shell extension 'powershell' for command environment: Not usable outside of PowerShell
[17.101s] DEBUG:colcon.colcon_core.shell:Skip shell extension 'dsv' for command environment
[17.268s] DEBUG:colcon.colcon_core.event_handler.log_command:Invoking command in '/Bt/build/pal_gripper_simulation': AMENT_PREFIX_PATH=/Bt/install/pal_gripper_description:/Bt/install/pal_urdf_utils:/Bt/install/pal_gripper_controller_configuration:${AMENT_PREFIX_PATH} CMAKE_PREFIX_PATH=/Bt/install/pal_gripper_description:/Bt/install/pal_urdf_utils:/Bt/install/pal_gripper_controller_configuration:/opt/ros/jazzy/opt/gz_sim_vendor:/opt/ros/jazzy/opt/gz_sensors_vendor:/opt/ros/jazzy/opt/gz_physics_vendor:/opt/ros/jazzy/opt/sdformat_vendor:/opt/ros/jazzy/opt/gz_gui_vendor:/opt/ros/jazzy/opt/gz_transport_vendor:/opt/ros/jazzy/opt/gz_rendering_vendor:/opt/ros/jazzy/opt/gz_plugin_vendor:/opt/ros/jazzy/opt/gz_fuel_tools_vendor:/opt/ros/jazzy/opt/gz_msgs_vendor:/opt/ros/jazzy/opt/gz_common_vendor:/opt/ros/jazzy/opt/gz_math_vendor:/opt/ros/jazzy/opt/gz_utils_vendor:/opt/ros/jazzy/opt/gz_tools_vendor:/opt/ros/jazzy/opt/gz_ogre_next_vendor:/opt/ros/jazzy/opt/gz_dartsim_vendor:/opt/ros/jazzy/opt/gz_cmake_vendor:/opt/ros/jazzy /usr/bin/cmake --build /Bt/build/pal_gripper_simulation -- -j8 -l8
[17.545s] DEBUG:colcon.colcon_core.event_handler.log_command:Invoked command in '/Bt/build/pal_gripper_simulation' returned '0': AMENT_PREFIX_PATH=/Bt/install/pal_gripper_description:/Bt/install/pal_urdf_utils:/Bt/install/pal_gripper_controller_configuration:${AMENT_PREFIX_PATH} CMAKE_PREFIX_PATH=/Bt/install/pal_gripper_description:/Bt/install/pal_urdf_utils:/Bt/install/pal_gripper_controller_configuration:/opt/ros/jazzy/opt/gz_sim_vendor:/opt/ros/jazzy/opt/gz_sensors_vendor:/opt/ros/jazzy/opt/gz_physics_vendor:/opt/ros/jazzy/opt/sdformat_vendor:/opt/ros/jazzy/opt/gz_gui_vendor:/opt/ros/jazzy/opt/gz_transport_vendor:/opt/ros/jazzy/opt/gz_rendering_vendor:/opt/ros/jazzy/opt/gz_plugin_vendor:/opt/ros/jazzy/opt/gz_fuel_tools_vendor:/opt/ros/jazzy/opt/gz_msgs_vendor:/opt/ros/jazzy/opt/gz_common_vendor:/opt/ros/jazzy/opt/gz_math_vendor:/opt/ros/jazzy/opt/gz_utils_vendor:/opt/ros/jazzy/opt/gz_tools_vendor:/opt/ros/jazzy/opt/gz_ogre_next_vendor:/opt/ros/jazzy/opt/gz_dartsim_vendor:/opt/ros/jazzy/opt/gz_cmake_vendor:/opt/ros/jazzy /usr/bin/cmake --build /Bt/build/pal_gripper_simulation -- -j8 -l8
[17.629s] DEBUG:colcon.colcon_core.event_handler.log_command:Invoking command in '/Bt/build/pal_gripper_simulation': AMENT_PREFIX_PATH=/Bt/install/pal_gripper_description:/Bt/install/pal_urdf_utils:/Bt/install/pal_gripper_controller_configuration:${AMENT_PREFIX_PATH} CMAKE_PREFIX_PATH=/Bt/install/pal_gripper_description:/Bt/install/pal_urdf_utils:/Bt/install/pal_gripper_controller_configuration:/opt/ros/jazzy/opt/gz_sim_vendor:/opt/ros/jazzy/opt/gz_sensors_vendor:/opt/ros/jazzy/opt/gz_physics_vendor:/opt/ros/jazzy/opt/sdformat_vendor:/opt/ros/jazzy/opt/gz_gui_vendor:/opt/ros/jazzy/opt/gz_transport_vendor:/opt/ros/jazzy/opt/gz_rendering_vendor:/opt/ros/jazzy/opt/gz_plugin_vendor:/opt/ros/jazzy/opt/gz_fuel_tools_vendor:/opt/ros/jazzy/opt/gz_msgs_vendor:/opt/ros/jazzy/opt/gz_common_vendor:/opt/ros/jazzy/opt/gz_math_vendor:/opt/ros/jazzy/opt/gz_utils_vendor:/opt/ros/jazzy/opt/gz_tools_vendor:/opt/ros/jazzy/opt/gz_ogre_next_vendor:/opt/ros/jazzy/opt/gz_dartsim_vendor:/opt/ros/jazzy/opt/gz_cmake_vendor:/opt/ros/jazzy /usr/bin/cmake --install /Bt/build/pal_gripper_simulation
[17.632s] Level 1:colcon.colcon_core.environment:create_environment_scripts_only(ros2_aruco_interfaces)
[17.632s] Level 1:colcon.colcon_core.environment:checking '/Bt/install/ros2_aruco_interfaces' for CMake module files
[17.634s] DEBUG:colcon.colcon_core.event_handler.log_command:Invoked command in '/Bt/build/ros2_aruco_interfaces' returned '0': CMAKE_PREFIX_PATH=${CMAKE_PREFIX_PATH}:/opt/ros/jazzy /usr/bin/cmake --install /Bt/build/ros2_aruco_interfaces
[17.636s] Level 1:colcon.colcon_core.environment:checking '/Bt/install/ros2_aruco_interfaces' for CMake config files
[17.638s] Level 1:colcon.colcon_core.shell:create_environment_hook('ros2_aruco_interfaces', 'cmake_prefix_path')
[17.639s] INFO:colcon.colcon_core.shell:Creating environment hook '/Bt/install/ros2_aruco_interfaces/share/ros2_aruco_interfaces/hook/cmake_prefix_path.ps1'
[17.641s] INFO:colcon.colcon_core.shell:Creating environment descriptor '/Bt/install/ros2_aruco_interfaces/share/ros2_aruco_interfaces/hook/cmake_prefix_path.dsv'
[17.642s] INFO:colcon.colcon_core.shell:Creating environment hook '/Bt/install/ros2_aruco_interfaces/share/ros2_aruco_interfaces/hook/cmake_prefix_path.sh'
[17.644s] Level 1:colcon.colcon_core.environment:checking '/Bt/install/ros2_aruco_interfaces/lib'
[17.645s] Level 1:colcon.colcon_core.shell:create_environment_hook('ros2_aruco_interfaces', 'ld_library_path_lib')
[17.645s] INFO:colcon.colcon_core.shell:Creating environment hook '/Bt/install/ros2_aruco_interfaces/share/ros2_aruco_interfaces/hook/ld_library_path_lib.ps1'
[17.647s] INFO:colcon.colcon_core.shell:Creating environment descriptor '/Bt/install/ros2_aruco_interfaces/share/ros2_aruco_interfaces/hook/ld_library_path_lib.dsv'
[17.648s] INFO:colcon.colcon_core.shell:Creating environment hook '/Bt/install/ros2_aruco_interfaces/share/ros2_aruco_interfaces/hook/ld_library_path_lib.sh'
[17.650s] Level 1:colcon.colcon_core.environment:checking '/Bt/install/ros2_aruco_interfaces/bin'
[17.651s] Level 1:colcon.colcon_core.environment:checking '/Bt/install/ros2_aruco_interfaces/lib/pkgconfig/ros2_aruco_interfaces.pc'
[17.652s] Level 1:colcon.colcon_core.environment:checking '/Bt/install/ros2_aruco_interfaces/lib/python3.12/site-packages'
[17.653s] Level 1:colcon.colcon_core.shell:create_environment_hook('ros2_aruco_interfaces', 'pythonpath')
[17.653s] INFO:colcon.colcon_core.shell:Creating environment hook '/Bt/install/ros2_aruco_interfaces/share/ros2_aruco_interfaces/hook/pythonpath.ps1'
[17.655s] INFO:colcon.colcon_core.shell:Creating environment descriptor '/Bt/install/ros2_aruco_interfaces/share/ros2_aruco_interfaces/hook/pythonpath.dsv'
[17.656s] INFO:colcon.colcon_core.shell:Creating environment hook '/Bt/install/ros2_aruco_interfaces/share/ros2_aruco_interfaces/hook/pythonpath.sh'
[17.658s] Level 1:colcon.colcon_core.environment:checking '/Bt/install/ros2_aruco_interfaces/bin'
[17.659s] INFO:colcon.colcon_core.shell:Creating package script '/Bt/install/ros2_aruco_interfaces/share/ros2_aruco_interfaces/package.ps1'
[17.661s] INFO:colcon.colcon_core.shell:Creating package descriptor '/Bt/install/ros2_aruco_interfaces/share/ros2_aruco_interfaces/package.dsv'
[17.662s] INFO:colcon.colcon_core.shell:Creating package script '/Bt/install/ros2_aruco_interfaces/share/ros2_aruco_interfaces/package.sh'
[17.663s] INFO:colcon.colcon_core.shell:Creating package script '/Bt/install/ros2_aruco_interfaces/share/ros2_aruco_interfaces/package.bash'
[17.664s] INFO:colcon.colcon_core.shell:Creating package script '/Bt/install/ros2_aruco_interfaces/share/ros2_aruco_interfaces/package.zsh'
[17.670s] Level 1:colcon.colcon_core.environment:create_file_with_runtime_dependencies(/Bt/install/ros2_aruco_interfaces/share/colcon-core/packages/ros2_aruco_interfaces)
[17.673s] Level 1:colcon.colcon_core.environment:create_environment_scripts_only(ros2_aruco_interfaces)
[17.673s] Level 1:colcon.colcon_core.environment:checking '/Bt/install/ros2_aruco_interfaces' for CMake module files
[17.675s] Level 1:colcon.colcon_core.environment:checking '/Bt/install/ros2_aruco_interfaces' for CMake config files
[17.677s] Level 1:colcon.colcon_core.shell:create_environment_hook('ros2_aruco_interfaces', 'cmake_prefix_path')
[17.677s] INFO:colcon.colcon_core.shell:Creating environment hook '/Bt/install/ros2_aruco_interfaces/share/ros2_aruco_interfaces/hook/cmake_prefix_path.ps1'
[17.678s] INFO:colcon.colcon_core.shell:Creating environment descriptor '/Bt/install/ros2_aruco_interfaces/share/ros2_aruco_interfaces/hook/cmake_prefix_path.dsv'
[17.678s] INFO:colcon.colcon_core.shell:Creating environment hook '/Bt/install/ros2_aruco_interfaces/share/ros2_aruco_interfaces/hook/cmake_prefix_path.sh'
[17.680s] Level 1:colcon.colcon_core.environment:checking '/Bt/install/ros2_aruco_interfaces/lib'
[17.680s] Level 1:colcon.colcon_core.shell:create_environment_hook('ros2_aruco_interfaces', 'ld_library_path_lib')
[17.680s] INFO:colcon.colcon_core.shell:Creating environment hook '/Bt/install/ros2_aruco_interfaces/share/ros2_aruco_interfaces/hook/ld_library_path_lib.ps1'
[17.681s] INFO:colcon.colcon_core.shell:Creating environment descriptor '/Bt/install/ros2_aruco_interfaces/share/ros2_aruco_interfaces/hook/ld_library_path_lib.dsv'
[17.681s] INFO:colcon.colcon_core.shell:Creating environment hook '/Bt/install/ros2_aruco_interfaces/share/ros2_aruco_interfaces/hook/ld_library_path_lib.sh'
[17.682s] Level 1:colcon.colcon_core.environment:checking '/Bt/install/ros2_aruco_interfaces/bin'
[17.682s] Level 1:colcon.colcon_core.environment:checking '/Bt/install/ros2_aruco_interfaces/lib/pkgconfig/ros2_aruco_interfaces.pc'
[17.683s] Level 1:colcon.colcon_core.environment:checking '/Bt/install/ros2_aruco_interfaces/lib/python3.12/site-packages'
[17.683s] Level 1:colcon.colcon_core.shell:create_environment_hook('ros2_aruco_interfaces', 'pythonpath')
[17.683s] INFO:colcon.colcon_core.shell:Creating environment hook '/Bt/install/ros2_aruco_interfaces/share/ros2_aruco_interfaces/hook/pythonpath.ps1'
[17.684s] INFO:colcon.colcon_core.shell:Creating environment descriptor '/Bt/install/ros2_aruco_interfaces/share/ros2_aruco_interfaces/hook/pythonpath.dsv'
[17.685s] INFO:colcon.colcon_core.shell:Creating environment hook '/Bt/install/ros2_aruco_interfaces/share/ros2_aruco_interfaces/hook/pythonpath.sh'
[17.694s] Level 1:colcon.colcon_core.environment:checking '/Bt/install/ros2_aruco_interfaces/bin'
[17.695s] INFO:colcon.colcon_core.shell:Creating package script '/Bt/install/ros2_aruco_interfaces/share/ros2_aruco_interfaces/package.ps1'
[17.696s] INFO:colcon.colcon_core.shell:Creating package descriptor '/Bt/install/ros2_aruco_interfaces/share/ros2_aruco_interfaces/package.dsv'
[17.697s] INFO:colcon.colcon_core.shell:Creating package script '/Bt/install/ros2_aruco_interfaces/share/ros2_aruco_interfaces/package.sh'
[17.698s] INFO:colcon.colcon_core.shell:Creating package script '/Bt/install/ros2_aruco_interfaces/share/ros2_aruco_interfaces/package.bash'
[17.698s] INFO:colcon.colcon_core.shell:Creating package script '/Bt/install/ros2_aruco_interfaces/share/ros2_aruco_interfaces/package.zsh'
[17.698s] Level 1:colcon.colcon_core.environment:create_file_with_runtime_dependencies(/Bt/install/ros2_aruco_interfaces/share/colcon-core/packages/ros2_aruco_interfaces)
[17.710s] INFO:colcon.colcon_ros.task.ament_cmake.build:Building ROS package in '/Bt/tiago_aruco_broadcast' with build type 'ament_cmake'
[17.710s] INFO:colcon.colcon_cmake.task.cmake.build:Building CMake package in '/Bt/tiago_aruco_broadcast'
[17.710s] INFO:colcon.colcon_core.shell:Skip shell extension 'powershell' for command environment: Not usable outside of PowerShell
[17.710s] DEBUG:colcon.colcon_core.shell:Skip shell extension 'dsv' for command environment
[17.716s] DEBUG:colcon.colcon_core.event_handler.log_command:Invoked command in '/Bt/build/pal_robotiq_gripper' returned '0': AMENT_PREFIX_PATH=/Bt/install/pal_robotiq_description:/Bt/install/pal_robotiq_controller_configuration:${AMENT_PREFIX_PATH} CMAKE_PREFIX_PATH=/Bt/install/pal_robotiq_description:/Bt/install/pal_robotiq_controller_configuration:/opt/ros/jazzy/opt/gz_sim_vendor:/opt/ros/jazzy/opt/gz_sensors_vendor:/opt/ros/jazzy/opt/gz_physics_vendor:/opt/ros/jazzy/opt/sdformat_vendor:/opt/ros/jazzy/opt/gz_gui_vendor:/opt/ros/jazzy/opt/gz_transport_vendor:/opt/ros/jazzy/opt/gz_rendering_vendor:/opt/ros/jazzy/opt/gz_plugin_vendor:/opt/ros/jazzy/opt/gz_fuel_tools_vendor:/opt/ros/jazzy/opt/gz_msgs_vendor:/opt/ros/jazzy/opt/gz_common_vendor:/opt/ros/jazzy/opt/gz_math_vendor:/opt/ros/jazzy/opt/gz_utils_vendor:/opt/ros/jazzy/opt/gz_tools_vendor:/opt/ros/jazzy/opt/gz_ogre_next_vendor:/opt/ros/jazzy/opt/gz_dartsim_vendor:/opt/ros/jazzy/opt/gz_cmake_vendor:/opt/ros/jazzy /usr/bin/cmake --build /Bt/build/pal_robotiq_gripper -- -j8 -l8
[17.738s] Level 1:colcon.colcon_core.environment:create_environment_scripts_only(pal_gripper_simulation)
[17.738s] Level 1:colcon.colcon_core.environment:checking '/Bt/install/pal_gripper_simulation' for CMake module files
[17.740s] DEBUG:colcon.colcon_core.event_handler.log_command:Invoking command in '/Bt/build/pal_robotiq_gripper': AMENT_PREFIX_PATH=/Bt/install/pal_robotiq_description:/Bt/install/pal_robotiq_controller_configuration:${AMENT_PREFIX_PATH} CMAKE_PREFIX_PATH=/Bt/install/pal_robotiq_description:/Bt/install/pal_robotiq_controller_configuration:/opt/ros/jazzy/opt/gz_sim_vendor:/opt/ros/jazzy/opt/gz_sensors_vendor:/opt/ros/jazzy/opt/gz_physics_vendor:/opt/ros/jazzy/opt/sdformat_vendor:/opt/ros/jazzy/opt/gz_gui_vendor:/opt/ros/jazzy/opt/gz_transport_vendor:/opt/ros/jazzy/opt/gz_rendering_vendor:/opt/ros/jazzy/opt/gz_plugin_vendor:/opt/ros/jazzy/opt/gz_fuel_tools_vendor:/opt/ros/jazzy/opt/gz_msgs_vendor:/opt/ros/jazzy/opt/gz_common_vendor:/opt/ros/jazzy/opt/gz_math_vendor:/opt/ros/jazzy/opt/gz_utils_vendor:/opt/ros/jazzy/opt/gz_tools_vendor:/opt/ros/jazzy/opt/gz_ogre_next_vendor:/opt/ros/jazzy/opt/gz_dartsim_vendor:/opt/ros/jazzy/opt/gz_cmake_vendor:/opt/ros/jazzy /usr/bin/cmake --install /Bt/build/pal_robotiq_gripper
[17.741s] Level 1:colcon.colcon_core.environment:checking '/Bt/install/pal_gripper_simulation' for CMake config files
[17.741s] DEBUG:colcon.colcon_core.event_handler.log_command:Invoked command in '/Bt/build/pal_gripper_simulation' returned '0': AMENT_PREFIX_PATH=/Bt/install/pal_gripper_description:/Bt/install/pal_urdf_utils:/Bt/install/pal_gripper_controller_configuration:${AMENT_PREFIX_PATH} CMAKE_PREFIX_PATH=/Bt/install/pal_gripper_description:/Bt/install/pal_urdf_utils:/Bt/install/pal_gripper_controller_configuration:/opt/ros/jazzy/opt/gz_sim_vendor:/opt/ros/jazzy/opt/gz_sensors_vendor:/opt/ros/jazzy/opt/gz_physics_vendor:/opt/ros/jazzy/opt/sdformat_vendor:/opt/ros/jazzy/opt/gz_gui_vendor:/opt/ros/jazzy/opt/gz_transport_vendor:/opt/ros/jazzy/opt/gz_rendering_vendor:/opt/ros/jazzy/opt/gz_plugin_vendor:/opt/ros/jazzy/opt/gz_fuel_tools_vendor:/opt/ros/jazzy/opt/gz_msgs_vendor:/opt/ros/jazzy/opt/gz_common_vendor:/opt/ros/jazzy/opt/gz_math_vendor:/opt/ros/jazzy/opt/gz_utils_vendor:/opt/ros/jazzy/opt/gz_tools_vendor:/opt/ros/jazzy/opt/gz_ogre_next_vendor:/opt/ros/jazzy/opt/gz_dartsim_vendor:/opt/ros/jazzy/opt/gz_cmake_vendor:/opt/ros/jazzy /usr/bin/cmake --install /Bt/build/pal_gripper_simulation
[17.741s] Level 1:colcon.colcon_core.shell:create_environment_hook('pal_gripper_simulation', 'cmake_prefix_path')
[17.742s] INFO:colcon.colcon_core.shell:Creating environment hook '/Bt/install/pal_gripper_simulation/share/pal_gripper_simulation/hook/cmake_prefix_path.ps1'
[17.742s] INFO:colcon.colcon_core.shell:Creating environment descriptor '/Bt/install/pal_gripper_simulation/share/pal_gripper_simulation/hook/cmake_prefix_path.dsv'
[17.742s] INFO:colcon.colcon_core.shell:Creating environment hook '/Bt/install/pal_gripper_simulation/share/pal_gripper_simulation/hook/cmake_prefix_path.sh'
[17.743s] Level 1:colcon.colcon_core.environment:checking '/Bt/install/pal_gripper_simulation/bin'
[17.743s] Level 1:colcon.colcon_core.environment:checking '/Bt/install/pal_gripper_simulation/lib/pkgconfig/pal_gripper_simulation.pc'
[17.743s] Level 1:colcon.colcon_core.environment:checking '/Bt/install/pal_gripper_simulation/lib/python3.12/site-packages'
[17.744s] Level 1:colcon.colcon_core.environment:checking '/Bt/install/pal_gripper_simulation/bin'
[17.744s] INFO:colcon.colcon_core.shell:Creating package script '/Bt/install/pal_gripper_simulation/share/pal_gripper_simulation/package.ps1'
[17.744s] INFO:colcon.colcon_core.shell:Creating package descriptor '/Bt/install/pal_gripper_simulation/share/pal_gripper_simulation/package.dsv'
[17.745s] INFO:colcon.colcon_core.shell:Creating package script '/Bt/install/pal_gripper_simulation/share/pal_gripper_simulation/package.sh'
[17.745s] INFO:colcon.colcon_core.shell:Creating package script '/Bt/install/pal_gripper_simulation/share/pal_gripper_simulation/package.bash'
[17.776s] INFO:colcon.colcon_core.shell:Creating package script '/Bt/install/pal_gripper_simulation/share/pal_gripper_simulation/package.zsh'
[17.778s] Level 1:colcon.colcon_core.environment:create_file_with_runtime_dependencies(/Bt/install/pal_gripper_simulation/share/colcon-core/packages/pal_gripper_simulation)
[17.784s] Level 1:colcon.colcon_core.environment:create_environment_scripts_only(pal_gripper_simulation)
[17.784s] Level 1:colcon.colcon_core.environment:checking '/Bt/install/pal_gripper_simulation' for CMake module files
[17.786s] Level 1:colcon.colcon_core.environment:checking '/Bt/install/pal_gripper_simulation' for CMake config files
[17.787s] Level 1:colcon.colcon_core.shell:create_environment_hook('pal_gripper_simulation', 'cmake_prefix_path')
[17.787s] INFO:colcon.colcon_core.shell:Creating environment hook '/Bt/install/pal_gripper_simulation/share/pal_gripper_simulation/hook/cmake_prefix_path.ps1'
[17.787s] INFO:colcon.colcon_core.shell:Creating environment descriptor '/Bt/install/pal_gripper_simulation/share/pal_gripper_simulation/hook/cmake_prefix_path.dsv'
[17.788s] INFO:colcon.colcon_core.shell:Creating environment hook '/Bt/install/pal_gripper_simulation/share/pal_gripper_simulation/hook/cmake_prefix_path.sh'
[17.788s] Level 1:colcon.colcon_core.environment:checking '/Bt/install/pal_gripper_simulation/bin'
[17.788s] Level 1:colcon.colcon_core.environment:checking '/Bt/install/pal_gripper_simulation/lib/pkgconfig/pal_gripper_simulation.pc'
[17.789s] Level 1:colcon.colcon_core.environment:checking '/Bt/install/pal_gripper_simulation/lib/python3.12/site-packages'
[17.789s] Level 1:colcon.colcon_core.environment:checking '/Bt/install/pal_gripper_simulation/bin'
[17.789s] INFO:colcon.colcon_core.shell:Creating package script '/Bt/install/pal_gripper_simulation/share/pal_gripper_simulation/package.ps1'
[17.790s] INFO:colcon.colcon_core.shell:Creating package descriptor '/Bt/install/pal_gripper_simulation/share/pal_gripper_simulation/package.dsv'
[17.790s] INFO:colcon.colcon_core.shell:Creating package script '/Bt/install/pal_gripper_simulation/share/pal_gripper_simulation/package.sh'
[17.790s] INFO:colcon.colcon_core.shell:Creating package script '/Bt/install/pal_gripper_simulation/share/pal_gripper_simulation/package.bash'
[17.791s] INFO:colcon.colcon_core.shell:Creating package script '/Bt/install/pal_gripper_simulation/share/pal_gripper_simulation/package.zsh'
[17.792s] Level 1:colcon.colcon_core.environment:create_file_with_runtime_dependencies(/Bt/install/pal_gripper_simulation/share/colcon-core/packages/pal_gripper_simulation)
[17.793s] INFO:colcon.colcon_ros.task.ament_cmake.build:Building ROS package in '/Bt/ThirdParty/pal_hey5/pal_hey5' with build type 'ament_cmake'
[17.793s] INFO:colcon.colcon_cmake.task.cmake.build:Building CMake package in '/Bt/ThirdParty/pal_hey5/pal_hey5'
[17.793s] INFO:colcon.colcon_core.shell:Skip shell extension 'powershell' for command environment: Not usable outside of PowerShell
[17.793s] DEBUG:colcon.colcon_core.shell:Skip shell extension 'dsv' for command environment
[17.797s] Level 1:colcon.colcon_core.environment:create_environment_scripts_only(btcpp_ros2_interfaces)
[17.797s] Level 1:colcon.colcon_core.environment:checking '/Bt/install/btcpp_ros2_interfaces' for CMake module files
[17.798s] DEBUG:colcon.colcon_core.event_handler.log_command:Invoked command in '/Bt/build/btcpp_ros2_interfaces' returned '0': CMAKE_PREFIX_PATH=${CMAKE_PREFIX_PATH}:/opt/ros/jazzy /usr/bin/cmake --install /Bt/build/btcpp_ros2_interfaces
[17.798s] Level 1:colcon.colcon_core.environment:checking '/Bt/install/btcpp_ros2_interfaces' for CMake config files
[17.799s] Level 1:colcon.colcon_core.shell:create_environment_hook('btcpp_ros2_interfaces', 'cmake_prefix_path')
[17.799s] INFO:colcon.colcon_core.shell:Creating environment hook '/Bt/install/btcpp_ros2_interfaces/share/btcpp_ros2_interfaces/hook/cmake_prefix_path.ps1'
[17.800s] INFO:colcon.colcon_core.shell:Creating environment descriptor '/Bt/install/btcpp_ros2_interfaces/share/btcpp_ros2_interfaces/hook/cmake_prefix_path.dsv'
[17.803s] INFO:colcon.colcon_core.shell:Creating environment hook '/Bt/install/btcpp_ros2_interfaces/share/btcpp_ros2_interfaces/hook/cmake_prefix_path.sh'
[17.804s] Level 1:colcon.colcon_core.environment:checking '/Bt/install/btcpp_ros2_interfaces/lib'
[17.804s] Level 1:colcon.colcon_core.shell:create_environment_hook('btcpp_ros2_interfaces', 'ld_library_path_lib')
[17.804s] INFO:colcon.colcon_core.shell:Creating environment hook '/Bt/install/btcpp_ros2_interfaces/share/btcpp_ros2_interfaces/hook/ld_library_path_lib.ps1'
[17.805s] INFO:colcon.colcon_core.shell:Creating environment descriptor '/Bt/install/btcpp_ros2_interfaces/share/btcpp_ros2_interfaces/hook/ld_library_path_lib.dsv'
[17.806s] INFO:colcon.colcon_core.shell:Creating environment hook '/Bt/install/btcpp_ros2_interfaces/share/btcpp_ros2_interfaces/hook/ld_library_path_lib.sh'
[17.806s] Level 1:colcon.colcon_core.environment:checking '/Bt/install/btcpp_ros2_interfaces/bin'
[17.806s] Level 1:colcon.colcon_core.environment:checking '/Bt/install/btcpp_ros2_interfaces/lib/pkgconfig/btcpp_ros2_interfaces.pc'
[17.806s] Level 1:colcon.colcon_core.environment:checking '/Bt/install/btcpp_ros2_interfaces/lib/python3.12/site-packages'
[17.807s] Level 1:colcon.colcon_core.shell:create_environment_hook('btcpp_ros2_interfaces', 'pythonpath')
[17.807s] INFO:colcon.colcon_core.shell:Creating environment hook '/Bt/install/btcpp_ros2_interfaces/share/btcpp_ros2_interfaces/hook/pythonpath.ps1'
[17.807s] INFO:colcon.colcon_core.shell:Creating environment descriptor '/Bt/install/btcpp_ros2_interfaces/share/btcpp_ros2_interfaces/hook/pythonpath.dsv'
[17.807s] INFO:colcon.colcon_core.shell:Creating environment hook '/Bt/install/btcpp_ros2_interfaces/share/btcpp_ros2_interfaces/hook/pythonpath.sh'
[17.808s] Level 1:colcon.colcon_core.environment:checking '/Bt/install/btcpp_ros2_interfaces/bin'
[17.809s] INFO:colcon.colcon_core.shell:Creating package script '/Bt/install/btcpp_ros2_interfaces/share/btcpp_ros2_interfaces/package.ps1'
[17.809s] INFO:colcon.colcon_core.shell:Creating package descriptor '/Bt/install/btcpp_ros2_interfaces/share/btcpp_ros2_interfaces/package.dsv'
[17.810s] INFO:colcon.colcon_core.shell:Creating package script '/Bt/install/btcpp_ros2_interfaces/share/btcpp_ros2_interfaces/package.sh'
[17.816s] INFO:colcon.colcon_core.shell:Creating package script '/Bt/install/btcpp_ros2_interfaces/share/btcpp_ros2_interfaces/package.bash'
[17.816s] INFO:colcon.colcon_core.shell:Creating package script '/Bt/install/btcpp_ros2_interfaces/share/btcpp_ros2_interfaces/package.zsh'
[17.817s] Level 1:colcon.colcon_core.environment:create_file_with_runtime_dependencies(/Bt/install/btcpp_ros2_interfaces/share/colcon-core/packages/btcpp_ros2_interfaces)
[17.820s] Level 1:colcon.colcon_core.environment:create_environment_scripts_only(btcpp_ros2_interfaces)
[17.820s] Level 1:colcon.colcon_core.environment:checking '/Bt/install/btcpp_ros2_interfaces' for CMake module files
[17.823s] Level 1:colcon.colcon_core.environment:checking '/Bt/install/btcpp_ros2_interfaces' for CMake config files
[17.824s] Level 1:colcon.colcon_core.shell:create_environment_hook('btcpp_ros2_interfaces', 'cmake_prefix_path')
[17.824s] INFO:colcon.colcon_core.shell:Creating environment hook '/Bt/install/btcpp_ros2_interfaces/share/btcpp_ros2_interfaces/hook/cmake_prefix_path.ps1'
[17.824s] INFO:colcon.colcon_core.shell:Creating environment descriptor '/Bt/install/btcpp_ros2_interfaces/share/btcpp_ros2_interfaces/hook/cmake_prefix_path.dsv'
[17.825s] INFO:colcon.colcon_core.shell:Creating environment hook '/Bt/install/btcpp_ros2_interfaces/share/btcpp_ros2_interfaces/hook/cmake_prefix_path.sh'
[17.825s] Level 1:colcon.colcon_core.environment:checking '/Bt/install/btcpp_ros2_interfaces/lib'
[17.825s] Level 1:colcon.colcon_core.shell:create_environment_hook('btcpp_ros2_interfaces', 'ld_library_path_lib')
[17.825s] INFO:colcon.colcon_core.shell:Creating environment hook '/Bt/install/btcpp_ros2_interfaces/share/btcpp_ros2_interfaces/hook/ld_library_path_lib.ps1'
[17.826s] INFO:colcon.colcon_core.shell:Creating environment descriptor '/Bt/install/btcpp_ros2_interfaces/share/btcpp_ros2_interfaces/hook/ld_library_path_lib.dsv'
[17.826s] INFO:colcon.colcon_core.shell:Creating environment hook '/Bt/install/btcpp_ros2_interfaces/share/btcpp_ros2_interfaces/hook/ld_library_path_lib.sh'
[17.827s] Level 1:colcon.colcon_core.environment:checking '/Bt/install/btcpp_ros2_interfaces/bin'
[17.827s] Level 1:colcon.colcon_core.environment:checking '/Bt/install/btcpp_ros2_interfaces/lib/pkgconfig/btcpp_ros2_interfaces.pc'
[17.827s] Level 1:colcon.colcon_core.environment:checking '/Bt/install/btcpp_ros2_interfaces/lib/python3.12/site-packages'
[17.827s] Level 1:colcon.colcon_core.shell:create_environment_hook('btcpp_ros2_interfaces', 'pythonpath')
[17.827s] INFO:colcon.colcon_core.shell:Creating environment hook '/Bt/install/btcpp_ros2_interfaces/share/btcpp_ros2_interfaces/hook/pythonpath.ps1'
[17.827s] INFO:colcon.colcon_core.shell:Creating environment descriptor '/Bt/install/btcpp_ros2_interfaces/share/btcpp_ros2_interfaces/hook/pythonpath.dsv'
[17.828s] INFO:colcon.colcon_core.shell:Creating environment hook '/Bt/install/btcpp_ros2_interfaces/share/btcpp_ros2_interfaces/hook/pythonpath.sh'
[17.828s] Level 1:colcon.colcon_core.environment:checking '/Bt/install/btcpp_ros2_interfaces/bin'
[17.829s] INFO:colcon.colcon_core.shell:Creating package script '/Bt/install/btcpp_ros2_interfaces/share/btcpp_ros2_interfaces/package.ps1'
[17.829s] INFO:colcon.colcon_core.shell:Creating package descriptor '/Bt/install/btcpp_ros2_interfaces/share/btcpp_ros2_interfaces/package.dsv'
[17.830s] INFO:colcon.colcon_core.shell:Creating package script '/Bt/install/btcpp_ros2_interfaces/share/btcpp_ros2_interfaces/package.sh'
[17.830s] INFO:colcon.colcon_core.shell:Creating package script '/Bt/install/btcpp_ros2_interfaces/share/btcpp_ros2_interfaces/package.bash'
[17.839s] INFO:colcon.colcon_core.shell:Creating package script '/Bt/install/btcpp_ros2_interfaces/share/btcpp_ros2_interfaces/package.zsh'
[17.840s] Level 1:colcon.colcon_core.environment:create_file_with_runtime_dependencies(/Bt/install/btcpp_ros2_interfaces/share/colcon-core/packages/btcpp_ros2_interfaces)
[17.930s] Level 1:colcon.colcon_core.environment:create_environment_scripts_only(pal_robotiq_gripper)
[17.931s] Level 1:colcon.colcon_core.environment:checking '/Bt/install/pal_robotiq_gripper' for CMake module files
[17.933s] DEBUG:colcon.colcon_core.event_handler.log_command:Invoking command in '/Bt/build/tiago_aruco_broadcast': AMENT_PREFIX_PATH=/Bt/install/ros2_aruco_interfaces:${AMENT_PREFIX_PATH} CMAKE_PREFIX_PATH=/Bt/install/ros2_aruco_interfaces:/opt/ros/jazzy/opt/gz_sim_vendor:/opt/ros/jazzy/opt/gz_sensors_vendor:/opt/ros/jazzy/opt/gz_physics_vendor:/opt/ros/jazzy/opt/sdformat_vendor:/opt/ros/jazzy/opt/gz_gui_vendor:/opt/ros/jazzy/opt/gz_transport_vendor:/opt/ros/jazzy/opt/gz_rendering_vendor:/opt/ros/jazzy/opt/gz_plugin_vendor:/opt/ros/jazzy/opt/gz_fuel_tools_vendor:/opt/ros/jazzy/opt/gz_msgs_vendor:/opt/ros/jazzy/opt/gz_common_vendor:/opt/ros/jazzy/opt/gz_math_vendor:/opt/ros/jazzy/opt/gz_utils_vendor:/opt/ros/jazzy/opt/gz_tools_vendor:/opt/ros/jazzy/opt/gz_ogre_next_vendor:/opt/ros/jazzy/opt/gz_dartsim_vendor:/opt/ros/jazzy/opt/gz_cmake_vendor:/opt/ros/jazzy LD_LIBRARY_PATH=/Bt/install/ros2_aruco_interfaces/lib:${LD_LIBRARY_PATH} PYTHONPATH=/Bt/install/ros2_aruco_interfaces/lib/python3.12/site-packages:${PYTHONPATH} /usr/bin/cmake --build /Bt/build/tiago_aruco_broadcast -- -j8 -l8
[17.934s] DEBUG:colcon.colcon_core.event_handler.log_command:Invoked command in '/Bt/build/pal_robotiq_gripper' returned '0': AMENT_PREFIX_PATH=/Bt/install/pal_robotiq_description:/Bt/install/pal_robotiq_controller_configuration:${AMENT_PREFIX_PATH} CMAKE_PREFIX_PATH=/Bt/install/pal_robotiq_description:/Bt/install/pal_robotiq_controller_configuration:/opt/ros/jazzy/opt/gz_sim_vendor:/opt/ros/jazzy/opt/gz_sensors_vendor:/opt/ros/jazzy/opt/gz_physics_vendor:/opt/ros/jazzy/opt/sdformat_vendor:/opt/ros/jazzy/opt/gz_gui_vendor:/opt/ros/jazzy/opt/gz_transport_vendor:/opt/ros/jazzy/opt/gz_rendering_vendor:/opt/ros/jazzy/opt/gz_plugin_vendor:/opt/ros/jazzy/opt/gz_fuel_tools_vendor:/opt/ros/jazzy/opt/gz_msgs_vendor:/opt/ros/jazzy/opt/gz_common_vendor:/opt/ros/jazzy/opt/gz_math_vendor:/opt/ros/jazzy/opt/gz_utils_vendor:/opt/ros/jazzy/opt/gz_tools_vendor:/opt/ros/jazzy/opt/gz_ogre_next_vendor:/opt/ros/jazzy/opt/gz_dartsim_vendor:/opt/ros/jazzy/opt/gz_cmake_vendor:/opt/ros/jazzy /usr/bin/cmake --install /Bt/build/pal_robotiq_gripper
[17.935s] Level 1:colcon.colcon_core.environment:checking '/Bt/install/pal_robotiq_gripper' for CMake config files
[17.936s] Level 1:colcon.colcon_core.shell:create_environment_hook('pal_robotiq_gripper', 'cmake_prefix_path')
[17.937s] INFO:colcon.colcon_core.shell:Creating environment hook '/Bt/install/pal_robotiq_gripper/share/pal_robotiq_gripper/hook/cmake_prefix_path.ps1'
[17.938s] INFO:colcon.colcon_core.shell:Creating environment descriptor '/Bt/install/pal_robotiq_gripper/share/pal_robotiq_gripper/hook/cmake_prefix_path.dsv'
[17.939s] INFO:colcon.colcon_core.shell:Creating environment hook '/Bt/install/pal_robotiq_gripper/share/pal_robotiq_gripper/hook/cmake_prefix_path.sh'
[17.941s] Level 1:colcon.colcon_core.environment:checking '/Bt/install/pal_robotiq_gripper/bin'
[17.941s] Level 1:colcon.colcon_core.environment:checking '/Bt/install/pal_robotiq_gripper/lib/pkgconfig/pal_robotiq_gripper.pc'
[17.942s] Level 1:colcon.colcon_core.environment:checking '/Bt/install/pal_robotiq_gripper/lib/python3.12/site-packages'
[17.943s] Level 1:colcon.colcon_core.environment:checking '/Bt/install/pal_robotiq_gripper/bin'
[17.943s] INFO:colcon.colcon_core.shell:Creating package script '/Bt/install/pal_robotiq_gripper/share/pal_robotiq_gripper/package.ps1'
[17.944s] INFO:colcon.colcon_core.shell:Creating package descriptor '/Bt/install/pal_robotiq_gripper/share/pal_robotiq_gripper/package.dsv'
[17.945s] INFO:colcon.colcon_core.shell:Creating package script '/Bt/install/pal_robotiq_gripper/share/pal_robotiq_gripper/package.sh'
[17.945s] INFO:colcon.colcon_core.shell:Creating package script '/Bt/install/pal_robotiq_gripper/share/pal_robotiq_gripper/package.bash'
[17.949s] INFO:colcon.colcon_core.shell:Creating package script '/Bt/install/pal_robotiq_gripper/share/pal_robotiq_gripper/package.zsh'
[17.950s] Level 1:colcon.colcon_core.environment:create_file_with_runtime_dependencies(/Bt/install/pal_robotiq_gripper/share/colcon-core/packages/pal_robotiq_gripper)
[17.951s] Level 1:colcon.colcon_core.environment:create_environment_scripts_only(pal_robotiq_gripper)
[17.951s] Level 1:colcon.colcon_core.environment:checking '/Bt/install/pal_robotiq_gripper' for CMake module files
[17.951s] Level 1:colcon.colcon_core.environment:checking '/Bt/install/pal_robotiq_gripper' for CMake config files
[17.952s] Level 1:colcon.colcon_core.shell:create_environment_hook('pal_robotiq_gripper', 'cmake_prefix_path')
[17.952s] INFO:colcon.colcon_core.shell:Creating environment hook '/Bt/install/pal_robotiq_gripper/share/pal_robotiq_gripper/hook/cmake_prefix_path.ps1'
[17.952s] INFO:colcon.colcon_core.shell:Creating environment descriptor '/Bt/install/pal_robotiq_gripper/share/pal_robotiq_gripper/hook/cmake_prefix_path.dsv'
[17.953s] INFO:colcon.colcon_core.shell:Creating environment hook '/Bt/install/pal_robotiq_gripper/share/pal_robotiq_gripper/hook/cmake_prefix_path.sh'
[17.953s] Level 1:colcon.colcon_core.environment:checking '/Bt/install/pal_robotiq_gripper/bin'
[17.953s] Level 1:colcon.colcon_core.environment:checking '/Bt/install/pal_robotiq_gripper/lib/pkgconfig/pal_robotiq_gripper.pc'
[17.954s] Level 1:colcon.colcon_core.environment:checking '/Bt/install/pal_robotiq_gripper/lib/python3.12/site-packages'
[17.954s] Level 1:colcon.colcon_core.environment:checking '/Bt/install/pal_robotiq_gripper/bin'
[17.954s] INFO:colcon.colcon_core.shell:Creating package script '/Bt/install/pal_robotiq_gripper/share/pal_robotiq_gripper/package.ps1'
[17.955s] INFO:colcon.colcon_core.shell:Creating package descriptor '/Bt/install/pal_robotiq_gripper/share/pal_robotiq_gripper/package.dsv'
[17.956s] INFO:colcon.colcon_core.shell:Creating package script '/Bt/install/pal_robotiq_gripper/share/pal_robotiq_gripper/package.sh'
[17.956s] INFO:colcon.colcon_core.shell:Creating package script '/Bt/install/pal_robotiq_gripper/share/pal_robotiq_gripper/package.bash'
[17.984s] INFO:colcon.colcon_core.shell:Creating package script '/Bt/install/pal_robotiq_gripper/share/pal_robotiq_gripper/package.zsh'
[17.986s] Level 1:colcon.colcon_core.environment:create_file_with_runtime_dependencies(/Bt/install/pal_robotiq_gripper/share/colcon-core/packages/pal_robotiq_gripper)
[17.989s] INFO:colcon.colcon_ros.task.ament_cmake.build:Building ROS package in '/Bt/ThirdParty/BehaviorTree.ROS2/behaviortree_ros2' with build type 'ament_cmake'
[17.989s] INFO:colcon.colcon_cmake.task.cmake.build:Building CMake package in '/Bt/ThirdParty/BehaviorTree.ROS2/behaviortree_ros2'
[17.990s] INFO:colcon.colcon_core.shell:Skip shell extension 'powershell' for command environment: Not usable outside of PowerShell
[17.990s] DEBUG:colcon.colcon_core.shell:Skip shell extension 'dsv' for command environment
[17.999s] INFO:colcon.colcon_ros.task.ament_cmake.build:Building ROS package in '/Bt/ThirdParty/grab2/grab2_msgs' with build type 'ament_cmake'
[17.999s] INFO:colcon.colcon_cmake.task.cmake.build:Building CMake package in '/Bt/ThirdParty/grab2/grab2_msgs'
[18.000s] INFO:colcon.colcon_core.shell:Skip shell extension 'powershell' for command environment: Not usable outside of PowerShell
[18.000s] DEBUG:colcon.colcon_core.shell:Skip shell extension 'dsv' for command environment
[18.040s] DEBUG:colcon.colcon_core.event_handler.log_command:Invoking command in '/Bt/build/pal_hey5': AMENT_PREFIX_PATH=/Bt/install/pal_hey5_description:/Bt/install/pal_urdf_utils:/Bt/install/pal_hey5_controller_configuration:${AMENT_PREFIX_PATH} CMAKE_PREFIX_PATH=/Bt/install/pal_hey5_description:/Bt/install/pal_urdf_utils:/Bt/install/pal_hey5_controller_configuration:/opt/ros/jazzy/opt/gz_sim_vendor:/opt/ros/jazzy/opt/gz_sensors_vendor:/opt/ros/jazzy/opt/gz_physics_vendor:/opt/ros/jazzy/opt/sdformat_vendor:/opt/ros/jazzy/opt/gz_gui_vendor:/opt/ros/jazzy/opt/gz_transport_vendor:/opt/ros/jazzy/opt/gz_rendering_vendor:/opt/ros/jazzy/opt/gz_plugin_vendor:/opt/ros/jazzy/opt/gz_fuel_tools_vendor:/opt/ros/jazzy/opt/gz_msgs_vendor:/opt/ros/jazzy/opt/gz_common_vendor:/opt/ros/jazzy/opt/gz_math_vendor:/opt/ros/jazzy/opt/gz_utils_vendor:/opt/ros/jazzy/opt/gz_tools_vendor:/opt/ros/jazzy/opt/gz_ogre_next_vendor:/opt/ros/jazzy/opt/gz_dartsim_vendor:/opt/ros/jazzy/opt/gz_cmake_vendor:/opt/ros/jazzy /usr/bin/cmake --build /Bt/build/pal_hey5 -- -j8 -l8
[18.188s] DEBUG:colcon.colcon_core.event_handler.log_command:Invoking command in '/Bt/build/behaviortree_ros2': AMENT_PREFIX_PATH=/Bt/install/btcpp_ros2_interfaces:${AMENT_PREFIX_PATH} CMAKE_PREFIX_PATH=/Bt/install/btcpp_ros2_interfaces:/opt/ros/jazzy/opt/gz_sim_vendor:/opt/ros/jazzy/opt/gz_sensors_vendor:/opt/ros/jazzy/opt/gz_physics_vendor:/opt/ros/jazzy/opt/sdformat_vendor:/opt/ros/jazzy/opt/gz_gui_vendor:/opt/ros/jazzy/opt/gz_transport_vendor:/opt/ros/jazzy/opt/gz_rendering_vendor:/opt/ros/jazzy/opt/gz_plugin_vendor:/opt/ros/jazzy/opt/gz_fuel_tools_vendor:/opt/ros/jazzy/opt/gz_msgs_vendor:/opt/ros/jazzy/opt/gz_common_vendor:/opt/ros/jazzy/opt/gz_math_vendor:/opt/ros/jazzy/opt/gz_utils_vendor:/opt/ros/jazzy/opt/gz_tools_vendor:/opt/ros/jazzy/opt/gz_ogre_next_vendor:/opt/ros/jazzy/opt/gz_dartsim_vendor:/opt/ros/jazzy/opt/gz_cmake_vendor:/opt/ros/jazzy LD_LIBRARY_PATH=/Bt/install/btcpp_ros2_interfaces/lib:${LD_LIBRARY_PATH} PYTHONPATH=/Bt/install/btcpp_ros2_interfaces/lib/python3.12/site-packages:${PYTHONPATH} /usr/bin/cmake --build /Bt/build/behaviortree_ros2 -- -j8 -l8
[18.238s] DEBUG:colcon.colcon_core.event_handler.log_command:Invoking command in '/Bt/build/grab2_msgs': AMENT_PREFIX_PATH=/Bt/install/btcpp_ros2_interfaces:${AMENT_PREFIX_PATH} CMAKE_PREFIX_PATH=/Bt/install/btcpp_ros2_interfaces:/opt/ros/jazzy/opt/gz_sim_vendor:/opt/ros/jazzy/opt/gz_sensors_vendor:/opt/ros/jazzy/opt/gz_physics_vendor:/opt/ros/jazzy/opt/sdformat_vendor:/opt/ros/jazzy/opt/gz_gui_vendor:/opt/ros/jazzy/opt/gz_transport_vendor:/opt/ros/jazzy/opt/gz_rendering_vendor:/opt/ros/jazzy/opt/gz_plugin_vendor:/opt/ros/jazzy/opt/gz_fuel_tools_vendor:/opt/ros/jazzy/opt/gz_msgs_vendor:/opt/ros/jazzy/opt/gz_common_vendor:/opt/ros/jazzy/opt/gz_math_vendor:/opt/ros/jazzy/opt/gz_utils_vendor:/opt/ros/jazzy/opt/gz_tools_vendor:/opt/ros/jazzy/opt/gz_ogre_next_vendor:/opt/ros/jazzy/opt/gz_dartsim_vendor:/opt/ros/jazzy/opt/gz_cmake_vendor:/opt/ros/jazzy LD_LIBRARY_PATH=/Bt/install/btcpp_ros2_interfaces/lib:${LD_LIBRARY_PATH} PYTHONPATH=/Bt/install/btcpp_ros2_interfaces/lib/python3.12/site-packages:${PYTHONPATH} /usr/bin/cmake --build /Bt/build/grab2_msgs -- -j8 -l8
[18.239s] Level 1:colcon.colcon_core.environment:create_environment_scripts_only(play_motion2_msgs)
[18.239s] Level 1:colcon.colcon_core.environment:checking '/Bt/install/play_motion2_msgs' for CMake module files
[18.240s] DEBUG:colcon.colcon_core.event_handler.log_command:Invoked command in '/Bt/build/play_motion2_msgs' returned '0': CMAKE_PREFIX_PATH=${CMAKE_PREFIX_PATH}:/opt/ros/jazzy /usr/bin/cmake --install /Bt/build/play_motion2_msgs
[18.242s] Level 1:colcon.colcon_core.environment:checking '/Bt/install/play_motion2_msgs' for CMake config files
[18.243s] Level 1:colcon.colcon_core.shell:create_environment_hook('play_motion2_msgs', 'cmake_prefix_path')
[18.243s] INFO:colcon.colcon_core.shell:Creating environment hook '/Bt/install/play_motion2_msgs/share/play_motion2_msgs/hook/cmake_prefix_path.ps1'
[18.244s] INFO:colcon.colcon_core.shell:Creating environment descriptor '/Bt/install/play_motion2_msgs/share/play_motion2_msgs/hook/cmake_prefix_path.dsv'
[18.245s] INFO:colcon.colcon_core.shell:Creating environment hook '/Bt/install/play_motion2_msgs/share/play_motion2_msgs/hook/cmake_prefix_path.sh'
[18.246s] Level 1:colcon.colcon_core.environment:checking '/Bt/install/play_motion2_msgs/lib'
[18.246s] Level 1:colcon.colcon_core.shell:create_environment_hook('play_motion2_msgs', 'ld_library_path_lib')
[18.246s] INFO:colcon.colcon_core.shell:Creating environment hook '/Bt/install/play_motion2_msgs/share/play_motion2_msgs/hook/ld_library_path_lib.ps1'
[18.247s] INFO:colcon.colcon_core.shell:Creating environment descriptor '/Bt/install/play_motion2_msgs/share/play_motion2_msgs/hook/ld_library_path_lib.dsv'
[18.248s] INFO:colcon.colcon_core.shell:Creating environment hook '/Bt/install/play_motion2_msgs/share/play_motion2_msgs/hook/ld_library_path_lib.sh'
[18.249s] Level 1:colcon.colcon_core.environment:checking '/Bt/install/play_motion2_msgs/bin'
[18.249s] Level 1:colcon.colcon_core.environment:checking '/Bt/install/play_motion2_msgs/lib/pkgconfig/play_motion2_msgs.pc'
[18.249s] Level 1:colcon.colcon_core.environment:checking '/Bt/install/play_motion2_msgs/lib/python3.12/site-packages'
[18.249s] Level 1:colcon.colcon_core.shell:create_environment_hook('play_motion2_msgs', 'pythonpath')
[18.249s] INFO:colcon.colcon_core.shell:Creating environment hook '/Bt/install/play_motion2_msgs/share/play_motion2_msgs/hook/pythonpath.ps1'
[18.250s] INFO:colcon.colcon_core.shell:Creating environment descriptor '/Bt/install/play_motion2_msgs/share/play_motion2_msgs/hook/pythonpath.dsv'
[18.250s] INFO:colcon.colcon_core.shell:Creating environment hook '/Bt/install/play_motion2_msgs/share/play_motion2_msgs/hook/pythonpath.sh'
[18.251s] Level 1:colcon.colcon_core.environment:checking '/Bt/install/play_motion2_msgs/bin'
[18.252s] INFO:colcon.colcon_core.shell:Creating package script '/Bt/install/play_motion2_msgs/share/play_motion2_msgs/package.ps1'
[18.252s] INFO:colcon.colcon_core.shell:Creating package descriptor '/Bt/install/play_motion2_msgs/share/play_motion2_msgs/package.dsv'
[18.260s] INFO:colcon.colcon_core.shell:Creating package script '/Bt/install/play_motion2_msgs/share/play_motion2_msgs/package.sh'
[18.265s] INFO:colcon.colcon_core.shell:Creating package script '/Bt/install/play_motion2_msgs/share/play_motion2_msgs/package.bash'
[18.267s] INFO:colcon.colcon_core.shell:Creating package script '/Bt/install/play_motion2_msgs/share/play_motion2_msgs/package.zsh'
[18.268s] Level 1:colcon.colcon_core.environment:create_file_with_runtime_dependencies(/Bt/install/play_motion2_msgs/share/colcon-core/packages/play_motion2_msgs)
[18.270s] Level 1:colcon.colcon_core.environment:create_environment_scripts_only(play_motion2_msgs)
[18.271s] Level 1:colcon.colcon_core.environment:checking '/Bt/install/play_motion2_msgs' for CMake module files
[18.273s] Level 1:colcon.colcon_core.environment:checking '/Bt/install/play_motion2_msgs' for CMake config files
[18.276s] Level 1:colcon.colcon_core.shell:create_environment_hook('play_motion2_msgs', 'cmake_prefix_path')
[18.277s] INFO:colcon.colcon_core.shell:Creating environment hook '/Bt/install/play_motion2_msgs/share/play_motion2_msgs/hook/cmake_prefix_path.ps1'
[18.278s] INFO:colcon.colcon_core.shell:Creating environment descriptor '/Bt/install/play_motion2_msgs/share/play_motion2_msgs/hook/cmake_prefix_path.dsv'
[18.279s] INFO:colcon.colcon_core.shell:Creating environment hook '/Bt/install/play_motion2_msgs/share/play_motion2_msgs/hook/cmake_prefix_path.sh'
[18.280s] Level 1:colcon.colcon_core.environment:checking '/Bt/install/play_motion2_msgs/lib'
[18.280s] Level 1:colcon.colcon_core.shell:create_environment_hook('play_motion2_msgs', 'ld_library_path_lib')
[18.280s] INFO:colcon.colcon_core.shell:Creating environment hook '/Bt/install/play_motion2_msgs/share/play_motion2_msgs/hook/ld_library_path_lib.ps1'
[18.281s] INFO:colcon.colcon_core.shell:Creating environment descriptor '/Bt/install/play_motion2_msgs/share/play_motion2_msgs/hook/ld_library_path_lib.dsv'
[18.284s] INFO:colcon.colcon_core.shell:Creating environment hook '/Bt/install/play_motion2_msgs/share/play_motion2_msgs/hook/ld_library_path_lib.sh'
[18.285s] Level 1:colcon.colcon_core.environment:checking '/Bt/install/play_motion2_msgs/bin'
[18.285s] Level 1:colcon.colcon_core.environment:checking '/Bt/install/play_motion2_msgs/lib/pkgconfig/play_motion2_msgs.pc'
[18.285s] Level 1:colcon.colcon_core.environment:checking '/Bt/install/play_motion2_msgs/lib/python3.12/site-packages'
[18.285s] Level 1:colcon.colcon_core.shell:create_environment_hook('play_motion2_msgs', 'pythonpath')
[18.286s] INFO:colcon.colcon_core.shell:Creating environment hook '/Bt/install/play_motion2_msgs/share/play_motion2_msgs/hook/pythonpath.ps1'
[18.286s] INFO:colcon.colcon_core.shell:Creating environment descriptor '/Bt/install/play_motion2_msgs/share/play_motion2_msgs/hook/pythonpath.dsv'
[18.287s] INFO:colcon.colcon_core.shell:Creating environment hook '/Bt/install/play_motion2_msgs/share/play_motion2_msgs/hook/pythonpath.sh'
[18.289s] Level 1:colcon.colcon_core.environment:checking '/Bt/install/play_motion2_msgs/bin'
[18.290s] INFO:colcon.colcon_core.shell:Creating package script '/Bt/install/play_motion2_msgs/share/play_motion2_msgs/package.ps1'
[18.292s] INFO:colcon.colcon_core.shell:Creating package descriptor '/Bt/install/play_motion2_msgs/share/play_motion2_msgs/package.dsv'
[18.293s] INFO:colcon.colcon_core.shell:Creating package script '/Bt/install/play_motion2_msgs/share/play_motion2_msgs/package.sh'
[18.294s] INFO:colcon.colcon_core.shell:Creating package script '/Bt/install/play_motion2_msgs/share/play_motion2_msgs/package.bash'
[18.294s] INFO:colcon.colcon_core.shell:Creating package script '/Bt/install/play_motion2_msgs/share/play_motion2_msgs/package.zsh'
[18.295s] Level 1:colcon.colcon_core.environment:create_file_with_runtime_dependencies(/Bt/install/play_motion2_msgs/share/colcon-core/packages/play_motion2_msgs)
[18.315s] INFO:colcon.colcon_ros.task.ament_cmake.build:Building ROS package in '/Bt/ThirdParty/play_motion2/play_motion2' with build type 'ament_cmake'
[18.316s] INFO:colcon.colcon_cmake.task.cmake.build:Building CMake package in '/Bt/ThirdParty/play_motion2/play_motion2'
[18.317s] INFO:colcon.colcon_core.shell:Skip shell extension 'powershell' for command environment: Not usable outside of PowerShell
[18.317s] DEBUG:colcon.colcon_core.shell:Skip shell extension 'dsv' for command environment
[18.336s] DEBUG:colcon.colcon_core.event_handler.log_command:Invoked command in '/Bt/build/pal_hey5' returned '0': AMENT_PREFIX_PATH=/Bt/install/pal_hey5_description:/Bt/install/pal_urdf_utils:/Bt/install/pal_hey5_controller_configuration:${AMENT_PREFIX_PATH} CMAKE_PREFIX_PATH=/Bt/install/pal_hey5_description:/Bt/install/pal_urdf_utils:/Bt/install/pal_hey5_controller_configuration:/opt/ros/jazzy/opt/gz_sim_vendor:/opt/ros/jazzy/opt/gz_sensors_vendor:/opt/ros/jazzy/opt/gz_physics_vendor:/opt/ros/jazzy/opt/sdformat_vendor:/opt/ros/jazzy/opt/gz_gui_vendor:/opt/ros/jazzy/opt/gz_transport_vendor:/opt/ros/jazzy/opt/gz_rendering_vendor:/opt/ros/jazzy/opt/gz_plugin_vendor:/opt/ros/jazzy/opt/gz_fuel_tools_vendor:/opt/ros/jazzy/opt/gz_msgs_vendor:/opt/ros/jazzy/opt/gz_common_vendor:/opt/ros/jazzy/opt/gz_math_vendor:/opt/ros/jazzy/opt/gz_utils_vendor:/opt/ros/jazzy/opt/gz_tools_vendor:/opt/ros/jazzy/opt/gz_ogre_next_vendor:/opt/ros/jazzy/opt/gz_dartsim_vendor:/opt/ros/jazzy/opt/gz_cmake_vendor:/opt/ros/jazzy /usr/bin/cmake --build /Bt/build/pal_hey5 -- -j8 -l8
[18.343s] Level 1:colcon.colcon_core.environment:create_environment_scripts_only(yolo_msgs)
[18.344s] DEBUG:colcon.colcon_core.event_handler.log_command:Invoking command in '/Bt/build/pal_hey5': AMENT_PREFIX_PATH=/Bt/install/pal_hey5_description:/Bt/install/pal_urdf_utils:/Bt/install/pal_hey5_controller_configuration:${AMENT_PREFIX_PATH} CMAKE_PREFIX_PATH=/Bt/install/pal_hey5_description:/Bt/install/pal_urdf_utils:/Bt/install/pal_hey5_controller_configuration:/opt/ros/jazzy/opt/gz_sim_vendor:/opt/ros/jazzy/opt/gz_sensors_vendor:/opt/ros/jazzy/opt/gz_physics_vendor:/opt/ros/jazzy/opt/sdformat_vendor:/opt/ros/jazzy/opt/gz_gui_vendor:/opt/ros/jazzy/opt/gz_transport_vendor:/opt/ros/jazzy/opt/gz_rendering_vendor:/opt/ros/jazzy/opt/gz_plugin_vendor:/opt/ros/jazzy/opt/gz_fuel_tools_vendor:/opt/ros/jazzy/opt/gz_msgs_vendor:/opt/ros/jazzy/opt/gz_common_vendor:/opt/ros/jazzy/opt/gz_math_vendor:/opt/ros/jazzy/opt/gz_utils_vendor:/opt/ros/jazzy/opt/gz_tools_vendor:/opt/ros/jazzy/opt/gz_ogre_next_vendor:/opt/ros/jazzy/opt/gz_dartsim_vendor:/opt/ros/jazzy/opt/gz_cmake_vendor:/opt/ros/jazzy /usr/bin/cmake --install /Bt/build/pal_hey5
[18.345s] Level 1:colcon.colcon_core.environment:checking '/Bt/install/yolo_msgs' for CMake module files
[18.348s] DEBUG:colcon.colcon_core.event_handler.log_command:Invoked command in '/Bt/build/yolo_msgs' returned '0': CMAKE_PREFIX_PATH=${CMAKE_PREFIX_PATH}:/opt/ros/jazzy /usr/bin/cmake --install /Bt/build/yolo_msgs
[18.352s] Level 1:colcon.colcon_core.environment:checking '/Bt/install/yolo_msgs' for CMake config files
[18.358s] Level 1:colcon.colcon_core.shell:create_environment_hook('yolo_msgs', 'cmake_prefix_path')
[18.359s] INFO:colcon.colcon_core.shell:Creating environment hook '/Bt/install/yolo_msgs/share/yolo_msgs/hook/cmake_prefix_path.ps1'
[18.362s] INFO:colcon.colcon_core.shell:Creating environment descriptor '/Bt/install/yolo_msgs/share/yolo_msgs/hook/cmake_prefix_path.dsv'
[18.364s] INFO:colcon.colcon_core.shell:Creating environment hook '/Bt/install/yolo_msgs/share/yolo_msgs/hook/cmake_prefix_path.sh'
[18.367s] Level 1:colcon.colcon_core.environment:checking '/Bt/install/yolo_msgs/lib'
[18.367s] Level 1:colcon.colcon_core.shell:create_environment_hook('yolo_msgs', 'ld_library_path_lib')
[18.368s] INFO:colcon.colcon_core.shell:Creating environment hook '/Bt/install/yolo_msgs/share/yolo_msgs/hook/ld_library_path_lib.ps1'
[18.371s] INFO:colcon.colcon_core.shell:Creating environment descriptor '/Bt/install/yolo_msgs/share/yolo_msgs/hook/ld_library_path_lib.dsv'
[18.373s] INFO:colcon.colcon_core.shell:Creating environment hook '/Bt/install/yolo_msgs/share/yolo_msgs/hook/ld_library_path_lib.sh'
[18.375s] Level 1:colcon.colcon_core.environment:checking '/Bt/install/yolo_msgs/bin'
[18.376s] Level 1:colcon.colcon_core.environment:checking '/Bt/install/yolo_msgs/lib/pkgconfig/yolo_msgs.pc'
[18.377s] Level 1:colcon.colcon_core.environment:checking '/Bt/install/yolo_msgs/lib/python3.12/site-packages'
[18.378s] Level 1:colcon.colcon_core.shell:create_environment_hook('yolo_msgs', 'pythonpath')
[18.379s] INFO:colcon.colcon_core.shell:Creating environment hook '/Bt/install/yolo_msgs/share/yolo_msgs/hook/pythonpath.ps1'
[18.380s] INFO:colcon.colcon_core.shell:Creating environment descriptor '/Bt/install/yolo_msgs/share/yolo_msgs/hook/pythonpath.dsv'
[18.381s] INFO:colcon.colcon_core.shell:Creating environment hook '/Bt/install/yolo_msgs/share/yolo_msgs/hook/pythonpath.sh'
[18.384s] Level 1:colcon.colcon_core.environment:checking '/Bt/install/yolo_msgs/bin'
[18.385s] INFO:colcon.colcon_core.shell:Creating package script '/Bt/install/yolo_msgs/share/yolo_msgs/package.ps1'
[18.389s] INFO:colcon.colcon_core.shell:Creating package descriptor '/Bt/install/yolo_msgs/share/yolo_msgs/package.dsv'
[18.393s] INFO:colcon.colcon_core.shell:Creating package script '/Bt/install/yolo_msgs/share/yolo_msgs/package.sh'
[18.396s] INFO:colcon.colcon_core.shell:Creating package script '/Bt/install/yolo_msgs/share/yolo_msgs/package.bash'
[18.397s] INFO:colcon.colcon_core.shell:Creating package script '/Bt/install/yolo_msgs/share/yolo_msgs/package.zsh'
[18.398s] Level 1:colcon.colcon_core.environment:create_file_with_runtime_dependencies(/Bt/install/yolo_msgs/share/colcon-core/packages/yolo_msgs)
[18.400s] Level 1:colcon.colcon_core.environment:create_environment_scripts_only(yolo_msgs)
[18.401s] Level 1:colcon.colcon_core.environment:checking '/Bt/install/yolo_msgs' for CMake module files
[18.405s] Level 1:colcon.colcon_core.environment:checking '/Bt/install/yolo_msgs' for CMake config files
[18.408s] Level 1:colcon.colcon_core.shell:create_environment_hook('yolo_msgs', 'cmake_prefix_path')
[18.408s] INFO:colcon.colcon_core.shell:Creating environment hook '/Bt/install/yolo_msgs/share/yolo_msgs/hook/cmake_prefix_path.ps1'
[18.409s] INFO:colcon.colcon_core.shell:Creating environment descriptor '/Bt/install/yolo_msgs/share/yolo_msgs/hook/cmake_prefix_path.dsv'
[18.410s] INFO:colcon.colcon_core.shell:Creating environment hook '/Bt/install/yolo_msgs/share/yolo_msgs/hook/cmake_prefix_path.sh'
[18.411s] Level 1:colcon.colcon_core.environment:checking '/Bt/install/yolo_msgs/lib'
[18.412s] Level 1:colcon.colcon_core.shell:create_environment_hook('yolo_msgs', 'ld_library_path_lib')
[18.412s] INFO:colcon.colcon_core.shell:Creating environment hook '/Bt/install/yolo_msgs/share/yolo_msgs/hook/ld_library_path_lib.ps1'
[18.413s] INFO:colcon.colcon_core.shell:Creating environment descriptor '/Bt/install/yolo_msgs/share/yolo_msgs/hook/ld_library_path_lib.dsv'
[18.414s] INFO:colcon.colcon_core.shell:Creating environment hook '/Bt/install/yolo_msgs/share/yolo_msgs/hook/ld_library_path_lib.sh'
[18.414s] Level 1:colcon.colcon_core.environment:checking '/Bt/install/yolo_msgs/bin'
[18.414s] Level 1:colcon.colcon_core.environment:checking '/Bt/install/yolo_msgs/lib/pkgconfig/yolo_msgs.pc'
[18.415s] Level 1:colcon.colcon_core.environment:checking '/Bt/install/yolo_msgs/lib/python3.12/site-packages'
[18.415s] Level 1:colcon.colcon_core.shell:create_environment_hook('yolo_msgs', 'pythonpath')
[18.415s] INFO:colcon.colcon_core.shell:Creating environment hook '/Bt/install/yolo_msgs/share/yolo_msgs/hook/pythonpath.ps1'
[18.416s] INFO:colcon.colcon_core.shell:Creating environment descriptor '/Bt/install/yolo_msgs/share/yolo_msgs/hook/pythonpath.dsv'
[18.417s] INFO:colcon.colcon_core.shell:Creating environment hook '/Bt/install/yolo_msgs/share/yolo_msgs/hook/pythonpath.sh'
[18.418s] Level 1:colcon.colcon_core.environment:checking '/Bt/install/yolo_msgs/bin'
[18.419s] INFO:colcon.colcon_core.shell:Creating package script '/Bt/install/yolo_msgs/share/yolo_msgs/package.ps1'
[18.420s] INFO:colcon.colcon_core.shell:Creating package descriptor '/Bt/install/yolo_msgs/share/yolo_msgs/package.dsv'
[18.421s] INFO:colcon.colcon_core.shell:Creating package script '/Bt/install/yolo_msgs/share/yolo_msgs/package.sh'
[18.439s] INFO:colcon.colcon_core.shell:Creating package script '/Bt/install/yolo_msgs/share/yolo_msgs/package.bash'
[18.440s] INFO:colcon.colcon_core.shell:Creating package script '/Bt/install/yolo_msgs/share/yolo_msgs/package.zsh'
[18.442s] Level 1:colcon.colcon_core.environment:create_file_with_runtime_dependencies(/Bt/install/yolo_msgs/share/colcon-core/packages/yolo_msgs)
[18.444s] INFO:colcon.colcon_ros.task.ament_python.build:Building ROS package in '/Bt/ThirdParty/yolo_ros/yolo_ros' with build type 'ament_python'
[18.445s] Level 1:colcon.colcon_core.shell:create_environment_hook('yolo_ros', 'ament_prefix_path')
[18.446s] INFO:colcon.colcon_core.shell:Creating environment hook '/Bt/install/yolo_ros/share/yolo_ros/hook/ament_prefix_path.ps1'
[18.448s] INFO:colcon.colcon_core.shell:Creating environment descriptor '/Bt/install/yolo_ros/share/yolo_ros/hook/ament_prefix_path.dsv'
[18.453s] INFO:colcon.colcon_core.shell:Creating environment hook '/Bt/install/yolo_ros/share/yolo_ros/hook/ament_prefix_path.sh'
[18.455s] INFO:colcon.colcon_core.shell:Skip shell extension 'powershell' for command environment: Not usable outside of PowerShell
[18.456s] DEBUG:colcon.colcon_core.shell:Skip shell extension 'dsv' for command environment
[18.472s] Level 1:colcon.colcon_core.environment:create_environment_scripts_only(pal_hey5)
[18.473s] Level 1:colcon.colcon_core.environment:checking '/Bt/install/pal_hey5' for CMake module files
[18.475s] DEBUG:colcon.colcon_core.event_handler.log_command:Invoked command in '/Bt/build/pal_hey5' returned '0': AMENT_PREFIX_PATH=/Bt/install/pal_hey5_description:/Bt/install/pal_urdf_utils:/Bt/install/pal_hey5_controller_configuration:${AMENT_PREFIX_PATH} CMAKE_PREFIX_PATH=/Bt/install/pal_hey5_description:/Bt/install/pal_urdf_utils:/Bt/install/pal_hey5_controller_configuration:/opt/ros/jazzy/opt/gz_sim_vendor:/opt/ros/jazzy/opt/gz_sensors_vendor:/opt/ros/jazzy/opt/gz_physics_vendor:/opt/ros/jazzy/opt/sdformat_vendor:/opt/ros/jazzy/opt/gz_gui_vendor:/opt/ros/jazzy/opt/gz_transport_vendor:/opt/ros/jazzy/opt/gz_rendering_vendor:/opt/ros/jazzy/opt/gz_plugin_vendor:/opt/ros/jazzy/opt/gz_fuel_tools_vendor:/opt/ros/jazzy/opt/gz_msgs_vendor:/opt/ros/jazzy/opt/gz_common_vendor:/opt/ros/jazzy/opt/gz_math_vendor:/opt/ros/jazzy/opt/gz_utils_vendor:/opt/ros/jazzy/opt/gz_tools_vendor:/opt/ros/jazzy/opt/gz_ogre_next_vendor:/opt/ros/jazzy/opt/gz_dartsim_vendor:/opt/ros/jazzy/opt/gz_cmake_vendor:/opt/ros/jazzy /usr/bin/cmake --install /Bt/build/pal_hey5
[18.477s] Level 1:colcon.colcon_core.environment:checking '/Bt/install/pal_hey5' for CMake config files
[18.478s] Level 1:colcon.colcon_core.shell:create_environment_hook('pal_hey5', 'cmake_prefix_path')
[18.479s] INFO:colcon.colcon_core.shell:Creating environment hook '/Bt/install/pal_hey5/share/pal_hey5/hook/cmake_prefix_path.ps1'
[18.481s] INFO:colcon.colcon_core.shell:Creating environment descriptor '/Bt/install/pal_hey5/share/pal_hey5/hook/cmake_prefix_path.dsv'
[18.482s] INFO:colcon.colcon_core.shell:Creating environment hook '/Bt/install/pal_hey5/share/pal_hey5/hook/cmake_prefix_path.sh'
[18.484s] Level 1:colcon.colcon_core.environment:checking '/Bt/install/pal_hey5/bin'
[18.484s] Level 1:colcon.colcon_core.environment:checking '/Bt/install/pal_hey5/lib/pkgconfig/pal_hey5.pc'
[18.485s] Level 1:colcon.colcon_core.environment:checking '/Bt/install/pal_hey5/lib/python3.12/site-packages'
[18.486s] Level 1:colcon.colcon_core.environment:checking '/Bt/install/pal_hey5/bin'
[18.487s] INFO:colcon.colcon_core.shell:Creating package script '/Bt/install/pal_hey5/share/pal_hey5/package.ps1'
[18.488s] INFO:colcon.colcon_core.shell:Creating package descriptor '/Bt/install/pal_hey5/share/pal_hey5/package.dsv'
[18.489s] INFO:colcon.colcon_core.shell:Creating package script '/Bt/install/pal_hey5/share/pal_hey5/package.sh'
[18.490s] INFO:colcon.colcon_core.shell:Creating package script '/Bt/install/pal_hey5/share/pal_hey5/package.bash'
[18.491s] INFO:colcon.colcon_core.shell:Creating package script '/Bt/install/pal_hey5/share/pal_hey5/package.zsh'
[18.501s] Level 1:colcon.colcon_core.environment:create_file_with_runtime_dependencies(/Bt/install/pal_hey5/share/colcon-core/packages/pal_hey5)
[18.503s] Level 1:colcon.colcon_core.environment:create_environment_scripts_only(pal_hey5)
[18.503s] Level 1:colcon.colcon_core.environment:checking '/Bt/install/pal_hey5' for CMake module files
[18.505s] Level 1:colcon.colcon_core.environment:checking '/Bt/install/pal_hey5' for CMake config files
[18.506s] Level 1:colcon.colcon_core.shell:create_environment_hook('pal_hey5', 'cmake_prefix_path')
[18.507s] INFO:colcon.colcon_core.shell:Creating environment hook '/Bt/install/pal_hey5/share/pal_hey5/hook/cmake_prefix_path.ps1'
[18.508s] INFO:colcon.colcon_core.shell:Creating environment descriptor '/Bt/install/pal_hey5/share/pal_hey5/hook/cmake_prefix_path.dsv'
[18.509s] INFO:colcon.colcon_core.shell:Creating environment hook '/Bt/install/pal_hey5/share/pal_hey5/hook/cmake_prefix_path.sh'
[18.511s] Level 1:colcon.colcon_core.environment:checking '/Bt/install/pal_hey5/bin'
[18.511s] Level 1:colcon.colcon_core.environment:checking '/Bt/install/pal_hey5/lib/pkgconfig/pal_hey5.pc'
[18.512s] Level 1:colcon.colcon_core.environment:checking '/Bt/install/pal_hey5/lib/python3.12/site-packages'
[18.514s] Level 1:colcon.colcon_core.environment:checking '/Bt/install/pal_hey5/bin'
[18.514s] INFO:colcon.colcon_core.shell:Creating package script '/Bt/install/pal_hey5/share/pal_hey5/package.ps1'
[18.516s] INFO:colcon.colcon_core.shell:Creating package descriptor '/Bt/install/pal_hey5/share/pal_hey5/package.dsv'
[18.518s] INFO:colcon.colcon_core.shell:Creating package script '/Bt/install/pal_hey5/share/pal_hey5/package.sh'
[18.534s] INFO:colcon.colcon_core.shell:Creating package script '/Bt/install/pal_hey5/share/pal_hey5/package.bash'
[18.536s] INFO:colcon.colcon_core.shell:Creating package script '/Bt/install/pal_hey5/share/pal_hey5/package.zsh'
[18.537s] Level 1:colcon.colcon_core.environment:create_file_with_runtime_dependencies(/Bt/install/pal_hey5/share/colcon-core/packages/pal_hey5)
[18.662s] DEBUG:colcon.colcon_core.event_handler.log_command:Invoking command in '/Bt/build/play_motion2': AMENT_PREFIX_PATH=/Bt/install/play_motion2_msgs:${AMENT_PREFIX_PATH} CMAKE_PREFIX_PATH=/Bt/install/play_motion2_msgs:/opt/ros/jazzy/opt/gz_sim_vendor:/opt/ros/jazzy/opt/gz_sensors_vendor:/opt/ros/jazzy/opt/gz_physics_vendor:/opt/ros/jazzy/opt/sdformat_vendor:/opt/ros/jazzy/opt/gz_gui_vendor:/opt/ros/jazzy/opt/gz_transport_vendor:/opt/ros/jazzy/opt/gz_rendering_vendor:/opt/ros/jazzy/opt/gz_plugin_vendor:/opt/ros/jazzy/opt/gz_fuel_tools_vendor:/opt/ros/jazzy/opt/gz_msgs_vendor:/opt/ros/jazzy/opt/gz_common_vendor:/opt/ros/jazzy/opt/gz_math_vendor:/opt/ros/jazzy/opt/gz_utils_vendor:/opt/ros/jazzy/opt/gz_tools_vendor:/opt/ros/jazzy/opt/gz_ogre_next_vendor:/opt/ros/jazzy/opt/gz_dartsim_vendor:/opt/ros/jazzy/opt/gz_cmake_vendor:/opt/ros/jazzy LD_LIBRARY_PATH=/Bt/install/play_motion2_msgs/lib:${LD_LIBRARY_PATH} PYTHONPATH=/Bt/install/play_motion2_msgs/lib/python3.12/site-packages:${PYTHONPATH} /usr/bin/cmake --build /Bt/build/play_motion2 -- -j8 -l8
[19.089s] INFO:colcon.colcon_core.task.python.build:Building Python package in '/Bt/ThirdParty/yolo_ros/yolo_ros'
[19.090s] INFO:colcon.colcon_core.shell:Skip shell extension 'powershell' for command environment: Not usable outside of PowerShell
[19.090s] DEBUG:colcon.colcon_core.shell:Skip shell extension 'dsv' for command environment
[20.716s] DEBUG:colcon.colcon_core.event_handler.log_command:Invoked command in '/Bt/build/grab2_msgs' returned '0': AMENT_PREFIX_PATH=/Bt/install/btcpp_ros2_interfaces:${AMENT_PREFIX_PATH} CMAKE_PREFIX_PATH=/Bt/install/btcpp_ros2_interfaces:/opt/ros/jazzy/opt/gz_sim_vendor:/opt/ros/jazzy/opt/gz_sensors_vendor:/opt/ros/jazzy/opt/gz_physics_vendor:/opt/ros/jazzy/opt/sdformat_vendor:/opt/ros/jazzy/opt/gz_gui_vendor:/opt/ros/jazzy/opt/gz_transport_vendor:/opt/ros/jazzy/opt/gz_rendering_vendor:/opt/ros/jazzy/opt/gz_plugin_vendor:/opt/ros/jazzy/opt/gz_fuel_tools_vendor:/opt/ros/jazzy/opt/gz_msgs_vendor:/opt/ros/jazzy/opt/gz_common_vendor:/opt/ros/jazzy/opt/gz_math_vendor:/opt/ros/jazzy/opt/gz_utils_vendor:/opt/ros/jazzy/opt/gz_tools_vendor:/opt/ros/jazzy/opt/gz_ogre_next_vendor:/opt/ros/jazzy/opt/gz_dartsim_vendor:/opt/ros/jazzy/opt/gz_cmake_vendor:/opt/ros/jazzy LD_LIBRARY_PATH=/Bt/install/btcpp_ros2_interfaces/lib:${LD_LIBRARY_PATH} PYTHONPATH=/Bt/install/btcpp_ros2_interfaces/lib/python3.12/site-packages:${PYTHONPATH} /usr/bin/cmake --build /Bt/build/grab2_msgs -- -j8 -l8
[20.776s] DEBUG:colcon.colcon_core.event_handler.log_command:Invoking command in '/Bt/build/grab2_msgs': AMENT_PREFIX_PATH=/Bt/install/btcpp_ros2_interfaces:${AMENT_PREFIX_PATH} CMAKE_PREFIX_PATH=/Bt/install/btcpp_ros2_interfaces:/opt/ros/jazzy/opt/gz_sim_vendor:/opt/ros/jazzy/opt/gz_sensors_vendor:/opt/ros/jazzy/opt/gz_physics_vendor:/opt/ros/jazzy/opt/sdformat_vendor:/opt/ros/jazzy/opt/gz_gui_vendor:/opt/ros/jazzy/opt/gz_transport_vendor:/opt/ros/jazzy/opt/gz_rendering_vendor:/opt/ros/jazzy/opt/gz_plugin_vendor:/opt/ros/jazzy/opt/gz_fuel_tools_vendor:/opt/ros/jazzy/opt/gz_msgs_vendor:/opt/ros/jazzy/opt/gz_common_vendor:/opt/ros/jazzy/opt/gz_math_vendor:/opt/ros/jazzy/opt/gz_utils_vendor:/opt/ros/jazzy/opt/gz_tools_vendor:/opt/ros/jazzy/opt/gz_ogre_next_vendor:/opt/ros/jazzy/opt/gz_dartsim_vendor:/opt/ros/jazzy/opt/gz_cmake_vendor:/opt/ros/jazzy LD_LIBRARY_PATH=/Bt/install/btcpp_ros2_interfaces/lib:${LD_LIBRARY_PATH} PYTHONPATH=/Bt/install/btcpp_ros2_interfaces/lib/python3.12/site-packages:${PYTHONPATH} /usr/bin/cmake --install /Bt/build/grab2_msgs
[22.226s] DEBUG:colcon.colcon_core.event_handler.log_command:Invoked command in '/Bt/build/behaviortree_ros2' returned '0': AMENT_PREFIX_PATH=/Bt/install/btcpp_ros2_interfaces:${AMENT_PREFIX_PATH} CMAKE_PREFIX_PATH=/Bt/install/btcpp_ros2_interfaces:/opt/ros/jazzy/opt/gz_sim_vendor:/opt/ros/jazzy/opt/gz_sensors_vendor:/opt/ros/jazzy/opt/gz_physics_vendor:/opt/ros/jazzy/opt/sdformat_vendor:/opt/ros/jazzy/opt/gz_gui_vendor:/opt/ros/jazzy/opt/gz_transport_vendor:/opt/ros/jazzy/opt/gz_rendering_vendor:/opt/ros/jazzy/opt/gz_plugin_vendor:/opt/ros/jazzy/opt/gz_fuel_tools_vendor:/opt/ros/jazzy/opt/gz_msgs_vendor:/opt/ros/jazzy/opt/gz_common_vendor:/opt/ros/jazzy/opt/gz_math_vendor:/opt/ros/jazzy/opt/gz_utils_vendor:/opt/ros/jazzy/opt/gz_tools_vendor:/opt/ros/jazzy/opt/gz_ogre_next_vendor:/opt/ros/jazzy/opt/gz_dartsim_vendor:/opt/ros/jazzy/opt/gz_cmake_vendor:/opt/ros/jazzy LD_LIBRARY_PATH=/Bt/install/btcpp_ros2_interfaces/lib:${LD_LIBRARY_PATH} PYTHONPATH=/Bt/install/btcpp_ros2_interfaces/lib/python3.12/site-packages:${PYTHONPATH} /usr/bin/cmake --build /Bt/build/behaviortree_ros2 -- -j8 -l8
[22.279s] DEBUG:colcon.colcon_core.event_handler.log_command:Invoking command in '/Bt/build/behaviortree_ros2': AMENT_PREFIX_PATH=/Bt/install/btcpp_ros2_interfaces:${AMENT_PREFIX_PATH} CMAKE_PREFIX_PATH=/Bt/install/btcpp_ros2_interfaces:/opt/ros/jazzy/opt/gz_sim_vendor:/opt/ros/jazzy/opt/gz_sensors_vendor:/opt/ros/jazzy/opt/gz_physics_vendor:/opt/ros/jazzy/opt/sdformat_vendor:/opt/ros/jazzy/opt/gz_gui_vendor:/opt/ros/jazzy/opt/gz_transport_vendor:/opt/ros/jazzy/opt/gz_rendering_vendor:/opt/ros/jazzy/opt/gz_plugin_vendor:/opt/ros/jazzy/opt/gz_fuel_tools_vendor:/opt/ros/jazzy/opt/gz_msgs_vendor:/opt/ros/jazzy/opt/gz_common_vendor:/opt/ros/jazzy/opt/gz_math_vendor:/opt/ros/jazzy/opt/gz_utils_vendor:/opt/ros/jazzy/opt/gz_tools_vendor:/opt/ros/jazzy/opt/gz_ogre_next_vendor:/opt/ros/jazzy/opt/gz_dartsim_vendor:/opt/ros/jazzy/opt/gz_cmake_vendor:/opt/ros/jazzy LD_LIBRARY_PATH=/Bt/install/btcpp_ros2_interfaces/lib:${LD_LIBRARY_PATH} PYTHONPATH=/Bt/install/btcpp_ros2_interfaces/lib/python3.12/site-packages:${PYTHONPATH} /usr/bin/cmake --install /Bt/build/behaviortree_ros2
[22.354s] Level 1:colcon.colcon_core.environment:create_environment_scripts_only(behaviortree_ros2)
[22.355s] Level 1:colcon.colcon_core.environment:checking '/Bt/install/behaviortree_ros2' for CMake module files
[22.358s] DEBUG:colcon.colcon_core.event_handler.log_command:Invoked command in '/Bt/build/behaviortree_ros2' returned '0': AMENT_PREFIX_PATH=/Bt/install/btcpp_ros2_interfaces:${AMENT_PREFIX_PATH} CMAKE_PREFIX_PATH=/Bt/install/btcpp_ros2_interfaces:/opt/ros/jazzy/opt/gz_sim_vendor:/opt/ros/jazzy/opt/gz_sensors_vendor:/opt/ros/jazzy/opt/gz_physics_vendor:/opt/ros/jazzy/opt/sdformat_vendor:/opt/ros/jazzy/opt/gz_gui_vendor:/opt/ros/jazzy/opt/gz_transport_vendor:/opt/ros/jazzy/opt/gz_rendering_vendor:/opt/ros/jazzy/opt/gz_plugin_vendor:/opt/ros/jazzy/opt/gz_fuel_tools_vendor:/opt/ros/jazzy/opt/gz_msgs_vendor:/opt/ros/jazzy/opt/gz_common_vendor:/opt/ros/jazzy/opt/gz_math_vendor:/opt/ros/jazzy/opt/gz_utils_vendor:/opt/ros/jazzy/opt/gz_tools_vendor:/opt/ros/jazzy/opt/gz_ogre_next_vendor:/opt/ros/jazzy/opt/gz_dartsim_vendor:/opt/ros/jazzy/opt/gz_cmake_vendor:/opt/ros/jazzy LD_LIBRARY_PATH=/Bt/install/btcpp_ros2_interfaces/lib:${LD_LIBRARY_PATH} PYTHONPATH=/Bt/install/btcpp_ros2_interfaces/lib/python3.12/site-packages:${PYTHONPATH} /usr/bin/cmake --install /Bt/build/behaviortree_ros2
[22.360s] Level 1:colcon.colcon_core.environment:checking '/Bt/install/behaviortree_ros2' for CMake config files
[22.361s] Level 1:colcon.colcon_core.shell:create_environment_hook('behaviortree_ros2', 'cmake_prefix_path')
[22.361s] INFO:colcon.colcon_core.shell:Creating environment hook '/Bt/install/behaviortree_ros2/share/behaviortree_ros2/hook/cmake_prefix_path.ps1'
[22.363s] INFO:colcon.colcon_core.shell:Creating environment descriptor '/Bt/install/behaviortree_ros2/share/behaviortree_ros2/hook/cmake_prefix_path.dsv'
[22.365s] INFO:colcon.colcon_core.shell:Creating environment hook '/Bt/install/behaviortree_ros2/share/behaviortree_ros2/hook/cmake_prefix_path.sh'
[22.367s] Level 1:colcon.colcon_core.environment:checking '/Bt/install/behaviortree_ros2/lib'
[22.367s] Level 1:colcon.colcon_core.environment:checking '/Bt/install/behaviortree_ros2/bin'
[22.368s] Level 1:colcon.colcon_core.environment:checking '/Bt/install/behaviortree_ros2/lib/pkgconfig/behaviortree_ros2.pc'
[22.369s] Level 1:colcon.colcon_core.environment:checking '/Bt/install/behaviortree_ros2/lib/python3.12/site-packages'
[22.370s] Level 1:colcon.colcon_core.environment:checking '/Bt/install/behaviortree_ros2/bin'
[22.371s] INFO:colcon.colcon_core.shell:Creating package script '/Bt/install/behaviortree_ros2/share/behaviortree_ros2/package.ps1'
[22.373s] INFO:colcon.colcon_core.shell:Creating package descriptor '/Bt/install/behaviortree_ros2/share/behaviortree_ros2/package.dsv'
[22.374s] INFO:colcon.colcon_core.shell:Creating package script '/Bt/install/behaviortree_ros2/share/behaviortree_ros2/package.sh'
[22.376s] INFO:colcon.colcon_core.shell:Creating package script '/Bt/install/behaviortree_ros2/share/behaviortree_ros2/package.bash'
[22.409s] INFO:colcon.colcon_core.shell:Creating package script '/Bt/install/behaviortree_ros2/share/behaviortree_ros2/package.zsh'
[22.411s] Level 1:colcon.colcon_core.environment:create_file_with_runtime_dependencies(/Bt/install/behaviortree_ros2/share/colcon-core/packages/behaviortree_ros2)
[22.414s] Level 1:colcon.colcon_core.environment:create_environment_scripts_only(behaviortree_ros2)
[22.414s] Level 1:colcon.colcon_core.environment:checking '/Bt/install/behaviortree_ros2' for CMake module files
[22.417s] Level 1:colcon.colcon_core.environment:checking '/Bt/install/behaviortree_ros2' for CMake config files
[22.418s] Level 1:colcon.colcon_core.shell:create_environment_hook('behaviortree_ros2', 'cmake_prefix_path')
[22.419s] INFO:colcon.colcon_core.shell:Creating environment hook '/Bt/install/behaviortree_ros2/share/behaviortree_ros2/hook/cmake_prefix_path.ps1'
[22.420s] INFO:colcon.colcon_core.shell:Creating environment descriptor '/Bt/install/behaviortree_ros2/share/behaviortree_ros2/hook/cmake_prefix_path.dsv'
[22.422s] INFO:colcon.colcon_core.shell:Creating environment hook '/Bt/install/behaviortree_ros2/share/behaviortree_ros2/hook/cmake_prefix_path.sh'
[22.424s] Level 1:colcon.colcon_core.environment:checking '/Bt/install/behaviortree_ros2/lib'
[22.424s] Level 1:colcon.colcon_core.environment:checking '/Bt/install/behaviortree_ros2/bin'
[22.424s] Level 1:colcon.colcon_core.environment:checking '/Bt/install/behaviortree_ros2/lib/pkgconfig/behaviortree_ros2.pc'
[22.425s] Level 1:colcon.colcon_core.environment:checking '/Bt/install/behaviortree_ros2/lib/python3.12/site-packages'
[22.426s] Level 1:colcon.colcon_core.environment:checking '/Bt/install/behaviortree_ros2/bin'
[22.427s] INFO:colcon.colcon_core.shell:Creating package script '/Bt/install/behaviortree_ros2/share/behaviortree_ros2/package.ps1'
[22.428s] INFO:colcon.colcon_core.shell:Creating package descriptor '/Bt/install/behaviortree_ros2/share/behaviortree_ros2/package.dsv'
[22.430s] INFO:colcon.colcon_core.shell:Creating package script '/Bt/install/behaviortree_ros2/share/behaviortree_ros2/package.sh'
[22.431s] INFO:colcon.colcon_core.shell:Creating package script '/Bt/install/behaviortree_ros2/share/behaviortree_ros2/package.bash'
[22.432s] INFO:colcon.colcon_core.shell:Creating package script '/Bt/install/behaviortree_ros2/share/behaviortree_ros2/package.zsh'
[22.433s] Level 1:colcon.colcon_core.environment:create_file_with_runtime_dependencies(/Bt/install/behaviortree_ros2/share/colcon-core/packages/behaviortree_ros2)
[22.445s] INFO:colcon.colcon_ros.task.ament_cmake.build:Building ROS package in '/Bt/ThirdParty/BehaviorTree.ROS2/btcpp_ros2_samples' with build type 'ament_cmake'
[22.446s] INFO:colcon.colcon_cmake.task.cmake.build:Building CMake package in '/Bt/ThirdParty/BehaviorTree.ROS2/btcpp_ros2_samples'
[22.446s] INFO:colcon.colcon_core.shell:Skip shell extension 'powershell' for command environment: Not usable outside of PowerShell
[22.446s] DEBUG:colcon.colcon_core.shell:Skip shell extension 'dsv' for command environment
[22.455s] INFO:colcon.colcon_ros.task.ament_cmake.build:Building ROS package in '/Bt/tiago_behavior_tree' with build type 'ament_cmake'
[22.455s] INFO:colcon.colcon_cmake.task.cmake.build:Building CMake package in '/Bt/tiago_behavior_tree'
[22.456s] INFO:colcon.colcon_core.shell:Skip shell extension 'powershell' for command environment: Not usable outside of PowerShell
[22.456s] DEBUG:colcon.colcon_core.shell:Skip shell extension 'dsv' for command environment
[22.567s] DEBUG:colcon.colcon_core.event_handler.log_command:Invoking command in '/Bt/build/btcpp_ros2_samples': AMENT_PREFIX_PATH=/Bt/install/behaviortree_ros2:/Bt/install/btcpp_ros2_interfaces:${AMENT_PREFIX_PATH} CMAKE_PREFIX_PATH=/Bt/install/behaviortree_ros2:/Bt/install/btcpp_ros2_interfaces:/opt/ros/jazzy/opt/gz_sim_vendor:/opt/ros/jazzy/opt/gz_sensors_vendor:/opt/ros/jazzy/opt/gz_physics_vendor:/opt/ros/jazzy/opt/sdformat_vendor:/opt/ros/jazzy/opt/gz_gui_vendor:/opt/ros/jazzy/opt/gz_transport_vendor:/opt/ros/jazzy/opt/gz_rendering_vendor:/opt/ros/jazzy/opt/gz_plugin_vendor:/opt/ros/jazzy/opt/gz_fuel_tools_vendor:/opt/ros/jazzy/opt/gz_msgs_vendor:/opt/ros/jazzy/opt/gz_common_vendor:/opt/ros/jazzy/opt/gz_math_vendor:/opt/ros/jazzy/opt/gz_utils_vendor:/opt/ros/jazzy/opt/gz_tools_vendor:/opt/ros/jazzy/opt/gz_ogre_next_vendor:/opt/ros/jazzy/opt/gz_dartsim_vendor:/opt/ros/jazzy/opt/gz_cmake_vendor:/opt/ros/jazzy LD_LIBRARY_PATH=/Bt/install/behaviortree_ros2/lib:/Bt/install/btcpp_ros2_interfaces/lib:${LD_LIBRARY_PATH} PYTHONPATH=/Bt/install/btcpp_ros2_interfaces/lib/python3.12/site-packages:${PYTHONPATH} /usr/bin/cmake --build /Bt/build/btcpp_ros2_samples -- -j8 -l8
[22.642s] DEBUG:colcon.colcon_core.event_handler.log_command:Invoking command in '/Bt/build/tiago_behavior_tree': AMENT_PREFIX_PATH=/Bt/install/behaviortree_ros2:/Bt/install/btcpp_ros2_interfaces:${AMENT_PREFIX_PATH} CMAKE_PREFIX_PATH=/Bt/install/behaviortree_ros2:/Bt/install/btcpp_ros2_interfaces:/opt/ros/jazzy/opt/gz_sim_vendor:/opt/ros/jazzy/opt/gz_sensors_vendor:/opt/ros/jazzy/opt/gz_physics_vendor:/opt/ros/jazzy/opt/sdformat_vendor:/opt/ros/jazzy/opt/gz_gui_vendor:/opt/ros/jazzy/opt/gz_transport_vendor:/opt/ros/jazzy/opt/gz_rendering_vendor:/opt/ros/jazzy/opt/gz_plugin_vendor:/opt/ros/jazzy/opt/gz_fuel_tools_vendor:/opt/ros/jazzy/opt/gz_msgs_vendor:/opt/ros/jazzy/opt/gz_common_vendor:/opt/ros/jazzy/opt/gz_math_vendor:/opt/ros/jazzy/opt/gz_utils_vendor:/opt/ros/jazzy/opt/gz_tools_vendor:/opt/ros/jazzy/opt/gz_ogre_next_vendor:/opt/ros/jazzy/opt/gz_dartsim_vendor:/opt/ros/jazzy/opt/gz_cmake_vendor:/opt/ros/jazzy LD_LIBRARY_PATH=/Bt/install/behaviortree_ros2/lib:/Bt/install/btcpp_ros2_interfaces/lib:${LD_LIBRARY_PATH} PYTHONPATH=/Bt/install/btcpp_ros2_interfaces/lib/python3.12/site-packages:${PYTHONPATH} /usr/bin/cmake --build /Bt/build/tiago_behavior_tree -- -j8 -l8
[23.251s] Level 1:colcon.colcon_core.environment:create_environment_scripts_only(grab2_msgs)
[23.251s] Level 1:colcon.colcon_core.environment:checking '/Bt/install/grab2_msgs' for CMake module files
[23.252s] DEBUG:colcon.colcon_core.event_handler.log_command:Invoked command in '/Bt/build/grab2_msgs' returned '0': AMENT_PREFIX_PATH=/Bt/install/btcpp_ros2_interfaces:${AMENT_PREFIX_PATH} CMAKE_PREFIX_PATH=/Bt/install/btcpp_ros2_interfaces:/opt/ros/jazzy/opt/gz_sim_vendor:/opt/ros/jazzy/opt/gz_sensors_vendor:/opt/ros/jazzy/opt/gz_physics_vendor:/opt/ros/jazzy/opt/sdformat_vendor:/opt/ros/jazzy/opt/gz_gui_vendor:/opt/ros/jazzy/opt/gz_transport_vendor:/opt/ros/jazzy/opt/gz_rendering_vendor:/opt/ros/jazzy/opt/gz_plugin_vendor:/opt/ros/jazzy/opt/gz_fuel_tools_vendor:/opt/ros/jazzy/opt/gz_msgs_vendor:/opt/ros/jazzy/opt/gz_common_vendor:/opt/ros/jazzy/opt/gz_math_vendor:/opt/ros/jazzy/opt/gz_utils_vendor:/opt/ros/jazzy/opt/gz_tools_vendor:/opt/ros/jazzy/opt/gz_ogre_next_vendor:/opt/ros/jazzy/opt/gz_dartsim_vendor:/opt/ros/jazzy/opt/gz_cmake_vendor:/opt/ros/jazzy LD_LIBRARY_PATH=/Bt/install/btcpp_ros2_interfaces/lib:${LD_LIBRARY_PATH} PYTHONPATH=/Bt/install/btcpp_ros2_interfaces/lib/python3.12/site-packages:${PYTHONPATH} /usr/bin/cmake --install /Bt/build/grab2_msgs
[23.252s] Level 1:colcon.colcon_core.environment:checking '/Bt/install/grab2_msgs' for CMake config files
[23.253s] Level 1:colcon.colcon_core.shell:create_environment_hook('grab2_msgs', 'cmake_prefix_path')
[23.253s] INFO:colcon.colcon_core.shell:Creating environment hook '/Bt/install/grab2_msgs/share/grab2_msgs/hook/cmake_prefix_path.ps1'
[23.254s] INFO:colcon.colcon_core.shell:Creating environment descriptor '/Bt/install/grab2_msgs/share/grab2_msgs/hook/cmake_prefix_path.dsv'
[23.254s] INFO:colcon.colcon_core.shell:Creating environment hook '/Bt/install/grab2_msgs/share/grab2_msgs/hook/cmake_prefix_path.sh'
[23.255s] Level 1:colcon.colcon_core.environment:checking '/Bt/install/grab2_msgs/lib'
[23.255s] Level 1:colcon.colcon_core.shell:create_environment_hook('grab2_msgs', 'ld_library_path_lib')
[23.255s] INFO:colcon.colcon_core.shell:Creating environment hook '/Bt/install/grab2_msgs/share/grab2_msgs/hook/ld_library_path_lib.ps1'
[23.255s] INFO:colcon.colcon_core.shell:Creating environment descriptor '/Bt/install/grab2_msgs/share/grab2_msgs/hook/ld_library_path_lib.dsv'
[23.256s] INFO:colcon.colcon_core.shell:Creating environment hook '/Bt/install/grab2_msgs/share/grab2_msgs/hook/ld_library_path_lib.sh'
[23.256s] Level 1:colcon.colcon_core.environment:checking '/Bt/install/grab2_msgs/bin'
[23.256s] Level 1:colcon.colcon_core.environment:checking '/Bt/install/grab2_msgs/lib/pkgconfig/grab2_msgs.pc'
[23.257s] Level 1:colcon.colcon_core.environment:checking '/Bt/install/grab2_msgs/lib/python3.12/site-packages'
[23.257s] Level 1:colcon.colcon_core.shell:create_environment_hook('grab2_msgs', 'pythonpath')
[23.257s] INFO:colcon.colcon_core.shell:Creating environment hook '/Bt/install/grab2_msgs/share/grab2_msgs/hook/pythonpath.ps1'
[23.257s] INFO:colcon.colcon_core.shell:Creating environment descriptor '/Bt/install/grab2_msgs/share/grab2_msgs/hook/pythonpath.dsv'
[23.257s] INFO:colcon.colcon_core.shell:Creating environment hook '/Bt/install/grab2_msgs/share/grab2_msgs/hook/pythonpath.sh'
[23.258s] Level 1:colcon.colcon_core.environment:checking '/Bt/install/grab2_msgs/bin'
[23.258s] INFO:colcon.colcon_core.shell:Creating package script '/Bt/install/grab2_msgs/share/grab2_msgs/package.ps1'
[23.259s] INFO:colcon.colcon_core.shell:Creating package descriptor '/Bt/install/grab2_msgs/share/grab2_msgs/package.dsv'
[23.279s] INFO:colcon.colcon_core.shell:Creating package script '/Bt/install/grab2_msgs/share/grab2_msgs/package.sh'
[23.281s] INFO:colcon.colcon_core.shell:Creating package script '/Bt/install/grab2_msgs/share/grab2_msgs/package.bash'
[23.282s] INFO:colcon.colcon_core.shell:Creating package script '/Bt/install/grab2_msgs/share/grab2_msgs/package.zsh'
[23.284s] Level 1:colcon.colcon_core.environment:create_file_with_runtime_dependencies(/Bt/install/grab2_msgs/share/colcon-core/packages/grab2_msgs)
[23.286s] Level 1:colcon.colcon_core.environment:create_environment_scripts_only(grab2_msgs)
[23.286s] Level 1:colcon.colcon_core.environment:checking '/Bt/install/grab2_msgs' for CMake module files
[23.290s] Level 1:colcon.colcon_core.environment:checking '/Bt/install/grab2_msgs' for CMake config files
[23.292s] Level 1:colcon.colcon_core.shell:create_environment_hook('grab2_msgs', 'cmake_prefix_path')
[23.293s] INFO:colcon.colcon_core.shell:Creating environment hook '/Bt/install/grab2_msgs/share/grab2_msgs/hook/cmake_prefix_path.ps1'
[23.294s] INFO:colcon.colcon_core.shell:Creating environment descriptor '/Bt/install/grab2_msgs/share/grab2_msgs/hook/cmake_prefix_path.dsv'
[23.295s] INFO:colcon.colcon_core.shell:Creating environment hook '/Bt/install/grab2_msgs/share/grab2_msgs/hook/cmake_prefix_path.sh'
[23.297s] Level 1:colcon.colcon_core.environment:checking '/Bt/install/grab2_msgs/lib'
[23.297s] Level 1:colcon.colcon_core.shell:create_environment_hook('grab2_msgs', 'ld_library_path_lib')
[23.298s] INFO:colcon.colcon_core.shell:Creating environment hook '/Bt/install/grab2_msgs/share/grab2_msgs/hook/ld_library_path_lib.ps1'
[23.311s] INFO:colcon.colcon_core.shell:Creating environment descriptor '/Bt/install/grab2_msgs/share/grab2_msgs/hook/ld_library_path_lib.dsv'
[23.312s] INFO:colcon.colcon_core.shell:Creating environment hook '/Bt/install/grab2_msgs/share/grab2_msgs/hook/ld_library_path_lib.sh'
[23.313s] Level 1:colcon.colcon_core.environment:checking '/Bt/install/grab2_msgs/bin'
[23.314s] Level 1:colcon.colcon_core.environment:checking '/Bt/install/grab2_msgs/lib/pkgconfig/grab2_msgs.pc'
[23.315s] Level 1:colcon.colcon_core.environment:checking '/Bt/install/grab2_msgs/lib/python3.12/site-packages'
[23.315s] Level 1:colcon.colcon_core.shell:create_environment_hook('grab2_msgs', 'pythonpath')
[23.316s] INFO:colcon.colcon_core.shell:Creating environment hook '/Bt/install/grab2_msgs/share/grab2_msgs/hook/pythonpath.ps1'
[23.317s] INFO:colcon.colcon_core.shell:Creating environment descriptor '/Bt/install/grab2_msgs/share/grab2_msgs/hook/pythonpath.dsv'
[23.318s] INFO:colcon.colcon_core.shell:Creating environment hook '/Bt/install/grab2_msgs/share/grab2_msgs/hook/pythonpath.sh'
[23.321s] Level 1:colcon.colcon_core.environment:checking '/Bt/install/grab2_msgs/bin'
[23.322s] INFO:colcon.colcon_core.shell:Creating package script '/Bt/install/grab2_msgs/share/grab2_msgs/package.ps1'
[23.324s] INFO:colcon.colcon_core.shell:Creating package descriptor '/Bt/install/grab2_msgs/share/grab2_msgs/package.dsv'
[23.326s] INFO:colcon.colcon_core.shell:Creating package script '/Bt/install/grab2_msgs/share/grab2_msgs/package.sh'
[23.328s] INFO:colcon.colcon_core.shell:Creating package script '/Bt/install/grab2_msgs/share/grab2_msgs/package.bash'
[23.329s] INFO:colcon.colcon_core.shell:Creating package script '/Bt/install/grab2_msgs/share/grab2_msgs/package.zsh'
[23.330s] Level 1:colcon.colcon_core.environment:create_file_with_runtime_dependencies(/Bt/install/grab2_msgs/share/colcon-core/packages/grab2_msgs)
[23.332s] INFO:colcon.colcon_ros.task.ament_cmake.build:Building ROS package in '/Bt/ThirdParty/grab2/grab2_ros_common' with build type 'ament_cmake'
[23.332s] INFO:colcon.colcon_cmake.task.cmake.build:Building CMake package in '/Bt/ThirdParty/grab2/grab2_ros_common'
[23.333s] INFO:colcon.colcon_core.shell:Skip shell extension 'powershell' for command environment: Not usable outside of PowerShell
[23.333s] DEBUG:colcon.colcon_core.shell:Skip shell extension 'dsv' for command environment
[23.348s] DEBUG:colcon.colcon_core.event_handler.log_command:Invoked command in '/Bt/build/btcpp_ros2_samples' returned '0': AMENT_PREFIX_PATH=/Bt/install/behaviortree_ros2:/Bt/install/btcpp_ros2_interfaces:${AMENT_PREFIX_PATH} CMAKE_PREFIX_PATH=/Bt/install/behaviortree_ros2:/Bt/install/btcpp_ros2_interfaces:/opt/ros/jazzy/opt/gz_sim_vendor:/opt/ros/jazzy/opt/gz_sensors_vendor:/opt/ros/jazzy/opt/gz_physics_vendor:/opt/ros/jazzy/opt/sdformat_vendor:/opt/ros/jazzy/opt/gz_gui_vendor:/opt/ros/jazzy/opt/gz_transport_vendor:/opt/ros/jazzy/opt/gz_rendering_vendor:/opt/ros/jazzy/opt/gz_plugin_vendor:/opt/ros/jazzy/opt/gz_fuel_tools_vendor:/opt/ros/jazzy/opt/gz_msgs_vendor:/opt/ros/jazzy/opt/gz_common_vendor:/opt/ros/jazzy/opt/gz_math_vendor:/opt/ros/jazzy/opt/gz_utils_vendor:/opt/ros/jazzy/opt/gz_tools_vendor:/opt/ros/jazzy/opt/gz_ogre_next_vendor:/opt/ros/jazzy/opt/gz_dartsim_vendor:/opt/ros/jazzy/opt/gz_cmake_vendor:/opt/ros/jazzy LD_LIBRARY_PATH=/Bt/install/behaviortree_ros2/lib:/Bt/install/btcpp_ros2_interfaces/lib:${LD_LIBRARY_PATH} PYTHONPATH=/Bt/install/btcpp_ros2_interfaces/lib/python3.12/site-packages:${PYTHONPATH} /usr/bin/cmake --build /Bt/build/btcpp_ros2_samples -- -j8 -l8
[23.353s] DEBUG:colcon.colcon_core.event_handler.log_command:Invoking command in '/Bt/build/btcpp_ros2_samples': AMENT_PREFIX_PATH=/Bt/install/behaviortree_ros2:/Bt/install/btcpp_ros2_interfaces:${AMENT_PREFIX_PATH} CMAKE_PREFIX_PATH=/Bt/install/behaviortree_ros2:/Bt/install/btcpp_ros2_interfaces:/opt/ros/jazzy/opt/gz_sim_vendor:/opt/ros/jazzy/opt/gz_sensors_vendor:/opt/ros/jazzy/opt/gz_physics_vendor:/opt/ros/jazzy/opt/sdformat_vendor:/opt/ros/jazzy/opt/gz_gui_vendor:/opt/ros/jazzy/opt/gz_transport_vendor:/opt/ros/jazzy/opt/gz_rendering_vendor:/opt/ros/jazzy/opt/gz_plugin_vendor:/opt/ros/jazzy/opt/gz_fuel_tools_vendor:/opt/ros/jazzy/opt/gz_msgs_vendor:/opt/ros/jazzy/opt/gz_common_vendor:/opt/ros/jazzy/opt/gz_math_vendor:/opt/ros/jazzy/opt/gz_utils_vendor:/opt/ros/jazzy/opt/gz_tools_vendor:/opt/ros/jazzy/opt/gz_ogre_next_vendor:/opt/ros/jazzy/opt/gz_dartsim_vendor:/opt/ros/jazzy/opt/gz_cmake_vendor:/opt/ros/jazzy LD_LIBRARY_PATH=/Bt/install/behaviortree_ros2/lib:/Bt/install/btcpp_ros2_interfaces/lib:${LD_LIBRARY_PATH} PYTHONPATH=/Bt/install/btcpp_ros2_interfaces/lib/python3.12/site-packages:${PYTHONPATH} /usr/bin/cmake --install /Bt/build/btcpp_ros2_samples
[23.604s] DEBUG:colcon.colcon_core.event_handler.log_command:Invoking command in '/Bt/build/grab2_ros_common': AMENT_PREFIX_PATH=/Bt/install/grab2_msgs:/Bt/install/behaviortree_ros2:/Bt/install/btcpp_ros2_interfaces:${AMENT_PREFIX_PATH} CMAKE_PREFIX_PATH=/Bt/install/grab2_msgs:/Bt/install/behaviortree_ros2:/Bt/install/btcpp_ros2_interfaces:/opt/ros/jazzy/opt/gz_sim_vendor:/opt/ros/jazzy/opt/gz_sensors_vendor:/opt/ros/jazzy/opt/gz_physics_vendor:/opt/ros/jazzy/opt/sdformat_vendor:/opt/ros/jazzy/opt/gz_gui_vendor:/opt/ros/jazzy/opt/gz_transport_vendor:/opt/ros/jazzy/opt/gz_rendering_vendor:/opt/ros/jazzy/opt/gz_plugin_vendor:/opt/ros/jazzy/opt/gz_fuel_tools_vendor:/opt/ros/jazzy/opt/gz_msgs_vendor:/opt/ros/jazzy/opt/gz_common_vendor:/opt/ros/jazzy/opt/gz_math_vendor:/opt/ros/jazzy/opt/gz_utils_vendor:/opt/ros/jazzy/opt/gz_tools_vendor:/opt/ros/jazzy/opt/gz_ogre_next_vendor:/opt/ros/jazzy/opt/gz_dartsim_vendor:/opt/ros/jazzy/opt/gz_cmake_vendor:/opt/ros/jazzy LD_LIBRARY_PATH=/Bt/install/grab2_msgs/lib:/Bt/install/behaviortree_ros2/lib:/Bt/install/btcpp_ros2_interfaces/lib:${LD_LIBRARY_PATH} PYTHONPATH=/Bt/install/grab2_msgs/lib/python3.12/site-packages:/Bt/install/btcpp_ros2_interfaces/lib/python3.12/site-packages:${PYTHONPATH} /usr/bin/cmake --build /Bt/build/grab2_ros_common -- -j8 -l8
[23.849s] DEBUG:colcon.colcon_core.event_handler.log_command:Invoked command in '/Bt/build/grab2_ros_common' returned '0': AMENT_PREFIX_PATH=/Bt/install/grab2_msgs:/Bt/install/behaviortree_ros2:/Bt/install/btcpp_ros2_interfaces:${AMENT_PREFIX_PATH} CMAKE_PREFIX_PATH=/Bt/install/grab2_msgs:/Bt/install/behaviortree_ros2:/Bt/install/btcpp_ros2_interfaces:/opt/ros/jazzy/opt/gz_sim_vendor:/opt/ros/jazzy/opt/gz_sensors_vendor:/opt/ros/jazzy/opt/gz_physics_vendor:/opt/ros/jazzy/opt/sdformat_vendor:/opt/ros/jazzy/opt/gz_gui_vendor:/opt/ros/jazzy/opt/gz_transport_vendor:/opt/ros/jazzy/opt/gz_rendering_vendor:/opt/ros/jazzy/opt/gz_plugin_vendor:/opt/ros/jazzy/opt/gz_fuel_tools_vendor:/opt/ros/jazzy/opt/gz_msgs_vendor:/opt/ros/jazzy/opt/gz_common_vendor:/opt/ros/jazzy/opt/gz_math_vendor:/opt/ros/jazzy/opt/gz_utils_vendor:/opt/ros/jazzy/opt/gz_tools_vendor:/opt/ros/jazzy/opt/gz_ogre_next_vendor:/opt/ros/jazzy/opt/gz_dartsim_vendor:/opt/ros/jazzy/opt/gz_cmake_vendor:/opt/ros/jazzy LD_LIBRARY_PATH=/Bt/install/grab2_msgs/lib:/Bt/install/behaviortree_ros2/lib:/Bt/install/btcpp_ros2_interfaces/lib:${LD_LIBRARY_PATH} PYTHONPATH=/Bt/install/grab2_msgs/lib/python3.12/site-packages:/Bt/install/btcpp_ros2_interfaces/lib/python3.12/site-packages:${PYTHONPATH} /usr/bin/cmake --build /Bt/build/grab2_ros_common -- -j8 -l8
[23.874s] DEBUG:colcon.colcon_core.event_handler.log_command:Invoking command in '/Bt/build/grab2_ros_common': AMENT_PREFIX_PATH=/Bt/install/grab2_msgs:/Bt/install/behaviortree_ros2:/Bt/install/btcpp_ros2_interfaces:${AMENT_PREFIX_PATH} CMAKE_PREFIX_PATH=/Bt/install/grab2_msgs:/Bt/install/behaviortree_ros2:/Bt/install/btcpp_ros2_interfaces:/opt/ros/jazzy/opt/gz_sim_vendor:/opt/ros/jazzy/opt/gz_sensors_vendor:/opt/ros/jazzy/opt/gz_physics_vendor:/opt/ros/jazzy/opt/sdformat_vendor:/opt/ros/jazzy/opt/gz_gui_vendor:/opt/ros/jazzy/opt/gz_transport_vendor:/opt/ros/jazzy/opt/gz_rendering_vendor:/opt/ros/jazzy/opt/gz_plugin_vendor:/opt/ros/jazzy/opt/gz_fuel_tools_vendor:/opt/ros/jazzy/opt/gz_msgs_vendor:/opt/ros/jazzy/opt/gz_common_vendor:/opt/ros/jazzy/opt/gz_math_vendor:/opt/ros/jazzy/opt/gz_utils_vendor:/opt/ros/jazzy/opt/gz_tools_vendor:/opt/ros/jazzy/opt/gz_ogre_next_vendor:/opt/ros/jazzy/opt/gz_dartsim_vendor:/opt/ros/jazzy/opt/gz_cmake_vendor:/opt/ros/jazzy LD_LIBRARY_PATH=/Bt/install/grab2_msgs/lib:/Bt/install/behaviortree_ros2/lib:/Bt/install/btcpp_ros2_interfaces/lib:${LD_LIBRARY_PATH} PYTHONPATH=/Bt/install/grab2_msgs/lib/python3.12/site-packages:/Bt/install/btcpp_ros2_interfaces/lib/python3.12/site-packages:${PYTHONPATH} /usr/bin/cmake --install /Bt/build/grab2_ros_common
[23.876s] DEBUG:colcon.colcon_core.event_handler.log_command:Invoked command in '/Bt/build/play_motion2' returned '0': AMENT_PREFIX_PATH=/Bt/install/play_motion2_msgs:${AMENT_PREFIX_PATH} CMAKE_PREFIX_PATH=/Bt/install/play_motion2_msgs:/opt/ros/jazzy/opt/gz_sim_vendor:/opt/ros/jazzy/opt/gz_sensors_vendor:/opt/ros/jazzy/opt/gz_physics_vendor:/opt/ros/jazzy/opt/sdformat_vendor:/opt/ros/jazzy/opt/gz_gui_vendor:/opt/ros/jazzy/opt/gz_transport_vendor:/opt/ros/jazzy/opt/gz_rendering_vendor:/opt/ros/jazzy/opt/gz_plugin_vendor:/opt/ros/jazzy/opt/gz_fuel_tools_vendor:/opt/ros/jazzy/opt/gz_msgs_vendor:/opt/ros/jazzy/opt/gz_common_vendor:/opt/ros/jazzy/opt/gz_math_vendor:/opt/ros/jazzy/opt/gz_utils_vendor:/opt/ros/jazzy/opt/gz_tools_vendor:/opt/ros/jazzy/opt/gz_ogre_next_vendor:/opt/ros/jazzy/opt/gz_dartsim_vendor:/opt/ros/jazzy/opt/gz_cmake_vendor:/opt/ros/jazzy LD_LIBRARY_PATH=/Bt/install/play_motion2_msgs/lib:${LD_LIBRARY_PATH} PYTHONPATH=/Bt/install/play_motion2_msgs/lib/python3.12/site-packages:${PYTHONPATH} /usr/bin/cmake --build /Bt/build/play_motion2 -- -j8 -l8
[23.902s] DEBUG:colcon.colcon_core.event_handler.log_command:Invoking command in '/Bt/build/play_motion2': AMENT_PREFIX_PATH=/Bt/install/play_motion2_msgs:${AMENT_PREFIX_PATH} CMAKE_PREFIX_PATH=/Bt/install/play_motion2_msgs:/opt/ros/jazzy/opt/gz_sim_vendor:/opt/ros/jazzy/opt/gz_sensors_vendor:/opt/ros/jazzy/opt/gz_physics_vendor:/opt/ros/jazzy/opt/sdformat_vendor:/opt/ros/jazzy/opt/gz_gui_vendor:/opt/ros/jazzy/opt/gz_transport_vendor:/opt/ros/jazzy/opt/gz_rendering_vendor:/opt/ros/jazzy/opt/gz_plugin_vendor:/opt/ros/jazzy/opt/gz_fuel_tools_vendor:/opt/ros/jazzy/opt/gz_msgs_vendor:/opt/ros/jazzy/opt/gz_common_vendor:/opt/ros/jazzy/opt/gz_math_vendor:/opt/ros/jazzy/opt/gz_utils_vendor:/opt/ros/jazzy/opt/gz_tools_vendor:/opt/ros/jazzy/opt/gz_ogre_next_vendor:/opt/ros/jazzy/opt/gz_dartsim_vendor:/opt/ros/jazzy/opt/gz_cmake_vendor:/opt/ros/jazzy LD_LIBRARY_PATH=/Bt/install/play_motion2_msgs/lib:${LD_LIBRARY_PATH} PYTHONPATH=/Bt/install/play_motion2_msgs/lib/python3.12/site-packages:${PYTHONPATH} /usr/bin/cmake --install /Bt/build/play_motion2
[23.954s] Level 1:colcon.colcon_core.environment:create_environment_scripts_only(grab2_ros_common)
[23.955s] Level 1:colcon.colcon_core.environment:checking '/Bt/install/grab2_ros_common' for CMake module files
[23.956s] DEBUG:colcon.colcon_core.event_handler.log_command:Invoked command in '/Bt/build/grab2_ros_common' returned '0': AMENT_PREFIX_PATH=/Bt/install/grab2_msgs:/Bt/install/behaviortree_ros2:/Bt/install/btcpp_ros2_interfaces:${AMENT_PREFIX_PATH} CMAKE_PREFIX_PATH=/Bt/install/grab2_msgs:/Bt/install/behaviortree_ros2:/Bt/install/btcpp_ros2_interfaces:/opt/ros/jazzy/opt/gz_sim_vendor:/opt/ros/jazzy/opt/gz_sensors_vendor:/opt/ros/jazzy/opt/gz_physics_vendor:/opt/ros/jazzy/opt/sdformat_vendor:/opt/ros/jazzy/opt/gz_gui_vendor:/opt/ros/jazzy/opt/gz_transport_vendor:/opt/ros/jazzy/opt/gz_rendering_vendor:/opt/ros/jazzy/opt/gz_plugin_vendor:/opt/ros/jazzy/opt/gz_fuel_tools_vendor:/opt/ros/jazzy/opt/gz_msgs_vendor:/opt/ros/jazzy/opt/gz_common_vendor:/opt/ros/jazzy/opt/gz_math_vendor:/opt/ros/jazzy/opt/gz_utils_vendor:/opt/ros/jazzy/opt/gz_tools_vendor:/opt/ros/jazzy/opt/gz_ogre_next_vendor:/opt/ros/jazzy/opt/gz_dartsim_vendor:/opt/ros/jazzy/opt/gz_cmake_vendor:/opt/ros/jazzy LD_LIBRARY_PATH=/Bt/install/grab2_msgs/lib:/Bt/install/behaviortree_ros2/lib:/Bt/install/btcpp_ros2_interfaces/lib:${LD_LIBRARY_PATH} PYTHONPATH=/Bt/install/grab2_msgs/lib/python3.12/site-packages:/Bt/install/btcpp_ros2_interfaces/lib/python3.12/site-packages:${PYTHONPATH} /usr/bin/cmake --install /Bt/build/grab2_ros_common
[23.957s] Level 1:colcon.colcon_core.environment:checking '/Bt/install/grab2_ros_common' for CMake config files
[23.958s] Level 1:colcon.colcon_core.shell:create_environment_hook('grab2_ros_common', 'cmake_prefix_path')
[23.958s] INFO:colcon.colcon_core.shell:Creating environment hook '/Bt/install/grab2_ros_common/share/grab2_ros_common/hook/cmake_prefix_path.ps1'
[23.959s] INFO:colcon.colcon_core.shell:Creating environment descriptor '/Bt/install/grab2_ros_common/share/grab2_ros_common/hook/cmake_prefix_path.dsv'
[23.960s] INFO:colcon.colcon_core.shell:Creating environment hook '/Bt/install/grab2_ros_common/share/grab2_ros_common/hook/cmake_prefix_path.sh'
[23.961s] Level 1:colcon.colcon_core.environment:checking '/Bt/install/grab2_ros_common/bin'
[23.962s] Level 1:colcon.colcon_core.environment:checking '/Bt/install/grab2_ros_common/lib/pkgconfig/grab2_ros_common.pc'
[23.962s] Level 1:colcon.colcon_core.environment:checking '/Bt/install/grab2_ros_common/lib/python3.12/site-packages'
[23.963s] Level 1:colcon.colcon_core.environment:checking '/Bt/install/grab2_ros_common/bin'
[23.964s] INFO:colcon.colcon_core.shell:Creating package script '/Bt/install/grab2_ros_common/share/grab2_ros_common/package.ps1'
[23.965s] INFO:colcon.colcon_core.shell:Creating package descriptor '/Bt/install/grab2_ros_common/share/grab2_ros_common/package.dsv'
[23.966s] INFO:colcon.colcon_core.shell:Creating package script '/Bt/install/grab2_ros_common/share/grab2_ros_common/package.sh'
[23.980s] INFO:colcon.colcon_core.shell:Creating package script '/Bt/install/grab2_ros_common/share/grab2_ros_common/package.bash'
[23.981s] INFO:colcon.colcon_core.shell:Creating package script '/Bt/install/grab2_ros_common/share/grab2_ros_common/package.zsh'
[23.982s] Level 1:colcon.colcon_core.environment:create_file_with_runtime_dependencies(/Bt/install/grab2_ros_common/share/colcon-core/packages/grab2_ros_common)
[23.983s] Level 1:colcon.colcon_core.environment:create_environment_scripts_only(grab2_ros_common)
[23.983s] Level 1:colcon.colcon_core.environment:checking '/Bt/install/grab2_ros_common' for CMake module files
[23.984s] Level 1:colcon.colcon_core.environment:checking '/Bt/install/grab2_ros_common' for CMake config files
[23.984s] Level 1:colcon.colcon_core.shell:create_environment_hook('grab2_ros_common', 'cmake_prefix_path')
[23.985s] INFO:colcon.colcon_core.shell:Creating environment hook '/Bt/install/grab2_ros_common/share/grab2_ros_common/hook/cmake_prefix_path.ps1'
[23.985s] INFO:colcon.colcon_core.shell:Creating environment descriptor '/Bt/install/grab2_ros_common/share/grab2_ros_common/hook/cmake_prefix_path.dsv'
[23.986s] INFO:colcon.colcon_core.shell:Creating environment hook '/Bt/install/grab2_ros_common/share/grab2_ros_common/hook/cmake_prefix_path.sh'
[23.986s] Level 1:colcon.colcon_core.environment:checking '/Bt/install/grab2_ros_common/bin'
[23.986s] Level 1:colcon.colcon_core.environment:checking '/Bt/install/grab2_ros_common/lib/pkgconfig/grab2_ros_common.pc'
[23.987s] Level 1:colcon.colcon_core.environment:checking '/Bt/install/grab2_ros_common/lib/python3.12/site-packages'
[23.987s] Level 1:colcon.colcon_core.environment:checking '/Bt/install/grab2_ros_common/bin'
[23.987s] INFO:colcon.colcon_core.shell:Creating package script '/Bt/install/grab2_ros_common/share/grab2_ros_common/package.ps1'
[23.988s] INFO:colcon.colcon_core.shell:Creating package descriptor '/Bt/install/grab2_ros_common/share/grab2_ros_common/package.dsv'
[23.989s] INFO:colcon.colcon_core.shell:Creating package script '/Bt/install/grab2_ros_common/share/grab2_ros_common/package.sh'
[23.989s] INFO:colcon.colcon_core.shell:Creating package script '/Bt/install/grab2_ros_common/share/grab2_ros_common/package.bash'
[23.990s] INFO:colcon.colcon_core.shell:Creating package script '/Bt/install/grab2_ros_common/share/grab2_ros_common/package.zsh'
[23.994s] Level 1:colcon.colcon_core.environment:create_file_with_runtime_dependencies(/Bt/install/grab2_ros_common/share/colcon-core/packages/grab2_ros_common)
[23.995s] INFO:colcon.colcon_ros.task.ament_cmake.build:Building ROS package in '/Bt/ThirdParty/grab2/grab2_behavior_tree' with build type 'ament_cmake'
[23.995s] INFO:colcon.colcon_cmake.task.cmake.build:Building CMake package in '/Bt/ThirdParty/grab2/grab2_behavior_tree'
[23.996s] INFO:colcon.colcon_core.shell:Skip shell extension 'powershell' for command environment: Not usable outside of PowerShell
[23.996s] DEBUG:colcon.colcon_core.shell:Skip shell extension 'dsv' for command environment
[24.003s] DEBUG:colcon.colcon_core.event_handler.log_command:Invoking command in '/Bt/ThirdParty/ros2_aruco/ros2_aruco': PYTHONPATH=/Bt/build/ros2_aruco/prefix_override:/usr/lib/python3/dist-packages/colcon_core/task/python/colcon_distutils_commands:/Bt/install/ros2_aruco/lib/python3.12/site-packages:${PYTHONPATH} /usr/bin/python3 -W ignore:setup.py install is deprecated -W ignore:easy_install command is deprecated setup.py egg_info --egg-base ../../../build/ros2_aruco build --build-base /Bt/build/ros2_aruco/build install --record /Bt/build/ros2_aruco/install.log --single-version-externally-managed install_data
[24.005s] DEBUG:colcon.colcon_core.event_handler.log_command:Invoking command in '/Bt/ThirdParty/launch_pal': PYTHONPATH=/Bt/build/launch_pal/prefix_override:/usr/lib/python3/dist-packages/colcon_core/task/python/colcon_distutils_commands:/Bt/install/launch_pal/lib/python3.12/site-packages:${PYTHONPATH} /usr/bin/python3 -W ignore:setup.py install is deprecated -W ignore:easy_install command is deprecated setup.py egg_info --egg-base ../../build/launch_pal build --build-base /Bt/build/launch_pal/build install --record /Bt/build/launch_pal/install.log --single-version-externally-managed install_data
[24.009s] DEBUG:colcon.colcon_core.event_handler.log_command:Invoking command in '/Bt/ThirdParty/yolo_ros/yolo_ros': AMENT_PREFIX_PATH=/Bt/install/yolo_msgs:${AMENT_PREFIX_PATH} CMAKE_PREFIX_PATH=/Bt/install/yolo_msgs:${CMAKE_PREFIX_PATH} LD_LIBRARY_PATH=/Bt/install/yolo_msgs/lib:${LD_LIBRARY_PATH} PYTHONPATH=/Bt/build/yolo_ros/prefix_override:/usr/lib/python3/dist-packages/colcon_core/task/python/colcon_distutils_commands:/Bt/install/yolo_ros/lib/python3.12/site-packages:/Bt/install/yolo_msgs/lib/python3.12/site-packages:${PYTHONPATH} /usr/bin/python3 -W ignore:setup.py install is deprecated -W ignore:easy_install command is deprecated setup.py egg_info --egg-base ../../../build/yolo_ros build --build-base /Bt/build/yolo_ros/build install --record /Bt/build/yolo_ros/install.log --single-version-externally-managed install_data
[24.040s] DEBUG:colcon.colcon_core.event_handler.log_command:Invoking command in '/Bt/build/grab2_behavior_tree': AMENT_PREFIX_PATH=/Bt/install/grab2_msgs:/Bt/install/behaviortree_ros2:/Bt/install/btcpp_ros2_interfaces:${AMENT_PREFIX_PATH} CMAKE_PREFIX_PATH=/Bt/install/grab2_msgs:/Bt/install/behaviortree_ros2:/Bt/install/btcpp_ros2_interfaces:/opt/ros/jazzy/opt/gz_sim_vendor:/opt/ros/jazzy/opt/gz_sensors_vendor:/opt/ros/jazzy/opt/gz_physics_vendor:/opt/ros/jazzy/opt/sdformat_vendor:/opt/ros/jazzy/opt/gz_gui_vendor:/opt/ros/jazzy/opt/gz_transport_vendor:/opt/ros/jazzy/opt/gz_rendering_vendor:/opt/ros/jazzy/opt/gz_plugin_vendor:/opt/ros/jazzy/opt/gz_fuel_tools_vendor:/opt/ros/jazzy/opt/gz_msgs_vendor:/opt/ros/jazzy/opt/gz_common_vendor:/opt/ros/jazzy/opt/gz_math_vendor:/opt/ros/jazzy/opt/gz_utils_vendor:/opt/ros/jazzy/opt/gz_tools_vendor:/opt/ros/jazzy/opt/gz_ogre_next_vendor:/opt/ros/jazzy/opt/gz_dartsim_vendor:/opt/ros/jazzy/opt/gz_cmake_vendor:/opt/ros/jazzy LD_LIBRARY_PATH=/Bt/install/grab2_msgs/lib:/Bt/install/behaviortree_ros2/lib:/Bt/install/btcpp_ros2_interfaces/lib:${LD_LIBRARY_PATH} PYTHONPATH=/Bt/install/grab2_msgs/lib/python3.12/site-packages:/Bt/install/btcpp_ros2_interfaces/lib/python3.12/site-packages:${PYTHONPATH} /usr/bin/cmake --build /Bt/build/grab2_behavior_tree -- -j8 -l8
[24.612s] Level 1:colcon.colcon_core.environment:create_environment_scripts_only(btcpp_ros2_samples)
[24.613s] Level 1:colcon.colcon_core.environment:checking '/Bt/install/btcpp_ros2_samples' for CMake module files
[24.615s] DEBUG:colcon.colcon_core.event_handler.log_command:Invoked command in '/Bt/build/btcpp_ros2_samples' returned '0': AMENT_PREFIX_PATH=/Bt/install/behaviortree_ros2:/Bt/install/btcpp_ros2_interfaces:${AMENT_PREFIX_PATH} CMAKE_PREFIX_PATH=/Bt/install/behaviortree_ros2:/Bt/install/btcpp_ros2_interfaces:/opt/ros/jazzy/opt/gz_sim_vendor:/opt/ros/jazzy/opt/gz_sensors_vendor:/opt/ros/jazzy/opt/gz_physics_vendor:/opt/ros/jazzy/opt/sdformat_vendor:/opt/ros/jazzy/opt/gz_gui_vendor:/opt/ros/jazzy/opt/gz_transport_vendor:/opt/ros/jazzy/opt/gz_rendering_vendor:/opt/ros/jazzy/opt/gz_plugin_vendor:/opt/ros/jazzy/opt/gz_fuel_tools_vendor:/opt/ros/jazzy/opt/gz_msgs_vendor:/opt/ros/jazzy/opt/gz_common_vendor:/opt/ros/jazzy/opt/gz_math_vendor:/opt/ros/jazzy/opt/gz_utils_vendor:/opt/ros/jazzy/opt/gz_tools_vendor:/opt/ros/jazzy/opt/gz_ogre_next_vendor:/opt/ros/jazzy/opt/gz_dartsim_vendor:/opt/ros/jazzy/opt/gz_cmake_vendor:/opt/ros/jazzy LD_LIBRARY_PATH=/Bt/install/behaviortree_ros2/lib:/Bt/install/btcpp_ros2_interfaces/lib:${LD_LIBRARY_PATH} PYTHONPATH=/Bt/install/btcpp_ros2_interfaces/lib/python3.12/site-packages:${PYTHONPATH} /usr/bin/cmake --install /Bt/build/btcpp_ros2_samples
[24.616s] Level 1:colcon.colcon_core.environment:checking '/Bt/install/btcpp_ros2_samples' for CMake config files
[24.616s] Level 1:colcon.colcon_core.shell:create_environment_hook('btcpp_ros2_samples', 'cmake_prefix_path')
[24.617s] INFO:colcon.colcon_core.shell:Creating environment hook '/Bt/install/btcpp_ros2_samples/share/btcpp_ros2_samples/hook/cmake_prefix_path.ps1'
[24.617s] INFO:colcon.colcon_core.shell:Creating environment descriptor '/Bt/install/btcpp_ros2_samples/share/btcpp_ros2_samples/hook/cmake_prefix_path.dsv'
[24.617s] INFO:colcon.colcon_core.shell:Creating environment hook '/Bt/install/btcpp_ros2_samples/share/btcpp_ros2_samples/hook/cmake_prefix_path.sh'
[24.618s] Level 1:colcon.colcon_core.environment:checking '/Bt/install/btcpp_ros2_samples/lib'
[24.618s] Level 1:colcon.colcon_core.environment:checking '/Bt/install/btcpp_ros2_samples/bin'
[24.618s] Level 1:colcon.colcon_core.environment:checking '/Bt/install/btcpp_ros2_samples/lib/pkgconfig/btcpp_ros2_samples.pc'
[24.618s] Level 1:colcon.colcon_core.environment:checking '/Bt/install/btcpp_ros2_samples/lib/python3.12/site-packages'
[24.619s] Level 1:colcon.colcon_core.environment:checking '/Bt/install/btcpp_ros2_samples/bin'
[24.619s] INFO:colcon.colcon_core.shell:Creating package script '/Bt/install/btcpp_ros2_samples/share/btcpp_ros2_samples/package.ps1'
[24.619s] INFO:colcon.colcon_core.shell:Creating package descriptor '/Bt/install/btcpp_ros2_samples/share/btcpp_ros2_samples/package.dsv'
[24.620s] INFO:colcon.colcon_core.shell:Creating package script '/Bt/install/btcpp_ros2_samples/share/btcpp_ros2_samples/package.sh'
[24.620s] INFO:colcon.colcon_core.shell:Creating package script '/Bt/install/btcpp_ros2_samples/share/btcpp_ros2_samples/package.bash'
[24.628s] INFO:colcon.colcon_core.shell:Creating package script '/Bt/install/btcpp_ros2_samples/share/btcpp_ros2_samples/package.zsh'
[24.629s] Level 1:colcon.colcon_core.environment:create_file_with_runtime_dependencies(/Bt/install/btcpp_ros2_samples/share/colcon-core/packages/btcpp_ros2_samples)
[24.630s] Level 1:colcon.colcon_core.environment:create_environment_scripts_only(btcpp_ros2_samples)
[24.630s] Level 1:colcon.colcon_core.environment:checking '/Bt/install/btcpp_ros2_samples' for CMake module files
[24.630s] Level 1:colcon.colcon_core.environment:checking '/Bt/install/btcpp_ros2_samples' for CMake config files
[24.631s] Level 1:colcon.colcon_core.shell:create_environment_hook('btcpp_ros2_samples', 'cmake_prefix_path')
[24.631s] INFO:colcon.colcon_core.shell:Creating environment hook '/Bt/install/btcpp_ros2_samples/share/btcpp_ros2_samples/hook/cmake_prefix_path.ps1'
[24.631s] INFO:colcon.colcon_core.shell:Creating environment descriptor '/Bt/install/btcpp_ros2_samples/share/btcpp_ros2_samples/hook/cmake_prefix_path.dsv'
[24.631s] INFO:colcon.colcon_core.shell:Creating environment hook '/Bt/install/btcpp_ros2_samples/share/btcpp_ros2_samples/hook/cmake_prefix_path.sh'
[24.632s] Level 1:colcon.colcon_core.environment:checking '/Bt/install/btcpp_ros2_samples/lib'
[24.632s] Level 1:colcon.colcon_core.environment:checking '/Bt/install/btcpp_ros2_samples/bin'
[24.632s] Level 1:colcon.colcon_core.environment:checking '/Bt/install/btcpp_ros2_samples/lib/pkgconfig/btcpp_ros2_samples.pc'
[24.632s] Level 1:colcon.colcon_core.environment:checking '/Bt/install/btcpp_ros2_samples/lib/python3.12/site-packages'
[24.633s] Level 1:colcon.colcon_core.environment:checking '/Bt/install/btcpp_ros2_samples/bin'
[24.633s] INFO:colcon.colcon_core.shell:Creating package script '/Bt/install/btcpp_ros2_samples/share/btcpp_ros2_samples/package.ps1'
[24.633s] INFO:colcon.colcon_core.shell:Creating package descriptor '/Bt/install/btcpp_ros2_samples/share/btcpp_ros2_samples/package.dsv'
[24.634s] INFO:colcon.colcon_core.shell:Creating package script '/Bt/install/btcpp_ros2_samples/share/btcpp_ros2_samples/package.sh'
[24.634s] INFO:colcon.colcon_core.shell:Creating package script '/Bt/install/btcpp_ros2_samples/share/btcpp_ros2_samples/package.bash'
[24.638s] INFO:colcon.colcon_core.shell:Creating package script '/Bt/install/btcpp_ros2_samples/share/btcpp_ros2_samples/package.zsh'
[24.638s] Level 1:colcon.colcon_core.environment:create_file_with_runtime_dependencies(/Bt/install/btcpp_ros2_samples/share/colcon-core/packages/btcpp_ros2_samples)
[24.638s] INFO:colcon.colcon_ros.task.ament_cmake.build:Building ROS package in '/Bt/ThirdParty/grab2/grab2_bt_grabber' with build type 'ament_cmake'
[24.639s] INFO:colcon.colcon_cmake.task.cmake.build:Building CMake package in '/Bt/ThirdParty/grab2/grab2_bt_grabber'
[24.639s] INFO:colcon.colcon_core.shell:Skip shell extension 'powershell' for command environment: Not usable outside of PowerShell
[24.639s] DEBUG:colcon.colcon_core.shell:Skip shell extension 'dsv' for command environment
[24.779s] DEBUG:colcon.colcon_core.event_handler.log_command:Invoking command in '/Bt/build/grab2_bt_grabber': AMENT_PREFIX_PATH=/Bt/install/grab2_ros_common:/Bt/install/grab2_msgs:/Bt/install/behaviortree_ros2:/Bt/install/btcpp_ros2_interfaces:${AMENT_PREFIX_PATH} CMAKE_PREFIX_PATH=/Bt/install/grab2_ros_common:/Bt/install/grab2_msgs:/Bt/install/behaviortree_ros2:/Bt/install/btcpp_ros2_interfaces:/opt/ros/jazzy/opt/gz_sim_vendor:/opt/ros/jazzy/opt/gz_sensors_vendor:/opt/ros/jazzy/opt/gz_physics_vendor:/opt/ros/jazzy/opt/sdformat_vendor:/opt/ros/jazzy/opt/gz_gui_vendor:/opt/ros/jazzy/opt/gz_transport_vendor:/opt/ros/jazzy/opt/gz_rendering_vendor:/opt/ros/jazzy/opt/gz_plugin_vendor:/opt/ros/jazzy/opt/gz_fuel_tools_vendor:/opt/ros/jazzy/opt/gz_msgs_vendor:/opt/ros/jazzy/opt/gz_common_vendor:/opt/ros/jazzy/opt/gz_math_vendor:/opt/ros/jazzy/opt/gz_utils_vendor:/opt/ros/jazzy/opt/gz_tools_vendor:/opt/ros/jazzy/opt/gz_ogre_next_vendor:/opt/ros/jazzy/opt/gz_dartsim_vendor:/opt/ros/jazzy/opt/gz_cmake_vendor:/opt/ros/jazzy LD_LIBRARY_PATH=/Bt/install/grab2_msgs/lib:/Bt/install/behaviortree_ros2/lib:/Bt/install/btcpp_ros2_interfaces/lib:${LD_LIBRARY_PATH} PYTHONPATH=/Bt/install/grab2_msgs/lib/python3.12/site-packages:/Bt/install/btcpp_ros2_interfaces/lib/python3.12/site-packages:${PYTHONPATH} /usr/bin/cmake --build /Bt/build/grab2_bt_grabber -- -j8 -l8
[24.837s] Level 1:colcon.colcon_core.environment:checking '/Bt/install/yolo_ros' for CMake module files
[24.838s] DEBUG:colcon.colcon_core.event_handler.log_command:Invoked command in '/Bt/ThirdParty/yolo_ros/yolo_ros' returned '0': AMENT_PREFIX_PATH=/Bt/install/yolo_msgs:${AMENT_PREFIX_PATH} CMAKE_PREFIX_PATH=/Bt/install/yolo_msgs:${CMAKE_PREFIX_PATH} LD_LIBRARY_PATH=/Bt/install/yolo_msgs/lib:${LD_LIBRARY_PATH} PYTHONPATH=/Bt/build/yolo_ros/prefix_override:/usr/lib/python3/dist-packages/colcon_core/task/python/colcon_distutils_commands:/Bt/install/yolo_ros/lib/python3.12/site-packages:/Bt/install/yolo_msgs/lib/python3.12/site-packages:${PYTHONPATH} /usr/bin/python3 -W ignore:setup.py install is deprecated -W ignore:easy_install command is deprecated setup.py egg_info --egg-base ../../../build/yolo_ros build --build-base /Bt/build/yolo_ros/build install --record /Bt/build/yolo_ros/install.log --single-version-externally-managed install_data
[24.839s] Level 1:colcon.colcon_core.environment:checking '/Bt/install/yolo_ros' for CMake config files
[24.839s] Level 1:colcon.colcon_core.environment:checking '/Bt/install/yolo_ros/lib'
[24.839s] Level 1:colcon.colcon_core.environment:checking '/Bt/install/yolo_ros/bin'
[24.839s] Level 1:colcon.colcon_core.environment:checking '/Bt/install/yolo_ros/lib/pkgconfig/yolo_ros.pc'
[24.840s] Level 1:colcon.colcon_core.environment:checking '/Bt/install/yolo_ros/lib/python3.12/site-packages'
[24.840s] Level 1:colcon.colcon_core.shell:create_environment_hook('yolo_ros', 'pythonpath')
[24.840s] INFO:colcon.colcon_core.shell:Creating environment hook '/Bt/install/yolo_ros/share/yolo_ros/hook/pythonpath.ps1'
[24.840s] INFO:colcon.colcon_core.shell:Creating environment descriptor '/Bt/install/yolo_ros/share/yolo_ros/hook/pythonpath.dsv'
[24.841s] INFO:colcon.colcon_core.shell:Creating environment hook '/Bt/install/yolo_ros/share/yolo_ros/hook/pythonpath.sh'
[24.841s] Level 1:colcon.colcon_core.environment:checking '/Bt/install/yolo_ros/bin'
[24.842s] Level 1:colcon.colcon_core.environment:create_environment_scripts_only(yolo_ros)
[24.842s] INFO:colcon.colcon_core.shell:Creating package script '/Bt/install/yolo_ros/share/yolo_ros/package.ps1'
[24.842s] INFO:colcon.colcon_core.shell:Creating package descriptor '/Bt/install/yolo_ros/share/yolo_ros/package.dsv'
[24.843s] INFO:colcon.colcon_core.shell:Creating package script '/Bt/install/yolo_ros/share/yolo_ros/package.sh'
[24.843s] INFO:colcon.colcon_core.shell:Creating package script '/Bt/install/yolo_ros/share/yolo_ros/package.bash'
[24.886s] INFO:colcon.colcon_core.shell:Creating package script '/Bt/install/yolo_ros/share/yolo_ros/package.zsh'
[24.890s] Level 1:colcon.colcon_core.environment:create_file_with_runtime_dependencies(/Bt/install/yolo_ros/share/colcon-core/packages/yolo_ros)
[24.892s] INFO:colcon.colcon_ros.task.ament_cmake.build:Building ROS package in '/Bt/ThirdParty/grab2/grab2_planner' with build type 'ament_cmake'
[24.893s] INFO:colcon.colcon_cmake.task.cmake.build:Building CMake package in '/Bt/ThirdParty/grab2/grab2_planner'
[24.893s] INFO:colcon.colcon_core.shell:Skip shell extension 'powershell' for command environment: Not usable outside of PowerShell
[24.894s] DEBUG:colcon.colcon_core.shell:Skip shell extension 'dsv' for command environment
[24.968s] Level 1:colcon.colcon_core.environment:create_environment_scripts_only(play_motion2)
[24.968s] DEBUG:colcon.colcon_core.event_handler.log_command:Invoking command in '/Bt/build/grab2_planner': AMENT_PREFIX_PATH=/Bt/install/grab2_ros_common:/Bt/install/grab2_msgs:/Bt/install/behaviortree_ros2:/Bt/install/btcpp_ros2_interfaces:${AMENT_PREFIX_PATH} CMAKE_PREFIX_PATH=/Bt/install/grab2_ros_common:/Bt/install/grab2_msgs:/Bt/install/behaviortree_ros2:/Bt/install/btcpp_ros2_interfaces:/opt/ros/jazzy/opt/gz_sim_vendor:/opt/ros/jazzy/opt/gz_sensors_vendor:/opt/ros/jazzy/opt/gz_physics_vendor:/opt/ros/jazzy/opt/sdformat_vendor:/opt/ros/jazzy/opt/gz_gui_vendor:/opt/ros/jazzy/opt/gz_transport_vendor:/opt/ros/jazzy/opt/gz_rendering_vendor:/opt/ros/jazzy/opt/gz_plugin_vendor:/opt/ros/jazzy/opt/gz_fuel_tools_vendor:/opt/ros/jazzy/opt/gz_msgs_vendor:/opt/ros/jazzy/opt/gz_common_vendor:/opt/ros/jazzy/opt/gz_math_vendor:/opt/ros/jazzy/opt/gz_utils_vendor:/opt/ros/jazzy/opt/gz_tools_vendor:/opt/ros/jazzy/opt/gz_ogre_next_vendor:/opt/ros/jazzy/opt/gz_dartsim_vendor:/opt/ros/jazzy/opt/gz_cmake_vendor:/opt/ros/jazzy LD_LIBRARY_PATH=/Bt/install/grab2_msgs/lib:/Bt/install/behaviortree_ros2/lib:/Bt/install/btcpp_ros2_interfaces/lib:${LD_LIBRARY_PATH} PYTHONPATH=/Bt/install/grab2_msgs/lib/python3.12/site-packages:/Bt/install/btcpp_ros2_interfaces/lib/python3.12/site-packages:${PYTHONPATH} /usr/bin/cmake --build /Bt/build/grab2_planner -- -j8 -l8
[24.969s] Level 1:colcon.colcon_core.environment:checking '/Bt/install/play_motion2' for CMake module files
[24.969s] DEBUG:colcon.colcon_core.event_handler.log_command:Invoked command in '/Bt/build/play_motion2' returned '0': AMENT_PREFIX_PATH=/Bt/install/play_motion2_msgs:${AMENT_PREFIX_PATH} CMAKE_PREFIX_PATH=/Bt/install/play_motion2_msgs:/opt/ros/jazzy/opt/gz_sim_vendor:/opt/ros/jazzy/opt/gz_sensors_vendor:/opt/ros/jazzy/opt/gz_physics_vendor:/opt/ros/jazzy/opt/sdformat_vendor:/opt/ros/jazzy/opt/gz_gui_vendor:/opt/ros/jazzy/opt/gz_transport_vendor:/opt/ros/jazzy/opt/gz_rendering_vendor:/opt/ros/jazzy/opt/gz_plugin_vendor:/opt/ros/jazzy/opt/gz_fuel_tools_vendor:/opt/ros/jazzy/opt/gz_msgs_vendor:/opt/ros/jazzy/opt/gz_common_vendor:/opt/ros/jazzy/opt/gz_math_vendor:/opt/ros/jazzy/opt/gz_utils_vendor:/opt/ros/jazzy/opt/gz_tools_vendor:/opt/ros/jazzy/opt/gz_ogre_next_vendor:/opt/ros/jazzy/opt/gz_dartsim_vendor:/opt/ros/jazzy/opt/gz_cmake_vendor:/opt/ros/jazzy LD_LIBRARY_PATH=/Bt/install/play_motion2_msgs/lib:${LD_LIBRARY_PATH} PYTHONPATH=/Bt/install/play_motion2_msgs/lib/python3.12/site-packages:${PYTHONPATH} /usr/bin/cmake --install /Bt/build/play_motion2
[24.970s] Level 1:colcon.colcon_core.environment:checking '/Bt/install/play_motion2' for CMake config files
[25.069s] Level 1:colcon.colcon_core.shell:create_environment_hook('play_motion2', 'cmake_prefix_path')
[25.070s] INFO:colcon.colcon_core.shell:Creating environment hook '/Bt/install/play_motion2/share/play_motion2/hook/cmake_prefix_path.ps1'
[25.072s] INFO:colcon.colcon_core.shell:Creating environment descriptor '/Bt/install/play_motion2/share/play_motion2/hook/cmake_prefix_path.dsv'
[25.074s] INFO:colcon.colcon_core.shell:Creating environment hook '/Bt/install/play_motion2/share/play_motion2/hook/cmake_prefix_path.sh'
[25.076s] Level 1:colcon.colcon_core.environment:checking '/Bt/install/play_motion2/lib'
[25.077s] Level 1:colcon.colcon_core.shell:create_environment_hook('play_motion2', 'ld_library_path_lib')
[25.078s] INFO:colcon.colcon_core.shell:Creating environment hook '/Bt/install/play_motion2/share/play_motion2/hook/ld_library_path_lib.ps1'
[25.080s] INFO:colcon.colcon_core.shell:Creating environment descriptor '/Bt/install/play_motion2/share/play_motion2/hook/ld_library_path_lib.dsv'
[25.082s] INFO:colcon.colcon_core.shell:Creating environment hook '/Bt/install/play_motion2/share/play_motion2/hook/ld_library_path_lib.sh'
[25.084s] Level 1:colcon.colcon_core.environment:checking '/Bt/install/play_motion2/bin'
[25.084s] Level 1:colcon.colcon_core.environment:checking '/Bt/install/play_motion2/lib/pkgconfig/play_motion2.pc'
[25.086s] Level 1:colcon.colcon_core.environment:checking '/Bt/install/play_motion2/lib/python3.12/site-packages'
[25.088s] Level 1:colcon.colcon_core.environment:checking '/Bt/install/play_motion2/bin'
[25.089s] INFO:colcon.colcon_core.shell:Creating package script '/Bt/install/play_motion2/share/play_motion2/package.ps1'
[25.092s] INFO:colcon.colcon_core.shell:Creating package descriptor '/Bt/install/play_motion2/share/play_motion2/package.dsv'
[25.095s] INFO:colcon.colcon_core.shell:Creating package script '/Bt/install/play_motion2/share/play_motion2/package.sh'
[25.097s] INFO:colcon.colcon_core.shell:Creating package script '/Bt/install/play_motion2/share/play_motion2/package.bash'
[25.099s] INFO:colcon.colcon_core.shell:Creating package script '/Bt/install/play_motion2/share/play_motion2/package.zsh'
[25.101s] Level 1:colcon.colcon_core.environment:create_file_with_runtime_dependencies(/Bt/install/play_motion2/share/colcon-core/packages/play_motion2)
[25.104s] Level 1:colcon.colcon_core.environment:create_environment_scripts_only(play_motion2)
[25.104s] Level 1:colcon.colcon_core.environment:checking '/Bt/install/play_motion2' for CMake module files
[25.110s] Level 1:colcon.colcon_core.environment:checking '/Bt/install/play_motion2' for CMake config files
[25.113s] Level 1:colcon.colcon_core.shell:create_environment_hook('play_motion2', 'cmake_prefix_path')
[25.114s] INFO:colcon.colcon_core.shell:Creating environment hook '/Bt/install/play_motion2/share/play_motion2/hook/cmake_prefix_path.ps1'
[25.116s] INFO:colcon.colcon_core.shell:Creating environment descriptor '/Bt/install/play_motion2/share/play_motion2/hook/cmake_prefix_path.dsv'
[25.118s] INFO:colcon.colcon_core.shell:Creating environment hook '/Bt/install/play_motion2/share/play_motion2/hook/cmake_prefix_path.sh'
[25.122s] Level 1:colcon.colcon_core.environment:checking '/Bt/install/play_motion2/lib'
[25.122s] Level 1:colcon.colcon_core.shell:create_environment_hook('play_motion2', 'ld_library_path_lib')
[25.123s] INFO:colcon.colcon_core.shell:Creating environment hook '/Bt/install/play_motion2/share/play_motion2/hook/ld_library_path_lib.ps1'
[25.124s] INFO:colcon.colcon_core.shell:Creating environment descriptor '/Bt/install/play_motion2/share/play_motion2/hook/ld_library_path_lib.dsv'
[25.126s] INFO:colcon.colcon_core.shell:Creating environment hook '/Bt/install/play_motion2/share/play_motion2/hook/ld_library_path_lib.sh'
[25.145s] Level 1:colcon.colcon_core.environment:checking '/Bt/install/play_motion2/bin'
[25.146s] Level 1:colcon.colcon_core.environment:checking '/Bt/install/play_motion2/lib/pkgconfig/play_motion2.pc'
[25.147s] Level 1:colcon.colcon_core.environment:checking '/Bt/install/play_motion2/lib/python3.12/site-packages'
[25.149s] Level 1:colcon.colcon_core.environment:checking '/Bt/install/play_motion2/bin'
[25.150s] INFO:colcon.colcon_core.shell:Creating package script '/Bt/install/play_motion2/share/play_motion2/package.ps1'
[25.155s] INFO:colcon.colcon_core.shell:Creating package descriptor '/Bt/install/play_motion2/share/play_motion2/package.dsv'
[25.157s] INFO:colcon.colcon_core.shell:Creating package script '/Bt/install/play_motion2/share/play_motion2/package.sh'
[25.160s] INFO:colcon.colcon_core.shell:Creating package script '/Bt/install/play_motion2/share/play_motion2/package.bash'
[25.162s] INFO:colcon.colcon_core.shell:Creating package script '/Bt/install/play_motion2/share/play_motion2/package.zsh'
[25.164s] Level 1:colcon.colcon_core.environment:create_file_with_runtime_dependencies(/Bt/install/play_motion2/share/colcon-core/packages/play_motion2)
[25.166s] Level 1:colcon.colcon_core.environment:checking '/Bt/install/ros2_aruco' for CMake module files
[25.171s] DEBUG:colcon.colcon_core.event_handler.log_command:Invoked command in '/Bt/ThirdParty/ros2_aruco/ros2_aruco' returned '0': PYTHONPATH=/Bt/build/ros2_aruco/prefix_override:/usr/lib/python3/dist-packages/colcon_core/task/python/colcon_distutils_commands:/Bt/install/ros2_aruco/lib/python3.12/site-packages:${PYTHONPATH} /usr/bin/python3 -W ignore:setup.py install is deprecated -W ignore:easy_install command is deprecated setup.py egg_info --egg-base ../../../build/ros2_aruco build --build-base /Bt/build/ros2_aruco/build install --record /Bt/build/ros2_aruco/install.log --single-version-externally-managed install_data
[25.172s] Level 1:colcon.colcon_core.environment:checking '/Bt/install/ros2_aruco' for CMake config files
[25.174s] Level 1:colcon.colcon_core.environment:checking '/Bt/install/ros2_aruco/lib'
[25.174s] Level 1:colcon.colcon_core.environment:checking '/Bt/install/ros2_aruco/bin'
[25.174s] Level 1:colcon.colcon_core.environment:checking '/Bt/install/ros2_aruco/lib/pkgconfig/ros2_aruco.pc'
[25.175s] Level 1:colcon.colcon_core.environment:checking '/Bt/install/ros2_aruco/lib/python3.12/site-packages'
[25.175s] Level 1:colcon.colcon_core.shell:create_environment_hook('ros2_aruco', 'pythonpath')
[25.176s] INFO:colcon.colcon_core.shell:Creating environment hook '/Bt/install/ros2_aruco/share/ros2_aruco/hook/pythonpath.ps1'
[25.177s] INFO:colcon.colcon_core.shell:Creating environment descriptor '/Bt/install/ros2_aruco/share/ros2_aruco/hook/pythonpath.dsv'
[25.178s] INFO:colcon.colcon_core.shell:Creating environment hook '/Bt/install/ros2_aruco/share/ros2_aruco/hook/pythonpath.sh'
[25.181s] Level 1:colcon.colcon_core.environment:checking '/Bt/install/ros2_aruco/bin'
[25.181s] Level 1:colcon.colcon_core.environment:create_environment_scripts_only(ros2_aruco)
[25.182s] INFO:colcon.colcon_core.shell:Creating package script '/Bt/install/ros2_aruco/share/ros2_aruco/package.ps1'
[25.183s] INFO:colcon.colcon_core.shell:Creating package descriptor '/Bt/install/ros2_aruco/share/ros2_aruco/package.dsv'
[25.184s] INFO:colcon.colcon_core.shell:Creating package script '/Bt/install/ros2_aruco/share/ros2_aruco/package.sh'
[25.185s] INFO:colcon.colcon_core.shell:Creating package script '/Bt/install/ros2_aruco/share/ros2_aruco/package.bash'
[25.186s] INFO:colcon.colcon_core.shell:Creating package script '/Bt/install/ros2_aruco/share/ros2_aruco/package.zsh'
[25.205s] Level 1:colcon.colcon_core.environment:create_file_with_runtime_dependencies(/Bt/install/ros2_aruco/share/colcon-core/packages/ros2_aruco)
[25.207s] INFO:colcon.colcon_ros.task.ament_python.build:Building ROS package in '/Bt/ThirdParty/grab2/grab2_curobo_planner' with build type 'ament_python'
[25.208s] Level 1:colcon.colcon_core.shell:create_environment_hook('grab2_curobo_planner', 'ament_prefix_path')
[25.208s] INFO:colcon.colcon_core.shell:Creating environment hook '/Bt/install/grab2_curobo_planner/share/grab2_curobo_planner/hook/ament_prefix_path.ps1'
[25.210s] INFO:colcon.colcon_core.shell:Creating environment descriptor '/Bt/install/grab2_curobo_planner/share/grab2_curobo_planner/hook/ament_prefix_path.dsv'
[25.211s] INFO:colcon.colcon_core.shell:Creating environment hook '/Bt/install/grab2_curobo_planner/share/grab2_curobo_planner/hook/ament_prefix_path.sh'
[25.213s] INFO:colcon.colcon_core.shell:Skip shell extension 'powershell' for command environment: Not usable outside of PowerShell
[25.213s] DEBUG:colcon.colcon_core.shell:Skip shell extension 'dsv' for command environment
[25.224s] INFO:colcon.colcon_ros.task.ament_cmake.build:Building ROS package in '/Bt/ThirdParty/yolo_ros/yolo_bringup' with build type 'ament_cmake'
[25.224s] INFO:colcon.colcon_cmake.task.cmake.build:Building CMake package in '/Bt/ThirdParty/yolo_ros/yolo_bringup'
[25.225s] INFO:colcon.colcon_core.shell:Skip shell extension 'powershell' for command environment: Not usable outside of PowerShell
[25.225s] DEBUG:colcon.colcon_core.shell:Skip shell extension 'dsv' for command environment
[25.241s] Level 1:colcon.colcon_core.environment:checking '/Bt/install/launch_pal' for CMake module files
[25.242s] DEBUG:colcon.colcon_core.event_handler.log_command:Invoked command in '/Bt/ThirdParty/launch_pal' returned '0': PYTHONPATH=/Bt/build/launch_pal/prefix_override:/usr/lib/python3/dist-packages/colcon_core/task/python/colcon_distutils_commands:/Bt/install/launch_pal/lib/python3.12/site-packages:${PYTHONPATH} /usr/bin/python3 -W ignore:setup.py install is deprecated -W ignore:easy_install command is deprecated setup.py egg_info --egg-base ../../build/launch_pal build --build-base /Bt/build/launch_pal/build install --record /Bt/build/launch_pal/install.log --single-version-externally-managed install_data
[25.244s] Level 1:colcon.colcon_core.environment:checking '/Bt/install/launch_pal' for CMake config files
[25.247s] Level 1:colcon.colcon_core.environment:checking '/Bt/install/launch_pal/lib'
[25.247s] Level 1:colcon.colcon_core.environment:checking '/Bt/install/launch_pal/bin'
[25.247s] Level 1:colcon.colcon_core.environment:checking '/Bt/install/launch_pal/lib/pkgconfig/launch_pal.pc'
[25.248s] Level 1:colcon.colcon_core.environment:checking '/Bt/install/launch_pal/lib/python3.12/site-packages'
[25.248s] Level 1:colcon.colcon_core.shell:create_environment_hook('launch_pal', 'pythonpath')
[25.249s] INFO:colcon.colcon_core.shell:Creating environment hook '/Bt/install/launch_pal/share/launch_pal/hook/pythonpath.ps1'
[25.250s] INFO:colcon.colcon_core.shell:Creating environment descriptor '/Bt/install/launch_pal/share/launch_pal/hook/pythonpath.dsv'
[25.251s] INFO:colcon.colcon_core.shell:Creating environment hook '/Bt/install/launch_pal/share/launch_pal/hook/pythonpath.sh'
[25.253s] Level 1:colcon.colcon_core.environment:checking '/Bt/install/launch_pal/bin'
[25.253s] Level 1:colcon.colcon_core.environment:create_environment_scripts_only(launch_pal)
[25.254s] INFO:colcon.colcon_core.shell:Creating package script '/Bt/install/launch_pal/share/launch_pal/package.ps1'
[25.255s] INFO:colcon.colcon_core.shell:Creating package descriptor '/Bt/install/launch_pal/share/launch_pal/package.dsv'
[25.257s] INFO:colcon.colcon_core.shell:Creating package script '/Bt/install/launch_pal/share/launch_pal/package.sh'
[25.258s] INFO:colcon.colcon_core.shell:Creating package script '/Bt/install/launch_pal/share/launch_pal/package.bash'
[25.276s] INFO:colcon.colcon_core.shell:Creating package script '/Bt/install/launch_pal/share/launch_pal/package.zsh'
[25.277s] Level 1:colcon.colcon_core.environment:create_file_with_runtime_dependencies(/Bt/install/launch_pal/share/colcon-core/packages/launch_pal)
[25.280s] INFO:colcon.colcon_ros.task.ament_cmake.build:Building ROS package in '/Bt/ThirdParty/tiago_omni_base/omni_base_description' with build type 'ament_cmake'
[25.281s] INFO:colcon.colcon_cmake.task.cmake.build:Building CMake package in '/Bt/ThirdParty/tiago_omni_base/omni_base_description'
[25.281s] INFO:colcon.colcon_core.shell:Skip shell extension 'powershell' for command environment: Not usable outside of PowerShell
[25.282s] DEBUG:colcon.colcon_core.shell:Skip shell extension 'dsv' for command environment
[25.686s] INFO:colcon.colcon_core.task.python.build:Building Python package in '/Bt/ThirdParty/grab2/grab2_curobo_planner'
[25.686s] INFO:colcon.colcon_core.shell:Skip shell extension 'powershell' for command environment: Not usable outside of PowerShell
[25.686s] DEBUG:colcon.colcon_core.shell:Skip shell extension 'dsv' for command environment
[25.856s] DEBUG:colcon.colcon_core.event_handler.log_command:Invoking command in '/Bt/build/yolo_bringup': AMENT_PREFIX_PATH=/Bt/install/yolo_ros:/Bt/install/yolo_msgs:${AMENT_PREFIX_PATH} CMAKE_PREFIX_PATH=/Bt/install/yolo_msgs:/opt/ros/jazzy/opt/gz_sim_vendor:/opt/ros/jazzy/opt/gz_sensors_vendor:/opt/ros/jazzy/opt/gz_physics_vendor:/opt/ros/jazzy/opt/sdformat_vendor:/opt/ros/jazzy/opt/gz_gui_vendor:/opt/ros/jazzy/opt/gz_transport_vendor:/opt/ros/jazzy/opt/gz_rendering_vendor:/opt/ros/jazzy/opt/gz_plugin_vendor:/opt/ros/jazzy/opt/gz_fuel_tools_vendor:/opt/ros/jazzy/opt/gz_msgs_vendor:/opt/ros/jazzy/opt/gz_common_vendor:/opt/ros/jazzy/opt/gz_math_vendor:/opt/ros/jazzy/opt/gz_utils_vendor:/opt/ros/jazzy/opt/gz_tools_vendor:/opt/ros/jazzy/opt/gz_ogre_next_vendor:/opt/ros/jazzy/opt/gz_dartsim_vendor:/opt/ros/jazzy/opt/gz_cmake_vendor:/opt/ros/jazzy LD_LIBRARY_PATH=/Bt/install/yolo_msgs/lib:${LD_LIBRARY_PATH} PYTHONPATH=/Bt/install/yolo_ros/lib/python3.12/site-packages:/Bt/install/yolo_msgs/lib/python3.12/site-packages:${PYTHONPATH} /usr/bin/cmake --build /Bt/build/yolo_bringup -- -j8 -l8
[25.910s] DEBUG:colcon.colcon_core.event_handler.log_command:Invoking command in '/Bt/build/omni_base_description': AMENT_PREFIX_PATH=/Bt/install/pal_urdf_utils:/Bt/install/launch_pal:${AMENT_PREFIX_PATH} CMAKE_PREFIX_PATH=/Bt/install/pal_urdf_utils:/opt/ros/jazzy/opt/gz_sim_vendor:/opt/ros/jazzy/opt/gz_sensors_vendor:/opt/ros/jazzy/opt/gz_physics_vendor:/opt/ros/jazzy/opt/sdformat_vendor:/opt/ros/jazzy/opt/gz_gui_vendor:/opt/ros/jazzy/opt/gz_transport_vendor:/opt/ros/jazzy/opt/gz_rendering_vendor:/opt/ros/jazzy/opt/gz_plugin_vendor:/opt/ros/jazzy/opt/gz_fuel_tools_vendor:/opt/ros/jazzy/opt/gz_msgs_vendor:/opt/ros/jazzy/opt/gz_common_vendor:/opt/ros/jazzy/opt/gz_math_vendor:/opt/ros/jazzy/opt/gz_utils_vendor:/opt/ros/jazzy/opt/gz_tools_vendor:/opt/ros/jazzy/opt/gz_ogre_next_vendor:/opt/ros/jazzy/opt/gz_dartsim_vendor:/opt/ros/jazzy/opt/gz_cmake_vendor:/opt/ros/jazzy PYTHONPATH=/Bt/install/launch_pal/lib/python3.12/site-packages:${PYTHONPATH} /usr/bin/cmake --build /Bt/build/omni_base_description -- -j8 -l8
[25.910s] DEBUG:colcon.colcon_core.event_handler.log_command:Invoked command in '/Bt/build/grab2_behavior_tree' returned '0': AMENT_PREFIX_PATH=/Bt/install/grab2_msgs:/Bt/install/behaviortree_ros2:/Bt/install/btcpp_ros2_interfaces:${AMENT_PREFIX_PATH} CMAKE_PREFIX_PATH=/Bt/install/grab2_msgs:/Bt/install/behaviortree_ros2:/Bt/install/btcpp_ros2_interfaces:/opt/ros/jazzy/opt/gz_sim_vendor:/opt/ros/jazzy/opt/gz_sensors_vendor:/opt/ros/jazzy/opt/gz_physics_vendor:/opt/ros/jazzy/opt/sdformat_vendor:/opt/ros/jazzy/opt/gz_gui_vendor:/opt/ros/jazzy/opt/gz_transport_vendor:/opt/ros/jazzy/opt/gz_rendering_vendor:/opt/ros/jazzy/opt/gz_plugin_vendor:/opt/ros/jazzy/opt/gz_fuel_tools_vendor:/opt/ros/jazzy/opt/gz_msgs_vendor:/opt/ros/jazzy/opt/gz_common_vendor:/opt/ros/jazzy/opt/gz_math_vendor:/opt/ros/jazzy/opt/gz_utils_vendor:/opt/ros/jazzy/opt/gz_tools_vendor:/opt/ros/jazzy/opt/gz_ogre_next_vendor:/opt/ros/jazzy/opt/gz_dartsim_vendor:/opt/ros/jazzy/opt/gz_cmake_vendor:/opt/ros/jazzy LD_LIBRARY_PATH=/Bt/install/grab2_msgs/lib:/Bt/install/behaviortree_ros2/lib:/Bt/install/btcpp_ros2_interfaces/lib:${LD_LIBRARY_PATH} PYTHONPATH=/Bt/install/grab2_msgs/lib/python3.12/site-packages:/Bt/install/btcpp_ros2_interfaces/lib/python3.12/site-packages:${PYTHONPATH} /usr/bin/cmake --build /Bt/build/grab2_behavior_tree -- -j8 -l8
[25.924s] DEBUG:colcon.colcon_core.event_handler.log_command:Invoking command in '/Bt/build/grab2_behavior_tree': AMENT_PREFIX_PATH=/Bt/install/grab2_msgs:/Bt/install/behaviortree_ros2:/Bt/install/btcpp_ros2_interfaces:${AMENT_PREFIX_PATH} CMAKE_PREFIX_PATH=/Bt/install/grab2_msgs:/Bt/install/behaviortree_ros2:/Bt/install/btcpp_ros2_interfaces:/opt/ros/jazzy/opt/gz_sim_vendor:/opt/ros/jazzy/opt/gz_sensors_vendor:/opt/ros/jazzy/opt/gz_physics_vendor:/opt/ros/jazzy/opt/sdformat_vendor:/opt/ros/jazzy/opt/gz_gui_vendor:/opt/ros/jazzy/opt/gz_transport_vendor:/opt/ros/jazzy/opt/gz_rendering_vendor:/opt/ros/jazzy/opt/gz_plugin_vendor:/opt/ros/jazzy/opt/gz_fuel_tools_vendor:/opt/ros/jazzy/opt/gz_msgs_vendor:/opt/ros/jazzy/opt/gz_common_vendor:/opt/ros/jazzy/opt/gz_math_vendor:/opt/ros/jazzy/opt/gz_utils_vendor:/opt/ros/jazzy/opt/gz_tools_vendor:/opt/ros/jazzy/opt/gz_ogre_next_vendor:/opt/ros/jazzy/opt/gz_dartsim_vendor:/opt/ros/jazzy/opt/gz_cmake_vendor:/opt/ros/jazzy LD_LIBRARY_PATH=/Bt/install/grab2_msgs/lib:/Bt/install/behaviortree_ros2/lib:/Bt/install/btcpp_ros2_interfaces/lib:${LD_LIBRARY_PATH} PYTHONPATH=/Bt/install/grab2_msgs/lib/python3.12/site-packages:/Bt/install/btcpp_ros2_interfaces/lib/python3.12/site-packages:${PYTHONPATH} /usr/bin/cmake --install /Bt/build/grab2_behavior_tree
[25.924s] DEBUG:colcon.colcon_core.event_handler.log_command:Invoked command in '/Bt/build/grab2_bt_grabber' returned '0': AMENT_PREFIX_PATH=/Bt/install/grab2_ros_common:/Bt/install/grab2_msgs:/Bt/install/behaviortree_ros2:/Bt/install/btcpp_ros2_interfaces:${AMENT_PREFIX_PATH} CMAKE_PREFIX_PATH=/Bt/install/grab2_ros_common:/Bt/install/grab2_msgs:/Bt/install/behaviortree_ros2:/Bt/install/btcpp_ros2_interfaces:/opt/ros/jazzy/opt/gz_sim_vendor:/opt/ros/jazzy/opt/gz_sensors_vendor:/opt/ros/jazzy/opt/gz_physics_vendor:/opt/ros/jazzy/opt/sdformat_vendor:/opt/ros/jazzy/opt/gz_gui_vendor:/opt/ros/jazzy/opt/gz_transport_vendor:/opt/ros/jazzy/opt/gz_rendering_vendor:/opt/ros/jazzy/opt/gz_plugin_vendor:/opt/ros/jazzy/opt/gz_fuel_tools_vendor:/opt/ros/jazzy/opt/gz_msgs_vendor:/opt/ros/jazzy/opt/gz_common_vendor:/opt/ros/jazzy/opt/gz_math_vendor:/opt/ros/jazzy/opt/gz_utils_vendor:/opt/ros/jazzy/opt/gz_tools_vendor:/opt/ros/jazzy/opt/gz_ogre_next_vendor:/opt/ros/jazzy/opt/gz_dartsim_vendor:/opt/ros/jazzy/opt/gz_cmake_vendor:/opt/ros/jazzy LD_LIBRARY_PATH=/Bt/install/grab2_msgs/lib:/Bt/install/behaviortree_ros2/lib:/Bt/install/btcpp_ros2_interfaces/lib:${LD_LIBRARY_PATH} PYTHONPATH=/Bt/install/grab2_msgs/lib/python3.12/site-packages:/Bt/install/btcpp_ros2_interfaces/lib/python3.12/site-packages:${PYTHONPATH} /usr/bin/cmake --build /Bt/build/grab2_bt_grabber -- -j8 -l8
[25.938s] DEBUG:colcon.colcon_core.event_handler.log_command:Invoking command in '/Bt/build/grab2_bt_grabber': AMENT_PREFIX_PATH=/Bt/install/grab2_ros_common:/Bt/install/grab2_msgs:/Bt/install/behaviortree_ros2:/Bt/install/btcpp_ros2_interfaces:${AMENT_PREFIX_PATH} CMAKE_PREFIX_PATH=/Bt/install/grab2_ros_common:/Bt/install/grab2_msgs:/Bt/install/behaviortree_ros2:/Bt/install/btcpp_ros2_interfaces:/opt/ros/jazzy/opt/gz_sim_vendor:/opt/ros/jazzy/opt/gz_sensors_vendor:/opt/ros/jazzy/opt/gz_physics_vendor:/opt/ros/jazzy/opt/sdformat_vendor:/opt/ros/jazzy/opt/gz_gui_vendor:/opt/ros/jazzy/opt/gz_transport_vendor:/opt/ros/jazzy/opt/gz_rendering_vendor:/opt/ros/jazzy/opt/gz_plugin_vendor:/opt/ros/jazzy/opt/gz_fuel_tools_vendor:/opt/ros/jazzy/opt/gz_msgs_vendor:/opt/ros/jazzy/opt/gz_common_vendor:/opt/ros/jazzy/opt/gz_math_vendor:/opt/ros/jazzy/opt/gz_utils_vendor:/opt/ros/jazzy/opt/gz_tools_vendor:/opt/ros/jazzy/opt/gz_ogre_next_vendor:/opt/ros/jazzy/opt/gz_dartsim_vendor:/opt/ros/jazzy/opt/gz_cmake_vendor:/opt/ros/jazzy LD_LIBRARY_PATH=/Bt/install/grab2_msgs/lib:/Bt/install/behaviortree_ros2/lib:/Bt/install/btcpp_ros2_interfaces/lib:${LD_LIBRARY_PATH} PYTHONPATH=/Bt/install/grab2_msgs/lib/python3.12/site-packages:/Bt/install/btcpp_ros2_interfaces/lib/python3.12/site-packages:${PYTHONPATH} /usr/bin/cmake --install /Bt/build/grab2_bt_grabber
[25.941s] DEBUG:colcon.colcon_core.event_handler.log_command:Invoked command in '/Bt/build/grab2_planner' returned '0': AMENT_PREFIX_PATH=/Bt/install/grab2_ros_common:/Bt/install/grab2_msgs:/Bt/install/behaviortree_ros2:/Bt/install/btcpp_ros2_interfaces:${AMENT_PREFIX_PATH} CMAKE_PREFIX_PATH=/Bt/install/grab2_ros_common:/Bt/install/grab2_msgs:/Bt/install/behaviortree_ros2:/Bt/install/btcpp_ros2_interfaces:/opt/ros/jazzy/opt/gz_sim_vendor:/opt/ros/jazzy/opt/gz_sensors_vendor:/opt/ros/jazzy/opt/gz_physics_vendor:/opt/ros/jazzy/opt/sdformat_vendor:/opt/ros/jazzy/opt/gz_gui_vendor:/opt/ros/jazzy/opt/gz_transport_vendor:/opt/ros/jazzy/opt/gz_rendering_vendor:/opt/ros/jazzy/opt/gz_plugin_vendor:/opt/ros/jazzy/opt/gz_fuel_tools_vendor:/opt/ros/jazzy/opt/gz_msgs_vendor:/opt/ros/jazzy/opt/gz_common_vendor:/opt/ros/jazzy/opt/gz_math_vendor:/opt/ros/jazzy/opt/gz_utils_vendor:/opt/ros/jazzy/opt/gz_tools_vendor:/opt/ros/jazzy/opt/gz_ogre_next_vendor:/opt/ros/jazzy/opt/gz_dartsim_vendor:/opt/ros/jazzy/opt/gz_cmake_vendor:/opt/ros/jazzy LD_LIBRARY_PATH=/Bt/install/grab2_msgs/lib:/Bt/install/behaviortree_ros2/lib:/Bt/install/btcpp_ros2_interfaces/lib:${LD_LIBRARY_PATH} PYTHONPATH=/Bt/install/grab2_msgs/lib/python3.12/site-packages:/Bt/install/btcpp_ros2_interfaces/lib/python3.12/site-packages:${PYTHONPATH} /usr/bin/cmake --build /Bt/build/grab2_planner -- -j8 -l8
[25.965s] DEBUG:colcon.colcon_core.event_handler.log_command:Invoking command in '/Bt/build/grab2_planner': AMENT_PREFIX_PATH=/Bt/install/grab2_ros_common:/Bt/install/grab2_msgs:/Bt/install/behaviortree_ros2:/Bt/install/btcpp_ros2_interfaces:${AMENT_PREFIX_PATH} CMAKE_PREFIX_PATH=/Bt/install/grab2_ros_common:/Bt/install/grab2_msgs:/Bt/install/behaviortree_ros2:/Bt/install/btcpp_ros2_interfaces:/opt/ros/jazzy/opt/gz_sim_vendor:/opt/ros/jazzy/opt/gz_sensors_vendor:/opt/ros/jazzy/opt/gz_physics_vendor:/opt/ros/jazzy/opt/sdformat_vendor:/opt/ros/jazzy/opt/gz_gui_vendor:/opt/ros/jazzy/opt/gz_transport_vendor:/opt/ros/jazzy/opt/gz_rendering_vendor:/opt/ros/jazzy/opt/gz_plugin_vendor:/opt/ros/jazzy/opt/gz_fuel_tools_vendor:/opt/ros/jazzy/opt/gz_msgs_vendor:/opt/ros/jazzy/opt/gz_common_vendor:/opt/ros/jazzy/opt/gz_math_vendor:/opt/ros/jazzy/opt/gz_utils_vendor:/opt/ros/jazzy/opt/gz_tools_vendor:/opt/ros/jazzy/opt/gz_ogre_next_vendor:/opt/ros/jazzy/opt/gz_dartsim_vendor:/opt/ros/jazzy/opt/gz_cmake_vendor:/opt/ros/jazzy LD_LIBRARY_PATH=/Bt/install/grab2_msgs/lib:/Bt/install/behaviortree_ros2/lib:/Bt/install/btcpp_ros2_interfaces/lib:${LD_LIBRARY_PATH} PYTHONPATH=/Bt/install/grab2_msgs/lib/python3.12/site-packages:/Bt/install/btcpp_ros2_interfaces/lib/python3.12/site-packages:${PYTHONPATH} /usr/bin/cmake --install /Bt/build/grab2_planner
[25.974s] DEBUG:colcon.colcon_core.event_handler.log_command:Invoked command in '/Bt/build/yolo_bringup' returned '0': AMENT_PREFIX_PATH=/Bt/install/yolo_ros:/Bt/install/yolo_msgs:${AMENT_PREFIX_PATH} CMAKE_PREFIX_PATH=/Bt/install/yolo_msgs:/opt/ros/jazzy/opt/gz_sim_vendor:/opt/ros/jazzy/opt/gz_sensors_vendor:/opt/ros/jazzy/opt/gz_physics_vendor:/opt/ros/jazzy/opt/sdformat_vendor:/opt/ros/jazzy/opt/gz_gui_vendor:/opt/ros/jazzy/opt/gz_transport_vendor:/opt/ros/jazzy/opt/gz_rendering_vendor:/opt/ros/jazzy/opt/gz_plugin_vendor:/opt/ros/jazzy/opt/gz_fuel_tools_vendor:/opt/ros/jazzy/opt/gz_msgs_vendor:/opt/ros/jazzy/opt/gz_common_vendor:/opt/ros/jazzy/opt/gz_math_vendor:/opt/ros/jazzy/opt/gz_utils_vendor:/opt/ros/jazzy/opt/gz_tools_vendor:/opt/ros/jazzy/opt/gz_ogre_next_vendor:/opt/ros/jazzy/opt/gz_dartsim_vendor:/opt/ros/jazzy/opt/gz_cmake_vendor:/opt/ros/jazzy LD_LIBRARY_PATH=/Bt/install/yolo_msgs/lib:${LD_LIBRARY_PATH} PYTHONPATH=/Bt/install/yolo_ros/lib/python3.12/site-packages:/Bt/install/yolo_msgs/lib/python3.12/site-packages:${PYTHONPATH} /usr/bin/cmake --build /Bt/build/yolo_bringup -- -j8 -l8
[26.092s] DEBUG:colcon.colcon_core.event_handler.log_command:Invoking command in '/Bt/build/yolo_bringup': AMENT_PREFIX_PATH=/Bt/install/yolo_ros:/Bt/install/yolo_msgs:${AMENT_PREFIX_PATH} CMAKE_PREFIX_PATH=/Bt/install/yolo_msgs:/opt/ros/jazzy/opt/gz_sim_vendor:/opt/ros/jazzy/opt/gz_sensors_vendor:/opt/ros/jazzy/opt/gz_physics_vendor:/opt/ros/jazzy/opt/sdformat_vendor:/opt/ros/jazzy/opt/gz_gui_vendor:/opt/ros/jazzy/opt/gz_transport_vendor:/opt/ros/jazzy/opt/gz_rendering_vendor:/opt/ros/jazzy/opt/gz_plugin_vendor:/opt/ros/jazzy/opt/gz_fuel_tools_vendor:/opt/ros/jazzy/opt/gz_msgs_vendor:/opt/ros/jazzy/opt/gz_common_vendor:/opt/ros/jazzy/opt/gz_math_vendor:/opt/ros/jazzy/opt/gz_utils_vendor:/opt/ros/jazzy/opt/gz_tools_vendor:/opt/ros/jazzy/opt/gz_ogre_next_vendor:/opt/ros/jazzy/opt/gz_dartsim_vendor:/opt/ros/jazzy/opt/gz_cmake_vendor:/opt/ros/jazzy LD_LIBRARY_PATH=/Bt/install/yolo_msgs/lib:${LD_LIBRARY_PATH} PYTHONPATH=/Bt/install/yolo_ros/lib/python3.12/site-packages:/Bt/install/yolo_msgs/lib/python3.12/site-packages:${PYTHONPATH} /usr/bin/cmake --install /Bt/build/yolo_bringup
[26.173s] Level 1:colcon.colcon_core.environment:create_environment_scripts_only(grab2_bt_grabber)
[26.174s] Level 1:colcon.colcon_core.environment:checking '/Bt/install/grab2_bt_grabber' for CMake module files
[26.174s] DEBUG:colcon.colcon_core.event_handler.log_command:Invoked command in '/Bt/build/grab2_bt_grabber' returned '0': AMENT_PREFIX_PATH=/Bt/install/grab2_ros_common:/Bt/install/grab2_msgs:/Bt/install/behaviortree_ros2:/Bt/install/btcpp_ros2_interfaces:${AMENT_PREFIX_PATH} CMAKE_PREFIX_PATH=/Bt/install/grab2_ros_common:/Bt/install/grab2_msgs:/Bt/install/behaviortree_ros2:/Bt/install/btcpp_ros2_interfaces:/opt/ros/jazzy/opt/gz_sim_vendor:/opt/ros/jazzy/opt/gz_sensors_vendor:/opt/ros/jazzy/opt/gz_physics_vendor:/opt/ros/jazzy/opt/sdformat_vendor:/opt/ros/jazzy/opt/gz_gui_vendor:/opt/ros/jazzy/opt/gz_transport_vendor:/opt/ros/jazzy/opt/gz_rendering_vendor:/opt/ros/jazzy/opt/gz_plugin_vendor:/opt/ros/jazzy/opt/gz_fuel_tools_vendor:/opt/ros/jazzy/opt/gz_msgs_vendor:/opt/ros/jazzy/opt/gz_common_vendor:/opt/ros/jazzy/opt/gz_math_vendor:/opt/ros/jazzy/opt/gz_utils_vendor:/opt/ros/jazzy/opt/gz_tools_vendor:/opt/ros/jazzy/opt/gz_ogre_next_vendor:/opt/ros/jazzy/opt/gz_dartsim_vendor:/opt/ros/jazzy/opt/gz_cmake_vendor:/opt/ros/jazzy LD_LIBRARY_PATH=/Bt/install/grab2_msgs/lib:/Bt/install/behaviortree_ros2/lib:/Bt/install/btcpp_ros2_interfaces/lib:${LD_LIBRARY_PATH} PYTHONPATH=/Bt/install/grab2_msgs/lib/python3.12/site-packages:/Bt/install/btcpp_ros2_interfaces/lib/python3.12/site-packages:${PYTHONPATH} /usr/bin/cmake --install /Bt/build/grab2_bt_grabber
[26.177s] Level 1:colcon.colcon_core.environment:checking '/Bt/install/grab2_bt_grabber' for CMake config files
[26.177s] Level 1:colcon.colcon_core.shell:create_environment_hook('grab2_bt_grabber', 'cmake_prefix_path')
[26.177s] INFO:colcon.colcon_core.shell:Creating environment hook '/Bt/install/grab2_bt_grabber/share/grab2_bt_grabber/hook/cmake_prefix_path.ps1'
[26.177s] INFO:colcon.colcon_core.shell:Creating environment descriptor '/Bt/install/grab2_bt_grabber/share/grab2_bt_grabber/hook/cmake_prefix_path.dsv'
[26.178s] INFO:colcon.colcon_core.shell:Creating environment hook '/Bt/install/grab2_bt_grabber/share/grab2_bt_grabber/hook/cmake_prefix_path.sh'
[26.178s] Level 1:colcon.colcon_core.environment:checking '/Bt/install/grab2_bt_grabber/lib'
[26.178s] Level 1:colcon.colcon_core.environment:checking '/Bt/install/grab2_bt_grabber/bin'
[26.178s] Level 1:colcon.colcon_core.environment:checking '/Bt/install/grab2_bt_grabber/lib/pkgconfig/grab2_bt_grabber.pc'
[26.179s] Level 1:colcon.colcon_core.environment:checking '/Bt/install/grab2_bt_grabber/lib/python3.12/site-packages'
[26.179s] Level 1:colcon.colcon_core.environment:checking '/Bt/install/grab2_bt_grabber/bin'
[26.179s] INFO:colcon.colcon_core.shell:Creating package script '/Bt/install/grab2_bt_grabber/share/grab2_bt_grabber/package.ps1'
[26.180s] INFO:colcon.colcon_core.shell:Creating package descriptor '/Bt/install/grab2_bt_grabber/share/grab2_bt_grabber/package.dsv'
[26.180s] INFO:colcon.colcon_core.shell:Creating package script '/Bt/install/grab2_bt_grabber/share/grab2_bt_grabber/package.sh'
[26.180s] INFO:colcon.colcon_core.shell:Creating package script '/Bt/install/grab2_bt_grabber/share/grab2_bt_grabber/package.bash'
[26.182s] INFO:colcon.colcon_core.shell:Creating package script '/Bt/install/grab2_bt_grabber/share/grab2_bt_grabber/package.zsh'
[26.182s] Level 1:colcon.colcon_core.environment:create_file_with_runtime_dependencies(/Bt/install/grab2_bt_grabber/share/colcon-core/packages/grab2_bt_grabber)
[26.183s] Level 1:colcon.colcon_core.environment:create_environment_scripts_only(grab2_bt_grabber)
[26.183s] Level 1:colcon.colcon_core.environment:checking '/Bt/install/grab2_bt_grabber' for CMake module files
[26.184s] Level 1:colcon.colcon_core.environment:checking '/Bt/install/grab2_bt_grabber' for CMake config files
[26.184s] Level 1:colcon.colcon_core.shell:create_environment_hook('grab2_bt_grabber', 'cmake_prefix_path')
[26.184s] INFO:colcon.colcon_core.shell:Creating environment hook '/Bt/install/grab2_bt_grabber/share/grab2_bt_grabber/hook/cmake_prefix_path.ps1'
[26.185s] INFO:colcon.colcon_core.shell:Creating environment descriptor '/Bt/install/grab2_bt_grabber/share/grab2_bt_grabber/hook/cmake_prefix_path.dsv'
[26.185s] INFO:colcon.colcon_core.shell:Creating environment hook '/Bt/install/grab2_bt_grabber/share/grab2_bt_grabber/hook/cmake_prefix_path.sh'
[26.185s] Level 1:colcon.colcon_core.environment:checking '/Bt/install/grab2_bt_grabber/lib'
[26.185s] Level 1:colcon.colcon_core.environment:checking '/Bt/install/grab2_bt_grabber/bin'
[26.186s] Level 1:colcon.colcon_core.environment:checking '/Bt/install/grab2_bt_grabber/lib/pkgconfig/grab2_bt_grabber.pc'
[26.186s] Level 1:colcon.colcon_core.environment:checking '/Bt/install/grab2_bt_grabber/lib/python3.12/site-packages'
[26.186s] Level 1:colcon.colcon_core.environment:checking '/Bt/install/grab2_bt_grabber/bin'
[26.186s] INFO:colcon.colcon_core.shell:Creating package script '/Bt/install/grab2_bt_grabber/share/grab2_bt_grabber/package.ps1'
[26.210s] INFO:colcon.colcon_core.shell:Creating package descriptor '/Bt/install/grab2_bt_grabber/share/grab2_bt_grabber/package.dsv'
[26.212s] INFO:colcon.colcon_core.shell:Creating package script '/Bt/install/grab2_bt_grabber/share/grab2_bt_grabber/package.sh'
[26.213s] INFO:colcon.colcon_core.shell:Creating package script '/Bt/install/grab2_bt_grabber/share/grab2_bt_grabber/package.bash'
[26.213s] INFO:colcon.colcon_core.shell:Creating package script '/Bt/install/grab2_bt_grabber/share/grab2_bt_grabber/package.zsh'
[26.214s] Level 1:colcon.colcon_core.environment:create_file_with_runtime_dependencies(/Bt/install/grab2_bt_grabber/share/colcon-core/packages/grab2_bt_grabber)
[26.214s] INFO:colcon.colcon_ros.task.ament_cmake.build:Building ROS package in '/Bt/ThirdParty/pmb2_robot/pmb2_description' with build type 'ament_cmake'
[26.215s] INFO:colcon.colcon_cmake.task.cmake.build:Building CMake package in '/Bt/ThirdParty/pmb2_robot/pmb2_description'
[26.215s] INFO:colcon.colcon_core.shell:Skip shell extension 'powershell' for command environment: Not usable outside of PowerShell
[26.215s] DEBUG:colcon.colcon_core.shell:Skip shell extension 'dsv' for command environment
[26.227s] Level 1:colcon.colcon_core.environment:create_environment_scripts_only(yolo_bringup)
[26.227s] Level 1:colcon.colcon_core.environment:checking '/Bt/install/yolo_bringup' for CMake module files
[26.228s] DEBUG:colcon.colcon_core.event_handler.log_command:Invoked command in '/Bt/build/yolo_bringup' returned '0': AMENT_PREFIX_PATH=/Bt/install/yolo_ros:/Bt/install/yolo_msgs:${AMENT_PREFIX_PATH} CMAKE_PREFIX_PATH=/Bt/install/yolo_msgs:/opt/ros/jazzy/opt/gz_sim_vendor:/opt/ros/jazzy/opt/gz_sensors_vendor:/opt/ros/jazzy/opt/gz_physics_vendor:/opt/ros/jazzy/opt/sdformat_vendor:/opt/ros/jazzy/opt/gz_gui_vendor:/opt/ros/jazzy/opt/gz_transport_vendor:/opt/ros/jazzy/opt/gz_rendering_vendor:/opt/ros/jazzy/opt/gz_plugin_vendor:/opt/ros/jazzy/opt/gz_fuel_tools_vendor:/opt/ros/jazzy/opt/gz_msgs_vendor:/opt/ros/jazzy/opt/gz_common_vendor:/opt/ros/jazzy/opt/gz_math_vendor:/opt/ros/jazzy/opt/gz_utils_vendor:/opt/ros/jazzy/opt/gz_tools_vendor:/opt/ros/jazzy/opt/gz_ogre_next_vendor:/opt/ros/jazzy/opt/gz_dartsim_vendor:/opt/ros/jazzy/opt/gz_cmake_vendor:/opt/ros/jazzy LD_LIBRARY_PATH=/Bt/install/yolo_msgs/lib:${LD_LIBRARY_PATH} PYTHONPATH=/Bt/install/yolo_ros/lib/python3.12/site-packages:/Bt/install/yolo_msgs/lib/python3.12/site-packages:${PYTHONPATH} /usr/bin/cmake --install /Bt/build/yolo_bringup
[26.228s] Level 1:colcon.colcon_core.environment:checking '/Bt/install/yolo_bringup' for CMake config files
[26.229s] Level 1:colcon.colcon_core.shell:create_environment_hook('yolo_bringup', 'cmake_prefix_path')
[26.229s] INFO:colcon.colcon_core.shell:Creating environment hook '/Bt/install/yolo_bringup/share/yolo_bringup/hook/cmake_prefix_path.ps1'
[26.230s] INFO:colcon.colcon_core.shell:Creating environment descriptor '/Bt/install/yolo_bringup/share/yolo_bringup/hook/cmake_prefix_path.dsv'
[26.230s] INFO:colcon.colcon_core.shell:Creating environment hook '/Bt/install/yolo_bringup/share/yolo_bringup/hook/cmake_prefix_path.sh'
[26.231s] Level 1:colcon.colcon_core.environment:checking '/Bt/install/yolo_bringup/bin'
[26.231s] Level 1:colcon.colcon_core.environment:checking '/Bt/install/yolo_bringup/lib/pkgconfig/yolo_bringup.pc'
[26.231s] Level 1:colcon.colcon_core.environment:checking '/Bt/install/yolo_bringup/lib/python3.12/site-packages'
[26.231s] Level 1:colcon.colcon_core.environment:checking '/Bt/install/yolo_bringup/bin'
[26.232s] INFO:colcon.colcon_core.shell:Creating package script '/Bt/install/yolo_bringup/share/yolo_bringup/package.ps1'
[26.232s] INFO:colcon.colcon_core.shell:Creating package descriptor '/Bt/install/yolo_bringup/share/yolo_bringup/package.dsv'
[26.232s] INFO:colcon.colcon_core.shell:Creating package script '/Bt/install/yolo_bringup/share/yolo_bringup/package.sh'
[26.233s] INFO:colcon.colcon_core.shell:Creating package script '/Bt/install/yolo_bringup/share/yolo_bringup/package.bash'
[26.252s] INFO:colcon.colcon_core.shell:Creating package script '/Bt/install/yolo_bringup/share/yolo_bringup/package.zsh'
[26.252s] Level 1:colcon.colcon_core.environment:create_file_with_runtime_dependencies(/Bt/install/yolo_bringup/share/colcon-core/packages/yolo_bringup)
[26.253s] Level 1:colcon.colcon_core.environment:create_environment_scripts_only(yolo_bringup)
[26.253s] Level 1:colcon.colcon_core.environment:checking '/Bt/install/yolo_bringup' for CMake module files
[26.254s] Level 1:colcon.colcon_core.environment:checking '/Bt/install/yolo_bringup' for CMake config files
[26.254s] Level 1:colcon.colcon_core.shell:create_environment_hook('yolo_bringup', 'cmake_prefix_path')
[26.254s] INFO:colcon.colcon_core.shell:Creating environment hook '/Bt/install/yolo_bringup/share/yolo_bringup/hook/cmake_prefix_path.ps1'
[26.254s] INFO:colcon.colcon_core.shell:Creating environment descriptor '/Bt/install/yolo_bringup/share/yolo_bringup/hook/cmake_prefix_path.dsv'
[26.255s] INFO:colcon.colcon_core.shell:Creating environment hook '/Bt/install/yolo_bringup/share/yolo_bringup/hook/cmake_prefix_path.sh'
[26.255s] Level 1:colcon.colcon_core.environment:checking '/Bt/install/yolo_bringup/bin'
[26.255s] Level 1:colcon.colcon_core.environment:checking '/Bt/install/yolo_bringup/lib/pkgconfig/yolo_bringup.pc'
[26.255s] Level 1:colcon.colcon_core.environment:checking '/Bt/install/yolo_bringup/lib/python3.12/site-packages'
[26.256s] Level 1:colcon.colcon_core.environment:checking '/Bt/install/yolo_bringup/bin'
[26.256s] INFO:colcon.colcon_core.shell:Creating package script '/Bt/install/yolo_bringup/share/yolo_bringup/package.ps1'
[26.256s] INFO:colcon.colcon_core.shell:Creating package descriptor '/Bt/install/yolo_bringup/share/yolo_bringup/package.dsv'
[26.263s] INFO:colcon.colcon_core.shell:Creating package script '/Bt/install/yolo_bringup/share/yolo_bringup/package.sh'
[26.263s] INFO:colcon.colcon_core.shell:Creating package script '/Bt/install/yolo_bringup/share/yolo_bringup/package.bash'
[26.263s] INFO:colcon.colcon_core.shell:Creating package script '/Bt/install/yolo_bringup/share/yolo_bringup/package.zsh'
[26.264s] Level 1:colcon.colcon_core.environment:create_file_with_runtime_dependencies(/Bt/install/yolo_bringup/share/colcon-core/packages/yolo_bringup)
[26.264s] Level 1:colcon.colcon_core.environment:create_environment_scripts_only(grab2_planner)
[26.264s] Level 1:colcon.colcon_core.environment:checking '/Bt/install/grab2_planner' for CMake module files
[26.265s] DEBUG:colcon.colcon_core.event_handler.log_command:Invoked command in '/Bt/build/grab2_planner' returned '0': AMENT_PREFIX_PATH=/Bt/install/grab2_ros_common:/Bt/install/grab2_msgs:/Bt/install/behaviortree_ros2:/Bt/install/btcpp_ros2_interfaces:${AMENT_PREFIX_PATH} CMAKE_PREFIX_PATH=/Bt/install/grab2_ros_common:/Bt/install/grab2_msgs:/Bt/install/behaviortree_ros2:/Bt/install/btcpp_ros2_interfaces:/opt/ros/jazzy/opt/gz_sim_vendor:/opt/ros/jazzy/opt/gz_sensors_vendor:/opt/ros/jazzy/opt/gz_physics_vendor:/opt/ros/jazzy/opt/sdformat_vendor:/opt/ros/jazzy/opt/gz_gui_vendor:/opt/ros/jazzy/opt/gz_transport_vendor:/opt/ros/jazzy/opt/gz_rendering_vendor:/opt/ros/jazzy/opt/gz_plugin_vendor:/opt/ros/jazzy/opt/gz_fuel_tools_vendor:/opt/ros/jazzy/opt/gz_msgs_vendor:/opt/ros/jazzy/opt/gz_common_vendor:/opt/ros/jazzy/opt/gz_math_vendor:/opt/ros/jazzy/opt/gz_utils_vendor:/opt/ros/jazzy/opt/gz_tools_vendor:/opt/ros/jazzy/opt/gz_ogre_next_vendor:/opt/ros/jazzy/opt/gz_dartsim_vendor:/opt/ros/jazzy/opt/gz_cmake_vendor:/opt/ros/jazzy LD_LIBRARY_PATH=/Bt/install/grab2_msgs/lib:/Bt/install/behaviortree_ros2/lib:/Bt/install/btcpp_ros2_interfaces/lib:${LD_LIBRARY_PATH} PYTHONPATH=/Bt/install/grab2_msgs/lib/python3.12/site-packages:/Bt/install/btcpp_ros2_interfaces/lib/python3.12/site-packages:${PYTHONPATH} /usr/bin/cmake --install /Bt/build/grab2_planner
[26.266s] Level 1:colcon.colcon_core.environment:checking '/Bt/install/grab2_planner' for CMake config files
[26.266s] Level 1:colcon.colcon_core.shell:create_environment_hook('grab2_planner', 'cmake_prefix_path')
[26.266s] INFO:colcon.colcon_core.shell:Creating environment hook '/Bt/install/grab2_planner/share/grab2_planner/hook/cmake_prefix_path.ps1'
[26.267s] INFO:colcon.colcon_core.shell:Creating environment descriptor '/Bt/install/grab2_planner/share/grab2_planner/hook/cmake_prefix_path.dsv'
[26.267s] INFO:colcon.colcon_core.shell:Creating environment hook '/Bt/install/grab2_planner/share/grab2_planner/hook/cmake_prefix_path.sh'
[26.267s] Level 1:colcon.colcon_core.environment:checking '/Bt/install/grab2_planner/lib'
[26.267s] Level 1:colcon.colcon_core.shell:create_environment_hook('grab2_planner', 'ld_library_path_lib')
[26.268s] INFO:colcon.colcon_core.shell:Creating environment hook '/Bt/install/grab2_planner/share/grab2_planner/hook/ld_library_path_lib.ps1'
[26.268s] INFO:colcon.colcon_core.shell:Creating environment descriptor '/Bt/install/grab2_planner/share/grab2_planner/hook/ld_library_path_lib.dsv'
[26.268s] INFO:colcon.colcon_core.shell:Creating environment hook '/Bt/install/grab2_planner/share/grab2_planner/hook/ld_library_path_lib.sh'
[26.269s] Level 1:colcon.colcon_core.environment:checking '/Bt/install/grab2_planner/bin'
[26.269s] Level 1:colcon.colcon_core.environment:checking '/Bt/install/grab2_planner/lib/pkgconfig/grab2_planner.pc'
[26.269s] Level 1:colcon.colcon_core.environment:checking '/Bt/install/grab2_planner/lib/python3.12/site-packages'
[26.269s] Level 1:colcon.colcon_core.environment:checking '/Bt/install/grab2_planner/bin'
[26.270s] INFO:colcon.colcon_core.shell:Creating package script '/Bt/install/grab2_planner/share/grab2_planner/package.ps1'
[26.299s] INFO:colcon.colcon_core.shell:Creating package descriptor '/Bt/install/grab2_planner/share/grab2_planner/package.dsv'
[26.300s] INFO:colcon.colcon_core.shell:Creating package script '/Bt/install/grab2_planner/share/grab2_planner/package.sh'
[26.300s] INFO:colcon.colcon_core.shell:Creating package script '/Bt/install/grab2_planner/share/grab2_planner/package.bash'
[26.301s] INFO:colcon.colcon_core.shell:Creating package script '/Bt/install/grab2_planner/share/grab2_planner/package.zsh'
[26.301s] Level 1:colcon.colcon_core.environment:create_file_with_runtime_dependencies(/Bt/install/grab2_planner/share/colcon-core/packages/grab2_planner)
[26.301s] Level 1:colcon.colcon_core.environment:create_environment_scripts_only(grab2_planner)
[26.302s] Level 1:colcon.colcon_core.environment:checking '/Bt/install/grab2_planner' for CMake module files
[26.302s] Level 1:colcon.colcon_core.environment:checking '/Bt/install/grab2_planner' for CMake config files
[26.302s] Level 1:colcon.colcon_core.shell:create_environment_hook('grab2_planner', 'cmake_prefix_path')
[26.303s] INFO:colcon.colcon_core.shell:Creating environment hook '/Bt/install/grab2_planner/share/grab2_planner/hook/cmake_prefix_path.ps1'
[26.303s] INFO:colcon.colcon_core.shell:Creating environment descriptor '/Bt/install/grab2_planner/share/grab2_planner/hook/cmake_prefix_path.dsv'
[26.303s] INFO:colcon.colcon_core.shell:Creating environment hook '/Bt/install/grab2_planner/share/grab2_planner/hook/cmake_prefix_path.sh'
[26.305s] Level 1:colcon.colcon_core.environment:checking '/Bt/install/grab2_planner/lib'
[26.306s] Level 1:colcon.colcon_core.shell:create_environment_hook('grab2_planner', 'ld_library_path_lib')
[26.306s] INFO:colcon.colcon_core.shell:Creating environment hook '/Bt/install/grab2_planner/share/grab2_planner/hook/ld_library_path_lib.ps1'
[26.306s] INFO:colcon.colcon_core.shell:Creating environment descriptor '/Bt/install/grab2_planner/share/grab2_planner/hook/ld_library_path_lib.dsv'
[26.306s] INFO:colcon.colcon_core.shell:Creating environment hook '/Bt/install/grab2_planner/share/grab2_planner/hook/ld_library_path_lib.sh'
[26.307s] Level 1:colcon.colcon_core.environment:checking '/Bt/install/grab2_planner/bin'
[26.307s] Level 1:colcon.colcon_core.environment:checking '/Bt/install/grab2_planner/lib/pkgconfig/grab2_planner.pc'
[26.307s] Level 1:colcon.colcon_core.environment:checking '/Bt/install/grab2_planner/lib/python3.12/site-packages'
[26.307s] Level 1:colcon.colcon_core.environment:checking '/Bt/install/grab2_planner/bin'
[26.308s] INFO:colcon.colcon_core.shell:Creating package script '/Bt/install/grab2_planner/share/grab2_planner/package.ps1'
[26.308s] INFO:colcon.colcon_core.shell:Creating package descriptor '/Bt/install/grab2_planner/share/grab2_planner/package.dsv'
[26.309s] INFO:colcon.colcon_core.shell:Creating package script '/Bt/install/grab2_planner/share/grab2_planner/package.sh'
[26.309s] INFO:colcon.colcon_core.shell:Creating package script '/Bt/install/grab2_planner/share/grab2_planner/package.bash'
[26.309s] INFO:colcon.colcon_core.shell:Creating package script '/Bt/install/grab2_planner/share/grab2_planner/package.zsh'
[26.317s] Level 1:colcon.colcon_core.environment:create_file_with_runtime_dependencies(/Bt/install/grab2_planner/share/colcon-core/packages/grab2_planner)
[26.318s] INFO:colcon.colcon_ros.task.ament_cmake.build:Building ROS package in '/Bt/ThirdParty/pmb2_robot/pmb2_controller_configuration' with build type 'ament_cmake'
[26.318s] INFO:colcon.colcon_cmake.task.cmake.build:Building CMake package in '/Bt/ThirdParty/pmb2_robot/pmb2_controller_configuration'
[26.318s] INFO:colcon.colcon_core.shell:Skip shell extension 'powershell' for command environment: Not usable outside of PowerShell
[26.318s] DEBUG:colcon.colcon_core.shell:Skip shell extension 'dsv' for command environment
[26.322s] INFO:colcon.colcon_ros.task.ament_cmake.build:Building ROS package in '/Bt/ThirdParty/pmb2_navigation/pmb2_2dnav' with build type 'ament_cmake'
[26.322s] INFO:colcon.colcon_cmake.task.cmake.build:Building CMake package in '/Bt/ThirdParty/pmb2_navigation/pmb2_2dnav'
[26.322s] INFO:colcon.colcon_core.shell:Skip shell extension 'powershell' for command environment: Not usable outside of PowerShell
[26.322s] DEBUG:colcon.colcon_core.shell:Skip shell extension 'dsv' for command environment
[26.430s] DEBUG:colcon.colcon_core.event_handler.log_command:Invoking command in '/Bt/build/pmb2_description': AMENT_PREFIX_PATH=/Bt/install/pal_urdf_utils:/Bt/install/launch_pal:${AMENT_PREFIX_PATH} CMAKE_PREFIX_PATH=/Bt/install/pal_urdf_utils:/opt/ros/jazzy/opt/gz_sim_vendor:/opt/ros/jazzy/opt/gz_sensors_vendor:/opt/ros/jazzy/opt/gz_physics_vendor:/opt/ros/jazzy/opt/sdformat_vendor:/opt/ros/jazzy/opt/gz_gui_vendor:/opt/ros/jazzy/opt/gz_transport_vendor:/opt/ros/jazzy/opt/gz_rendering_vendor:/opt/ros/jazzy/opt/gz_plugin_vendor:/opt/ros/jazzy/opt/gz_fuel_tools_vendor:/opt/ros/jazzy/opt/gz_msgs_vendor:/opt/ros/jazzy/opt/gz_common_vendor:/opt/ros/jazzy/opt/gz_math_vendor:/opt/ros/jazzy/opt/gz_utils_vendor:/opt/ros/jazzy/opt/gz_tools_vendor:/opt/ros/jazzy/opt/gz_ogre_next_vendor:/opt/ros/jazzy/opt/gz_dartsim_vendor:/opt/ros/jazzy/opt/gz_cmake_vendor:/opt/ros/jazzy PYTHONPATH=/Bt/install/launch_pal/lib/python3.12/site-packages:${PYTHONPATH} /usr/bin/cmake --build /Bt/build/pmb2_description -- -j8 -l8
[26.538s] DEBUG:colcon.colcon_core.event_handler.log_command:Invoking command in '/Bt/build/pmb2_controller_configuration': AMENT_PREFIX_PATH=/Bt/install/launch_pal:${AMENT_PREFIX_PATH} CMAKE_PREFIX_PATH=${CMAKE_PREFIX_PATH}:/opt/ros/jazzy PYTHONPATH=/Bt/install/launch_pal/lib/python3.12/site-packages:${PYTHONPATH} /usr/bin/cmake --build /Bt/build/pmb2_controller_configuration -- -j8 -l8
[26.588s] DEBUG:colcon.colcon_core.event_handler.log_command:Invoking command in '/Bt/build/pmb2_2dnav': AMENT_PREFIX_PATH=/Bt/install/pal_maps:/Bt/install/launch_pal:${AMENT_PREFIX_PATH} CMAKE_PREFIX_PATH=/Bt/install/pal_maps:/opt/ros/jazzy/opt/gz_sim_vendor:/opt/ros/jazzy/opt/gz_sensors_vendor:/opt/ros/jazzy/opt/gz_physics_vendor:/opt/ros/jazzy/opt/sdformat_vendor:/opt/ros/jazzy/opt/gz_gui_vendor:/opt/ros/jazzy/opt/gz_transport_vendor:/opt/ros/jazzy/opt/gz_rendering_vendor:/opt/ros/jazzy/opt/gz_plugin_vendor:/opt/ros/jazzy/opt/gz_fuel_tools_vendor:/opt/ros/jazzy/opt/gz_msgs_vendor:/opt/ros/jazzy/opt/gz_common_vendor:/opt/ros/jazzy/opt/gz_math_vendor:/opt/ros/jazzy/opt/gz_utils_vendor:/opt/ros/jazzy/opt/gz_tools_vendor:/opt/ros/jazzy/opt/gz_ogre_next_vendor:/opt/ros/jazzy/opt/gz_dartsim_vendor:/opt/ros/jazzy/opt/gz_cmake_vendor:/opt/ros/jazzy PYTHONPATH=/Bt/install/launch_pal/lib/python3.12/site-packages:${PYTHONPATH} /usr/bin/cmake --build /Bt/build/pmb2_2dnav -- -j8 -l8
[26.622s] DEBUG:colcon.colcon_core.event_handler.log_command:Invoked command in '/Bt/build/pmb2_controller_configuration' returned '0': AMENT_PREFIX_PATH=/Bt/install/launch_pal:${AMENT_PREFIX_PATH} CMAKE_PREFIX_PATH=${CMAKE_PREFIX_PATH}:/opt/ros/jazzy PYTHONPATH=/Bt/install/launch_pal/lib/python3.12/site-packages:${PYTHONPATH} /usr/bin/cmake --build /Bt/build/pmb2_controller_configuration -- -j8 -l8
[26.635s] DEBUG:colcon.colcon_core.event_handler.log_command:Invoking command in '/Bt/build/pmb2_controller_configuration': AMENT_PREFIX_PATH=/Bt/install/launch_pal:${AMENT_PREFIX_PATH} CMAKE_PREFIX_PATH=${CMAKE_PREFIX_PATH}:/opt/ros/jazzy PYTHONPATH=/Bt/install/launch_pal/lib/python3.12/site-packages:${PYTHONPATH} /usr/bin/cmake --install /Bt/build/pmb2_controller_configuration
[26.818s] DEBUG:colcon.colcon_core.event_handler.log_command:Invoking command in '/Bt/ThirdParty/grab2/grab2_curobo_planner': AMENT_PREFIX_PATH=/Bt/install/grab2_msgs:/Bt/install/btcpp_ros2_interfaces:${AMENT_PREFIX_PATH} CMAKE_PREFIX_PATH=/Bt/install/grab2_msgs:/Bt/install/btcpp_ros2_interfaces:${CMAKE_PREFIX_PATH} LD_LIBRARY_PATH=/Bt/install/grab2_msgs/lib:/Bt/install/btcpp_ros2_interfaces/lib:${LD_LIBRARY_PATH} PYTHONPATH=/Bt/build/grab2_curobo_planner/prefix_override:/usr/lib/python3/dist-packages/colcon_core/task/python/colcon_distutils_commands:/Bt/install/grab2_curobo_planner/lib/python3.12/site-packages:/Bt/install/grab2_msgs/lib/python3.12/site-packages:/Bt/install/btcpp_ros2_interfaces/lib/python3.12/site-packages:${PYTHONPATH} /usr/bin/python3 -W ignore:setup.py install is deprecated -W ignore:easy_install command is deprecated setup.py egg_info --egg-base ../../../build/grab2_curobo_planner build --build-base /Bt/build/grab2_curobo_planner/build install --record /Bt/build/grab2_curobo_planner/install.log --single-version-externally-managed install_data
[26.920s] DEBUG:colcon.colcon_core.event_handler.log_command:Invoked command in '/Bt/build/omni_base_description' returned '0': AMENT_PREFIX_PATH=/Bt/install/pal_urdf_utils:/Bt/install/launch_pal:${AMENT_PREFIX_PATH} CMAKE_PREFIX_PATH=/Bt/install/pal_urdf_utils:/opt/ros/jazzy/opt/gz_sim_vendor:/opt/ros/jazzy/opt/gz_sensors_vendor:/opt/ros/jazzy/opt/gz_physics_vendor:/opt/ros/jazzy/opt/sdformat_vendor:/opt/ros/jazzy/opt/gz_gui_vendor:/opt/ros/jazzy/opt/gz_transport_vendor:/opt/ros/jazzy/opt/gz_rendering_vendor:/opt/ros/jazzy/opt/gz_plugin_vendor:/opt/ros/jazzy/opt/gz_fuel_tools_vendor:/opt/ros/jazzy/opt/gz_msgs_vendor:/opt/ros/jazzy/opt/gz_common_vendor:/opt/ros/jazzy/opt/gz_math_vendor:/opt/ros/jazzy/opt/gz_utils_vendor:/opt/ros/jazzy/opt/gz_tools_vendor:/opt/ros/jazzy/opt/gz_ogre_next_vendor:/opt/ros/jazzy/opt/gz_dartsim_vendor:/opt/ros/jazzy/opt/gz_cmake_vendor:/opt/ros/jazzy PYTHONPATH=/Bt/install/launch_pal/lib/python3.12/site-packages:${PYTHONPATH} /usr/bin/cmake --build /Bt/build/omni_base_description -- -j8 -l8
[26.943s] DEBUG:colcon.colcon_core.event_handler.log_command:Invoking command in '/Bt/build/omni_base_description': AMENT_PREFIX_PATH=/Bt/install/pal_urdf_utils:/Bt/install/launch_pal:${AMENT_PREFIX_PATH} CMAKE_PREFIX_PATH=/Bt/install/pal_urdf_utils:/opt/ros/jazzy/opt/gz_sim_vendor:/opt/ros/jazzy/opt/gz_sensors_vendor:/opt/ros/jazzy/opt/gz_physics_vendor:/opt/ros/jazzy/opt/sdformat_vendor:/opt/ros/jazzy/opt/gz_gui_vendor:/opt/ros/jazzy/opt/gz_transport_vendor:/opt/ros/jazzy/opt/gz_rendering_vendor:/opt/ros/jazzy/opt/gz_plugin_vendor:/opt/ros/jazzy/opt/gz_fuel_tools_vendor:/opt/ros/jazzy/opt/gz_msgs_vendor:/opt/ros/jazzy/opt/gz_common_vendor:/opt/ros/jazzy/opt/gz_math_vendor:/opt/ros/jazzy/opt/gz_utils_vendor:/opt/ros/jazzy/opt/gz_tools_vendor:/opt/ros/jazzy/opt/gz_ogre_next_vendor:/opt/ros/jazzy/opt/gz_dartsim_vendor:/opt/ros/jazzy/opt/gz_cmake_vendor:/opt/ros/jazzy PYTHONPATH=/Bt/install/launch_pal/lib/python3.12/site-packages:${PYTHONPATH} /usr/bin/cmake --install /Bt/build/omni_base_description
[26.944s] Level 1:colcon.colcon_core.environment:create_environment_scripts_only(pmb2_controller_configuration)
[26.945s] Level 1:colcon.colcon_core.environment:checking '/Bt/install/pmb2_controller_configuration' for CMake module files
[26.945s] DEBUG:colcon.colcon_core.event_handler.log_command:Invoked command in '/Bt/build/pmb2_controller_configuration' returned '0': AMENT_PREFIX_PATH=/Bt/install/launch_pal:${AMENT_PREFIX_PATH} CMAKE_PREFIX_PATH=${CMAKE_PREFIX_PATH}:/opt/ros/jazzy PYTHONPATH=/Bt/install/launch_pal/lib/python3.12/site-packages:${PYTHONPATH} /usr/bin/cmake --install /Bt/build/pmb2_controller_configuration
[26.946s] Level 1:colcon.colcon_core.environment:checking '/Bt/install/pmb2_controller_configuration' for CMake config files
[26.947s] Level 1:colcon.colcon_core.shell:create_environment_hook('pmb2_controller_configuration', 'cmake_prefix_path')
[26.947s] INFO:colcon.colcon_core.shell:Creating environment hook '/Bt/install/pmb2_controller_configuration/share/pmb2_controller_configuration/hook/cmake_prefix_path.ps1'
[26.947s] INFO:colcon.colcon_core.shell:Creating environment descriptor '/Bt/install/pmb2_controller_configuration/share/pmb2_controller_configuration/hook/cmake_prefix_path.dsv'
[26.948s] INFO:colcon.colcon_core.shell:Creating environment hook '/Bt/install/pmb2_controller_configuration/share/pmb2_controller_configuration/hook/cmake_prefix_path.sh'
[26.949s] Level 1:colcon.colcon_core.environment:checking '/Bt/install/pmb2_controller_configuration/bin'
[26.949s] Level 1:colcon.colcon_core.environment:checking '/Bt/install/pmb2_controller_configuration/lib/pkgconfig/pmb2_controller_configuration.pc'
[26.949s] Level 1:colcon.colcon_core.environment:checking '/Bt/install/pmb2_controller_configuration/lib/python3.12/site-packages'
[26.950s] Level 1:colcon.colcon_core.environment:checking '/Bt/install/pmb2_controller_configuration/bin'
[26.950s] INFO:colcon.colcon_core.shell:Creating package script '/Bt/install/pmb2_controller_configuration/share/pmb2_controller_configuration/package.ps1'
[26.951s] INFO:colcon.colcon_core.shell:Creating package descriptor '/Bt/install/pmb2_controller_configuration/share/pmb2_controller_configuration/package.dsv'
[26.951s] INFO:colcon.colcon_core.shell:Creating package script '/Bt/install/pmb2_controller_configuration/share/pmb2_controller_configuration/package.sh'
[26.952s] INFO:colcon.colcon_core.shell:Creating package script '/Bt/install/pmb2_controller_configuration/share/pmb2_controller_configuration/package.bash'
[26.968s] INFO:colcon.colcon_core.shell:Creating package script '/Bt/install/pmb2_controller_configuration/share/pmb2_controller_configuration/package.zsh'
[26.969s] Level 1:colcon.colcon_core.environment:create_file_with_runtime_dependencies(/Bt/install/pmb2_controller_configuration/share/colcon-core/packages/pmb2_controller_configuration)
[26.971s] Level 1:colcon.colcon_core.environment:create_environment_scripts_only(pmb2_controller_configuration)
[26.972s] Level 1:colcon.colcon_core.environment:checking '/Bt/install/pmb2_controller_configuration' for CMake module files
[26.972s] Level 1:colcon.colcon_core.environment:checking '/Bt/install/pmb2_controller_configuration' for CMake config files
[26.972s] Level 1:colcon.colcon_core.shell:create_environment_hook('pmb2_controller_configuration', 'cmake_prefix_path')
[26.973s] INFO:colcon.colcon_core.shell:Creating environment hook '/Bt/install/pmb2_controller_configuration/share/pmb2_controller_configuration/hook/cmake_prefix_path.ps1'
[26.973s] INFO:colcon.colcon_core.shell:Creating environment descriptor '/Bt/install/pmb2_controller_configuration/share/pmb2_controller_configuration/hook/cmake_prefix_path.dsv'
[26.973s] INFO:colcon.colcon_core.shell:Creating environment hook '/Bt/install/pmb2_controller_configuration/share/pmb2_controller_configuration/hook/cmake_prefix_path.sh'
[26.974s] Level 1:colcon.colcon_core.environment:checking '/Bt/install/pmb2_controller_configuration/bin'
[26.974s] Level 1:colcon.colcon_core.environment:checking '/Bt/install/pmb2_controller_configuration/lib/pkgconfig/pmb2_controller_configuration.pc'
[26.974s] Level 1:colcon.colcon_core.environment:checking '/Bt/install/pmb2_controller_configuration/lib/python3.12/site-packages'
[26.975s] Level 1:colcon.colcon_core.environment:checking '/Bt/install/pmb2_controller_configuration/bin'
[26.975s] INFO:colcon.colcon_core.shell:Creating package script '/Bt/install/pmb2_controller_configuration/share/pmb2_controller_configuration/package.ps1'
[26.989s] INFO:colcon.colcon_core.shell:Creating package descriptor '/Bt/install/pmb2_controller_configuration/share/pmb2_controller_configuration/package.dsv'
[26.990s] INFO:colcon.colcon_core.shell:Creating package script '/Bt/install/pmb2_controller_configuration/share/pmb2_controller_configuration/package.sh'
[26.991s] INFO:colcon.colcon_core.shell:Creating package script '/Bt/install/pmb2_controller_configuration/share/pmb2_controller_configuration/package.bash'
[26.991s] INFO:colcon.colcon_core.shell:Creating package script '/Bt/install/pmb2_controller_configuration/share/pmb2_controller_configuration/package.zsh'
[26.991s] Level 1:colcon.colcon_core.environment:create_file_with_runtime_dependencies(/Bt/install/pmb2_controller_configuration/share/colcon-core/packages/pmb2_controller_configuration)
[26.993s] DEBUG:colcon.colcon_core.event_handler.log_command:Invoked command in '/Bt/build/pmb2_2dnav' returned '0': AMENT_PREFIX_PATH=/Bt/install/pal_maps:/Bt/install/launch_pal:${AMENT_PREFIX_PATH} CMAKE_PREFIX_PATH=/Bt/install/pal_maps:/opt/ros/jazzy/opt/gz_sim_vendor:/opt/ros/jazzy/opt/gz_sensors_vendor:/opt/ros/jazzy/opt/gz_physics_vendor:/opt/ros/jazzy/opt/sdformat_vendor:/opt/ros/jazzy/opt/gz_gui_vendor:/opt/ros/jazzy/opt/gz_transport_vendor:/opt/ros/jazzy/opt/gz_rendering_vendor:/opt/ros/jazzy/opt/gz_plugin_vendor:/opt/ros/jazzy/opt/gz_fuel_tools_vendor:/opt/ros/jazzy/opt/gz_msgs_vendor:/opt/ros/jazzy/opt/gz_common_vendor:/opt/ros/jazzy/opt/gz_math_vendor:/opt/ros/jazzy/opt/gz_utils_vendor:/opt/ros/jazzy/opt/gz_tools_vendor:/opt/ros/jazzy/opt/gz_ogre_next_vendor:/opt/ros/jazzy/opt/gz_dartsim_vendor:/opt/ros/jazzy/opt/gz_cmake_vendor:/opt/ros/jazzy PYTHONPATH=/Bt/install/launch_pal/lib/python3.12/site-packages:${PYTHONPATH} /usr/bin/cmake --build /Bt/build/pmb2_2dnav -- -j8 -l8
[27.005s] DEBUG:colcon.colcon_core.event_handler.log_command:Invoking command in '/Bt/build/pmb2_2dnav': AMENT_PREFIX_PATH=/Bt/install/pal_maps:/Bt/install/launch_pal:${AMENT_PREFIX_PATH} CMAKE_PREFIX_PATH=/Bt/install/pal_maps:/opt/ros/jazzy/opt/gz_sim_vendor:/opt/ros/jazzy/opt/gz_sensors_vendor:/opt/ros/jazzy/opt/gz_physics_vendor:/opt/ros/jazzy/opt/sdformat_vendor:/opt/ros/jazzy/opt/gz_gui_vendor:/opt/ros/jazzy/opt/gz_transport_vendor:/opt/ros/jazzy/opt/gz_rendering_vendor:/opt/ros/jazzy/opt/gz_plugin_vendor:/opt/ros/jazzy/opt/gz_fuel_tools_vendor:/opt/ros/jazzy/opt/gz_msgs_vendor:/opt/ros/jazzy/opt/gz_common_vendor:/opt/ros/jazzy/opt/gz_math_vendor:/opt/ros/jazzy/opt/gz_utils_vendor:/opt/ros/jazzy/opt/gz_tools_vendor:/opt/ros/jazzy/opt/gz_ogre_next_vendor:/opt/ros/jazzy/opt/gz_dartsim_vendor:/opt/ros/jazzy/opt/gz_cmake_vendor:/opt/ros/jazzy PYTHONPATH=/Bt/install/launch_pal/lib/python3.12/site-packages:${PYTHONPATH} /usr/bin/cmake --install /Bt/build/pmb2_2dnav
[27.006s] INFO:colcon.colcon_ros.task.ament_cmake.build:Building ROS package in '/Bt/ThirdParty/tiago_robot/tiago_controller_configuration' with build type 'ament_cmake'
[27.006s] INFO:colcon.colcon_cmake.task.cmake.build:Building CMake package in '/Bt/ThirdParty/tiago_robot/tiago_controller_configuration'
[27.006s] INFO:colcon.colcon_core.shell:Skip shell extension 'powershell' for command environment: Not usable outside of PowerShell
[27.006s] DEBUG:colcon.colcon_core.shell:Skip shell extension 'dsv' for command environment
[27.301s] Level 1:colcon.colcon_core.environment:create_environment_scripts_only(omni_base_description)
[27.301s] Level 1:colcon.colcon_core.environment:checking '/Bt/install/omni_base_description' for CMake module files
[27.303s] DEBUG:colcon.colcon_core.event_handler.log_command:Invoking command in '/Bt/build/tiago_controller_configuration': AMENT_PREFIX_PATH=/Bt/install/pmb2_controller_configuration:/Bt/install/pal_robotiq_controller_configuration:/Bt/install/pal_hey5_controller_configuration:/Bt/install/pal_gripper_controller_configuration:/Bt/install/omni_base_controller_configuration:/Bt/install/launch_pal:${AMENT_PREFIX_PATH} CMAKE_PREFIX_PATH=/Bt/install/pmb2_controller_configuration:/Bt/install/pal_robotiq_controller_configuration:/Bt/install/pal_hey5_controller_configuration:/Bt/install/pal_gripper_controller_configuration:/Bt/install/omni_base_controller_configuration:/opt/ros/jazzy/opt/gz_sim_vendor:/opt/ros/jazzy/opt/gz_sensors_vendor:/opt/ros/jazzy/opt/gz_physics_vendor:/opt/ros/jazzy/opt/sdformat_vendor:/opt/ros/jazzy/opt/gz_gui_vendor:/opt/ros/jazzy/opt/gz_transport_vendor:/opt/ros/jazzy/opt/gz_rendering_vendor:/opt/ros/jazzy/opt/gz_plugin_vendor:/opt/ros/jazzy/opt/gz_fuel_tools_vendor:/opt/ros/jazzy/opt/gz_msgs_vendor:/opt/ros/jazzy/opt/gz_common_vendor:/opt/ros/jazzy/opt/gz_math_vendor:/opt/ros/jazzy/opt/gz_utils_vendor:/opt/ros/jazzy/opt/gz_tools_vendor:/opt/ros/jazzy/opt/gz_ogre_next_vendor:/opt/ros/jazzy/opt/gz_dartsim_vendor:/opt/ros/jazzy/opt/gz_cmake_vendor:/opt/ros/jazzy PYTHONPATH=/Bt/install/launch_pal/lib/python3.12/site-packages:${PYTHONPATH} /usr/bin/cmake --build /Bt/build/tiago_controller_configuration -- -j8 -l8
[27.303s] DEBUG:colcon.colcon_core.event_handler.log_command:Invoked command in '/Bt/build/omni_base_description' returned '0': AMENT_PREFIX_PATH=/Bt/install/pal_urdf_utils:/Bt/install/launch_pal:${AMENT_PREFIX_PATH} CMAKE_PREFIX_PATH=/Bt/install/pal_urdf_utils:/opt/ros/jazzy/opt/gz_sim_vendor:/opt/ros/jazzy/opt/gz_sensors_vendor:/opt/ros/jazzy/opt/gz_physics_vendor:/opt/ros/jazzy/opt/sdformat_vendor:/opt/ros/jazzy/opt/gz_gui_vendor:/opt/ros/jazzy/opt/gz_transport_vendor:/opt/ros/jazzy/opt/gz_rendering_vendor:/opt/ros/jazzy/opt/gz_plugin_vendor:/opt/ros/jazzy/opt/gz_fuel_tools_vendor:/opt/ros/jazzy/opt/gz_msgs_vendor:/opt/ros/jazzy/opt/gz_common_vendor:/opt/ros/jazzy/opt/gz_math_vendor:/opt/ros/jazzy/opt/gz_utils_vendor:/opt/ros/jazzy/opt/gz_tools_vendor:/opt/ros/jazzy/opt/gz_ogre_next_vendor:/opt/ros/jazzy/opt/gz_dartsim_vendor:/opt/ros/jazzy/opt/gz_cmake_vendor:/opt/ros/jazzy PYTHONPATH=/Bt/install/launch_pal/lib/python3.12/site-packages:${PYTHONPATH} /usr/bin/cmake --install /Bt/build/omni_base_description
[27.306s] Level 1:colcon.colcon_core.environment:checking '/Bt/install/omni_base_description' for CMake config files
[27.312s] Level 1:colcon.colcon_core.shell:create_environment_hook('omni_base_description', 'cmake_prefix_path')
[27.312s] INFO:colcon.colcon_core.shell:Creating environment hook '/Bt/install/omni_base_description/share/omni_base_description/hook/cmake_prefix_path.ps1'
[27.312s] INFO:colcon.colcon_core.shell:Creating environment descriptor '/Bt/install/omni_base_description/share/omni_base_description/hook/cmake_prefix_path.dsv'
[27.313s] INFO:colcon.colcon_core.shell:Creating environment hook '/Bt/install/omni_base_description/share/omni_base_description/hook/cmake_prefix_path.sh'
[27.314s] Level 1:colcon.colcon_core.environment:checking '/Bt/install/omni_base_description/lib'
[27.314s] Level 1:colcon.colcon_core.environment:checking '/Bt/install/omni_base_description/bin'
[27.314s] Level 1:colcon.colcon_core.environment:checking '/Bt/install/omni_base_description/lib/pkgconfig/omni_base_description.pc'
[27.314s] Level 1:colcon.colcon_core.environment:checking '/Bt/install/omni_base_description/lib/python3.12/site-packages'
[27.314s] Level 1:colcon.colcon_core.shell:create_environment_hook('omni_base_description', 'pythonpath')
[27.315s] INFO:colcon.colcon_core.shell:Creating environment hook '/Bt/install/omni_base_description/share/omni_base_description/hook/pythonpath.ps1'
[27.315s] INFO:colcon.colcon_core.shell:Creating environment descriptor '/Bt/install/omni_base_description/share/omni_base_description/hook/pythonpath.dsv'
[27.316s] INFO:colcon.colcon_core.shell:Creating environment hook '/Bt/install/omni_base_description/share/omni_base_description/hook/pythonpath.sh'
[27.316s] Level 1:colcon.colcon_core.environment:checking '/Bt/install/omni_base_description/bin'
[27.317s] INFO:colcon.colcon_core.shell:Creating package script '/Bt/install/omni_base_description/share/omni_base_description/package.ps1'
[27.333s] INFO:colcon.colcon_core.shell:Creating package descriptor '/Bt/install/omni_base_description/share/omni_base_description/package.dsv'
[27.334s] INFO:colcon.colcon_core.shell:Creating package script '/Bt/install/omni_base_description/share/omni_base_description/package.sh'
[27.334s] INFO:colcon.colcon_core.shell:Creating package script '/Bt/install/omni_base_description/share/omni_base_description/package.bash'
[27.335s] INFO:colcon.colcon_core.shell:Creating package script '/Bt/install/omni_base_description/share/omni_base_description/package.zsh'
[27.335s] Level 1:colcon.colcon_core.environment:create_file_with_runtime_dependencies(/Bt/install/omni_base_description/share/colcon-core/packages/omni_base_description)
[27.336s] Level 1:colcon.colcon_core.environment:create_environment_scripts_only(omni_base_description)
[27.336s] Level 1:colcon.colcon_core.environment:checking '/Bt/install/omni_base_description' for CMake module files
[27.336s] Level 1:colcon.colcon_core.environment:checking '/Bt/install/omni_base_description' for CMake config files
[27.337s] Level 1:colcon.colcon_core.shell:create_environment_hook('omni_base_description', 'cmake_prefix_path')
[27.337s] INFO:colcon.colcon_core.shell:Creating environment hook '/Bt/install/omni_base_description/share/omni_base_description/hook/cmake_prefix_path.ps1'
[27.338s] INFO:colcon.colcon_core.shell:Creating environment descriptor '/Bt/install/omni_base_description/share/omni_base_description/hook/cmake_prefix_path.dsv'
[27.338s] INFO:colcon.colcon_core.shell:Creating environment hook '/Bt/install/omni_base_description/share/omni_base_description/hook/cmake_prefix_path.sh'
[27.345s] Level 1:colcon.colcon_core.environment:checking '/Bt/install/omni_base_description/lib'
[27.345s] Level 1:colcon.colcon_core.environment:checking '/Bt/install/omni_base_description/bin'
[27.345s] Level 1:colcon.colcon_core.environment:checking '/Bt/install/omni_base_description/lib/pkgconfig/omni_base_description.pc'
[27.345s] Level 1:colcon.colcon_core.environment:checking '/Bt/install/omni_base_description/lib/python3.12/site-packages'
[27.346s] Level 1:colcon.colcon_core.shell:create_environment_hook('omni_base_description', 'pythonpath')
[27.346s] INFO:colcon.colcon_core.shell:Creating environment hook '/Bt/install/omni_base_description/share/omni_base_description/hook/pythonpath.ps1'
[27.346s] INFO:colcon.colcon_core.shell:Creating environment descriptor '/Bt/install/omni_base_description/share/omni_base_description/hook/pythonpath.dsv'
[27.347s] INFO:colcon.colcon_core.shell:Creating environment hook '/Bt/install/omni_base_description/share/omni_base_description/hook/pythonpath.sh'
[27.348s] Level 1:colcon.colcon_core.environment:checking '/Bt/install/omni_base_description/bin'
[27.348s] INFO:colcon.colcon_core.shell:Creating package script '/Bt/install/omni_base_description/share/omni_base_description/package.ps1'
[27.348s] INFO:colcon.colcon_core.shell:Creating package descriptor '/Bt/install/omni_base_description/share/omni_base_description/package.dsv'
[27.349s] INFO:colcon.colcon_core.shell:Creating package script '/Bt/install/omni_base_description/share/omni_base_description/package.sh'
[27.349s] INFO:colcon.colcon_core.shell:Creating package script '/Bt/install/omni_base_description/share/omni_base_description/package.bash'
[27.350s] INFO:colcon.colcon_core.shell:Creating package script '/Bt/install/omni_base_description/share/omni_base_description/package.zsh'
[27.350s] Level 1:colcon.colcon_core.environment:create_file_with_runtime_dependencies(/Bt/install/omni_base_description/share/colcon-core/packages/omni_base_description)
[27.357s] INFO:colcon.colcon_ros.task.ament_cmake.build:Building ROS package in '/Bt/ThirdParty/tiago_omni_base/omni_base_bringup' with build type 'ament_cmake'
[27.358s] INFO:colcon.colcon_cmake.task.cmake.build:Building CMake package in '/Bt/ThirdParty/tiago_omni_base/omni_base_bringup'
[27.358s] INFO:colcon.colcon_core.shell:Skip shell extension 'powershell' for command environment: Not usable outside of PowerShell
[27.358s] DEBUG:colcon.colcon_core.shell:Skip shell extension 'dsv' for command environment
[27.362s] Level 1:colcon.colcon_core.environment:create_environment_scripts_only(pmb2_2dnav)
[27.363s] Level 1:colcon.colcon_core.environment:checking '/Bt/install/pmb2_2dnav' for CMake module files
[27.363s] DEBUG:colcon.colcon_core.event_handler.log_command:Invoked command in '/Bt/build/pmb2_2dnav' returned '0': AMENT_PREFIX_PATH=/Bt/install/pal_maps:/Bt/install/launch_pal:${AMENT_PREFIX_PATH} CMAKE_PREFIX_PATH=/Bt/install/pal_maps:/opt/ros/jazzy/opt/gz_sim_vendor:/opt/ros/jazzy/opt/gz_sensors_vendor:/opt/ros/jazzy/opt/gz_physics_vendor:/opt/ros/jazzy/opt/sdformat_vendor:/opt/ros/jazzy/opt/gz_gui_vendor:/opt/ros/jazzy/opt/gz_transport_vendor:/opt/ros/jazzy/opt/gz_rendering_vendor:/opt/ros/jazzy/opt/gz_plugin_vendor:/opt/ros/jazzy/opt/gz_fuel_tools_vendor:/opt/ros/jazzy/opt/gz_msgs_vendor:/opt/ros/jazzy/opt/gz_common_vendor:/opt/ros/jazzy/opt/gz_math_vendor:/opt/ros/jazzy/opt/gz_utils_vendor:/opt/ros/jazzy/opt/gz_tools_vendor:/opt/ros/jazzy/opt/gz_ogre_next_vendor:/opt/ros/jazzy/opt/gz_dartsim_vendor:/opt/ros/jazzy/opt/gz_cmake_vendor:/opt/ros/jazzy PYTHONPATH=/Bt/install/launch_pal/lib/python3.12/site-packages:${PYTHONPATH} /usr/bin/cmake --install /Bt/build/pmb2_2dnav
[27.363s] Level 1:colcon.colcon_core.environment:checking '/Bt/install/pmb2_2dnav' for CMake config files
[27.364s] Level 1:colcon.colcon_core.shell:create_environment_hook('pmb2_2dnav', 'cmake_prefix_path')
[27.364s] INFO:colcon.colcon_core.shell:Creating environment hook '/Bt/install/pmb2_2dnav/share/pmb2_2dnav/hook/cmake_prefix_path.ps1'
[27.364s] INFO:colcon.colcon_core.shell:Creating environment descriptor '/Bt/install/pmb2_2dnav/share/pmb2_2dnav/hook/cmake_prefix_path.dsv'
[27.365s] INFO:colcon.colcon_core.shell:Creating environment hook '/Bt/install/pmb2_2dnav/share/pmb2_2dnav/hook/cmake_prefix_path.sh'
[27.365s] Level 1:colcon.colcon_core.environment:checking '/Bt/install/pmb2_2dnav/bin'
[27.365s] Level 1:colcon.colcon_core.environment:checking '/Bt/install/pmb2_2dnav/lib/pkgconfig/pmb2_2dnav.pc'
[27.365s] Level 1:colcon.colcon_core.environment:checking '/Bt/install/pmb2_2dnav/lib/python3.12/site-packages'
[27.366s] Level 1:colcon.colcon_core.environment:checking '/Bt/install/pmb2_2dnav/bin'
[27.366s] INFO:colcon.colcon_core.shell:Creating package script '/Bt/install/pmb2_2dnav/share/pmb2_2dnav/package.ps1'
[27.366s] INFO:colcon.colcon_core.shell:Creating package descriptor '/Bt/install/pmb2_2dnav/share/pmb2_2dnav/package.dsv'
[27.383s] INFO:colcon.colcon_core.shell:Creating package script '/Bt/install/pmb2_2dnav/share/pmb2_2dnav/package.sh'
[27.383s] INFO:colcon.colcon_core.shell:Creating package script '/Bt/install/pmb2_2dnav/share/pmb2_2dnav/package.bash'
[27.384s] INFO:colcon.colcon_core.shell:Creating package script '/Bt/install/pmb2_2dnav/share/pmb2_2dnav/package.zsh'
[27.384s] Level 1:colcon.colcon_core.environment:create_file_with_runtime_dependencies(/Bt/install/pmb2_2dnav/share/colcon-core/packages/pmb2_2dnav)
[27.384s] Level 1:colcon.colcon_core.environment:create_environment_scripts_only(pmb2_2dnav)
[27.385s] Level 1:colcon.colcon_core.environment:checking '/Bt/install/pmb2_2dnav' for CMake module files
[27.385s] Level 1:colcon.colcon_core.environment:checking '/Bt/install/pmb2_2dnav' for CMake config files
[27.385s] Level 1:colcon.colcon_core.shell:create_environment_hook('pmb2_2dnav', 'cmake_prefix_path')
[27.386s] INFO:colcon.colcon_core.shell:Creating environment hook '/Bt/install/pmb2_2dnav/share/pmb2_2dnav/hook/cmake_prefix_path.ps1'
[27.386s] INFO:colcon.colcon_core.shell:Creating environment descriptor '/Bt/install/pmb2_2dnav/share/pmb2_2dnav/hook/cmake_prefix_path.dsv'
[27.386s] INFO:colcon.colcon_core.shell:Creating environment hook '/Bt/install/pmb2_2dnav/share/pmb2_2dnav/hook/cmake_prefix_path.sh'
[27.387s] Level 1:colcon.colcon_core.environment:checking '/Bt/install/pmb2_2dnav/bin'
[27.387s] Level 1:colcon.colcon_core.environment:checking '/Bt/install/pmb2_2dnav/lib/pkgconfig/pmb2_2dnav.pc'
[27.387s] Level 1:colcon.colcon_core.environment:checking '/Bt/install/pmb2_2dnav/lib/python3.12/site-packages'
[27.387s] Level 1:colcon.colcon_core.environment:checking '/Bt/install/pmb2_2dnav/bin'
[27.388s] INFO:colcon.colcon_core.shell:Creating package script '/Bt/install/pmb2_2dnav/share/pmb2_2dnav/package.ps1'
[27.388s] INFO:colcon.colcon_core.shell:Creating package descriptor '/Bt/install/pmb2_2dnav/share/pmb2_2dnav/package.dsv'
[27.402s] INFO:colcon.colcon_core.shell:Creating package script '/Bt/install/pmb2_2dnav/share/pmb2_2dnav/package.sh'
[27.403s] INFO:colcon.colcon_core.shell:Creating package script '/Bt/install/pmb2_2dnav/share/pmb2_2dnav/package.bash'
[27.405s] INFO:colcon.colcon_core.shell:Creating package script '/Bt/install/pmb2_2dnav/share/pmb2_2dnav/package.zsh'
[27.406s] Level 1:colcon.colcon_core.environment:create_file_with_runtime_dependencies(/Bt/install/pmb2_2dnav/share/colcon-core/packages/pmb2_2dnav)
[27.408s] INFO:colcon.colcon_ros.task.ament_cmake.build:Building ROS package in '/Bt/ThirdParty/pmb2_navigation/pmb2_rgbd_sensors' with build type 'ament_cmake'
[27.410s] INFO:colcon.colcon_cmake.task.cmake.build:Building CMake package in '/Bt/ThirdParty/pmb2_navigation/pmb2_rgbd_sensors'
[27.410s] INFO:colcon.colcon_core.shell:Skip shell extension 'powershell' for command environment: Not usable outside of PowerShell
[27.410s] DEBUG:colcon.colcon_core.shell:Skip shell extension 'dsv' for command environment
[27.426s] DEBUG:colcon.colcon_core.event_handler.log_command:Invoked command in '/Bt/build/pmb2_description' returned '0': AMENT_PREFIX_PATH=/Bt/install/pal_urdf_utils:/Bt/install/launch_pal:${AMENT_PREFIX_PATH} CMAKE_PREFIX_PATH=/Bt/install/pal_urdf_utils:/opt/ros/jazzy/opt/gz_sim_vendor:/opt/ros/jazzy/opt/gz_sensors_vendor:/opt/ros/jazzy/opt/gz_physics_vendor:/opt/ros/jazzy/opt/sdformat_vendor:/opt/ros/jazzy/opt/gz_gui_vendor:/opt/ros/jazzy/opt/gz_transport_vendor:/opt/ros/jazzy/opt/gz_rendering_vendor:/opt/ros/jazzy/opt/gz_plugin_vendor:/opt/ros/jazzy/opt/gz_fuel_tools_vendor:/opt/ros/jazzy/opt/gz_msgs_vendor:/opt/ros/jazzy/opt/gz_common_vendor:/opt/ros/jazzy/opt/gz_math_vendor:/opt/ros/jazzy/opt/gz_utils_vendor:/opt/ros/jazzy/opt/gz_tools_vendor:/opt/ros/jazzy/opt/gz_ogre_next_vendor:/opt/ros/jazzy/opt/gz_dartsim_vendor:/opt/ros/jazzy/opt/gz_cmake_vendor:/opt/ros/jazzy PYTHONPATH=/Bt/install/launch_pal/lib/python3.12/site-packages:${PYTHONPATH} /usr/bin/cmake --build /Bt/build/pmb2_description -- -j8 -l8
[27.479s] DEBUG:colcon.colcon_core.event_handler.log_command:Invoking command in '/Bt/build/pmb2_description': AMENT_PREFIX_PATH=/Bt/install/pal_urdf_utils:/Bt/install/launch_pal:${AMENT_PREFIX_PATH} CMAKE_PREFIX_PATH=/Bt/install/pal_urdf_utils:/opt/ros/jazzy/opt/gz_sim_vendor:/opt/ros/jazzy/opt/gz_sensors_vendor:/opt/ros/jazzy/opt/gz_physics_vendor:/opt/ros/jazzy/opt/sdformat_vendor:/opt/ros/jazzy/opt/gz_gui_vendor:/opt/ros/jazzy/opt/gz_transport_vendor:/opt/ros/jazzy/opt/gz_rendering_vendor:/opt/ros/jazzy/opt/gz_plugin_vendor:/opt/ros/jazzy/opt/gz_fuel_tools_vendor:/opt/ros/jazzy/opt/gz_msgs_vendor:/opt/ros/jazzy/opt/gz_common_vendor:/opt/ros/jazzy/opt/gz_math_vendor:/opt/ros/jazzy/opt/gz_utils_vendor:/opt/ros/jazzy/opt/gz_tools_vendor:/opt/ros/jazzy/opt/gz_ogre_next_vendor:/opt/ros/jazzy/opt/gz_dartsim_vendor:/opt/ros/jazzy/opt/gz_cmake_vendor:/opt/ros/jazzy PYTHONPATH=/Bt/install/launch_pal/lib/python3.12/site-packages:${PYTHONPATH} /usr/bin/cmake --install /Bt/build/pmb2_description
[27.630s] DEBUG:colcon.colcon_core.event_handler.log_command:Invoking command in '/Bt/build/pmb2_rgbd_sensors': AMENT_PREFIX_PATH=/Bt/install/launch_pal:${AMENT_PREFIX_PATH} CMAKE_PREFIX_PATH=${CMAKE_PREFIX_PATH}:/opt/ros/jazzy PYTHONPATH=/Bt/install/launch_pal/lib/python3.12/site-packages:${PYTHONPATH} /usr/bin/cmake --build /Bt/build/pmb2_rgbd_sensors -- -j8 -l8
[27.630s] DEBUG:colcon.colcon_core.event_handler.log_command:Invoked command in '/Bt/build/tiago_controller_configuration' returned '0': AMENT_PREFIX_PATH=/Bt/install/pmb2_controller_configuration:/Bt/install/pal_robotiq_controller_configuration:/Bt/install/pal_hey5_controller_configuration:/Bt/install/pal_gripper_controller_configuration:/Bt/install/omni_base_controller_configuration:/Bt/install/launch_pal:${AMENT_PREFIX_PATH} CMAKE_PREFIX_PATH=/Bt/install/pmb2_controller_configuration:/Bt/install/pal_robotiq_controller_configuration:/Bt/install/pal_hey5_controller_configuration:/Bt/install/pal_gripper_controller_configuration:/Bt/install/omni_base_controller_configuration:/opt/ros/jazzy/opt/gz_sim_vendor:/opt/ros/jazzy/opt/gz_sensors_vendor:/opt/ros/jazzy/opt/gz_physics_vendor:/opt/ros/jazzy/opt/sdformat_vendor:/opt/ros/jazzy/opt/gz_gui_vendor:/opt/ros/jazzy/opt/gz_transport_vendor:/opt/ros/jazzy/opt/gz_rendering_vendor:/opt/ros/jazzy/opt/gz_plugin_vendor:/opt/ros/jazzy/opt/gz_fuel_tools_vendor:/opt/ros/jazzy/opt/gz_msgs_vendor:/opt/ros/jazzy/opt/gz_common_vendor:/opt/ros/jazzy/opt/gz_math_vendor:/opt/ros/jazzy/opt/gz_utils_vendor:/opt/ros/jazzy/opt/gz_tools_vendor:/opt/ros/jazzy/opt/gz_ogre_next_vendor:/opt/ros/jazzy/opt/gz_dartsim_vendor:/opt/ros/jazzy/opt/gz_cmake_vendor:/opt/ros/jazzy PYTHONPATH=/Bt/install/launch_pal/lib/python3.12/site-packages:${PYTHONPATH} /usr/bin/cmake --build /Bt/build/tiago_controller_configuration -- -j8 -l8
[27.650s] DEBUG:colcon.colcon_core.event_handler.log_command:Invoking command in '/Bt/build/tiago_controller_configuration': AMENT_PREFIX_PATH=/Bt/install/pmb2_controller_configuration:/Bt/install/pal_robotiq_controller_configuration:/Bt/install/pal_hey5_controller_configuration:/Bt/install/pal_gripper_controller_configuration:/Bt/install/omni_base_controller_configuration:/Bt/install/launch_pal:${AMENT_PREFIX_PATH} CMAKE_PREFIX_PATH=/Bt/install/pmb2_controller_configuration:/Bt/install/pal_robotiq_controller_configuration:/Bt/install/pal_hey5_controller_configuration:/Bt/install/pal_gripper_controller_configuration:/Bt/install/omni_base_controller_configuration:/opt/ros/jazzy/opt/gz_sim_vendor:/opt/ros/jazzy/opt/gz_sensors_vendor:/opt/ros/jazzy/opt/gz_physics_vendor:/opt/ros/jazzy/opt/sdformat_vendor:/opt/ros/jazzy/opt/gz_gui_vendor:/opt/ros/jazzy/opt/gz_transport_vendor:/opt/ros/jazzy/opt/gz_rendering_vendor:/opt/ros/jazzy/opt/gz_plugin_vendor:/opt/ros/jazzy/opt/gz_fuel_tools_vendor:/opt/ros/jazzy/opt/gz_msgs_vendor:/opt/ros/jazzy/opt/gz_common_vendor:/opt/ros/jazzy/opt/gz_math_vendor:/opt/ros/jazzy/opt/gz_utils_vendor:/opt/ros/jazzy/opt/gz_tools_vendor:/opt/ros/jazzy/opt/gz_ogre_next_vendor:/opt/ros/jazzy/opt/gz_dartsim_vendor:/opt/ros/jazzy/opt/gz_cmake_vendor:/opt/ros/jazzy PYTHONPATH=/Bt/install/launch_pal/lib/python3.12/site-packages:${PYTHONPATH} /usr/bin/cmake --install /Bt/build/tiago_controller_configuration
[27.789s] Level 1:colcon.colcon_core.environment:create_environment_scripts_only(grab2_behavior_tree)
[27.789s] Level 1:colcon.colcon_core.environment:checking '/Bt/install/grab2_behavior_tree' for CMake module files
[27.790s] DEBUG:colcon.colcon_core.event_handler.log_command:Invoking command in '/Bt/build/omni_base_bringup': AMENT_PREFIX_PATH=/Bt/install/omni_base_description:/Bt/install/pal_urdf_utils:/Bt/install/omni_base_controller_configuration:/Bt/install/launch_pal:${AMENT_PREFIX_PATH} CMAKE_PREFIX_PATH=/Bt/install/omni_base_description:/Bt/install/pal_urdf_utils:/Bt/install/omni_base_controller_configuration:/opt/ros/jazzy/opt/gz_sim_vendor:/opt/ros/jazzy/opt/gz_sensors_vendor:/opt/ros/jazzy/opt/gz_physics_vendor:/opt/ros/jazzy/opt/sdformat_vendor:/opt/ros/jazzy/opt/gz_gui_vendor:/opt/ros/jazzy/opt/gz_transport_vendor:/opt/ros/jazzy/opt/gz_rendering_vendor:/opt/ros/jazzy/opt/gz_plugin_vendor:/opt/ros/jazzy/opt/gz_fuel_tools_vendor:/opt/ros/jazzy/opt/gz_msgs_vendor:/opt/ros/jazzy/opt/gz_common_vendor:/opt/ros/jazzy/opt/gz_math_vendor:/opt/ros/jazzy/opt/gz_utils_vendor:/opt/ros/jazzy/opt/gz_tools_vendor:/opt/ros/jazzy/opt/gz_ogre_next_vendor:/opt/ros/jazzy/opt/gz_dartsim_vendor:/opt/ros/jazzy/opt/gz_cmake_vendor:/opt/ros/jazzy PYTHONPATH=/Bt/install/omni_base_description/lib/python3.12/site-packages:/Bt/install/launch_pal/lib/python3.12/site-packages:${PYTHONPATH} /usr/bin/cmake --build /Bt/build/omni_base_bringup -- -j8 -l8
[27.792s] DEBUG:colcon.colcon_core.event_handler.log_command:Invoked command in '/Bt/build/grab2_behavior_tree' returned '0': AMENT_PREFIX_PATH=/Bt/install/grab2_msgs:/Bt/install/behaviortree_ros2:/Bt/install/btcpp_ros2_interfaces:${AMENT_PREFIX_PATH} CMAKE_PREFIX_PATH=/Bt/install/grab2_msgs:/Bt/install/behaviortree_ros2:/Bt/install/btcpp_ros2_interfaces:/opt/ros/jazzy/opt/gz_sim_vendor:/opt/ros/jazzy/opt/gz_sensors_vendor:/opt/ros/jazzy/opt/gz_physics_vendor:/opt/ros/jazzy/opt/sdformat_vendor:/opt/ros/jazzy/opt/gz_gui_vendor:/opt/ros/jazzy/opt/gz_transport_vendor:/opt/ros/jazzy/opt/gz_rendering_vendor:/opt/ros/jazzy/opt/gz_plugin_vendor:/opt/ros/jazzy/opt/gz_fuel_tools_vendor:/opt/ros/jazzy/opt/gz_msgs_vendor:/opt/ros/jazzy/opt/gz_common_vendor:/opt/ros/jazzy/opt/gz_math_vendor:/opt/ros/jazzy/opt/gz_utils_vendor:/opt/ros/jazzy/opt/gz_tools_vendor:/opt/ros/jazzy/opt/gz_ogre_next_vendor:/opt/ros/jazzy/opt/gz_dartsim_vendor:/opt/ros/jazzy/opt/gz_cmake_vendor:/opt/ros/jazzy LD_LIBRARY_PATH=/Bt/install/grab2_msgs/lib:/Bt/install/behaviortree_ros2/lib:/Bt/install/btcpp_ros2_interfaces/lib:${LD_LIBRARY_PATH} PYTHONPATH=/Bt/install/grab2_msgs/lib/python3.12/site-packages:/Bt/install/btcpp_ros2_interfaces/lib/python3.12/site-packages:${PYTHONPATH} /usr/bin/cmake --install /Bt/build/grab2_behavior_tree
[27.806s] Level 1:colcon.colcon_core.environment:checking '/Bt/install/grab2_behavior_tree' for CMake config files
[27.819s] Level 1:colcon.colcon_core.shell:create_environment_hook('grab2_behavior_tree', 'cmake_prefix_path')
[27.819s] INFO:colcon.colcon_core.shell:Creating environment hook '/Bt/install/grab2_behavior_tree/share/grab2_behavior_tree/hook/cmake_prefix_path.ps1'
[27.820s] INFO:colcon.colcon_core.shell:Creating environment descriptor '/Bt/install/grab2_behavior_tree/share/grab2_behavior_tree/hook/cmake_prefix_path.dsv'
[27.821s] INFO:colcon.colcon_core.shell:Creating environment hook '/Bt/install/grab2_behavior_tree/share/grab2_behavior_tree/hook/cmake_prefix_path.sh'
[27.822s] Level 1:colcon.colcon_core.environment:checking '/Bt/install/grab2_behavior_tree/lib'
[27.822s] Level 1:colcon.colcon_core.shell:create_environment_hook('grab2_behavior_tree', 'ld_library_path_lib')
[27.822s] INFO:colcon.colcon_core.shell:Creating environment hook '/Bt/install/grab2_behavior_tree/share/grab2_behavior_tree/hook/ld_library_path_lib.ps1'
[27.823s] INFO:colcon.colcon_core.shell:Creating environment descriptor '/Bt/install/grab2_behavior_tree/share/grab2_behavior_tree/hook/ld_library_path_lib.dsv'
[27.824s] INFO:colcon.colcon_core.shell:Creating environment hook '/Bt/install/grab2_behavior_tree/share/grab2_behavior_tree/hook/ld_library_path_lib.sh'
[27.829s] Level 1:colcon.colcon_core.environment:checking '/Bt/install/grab2_behavior_tree/bin'
[27.830s] Level 1:colcon.colcon_core.environment:checking '/Bt/install/grab2_behavior_tree/lib/pkgconfig/grab2_behavior_tree.pc'
[27.831s] Level 1:colcon.colcon_core.environment:checking '/Bt/install/grab2_behavior_tree/lib/python3.12/site-packages'
[27.832s] Level 1:colcon.colcon_core.environment:checking '/Bt/install/grab2_behavior_tree/bin'
[27.833s] INFO:colcon.colcon_core.shell:Creating package script '/Bt/install/grab2_behavior_tree/share/grab2_behavior_tree/package.ps1'
[27.835s] INFO:colcon.colcon_core.shell:Creating package descriptor '/Bt/install/grab2_behavior_tree/share/grab2_behavior_tree/package.dsv'
[27.836s] INFO:colcon.colcon_core.shell:Creating package script '/Bt/install/grab2_behavior_tree/share/grab2_behavior_tree/package.sh'
[27.838s] INFO:colcon.colcon_core.shell:Creating package script '/Bt/install/grab2_behavior_tree/share/grab2_behavior_tree/package.bash'
[27.839s] INFO:colcon.colcon_core.shell:Creating package script '/Bt/install/grab2_behavior_tree/share/grab2_behavior_tree/package.zsh'
[27.839s] Level 1:colcon.colcon_core.environment:create_file_with_runtime_dependencies(/Bt/install/grab2_behavior_tree/share/colcon-core/packages/grab2_behavior_tree)
[27.841s] Level 1:colcon.colcon_core.environment:create_environment_scripts_only(grab2_behavior_tree)
[27.841s] Level 1:colcon.colcon_core.environment:checking '/Bt/install/grab2_behavior_tree' for CMake module files
[27.843s] Level 1:colcon.colcon_core.environment:checking '/Bt/install/grab2_behavior_tree' for CMake config files
[27.844s] Level 1:colcon.colcon_core.shell:create_environment_hook('grab2_behavior_tree', 'cmake_prefix_path')
[27.844s] INFO:colcon.colcon_core.shell:Creating environment hook '/Bt/install/grab2_behavior_tree/share/grab2_behavior_tree/hook/cmake_prefix_path.ps1'
[27.846s] INFO:colcon.colcon_core.shell:Creating environment descriptor '/Bt/install/grab2_behavior_tree/share/grab2_behavior_tree/hook/cmake_prefix_path.dsv'
[27.847s] INFO:colcon.colcon_core.shell:Creating environment hook '/Bt/install/grab2_behavior_tree/share/grab2_behavior_tree/hook/cmake_prefix_path.sh'
[27.848s] Level 1:colcon.colcon_core.environment:checking '/Bt/install/grab2_behavior_tree/lib'
[27.848s] Level 1:colcon.colcon_core.shell:create_environment_hook('grab2_behavior_tree', 'ld_library_path_lib')
[27.848s] INFO:colcon.colcon_core.shell:Creating environment hook '/Bt/install/grab2_behavior_tree/share/grab2_behavior_tree/hook/ld_library_path_lib.ps1'
[27.849s] INFO:colcon.colcon_core.shell:Creating environment descriptor '/Bt/install/grab2_behavior_tree/share/grab2_behavior_tree/hook/ld_library_path_lib.dsv'
[27.849s] INFO:colcon.colcon_core.shell:Creating environment hook '/Bt/install/grab2_behavior_tree/share/grab2_behavior_tree/hook/ld_library_path_lib.sh'
[27.850s] Level 1:colcon.colcon_core.environment:checking '/Bt/install/grab2_behavior_tree/bin'
[27.850s] Level 1:colcon.colcon_core.environment:checking '/Bt/install/grab2_behavior_tree/lib/pkgconfig/grab2_behavior_tree.pc'
[27.850s] Level 1:colcon.colcon_core.environment:checking '/Bt/install/grab2_behavior_tree/lib/python3.12/site-packages'
[27.851s] Level 1:colcon.colcon_core.environment:checking '/Bt/install/grab2_behavior_tree/bin'
[27.851s] INFO:colcon.colcon_core.shell:Creating package script '/Bt/install/grab2_behavior_tree/share/grab2_behavior_tree/package.ps1'
[27.852s] INFO:colcon.colcon_core.shell:Creating package descriptor '/Bt/install/grab2_behavior_tree/share/grab2_behavior_tree/package.dsv'
[27.860s] INFO:colcon.colcon_core.shell:Creating package script '/Bt/install/grab2_behavior_tree/share/grab2_behavior_tree/package.sh'
[27.863s] INFO:colcon.colcon_core.shell:Creating package script '/Bt/install/grab2_behavior_tree/share/grab2_behavior_tree/package.bash'
[27.865s] INFO:colcon.colcon_core.shell:Creating package script '/Bt/install/grab2_behavior_tree/share/grab2_behavior_tree/package.zsh'
[27.867s] Level 1:colcon.colcon_core.environment:create_file_with_runtime_dependencies(/Bt/install/grab2_behavior_tree/share/colcon-core/packages/grab2_behavior_tree)
[27.870s] INFO:colcon.colcon_ros.task.ament_cmake.build:Building ROS package in '/Bt/tiago_grab' with build type 'ament_cmake'
[27.870s] INFO:colcon.colcon_cmake.task.cmake.build:Building CMake package in '/Bt/tiago_grab'
[27.871s] INFO:colcon.colcon_core.shell:Skip shell extension 'powershell' for command environment: Not usable outside of PowerShell
[27.871s] DEBUG:colcon.colcon_core.shell:Skip shell extension 'dsv' for command environment
[27.880s] Level 1:colcon.colcon_core.environment:checking '/Bt/install/grab2_curobo_planner' for CMake module files
[27.881s] DEBUG:colcon.colcon_core.event_handler.log_command:Invoked command in '/Bt/ThirdParty/grab2/grab2_curobo_planner' returned '0': AMENT_PREFIX_PATH=/Bt/install/grab2_msgs:/Bt/install/btcpp_ros2_interfaces:${AMENT_PREFIX_PATH} CMAKE_PREFIX_PATH=/Bt/install/grab2_msgs:/Bt/install/btcpp_ros2_interfaces:${CMAKE_PREFIX_PATH} LD_LIBRARY_PATH=/Bt/install/grab2_msgs/lib:/Bt/install/btcpp_ros2_interfaces/lib:${LD_LIBRARY_PATH} PYTHONPATH=/Bt/build/grab2_curobo_planner/prefix_override:/usr/lib/python3/dist-packages/colcon_core/task/python/colcon_distutils_commands:/Bt/install/grab2_curobo_planner/lib/python3.12/site-packages:/Bt/install/grab2_msgs/lib/python3.12/site-packages:/Bt/install/btcpp_ros2_interfaces/lib/python3.12/site-packages:${PYTHONPATH} /usr/bin/python3 -W ignore:setup.py install is deprecated -W ignore:easy_install command is deprecated setup.py egg_info --egg-base ../../../build/grab2_curobo_planner build --build-base /Bt/build/grab2_curobo_planner/build install --record /Bt/build/grab2_curobo_planner/install.log --single-version-externally-managed install_data
[27.882s] Level 1:colcon.colcon_core.environment:checking '/Bt/install/grab2_curobo_planner' for CMake config files
[27.883s] Level 1:colcon.colcon_core.environment:checking '/Bt/install/grab2_curobo_planner/lib'
[27.883s] Level 1:colcon.colcon_core.environment:checking '/Bt/install/grab2_curobo_planner/bin'
[27.883s] Level 1:colcon.colcon_core.environment:checking '/Bt/install/grab2_curobo_planner/lib/pkgconfig/grab2_curobo_planner.pc'
[27.883s] Level 1:colcon.colcon_core.environment:checking '/Bt/install/grab2_curobo_planner/lib/python3.12/site-packages'
[27.884s] Level 1:colcon.colcon_core.shell:create_environment_hook('grab2_curobo_planner', 'pythonpath')
[27.884s] INFO:colcon.colcon_core.shell:Creating environment hook '/Bt/install/grab2_curobo_planner/share/grab2_curobo_planner/hook/pythonpath.ps1'
[27.884s] INFO:colcon.colcon_core.shell:Creating environment descriptor '/Bt/install/grab2_curobo_planner/share/grab2_curobo_planner/hook/pythonpath.dsv'
[27.885s] INFO:colcon.colcon_core.shell:Creating environment hook '/Bt/install/grab2_curobo_planner/share/grab2_curobo_planner/hook/pythonpath.sh'
[27.886s] Level 1:colcon.colcon_core.environment:checking '/Bt/install/grab2_curobo_planner/bin'
[27.886s] Level 1:colcon.colcon_core.environment:create_environment_scripts_only(grab2_curobo_planner)
[27.886s] INFO:colcon.colcon_core.shell:Creating package script '/Bt/install/grab2_curobo_planner/share/grab2_curobo_planner/package.ps1'
[27.887s] INFO:colcon.colcon_core.shell:Creating package descriptor '/Bt/install/grab2_curobo_planner/share/grab2_curobo_planner/package.dsv'
[27.887s] INFO:colcon.colcon_core.shell:Creating package script '/Bt/install/grab2_curobo_planner/share/grab2_curobo_planner/package.sh'
[27.888s] INFO:colcon.colcon_core.shell:Creating package script '/Bt/install/grab2_curobo_planner/share/grab2_curobo_planner/package.bash'
[27.918s] INFO:colcon.colcon_core.shell:Creating package script '/Bt/install/grab2_curobo_planner/share/grab2_curobo_planner/package.zsh'
[27.920s] Level 1:colcon.colcon_core.environment:create_file_with_runtime_dependencies(/Bt/install/grab2_curobo_planner/share/colcon-core/packages/grab2_curobo_planner)
[27.921s] Level 1:colcon.colcon_core.environment:create_environment_scripts_only(tiago_controller_configuration)
[27.921s] Level 1:colcon.colcon_core.environment:checking '/Bt/install/tiago_controller_configuration' for CMake module files
[27.926s] DEBUG:colcon.colcon_core.event_handler.log_command:Invoked command in '/Bt/build/tiago_controller_configuration' returned '0': AMENT_PREFIX_PATH=/Bt/install/pmb2_controller_configuration:/Bt/install/pal_robotiq_controller_configuration:/Bt/install/pal_hey5_controller_configuration:/Bt/install/pal_gripper_controller_configuration:/Bt/install/omni_base_controller_configuration:/Bt/install/launch_pal:${AMENT_PREFIX_PATH} CMAKE_PREFIX_PATH=/Bt/install/pmb2_controller_configuration:/Bt/install/pal_robotiq_controller_configuration:/Bt/install/pal_hey5_controller_configuration:/Bt/install/pal_gripper_controller_configuration:/Bt/install/omni_base_controller_configuration:/opt/ros/jazzy/opt/gz_sim_vendor:/opt/ros/jazzy/opt/gz_sensors_vendor:/opt/ros/jazzy/opt/gz_physics_vendor:/opt/ros/jazzy/opt/sdformat_vendor:/opt/ros/jazzy/opt/gz_gui_vendor:/opt/ros/jazzy/opt/gz_transport_vendor:/opt/ros/jazzy/opt/gz_rendering_vendor:/opt/ros/jazzy/opt/gz_plugin_vendor:/opt/ros/jazzy/opt/gz_fuel_tools_vendor:/opt/ros/jazzy/opt/gz_msgs_vendor:/opt/ros/jazzy/opt/gz_common_vendor:/opt/ros/jazzy/opt/gz_math_vendor:/opt/ros/jazzy/opt/gz_utils_vendor:/opt/ros/jazzy/opt/gz_tools_vendor:/opt/ros/jazzy/opt/gz_ogre_next_vendor:/opt/ros/jazzy/opt/gz_dartsim_vendor:/opt/ros/jazzy/opt/gz_cmake_vendor:/opt/ros/jazzy PYTHONPATH=/Bt/install/launch_pal/lib/python3.12/site-packages:${PYTHONPATH} /usr/bin/cmake --install /Bt/build/tiago_controller_configuration
[27.927s] Level 1:colcon.colcon_core.environment:checking '/Bt/install/tiago_controller_configuration' for CMake config files
[27.952s] Level 1:colcon.colcon_core.shell:create_environment_hook('tiago_controller_configuration', 'cmake_prefix_path')
[27.952s] INFO:colcon.colcon_core.shell:Creating environment hook '/Bt/install/tiago_controller_configuration/share/tiago_controller_configuration/hook/cmake_prefix_path.ps1'
[27.953s] INFO:colcon.colcon_core.shell:Creating environment descriptor '/Bt/install/tiago_controller_configuration/share/tiago_controller_configuration/hook/cmake_prefix_path.dsv'
[27.954s] INFO:colcon.colcon_core.shell:Creating environment hook '/Bt/install/tiago_controller_configuration/share/tiago_controller_configuration/hook/cmake_prefix_path.sh'
[27.955s] Level 1:colcon.colcon_core.environment:checking '/Bt/install/tiago_controller_configuration/bin'
[27.955s] Level 1:colcon.colcon_core.environment:checking '/Bt/install/tiago_controller_configuration/lib/pkgconfig/tiago_controller_configuration.pc'
[27.955s] Level 1:colcon.colcon_core.environment:checking '/Bt/install/tiago_controller_configuration/lib/python3.12/site-packages'
[27.956s] Level 1:colcon.colcon_core.environment:checking '/Bt/install/tiago_controller_configuration/bin'
[27.956s] INFO:colcon.colcon_core.shell:Creating package script '/Bt/install/tiago_controller_configuration/share/tiago_controller_configuration/package.ps1'
[27.957s] INFO:colcon.colcon_core.shell:Creating package descriptor '/Bt/install/tiago_controller_configuration/share/tiago_controller_configuration/package.dsv'
[27.958s] INFO:colcon.colcon_core.shell:Creating package script '/Bt/install/tiago_controller_configuration/share/tiago_controller_configuration/package.sh'
[27.959s] INFO:colcon.colcon_core.shell:Creating package script '/Bt/install/tiago_controller_configuration/share/tiago_controller_configuration/package.bash'
[27.983s] INFO:colcon.colcon_core.shell:Creating package script '/Bt/install/tiago_controller_configuration/share/tiago_controller_configuration/package.zsh'
[27.985s] Level 1:colcon.colcon_core.environment:create_file_with_runtime_dependencies(/Bt/install/tiago_controller_configuration/share/colcon-core/packages/tiago_controller_configuration)
[27.986s] Level 1:colcon.colcon_core.environment:create_environment_scripts_only(tiago_controller_configuration)
[27.987s] Level 1:colcon.colcon_core.environment:checking '/Bt/install/tiago_controller_configuration' for CMake module files
[27.989s] Level 1:colcon.colcon_core.environment:checking '/Bt/install/tiago_controller_configuration' for CMake config files
[27.990s] Level 1:colcon.colcon_core.shell:create_environment_hook('tiago_controller_configuration', 'cmake_prefix_path')
[27.991s] INFO:colcon.colcon_core.shell:Creating environment hook '/Bt/install/tiago_controller_configuration/share/tiago_controller_configuration/hook/cmake_prefix_path.ps1'
[27.992s] INFO:colcon.colcon_core.shell:Creating environment descriptor '/Bt/install/tiago_controller_configuration/share/tiago_controller_configuration/hook/cmake_prefix_path.dsv'
[27.994s] INFO:colcon.colcon_core.shell:Creating environment hook '/Bt/install/tiago_controller_configuration/share/tiago_controller_configuration/hook/cmake_prefix_path.sh'
[27.996s] Level 1:colcon.colcon_core.environment:checking '/Bt/install/tiago_controller_configuration/bin'
[27.996s] Level 1:colcon.colcon_core.environment:checking '/Bt/install/tiago_controller_configuration/lib/pkgconfig/tiago_controller_configuration.pc'
[27.997s] Level 1:colcon.colcon_core.environment:checking '/Bt/install/tiago_controller_configuration/lib/python3.12/site-packages'
[27.998s] Level 1:colcon.colcon_core.environment:checking '/Bt/install/tiago_controller_configuration/bin'
[27.999s] INFO:colcon.colcon_core.shell:Creating package script '/Bt/install/tiago_controller_configuration/share/tiago_controller_configuration/package.ps1'
[28.001s] INFO:colcon.colcon_core.shell:Creating package descriptor '/Bt/install/tiago_controller_configuration/share/tiago_controller_configuration/package.dsv'
[28.002s] INFO:colcon.colcon_core.shell:Creating package script '/Bt/install/tiago_controller_configuration/share/tiago_controller_configuration/package.sh'
[28.003s] INFO:colcon.colcon_core.shell:Creating package script '/Bt/install/tiago_controller_configuration/share/tiago_controller_configuration/package.bash'
[28.005s] INFO:colcon.colcon_core.shell:Creating package script '/Bt/install/tiago_controller_configuration/share/tiago_controller_configuration/package.zsh'
[28.006s] Level 1:colcon.colcon_core.environment:create_file_with_runtime_dependencies(/Bt/install/tiago_controller_configuration/share/colcon-core/packages/tiago_controller_configuration)
[28.008s] INFO:colcon.colcon_ros.task.ament_cmake.build:Building ROS package in '/Bt/ThirdParty/pmb2_navigation/pmb2_navigation' with build type 'ament_cmake'
[28.008s] INFO:colcon.colcon_cmake.task.cmake.build:Building CMake package in '/Bt/ThirdParty/pmb2_navigation/pmb2_navigation'
[28.009s] INFO:colcon.colcon_core.shell:Skip shell extension 'powershell' for command environment: Not usable outside of PowerShell
[28.009s] DEBUG:colcon.colcon_core.shell:Skip shell extension 'dsv' for command environment
[28.015s] INFO:colcon.colcon_ros.task.ament_cmake.build:Building ROS package in '/Bt/ThirdParty/grab2/grab2_grasp_generator' with build type 'ament_cmake'
[28.015s] INFO:colcon.colcon_cmake.task.cmake.build:Building CMake package in '/Bt/ThirdParty/grab2/grab2_grasp_generator'
[28.015s] INFO:colcon.colcon_core.shell:Skip shell extension 'powershell' for command environment: Not usable outside of PowerShell
[28.015s] DEBUG:colcon.colcon_core.shell:Skip shell extension 'dsv' for command environment
[28.019s] Level 1:colcon.colcon_core.environment:create_environment_scripts_only(pmb2_description)
[28.020s] Level 1:colcon.colcon_core.environment:checking '/Bt/install/pmb2_description' for CMake module files
[28.020s] DEBUG:colcon.colcon_core.event_handler.log_command:Invoked command in '/Bt/build/pmb2_description' returned '0': AMENT_PREFIX_PATH=/Bt/install/pal_urdf_utils:/Bt/install/launch_pal:${AMENT_PREFIX_PATH} CMAKE_PREFIX_PATH=/Bt/install/pal_urdf_utils:/opt/ros/jazzy/opt/gz_sim_vendor:/opt/ros/jazzy/opt/gz_sensors_vendor:/opt/ros/jazzy/opt/gz_physics_vendor:/opt/ros/jazzy/opt/sdformat_vendor:/opt/ros/jazzy/opt/gz_gui_vendor:/opt/ros/jazzy/opt/gz_transport_vendor:/opt/ros/jazzy/opt/gz_rendering_vendor:/opt/ros/jazzy/opt/gz_plugin_vendor:/opt/ros/jazzy/opt/gz_fuel_tools_vendor:/opt/ros/jazzy/opt/gz_msgs_vendor:/opt/ros/jazzy/opt/gz_common_vendor:/opt/ros/jazzy/opt/gz_math_vendor:/opt/ros/jazzy/opt/gz_utils_vendor:/opt/ros/jazzy/opt/gz_tools_vendor:/opt/ros/jazzy/opt/gz_ogre_next_vendor:/opt/ros/jazzy/opt/gz_dartsim_vendor:/opt/ros/jazzy/opt/gz_cmake_vendor:/opt/ros/jazzy PYTHONPATH=/Bt/install/launch_pal/lib/python3.12/site-packages:${PYTHONPATH} /usr/bin/cmake --install /Bt/build/pmb2_description
[28.021s] Level 1:colcon.colcon_core.environment:checking '/Bt/install/pmb2_description' for CMake config files
[28.022s] Level 1:colcon.colcon_core.shell:create_environment_hook('pmb2_description', 'cmake_prefix_path')
[28.023s] INFO:colcon.colcon_core.shell:Creating environment hook '/Bt/install/pmb2_description/share/pmb2_description/hook/cmake_prefix_path.ps1'
[28.023s] INFO:colcon.colcon_core.shell:Creating environment descriptor '/Bt/install/pmb2_description/share/pmb2_description/hook/cmake_prefix_path.dsv'
[28.024s] INFO:colcon.colcon_core.shell:Creating environment hook '/Bt/install/pmb2_description/share/pmb2_description/hook/cmake_prefix_path.sh'
[28.024s] Level 1:colcon.colcon_core.environment:checking '/Bt/install/pmb2_description/lib'
[28.024s] Level 1:colcon.colcon_core.environment:checking '/Bt/install/pmb2_description/bin'
[28.024s] Level 1:colcon.colcon_core.environment:checking '/Bt/install/pmb2_description/lib/pkgconfig/pmb2_description.pc'
[28.025s] Level 1:colcon.colcon_core.environment:checking '/Bt/install/pmb2_description/lib/python3.12/site-packages'
[28.025s] Level 1:colcon.colcon_core.shell:create_environment_hook('pmb2_description', 'pythonpath')
[28.025s] INFO:colcon.colcon_core.shell:Creating environment hook '/Bt/install/pmb2_description/share/pmb2_description/hook/pythonpath.ps1'
[28.025s] INFO:colcon.colcon_core.shell:Creating environment descriptor '/Bt/install/pmb2_description/share/pmb2_description/hook/pythonpath.dsv'
[28.026s] INFO:colcon.colcon_core.shell:Creating environment hook '/Bt/install/pmb2_description/share/pmb2_description/hook/pythonpath.sh'
[28.040s] Level 1:colcon.colcon_core.environment:checking '/Bt/install/pmb2_description/bin'
[28.041s] INFO:colcon.colcon_core.shell:Creating package script '/Bt/install/pmb2_description/share/pmb2_description/package.ps1'
[28.041s] INFO:colcon.colcon_core.shell:Creating package descriptor '/Bt/install/pmb2_description/share/pmb2_description/package.dsv'
[28.042s] INFO:colcon.colcon_core.shell:Creating package script '/Bt/install/pmb2_description/share/pmb2_description/package.sh'
[28.042s] INFO:colcon.colcon_core.shell:Creating package script '/Bt/install/pmb2_description/share/pmb2_description/package.bash'
[28.043s] INFO:colcon.colcon_core.shell:Creating package script '/Bt/install/pmb2_description/share/pmb2_description/package.zsh'
[28.043s] Level 1:colcon.colcon_core.environment:create_file_with_runtime_dependencies(/Bt/install/pmb2_description/share/colcon-core/packages/pmb2_description)
[28.044s] Level 1:colcon.colcon_core.environment:create_environment_scripts_only(pmb2_description)
[28.044s] Level 1:colcon.colcon_core.environment:checking '/Bt/install/pmb2_description' for CMake module files
[28.044s] Level 1:colcon.colcon_core.environment:checking '/Bt/install/pmb2_description' for CMake config files
[28.045s] Level 1:colcon.colcon_core.shell:create_environment_hook('pmb2_description', 'cmake_prefix_path')
[28.045s] INFO:colcon.colcon_core.shell:Creating environment hook '/Bt/install/pmb2_description/share/pmb2_description/hook/cmake_prefix_path.ps1'
[28.052s] INFO:colcon.colcon_core.shell:Creating environment descriptor '/Bt/install/pmb2_description/share/pmb2_description/hook/cmake_prefix_path.dsv'
[28.052s] INFO:colcon.colcon_core.shell:Creating environment hook '/Bt/install/pmb2_description/share/pmb2_description/hook/cmake_prefix_path.sh'
[28.053s] Level 1:colcon.colcon_core.environment:checking '/Bt/install/pmb2_description/lib'
[28.053s] Level 1:colcon.colcon_core.environment:checking '/Bt/install/pmb2_description/bin'
[28.053s] Level 1:colcon.colcon_core.environment:checking '/Bt/install/pmb2_description/lib/pkgconfig/pmb2_description.pc'
[28.053s] Level 1:colcon.colcon_core.environment:checking '/Bt/install/pmb2_description/lib/python3.12/site-packages'
[28.053s] Level 1:colcon.colcon_core.shell:create_environment_hook('pmb2_description', 'pythonpath')
[28.053s] INFO:colcon.colcon_core.shell:Creating environment hook '/Bt/install/pmb2_description/share/pmb2_description/hook/pythonpath.ps1'
[28.054s] INFO:colcon.colcon_core.shell:Creating environment descriptor '/Bt/install/pmb2_description/share/pmb2_description/hook/pythonpath.dsv'
[28.054s] INFO:colcon.colcon_core.shell:Creating environment hook '/Bt/install/pmb2_description/share/pmb2_description/hook/pythonpath.sh'
[28.055s] Level 1:colcon.colcon_core.environment:checking '/Bt/install/pmb2_description/bin'
[28.055s] INFO:colcon.colcon_core.shell:Creating package script '/Bt/install/pmb2_description/share/pmb2_description/package.ps1'
[28.056s] INFO:colcon.colcon_core.shell:Creating package descriptor '/Bt/install/pmb2_description/share/pmb2_description/package.dsv'
[28.056s] INFO:colcon.colcon_core.shell:Creating package script '/Bt/install/pmb2_description/share/pmb2_description/package.sh'
[28.064s] INFO:colcon.colcon_core.shell:Creating package script '/Bt/install/pmb2_description/share/pmb2_description/package.bash'
[28.064s] INFO:colcon.colcon_core.shell:Creating package script '/Bt/install/pmb2_description/share/pmb2_description/package.zsh'
[28.065s] Level 1:colcon.colcon_core.environment:create_file_with_runtime_dependencies(/Bt/install/pmb2_description/share/colcon-core/packages/pmb2_description)
[28.066s] DEBUG:colcon.colcon_core.event_handler.log_command:Invoked command in '/Bt/build/pmb2_rgbd_sensors' returned '0': AMENT_PREFIX_PATH=/Bt/install/launch_pal:${AMENT_PREFIX_PATH} CMAKE_PREFIX_PATH=${CMAKE_PREFIX_PATH}:/opt/ros/jazzy PYTHONPATH=/Bt/install/launch_pal/lib/python3.12/site-packages:${PYTHONPATH} /usr/bin/cmake --build /Bt/build/pmb2_rgbd_sensors -- -j8 -l8
[28.083s] DEBUG:colcon.colcon_core.event_handler.log_command:Invoking command in '/Bt/build/pmb2_rgbd_sensors': AMENT_PREFIX_PATH=/Bt/install/launch_pal:${AMENT_PREFIX_PATH} CMAKE_PREFIX_PATH=${CMAKE_PREFIX_PATH}:/opt/ros/jazzy PYTHONPATH=/Bt/install/launch_pal/lib/python3.12/site-packages:${PYTHONPATH} /usr/bin/cmake --install /Bt/build/pmb2_rgbd_sensors
[28.083s] INFO:colcon.colcon_ros.task.ament_cmake.build:Building ROS package in '/Bt/ThirdParty/tiago_robot/tiago_description' with build type 'ament_cmake'
[28.083s] INFO:colcon.colcon_cmake.task.cmake.build:Building CMake package in '/Bt/ThirdParty/tiago_robot/tiago_description'
[28.084s] INFO:colcon.colcon_core.shell:Skip shell extension 'powershell' for command environment: Not usable outside of PowerShell
[28.084s] DEBUG:colcon.colcon_core.shell:Skip shell extension 'dsv' for command environment
[28.089s] DEBUG:colcon.colcon_core.event_handler.log_command:Invoked command in '/Bt/build/omni_base_bringup' returned '0': AMENT_PREFIX_PATH=/Bt/install/omni_base_description:/Bt/install/pal_urdf_utils:/Bt/install/omni_base_controller_configuration:/Bt/install/launch_pal:${AMENT_PREFIX_PATH} CMAKE_PREFIX_PATH=/Bt/install/omni_base_description:/Bt/install/pal_urdf_utils:/Bt/install/omni_base_controller_configuration:/opt/ros/jazzy/opt/gz_sim_vendor:/opt/ros/jazzy/opt/gz_sensors_vendor:/opt/ros/jazzy/opt/gz_physics_vendor:/opt/ros/jazzy/opt/sdformat_vendor:/opt/ros/jazzy/opt/gz_gui_vendor:/opt/ros/jazzy/opt/gz_transport_vendor:/opt/ros/jazzy/opt/gz_rendering_vendor:/opt/ros/jazzy/opt/gz_plugin_vendor:/opt/ros/jazzy/opt/gz_fuel_tools_vendor:/opt/ros/jazzy/opt/gz_msgs_vendor:/opt/ros/jazzy/opt/gz_common_vendor:/opt/ros/jazzy/opt/gz_math_vendor:/opt/ros/jazzy/opt/gz_utils_vendor:/opt/ros/jazzy/opt/gz_tools_vendor:/opt/ros/jazzy/opt/gz_ogre_next_vendor:/opt/ros/jazzy/opt/gz_dartsim_vendor:/opt/ros/jazzy/opt/gz_cmake_vendor:/opt/ros/jazzy PYTHONPATH=/Bt/install/omni_base_description/lib/python3.12/site-packages:/Bt/install/launch_pal/lib/python3.12/site-packages:${PYTHONPATH} /usr/bin/cmake --build /Bt/build/omni_base_bringup -- -j8 -l8
[28.091s] DEBUG:colcon.colcon_core.event_handler.log_command:Invoking command in '/Bt/build/omni_base_bringup': AMENT_PREFIX_PATH=/Bt/install/omni_base_description:/Bt/install/pal_urdf_utils:/Bt/install/omni_base_controller_configuration:/Bt/install/launch_pal:${AMENT_PREFIX_PATH} CMAKE_PREFIX_PATH=/Bt/install/omni_base_description:/Bt/install/pal_urdf_utils:/Bt/install/omni_base_controller_configuration:/opt/ros/jazzy/opt/gz_sim_vendor:/opt/ros/jazzy/opt/gz_sensors_vendor:/opt/ros/jazzy/opt/gz_physics_vendor:/opt/ros/jazzy/opt/sdformat_vendor:/opt/ros/jazzy/opt/gz_gui_vendor:/opt/ros/jazzy/opt/gz_transport_vendor:/opt/ros/jazzy/opt/gz_rendering_vendor:/opt/ros/jazzy/opt/gz_plugin_vendor:/opt/ros/jazzy/opt/gz_fuel_tools_vendor:/opt/ros/jazzy/opt/gz_msgs_vendor:/opt/ros/jazzy/opt/gz_common_vendor:/opt/ros/jazzy/opt/gz_math_vendor:/opt/ros/jazzy/opt/gz_utils_vendor:/opt/ros/jazzy/opt/gz_tools_vendor:/opt/ros/jazzy/opt/gz_ogre_next_vendor:/opt/ros/jazzy/opt/gz_dartsim_vendor:/opt/ros/jazzy/opt/gz_cmake_vendor:/opt/ros/jazzy PYTHONPATH=/Bt/install/omni_base_description/lib/python3.12/site-packages:/Bt/install/launch_pal/lib/python3.12/site-packages:${PYTHONPATH} /usr/bin/cmake --install /Bt/build/omni_base_bringup
[28.170s] DEBUG:colcon.colcon_core.event_handler.log_command:Invoking command in '/Bt/build/tiago_grab': AMENT_PREFIX_PATH=/Bt/install/grab2_planner:/Bt/install/grab2_bt_grabber:/Bt/install/grab2_ros_common:/Bt/install/grab2_behavior_tree:/Bt/install/grab2_msgs:/Bt/install/behaviortree_ros2:/Bt/install/btcpp_ros2_interfaces:${AMENT_PREFIX_PATH} CMAKE_PREFIX_PATH=/Bt/install/grab2_planner:/Bt/install/grab2_bt_grabber:/Bt/install/grab2_ros_common:/Bt/install/grab2_behavior_tree:/Bt/install/grab2_msgs:/Bt/install/behaviortree_ros2:/Bt/install/btcpp_ros2_interfaces:/opt/ros/jazzy/opt/gz_sim_vendor:/opt/ros/jazzy/opt/gz_sensors_vendor:/opt/ros/jazzy/opt/gz_physics_vendor:/opt/ros/jazzy/opt/sdformat_vendor:/opt/ros/jazzy/opt/gz_gui_vendor:/opt/ros/jazzy/opt/gz_transport_vendor:/opt/ros/jazzy/opt/gz_rendering_vendor:/opt/ros/jazzy/opt/gz_plugin_vendor:/opt/ros/jazzy/opt/gz_fuel_tools_vendor:/opt/ros/jazzy/opt/gz_msgs_vendor:/opt/ros/jazzy/opt/gz_common_vendor:/opt/ros/jazzy/opt/gz_math_vendor:/opt/ros/jazzy/opt/gz_utils_vendor:/opt/ros/jazzy/opt/gz_tools_vendor:/opt/ros/jazzy/opt/gz_ogre_next_vendor:/opt/ros/jazzy/opt/gz_dartsim_vendor:/opt/ros/jazzy/opt/gz_cmake_vendor:/opt/ros/jazzy LD_LIBRARY_PATH=/Bt/install/grab2_planner/lib:/Bt/install/grab2_bt_grabber/lib:/Bt/install/grab2_behavior_tree/lib:/Bt/install/grab2_msgs/lib:/Bt/install/behaviortree_ros2/lib:/Bt/install/btcpp_ros2_interfaces/lib:${LD_LIBRARY_PATH} PYTHONPATH=/Bt/install/grab2_msgs/lib/python3.12/site-packages:/Bt/install/btcpp_ros2_interfaces/lib/python3.12/site-packages:${PYTHONPATH} /usr/bin/cmake --build /Bt/build/tiago_grab -- -j8 -l8
[28.205s] DEBUG:colcon.colcon_core.event_handler.log_command:Invoking command in '/Bt/build/pmb2_navigation': AMENT_PREFIX_PATH=/Bt/install/pmb2_2dnav:/Bt/install/pmb2_laser_sensors:/Bt/install/pal_maps:/Bt/install/launch_pal:${AMENT_PREFIX_PATH} CMAKE_PREFIX_PATH=/Bt/install/pmb2_2dnav:/Bt/install/pmb2_laser_sensors:/Bt/install/pal_maps:/opt/ros/jazzy/opt/gz_sim_vendor:/opt/ros/jazzy/opt/gz_sensors_vendor:/opt/ros/jazzy/opt/gz_physics_vendor:/opt/ros/jazzy/opt/sdformat_vendor:/opt/ros/jazzy/opt/gz_gui_vendor:/opt/ros/jazzy/opt/gz_transport_vendor:/opt/ros/jazzy/opt/gz_rendering_vendor:/opt/ros/jazzy/opt/gz_plugin_vendor:/opt/ros/jazzy/opt/gz_fuel_tools_vendor:/opt/ros/jazzy/opt/gz_msgs_vendor:/opt/ros/jazzy/opt/gz_common_vendor:/opt/ros/jazzy/opt/gz_math_vendor:/opt/ros/jazzy/opt/gz_utils_vendor:/opt/ros/jazzy/opt/gz_tools_vendor:/opt/ros/jazzy/opt/gz_ogre_next_vendor:/opt/ros/jazzy/opt/gz_dartsim_vendor:/opt/ros/jazzy/opt/gz_cmake_vendor:/opt/ros/jazzy PYTHONPATH=/Bt/install/launch_pal/lib/python3.12/site-packages:${PYTHONPATH} /usr/bin/cmake --build /Bt/build/pmb2_navigation -- -j8 -l8
[28.274s] Level 1:colcon.colcon_core.environment:create_environment_scripts_only(omni_base_bringup)
[28.275s] Level 1:colcon.colcon_core.environment:checking '/Bt/install/omni_base_bringup' for CMake module files
[28.276s] DEBUG:colcon.colcon_core.event_handler.log_command:Invoking command in '/Bt/build/grab2_grasp_generator': AMENT_PREFIX_PATH=/Bt/install/grab2_ros_common:/Bt/install/grab2_msgs:/Bt/install/behaviortree_ros2:/Bt/install/btcpp_ros2_interfaces:${AMENT_PREFIX_PATH} CMAKE_PREFIX_PATH=/Bt/install/grab2_ros_common:/Bt/install/grab2_msgs:/Bt/install/behaviortree_ros2:/Bt/install/btcpp_ros2_interfaces:/opt/ros/jazzy/opt/gz_sim_vendor:/opt/ros/jazzy/opt/gz_sensors_vendor:/opt/ros/jazzy/opt/gz_physics_vendor:/opt/ros/jazzy/opt/sdformat_vendor:/opt/ros/jazzy/opt/gz_gui_vendor:/opt/ros/jazzy/opt/gz_transport_vendor:/opt/ros/jazzy/opt/gz_rendering_vendor:/opt/ros/jazzy/opt/gz_plugin_vendor:/opt/ros/jazzy/opt/gz_fuel_tools_vendor:/opt/ros/jazzy/opt/gz_msgs_vendor:/opt/ros/jazzy/opt/gz_common_vendor:/opt/ros/jazzy/opt/gz_math_vendor:/opt/ros/jazzy/opt/gz_utils_vendor:/opt/ros/jazzy/opt/gz_tools_vendor:/opt/ros/jazzy/opt/gz_ogre_next_vendor:/opt/ros/jazzy/opt/gz_dartsim_vendor:/opt/ros/jazzy/opt/gz_cmake_vendor:/opt/ros/jazzy LD_LIBRARY_PATH=/Bt/install/grab2_msgs/lib:/Bt/install/behaviortree_ros2/lib:/Bt/install/btcpp_ros2_interfaces/lib:${LD_LIBRARY_PATH} PYTHONPATH=/Bt/install/grab2_msgs/lib/python3.12/site-packages:/Bt/install/btcpp_ros2_interfaces/lib/python3.12/site-packages:${PYTHONPATH} /usr/bin/cmake --build /Bt/build/grab2_grasp_generator -- -j8 -l8
[28.277s] DEBUG:colcon.colcon_core.event_handler.log_command:Invoked command in '/Bt/build/omni_base_bringup' returned '0': AMENT_PREFIX_PATH=/Bt/install/omni_base_description:/Bt/install/pal_urdf_utils:/Bt/install/omni_base_controller_configuration:/Bt/install/launch_pal:${AMENT_PREFIX_PATH} CMAKE_PREFIX_PATH=/Bt/install/omni_base_description:/Bt/install/pal_urdf_utils:/Bt/install/omni_base_controller_configuration:/opt/ros/jazzy/opt/gz_sim_vendor:/opt/ros/jazzy/opt/gz_sensors_vendor:/opt/ros/jazzy/opt/gz_physics_vendor:/opt/ros/jazzy/opt/sdformat_vendor:/opt/ros/jazzy/opt/gz_gui_vendor:/opt/ros/jazzy/opt/gz_transport_vendor:/opt/ros/jazzy/opt/gz_rendering_vendor:/opt/ros/jazzy/opt/gz_plugin_vendor:/opt/ros/jazzy/opt/gz_fuel_tools_vendor:/opt/ros/jazzy/opt/gz_msgs_vendor:/opt/ros/jazzy/opt/gz_common_vendor:/opt/ros/jazzy/opt/gz_math_vendor:/opt/ros/jazzy/opt/gz_utils_vendor:/opt/ros/jazzy/opt/gz_tools_vendor:/opt/ros/jazzy/opt/gz_ogre_next_vendor:/opt/ros/jazzy/opt/gz_dartsim_vendor:/opt/ros/jazzy/opt/gz_cmake_vendor:/opt/ros/jazzy PYTHONPATH=/Bt/install/omni_base_description/lib/python3.12/site-packages:/Bt/install/launch_pal/lib/python3.12/site-packages:${PYTHONPATH} /usr/bin/cmake --install /Bt/build/omni_base_bringup
[28.277s] Level 1:colcon.colcon_core.environment:checking '/Bt/install/omni_base_bringup' for CMake config files
[28.278s] Level 1:colcon.colcon_core.shell:create_environment_hook('omni_base_bringup', 'cmake_prefix_path')
[28.278s] INFO:colcon.colcon_core.shell:Creating environment hook '/Bt/install/omni_base_bringup/share/omni_base_bringup/hook/cmake_prefix_path.ps1'
[28.279s] INFO:colcon.colcon_core.shell:Creating environment descriptor '/Bt/install/omni_base_bringup/share/omni_base_bringup/hook/cmake_prefix_path.dsv'
[28.280s] INFO:colcon.colcon_core.shell:Creating environment hook '/Bt/install/omni_base_bringup/share/omni_base_bringup/hook/cmake_prefix_path.sh'
[28.280s] Level 1:colcon.colcon_core.environment:checking '/Bt/install/omni_base_bringup/bin'
[28.281s] Level 1:colcon.colcon_core.environment:checking '/Bt/install/omni_base_bringup/lib/pkgconfig/omni_base_bringup.pc'
[28.281s] Level 1:colcon.colcon_core.environment:checking '/Bt/install/omni_base_bringup/lib/python3.12/site-packages'
[28.282s] Level 1:colcon.colcon_core.environment:checking '/Bt/install/omni_base_bringup/bin'
[28.282s] INFO:colcon.colcon_core.shell:Creating package script '/Bt/install/omni_base_bringup/share/omni_base_bringup/package.ps1'
[28.283s] INFO:colcon.colcon_core.shell:Creating package descriptor '/Bt/install/omni_base_bringup/share/omni_base_bringup/package.dsv'
[28.284s] INFO:colcon.colcon_core.shell:Creating package script '/Bt/install/omni_base_bringup/share/omni_base_bringup/package.sh'
[28.284s] INFO:colcon.colcon_core.shell:Creating package script '/Bt/install/omni_base_bringup/share/omni_base_bringup/package.bash'
[28.285s] INFO:colcon.colcon_core.shell:Creating package script '/Bt/install/omni_base_bringup/share/omni_base_bringup/package.zsh'
[28.292s] Level 1:colcon.colcon_core.environment:create_file_with_runtime_dependencies(/Bt/install/omni_base_bringup/share/colcon-core/packages/omni_base_bringup)
[28.292s] Level 1:colcon.colcon_core.environment:create_environment_scripts_only(omni_base_bringup)
[28.292s] Level 1:colcon.colcon_core.environment:checking '/Bt/install/omni_base_bringup' for CMake module files
[28.293s] Level 1:colcon.colcon_core.environment:checking '/Bt/install/omni_base_bringup' for CMake config files
[28.293s] Level 1:colcon.colcon_core.shell:create_environment_hook('omni_base_bringup', 'cmake_prefix_path')
[28.293s] INFO:colcon.colcon_core.shell:Creating environment hook '/Bt/install/omni_base_bringup/share/omni_base_bringup/hook/cmake_prefix_path.ps1'
[28.294s] INFO:colcon.colcon_core.shell:Creating environment descriptor '/Bt/install/omni_base_bringup/share/omni_base_bringup/hook/cmake_prefix_path.dsv'
[28.294s] INFO:colcon.colcon_core.shell:Creating environment hook '/Bt/install/omni_base_bringup/share/omni_base_bringup/hook/cmake_prefix_path.sh'
[28.295s] Level 1:colcon.colcon_core.environment:checking '/Bt/install/omni_base_bringup/bin'
[28.295s] Level 1:colcon.colcon_core.environment:checking '/Bt/install/omni_base_bringup/lib/pkgconfig/omni_base_bringup.pc'
[28.295s] Level 1:colcon.colcon_core.environment:checking '/Bt/install/omni_base_bringup/lib/python3.12/site-packages'
[28.295s] Level 1:colcon.colcon_core.environment:checking '/Bt/install/omni_base_bringup/bin'
[28.296s] INFO:colcon.colcon_core.shell:Creating package script '/Bt/install/omni_base_bringup/share/omni_base_bringup/package.ps1'
[28.296s] INFO:colcon.colcon_core.shell:Creating package descriptor '/Bt/install/omni_base_bringup/share/omni_base_bringup/package.dsv'
[28.297s] INFO:colcon.colcon_core.shell:Creating package script '/Bt/install/omni_base_bringup/share/omni_base_bringup/package.sh'
[28.306s] INFO:colcon.colcon_core.shell:Creating package script '/Bt/install/omni_base_bringup/share/omni_base_bringup/package.bash'
[28.307s] INFO:colcon.colcon_core.shell:Creating package script '/Bt/install/omni_base_bringup/share/omni_base_bringup/package.zsh'
[28.307s] Level 1:colcon.colcon_core.environment:create_file_with_runtime_dependencies(/Bt/install/omni_base_bringup/share/colcon-core/packages/omni_base_bringup)
[28.360s] INFO:colcon.colcon_ros.task.ament_cmake.build:Building ROS package in '/Bt/ThirdParty/pmb2_robot/pmb2_bringup' with build type 'ament_cmake'
[28.360s] INFO:colcon.colcon_cmake.task.cmake.build:Building CMake package in '/Bt/ThirdParty/pmb2_robot/pmb2_bringup'
[28.361s] INFO:colcon.colcon_core.shell:Skip shell extension 'powershell' for command environment: Not usable outside of PowerShell
[28.361s] DEBUG:colcon.colcon_core.shell:Skip shell extension 'dsv' for command environment
[28.364s] DEBUG:colcon.colcon_core.event_handler.log_command:Invoking command in '/Bt/build/tiago_description': AMENT_PREFIX_PATH=/Bt/install/pmb2_description:/Bt/install/pal_hey5_description:/Bt/install/pal_gripper_description:/Bt/install/omni_base_description:/Bt/install/pal_urdf_utils:/Bt/install/pal_robotiq_description:/Bt/install/launch_pal:${AMENT_PREFIX_PATH} CMAKE_PREFIX_PATH=/Bt/install/pmb2_description:/Bt/install/pal_hey5_description:/Bt/install/pal_gripper_description:/Bt/install/omni_base_description:/Bt/install/pal_urdf_utils:/Bt/install/pal_robotiq_description:/opt/ros/jazzy/opt/gz_sim_vendor:/opt/ros/jazzy/opt/gz_sensors_vendor:/opt/ros/jazzy/opt/gz_physics_vendor:/opt/ros/jazzy/opt/sdformat_vendor:/opt/ros/jazzy/opt/gz_gui_vendor:/opt/ros/jazzy/opt/gz_transport_vendor:/opt/ros/jazzy/opt/gz_rendering_vendor:/opt/ros/jazzy/opt/gz_plugin_vendor:/opt/ros/jazzy/opt/gz_fuel_tools_vendor:/opt/ros/jazzy/opt/gz_msgs_vendor:/opt/ros/jazzy/opt/gz_common_vendor:/opt/ros/jazzy/opt/gz_math_vendor:/opt/ros/jazzy/opt/gz_utils_vendor:/opt/ros/jazzy/opt/gz_tools_vendor:/opt/ros/jazzy/opt/gz_ogre_next_vendor:/opt/ros/jazzy/opt/gz_dartsim_vendor:/opt/ros/jazzy/opt/gz_cmake_vendor:/opt/ros/jazzy PYTHONPATH=/Bt/install/pmb2_description/lib/python3.12/site-packages:/Bt/install/omni_base_description/lib/python3.12/site-packages:/Bt/install/launch_pal/lib/python3.12/site-packages:${PYTHONPATH} /usr/bin/cmake --build /Bt/build/tiago_description -- -j8 -l8
[28.380s] Level 1:colcon.colcon_core.environment:create_environment_scripts_only(pmb2_rgbd_sensors)
[28.380s] Level 1:colcon.colcon_core.environment:checking '/Bt/install/pmb2_rgbd_sensors' for CMake module files
[28.381s] DEBUG:colcon.colcon_core.event_handler.log_command:Invoked command in '/Bt/build/pmb2_rgbd_sensors' returned '0': AMENT_PREFIX_PATH=/Bt/install/launch_pal:${AMENT_PREFIX_PATH} CMAKE_PREFIX_PATH=${CMAKE_PREFIX_PATH}:/opt/ros/jazzy PYTHONPATH=/Bt/install/launch_pal/lib/python3.12/site-packages:${PYTHONPATH} /usr/bin/cmake --install /Bt/build/pmb2_rgbd_sensors
[28.383s] Level 1:colcon.colcon_core.environment:checking '/Bt/install/pmb2_rgbd_sensors' for CMake config files
[28.383s] Level 1:colcon.colcon_core.shell:create_environment_hook('pmb2_rgbd_sensors', 'cmake_prefix_path')
[28.383s] INFO:colcon.colcon_core.shell:Creating environment hook '/Bt/install/pmb2_rgbd_sensors/share/pmb2_rgbd_sensors/hook/cmake_prefix_path.ps1'
[28.384s] INFO:colcon.colcon_core.shell:Creating environment descriptor '/Bt/install/pmb2_rgbd_sensors/share/pmb2_rgbd_sensors/hook/cmake_prefix_path.dsv'
[28.385s] INFO:colcon.colcon_core.shell:Creating environment hook '/Bt/install/pmb2_rgbd_sensors/share/pmb2_rgbd_sensors/hook/cmake_prefix_path.sh'
[28.386s] Level 1:colcon.colcon_core.environment:checking '/Bt/install/pmb2_rgbd_sensors/bin'
[28.387s] Level 1:colcon.colcon_core.environment:checking '/Bt/install/pmb2_rgbd_sensors/lib/pkgconfig/pmb2_rgbd_sensors.pc'
[28.387s] Level 1:colcon.colcon_core.environment:checking '/Bt/install/pmb2_rgbd_sensors/lib/python3.12/site-packages'
[28.388s] Level 1:colcon.colcon_core.environment:checking '/Bt/install/pmb2_rgbd_sensors/bin'
[28.388s] INFO:colcon.colcon_core.shell:Creating package script '/Bt/install/pmb2_rgbd_sensors/share/pmb2_rgbd_sensors/package.ps1'
[28.388s] INFO:colcon.colcon_core.shell:Creating package descriptor '/Bt/install/pmb2_rgbd_sensors/share/pmb2_rgbd_sensors/package.dsv'
[28.389s] INFO:colcon.colcon_core.shell:Creating package script '/Bt/install/pmb2_rgbd_sensors/share/pmb2_rgbd_sensors/package.sh'
[28.416s] INFO:colcon.colcon_core.shell:Creating package script '/Bt/install/pmb2_rgbd_sensors/share/pmb2_rgbd_sensors/package.bash'
[28.418s] INFO:colcon.colcon_core.shell:Creating package script '/Bt/install/pmb2_rgbd_sensors/share/pmb2_rgbd_sensors/package.zsh'
[28.419s] Level 1:colcon.colcon_core.environment:create_file_with_runtime_dependencies(/Bt/install/pmb2_rgbd_sensors/share/colcon-core/packages/pmb2_rgbd_sensors)
[28.421s] Level 1:colcon.colcon_core.environment:create_environment_scripts_only(pmb2_rgbd_sensors)
[28.421s] Level 1:colcon.colcon_core.environment:checking '/Bt/install/pmb2_rgbd_sensors' for CMake module files
[28.423s] Level 1:colcon.colcon_core.environment:checking '/Bt/install/pmb2_rgbd_sensors' for CMake config files
[28.424s] Level 1:colcon.colcon_core.shell:create_environment_hook('pmb2_rgbd_sensors', 'cmake_prefix_path')
[28.424s] INFO:colcon.colcon_core.shell:Creating environment hook '/Bt/install/pmb2_rgbd_sensors/share/pmb2_rgbd_sensors/hook/cmake_prefix_path.ps1'
[28.426s] INFO:colcon.colcon_core.shell:Creating environment descriptor '/Bt/install/pmb2_rgbd_sensors/share/pmb2_rgbd_sensors/hook/cmake_prefix_path.dsv'
[28.427s] INFO:colcon.colcon_core.shell:Creating environment hook '/Bt/install/pmb2_rgbd_sensors/share/pmb2_rgbd_sensors/hook/cmake_prefix_path.sh'
[28.429s] Level 1:colcon.colcon_core.environment:checking '/Bt/install/pmb2_rgbd_sensors/bin'
[28.429s] Level 1:colcon.colcon_core.environment:checking '/Bt/install/pmb2_rgbd_sensors/lib/pkgconfig/pmb2_rgbd_sensors.pc'
[28.430s] Level 1:colcon.colcon_core.environment:checking '/Bt/install/pmb2_rgbd_sensors/lib/python3.12/site-packages'
[28.432s] Level 1:colcon.colcon_core.environment:checking '/Bt/install/pmb2_rgbd_sensors/bin'
[28.433s] INFO:colcon.colcon_core.shell:Creating package script '/Bt/install/pmb2_rgbd_sensors/share/pmb2_rgbd_sensors/package.ps1'
[28.434s] INFO:colcon.colcon_core.shell:Creating package descriptor '/Bt/install/pmb2_rgbd_sensors/share/pmb2_rgbd_sensors/package.dsv'
[28.436s] INFO:colcon.colcon_core.shell:Creating package script '/Bt/install/pmb2_rgbd_sensors/share/pmb2_rgbd_sensors/package.sh'
[28.438s] INFO:colcon.colcon_core.shell:Creating package script '/Bt/install/pmb2_rgbd_sensors/share/pmb2_rgbd_sensors/package.bash'
[28.439s] INFO:colcon.colcon_core.shell:Creating package script '/Bt/install/pmb2_rgbd_sensors/share/pmb2_rgbd_sensors/package.zsh'
[28.450s] Level 1:colcon.colcon_core.environment:create_file_with_runtime_dependencies(/Bt/install/pmb2_rgbd_sensors/share/colcon-core/packages/pmb2_rgbd_sensors)
[28.453s] INFO:colcon.colcon_ros.task.ament_cmake.build:Building ROS package in '/Bt/ThirdParty/tiago_omni_base/omni_base_robot' with build type 'ament_cmake'
[28.453s] INFO:colcon.colcon_cmake.task.cmake.build:Building CMake package in '/Bt/ThirdParty/tiago_omni_base/omni_base_robot'
[28.453s] INFO:colcon.colcon_core.shell:Skip shell extension 'powershell' for command environment: Not usable outside of PowerShell
[28.453s] DEBUG:colcon.colcon_core.shell:Skip shell extension 'dsv' for command environment
[28.464s] DEBUG:colcon.colcon_core.event_handler.log_command:Invoked command in '/Bt/build/pmb2_navigation' returned '0': AMENT_PREFIX_PATH=/Bt/install/pmb2_2dnav:/Bt/install/pmb2_laser_sensors:/Bt/install/pal_maps:/Bt/install/launch_pal:${AMENT_PREFIX_PATH} CMAKE_PREFIX_PATH=/Bt/install/pmb2_2dnav:/Bt/install/pmb2_laser_sensors:/Bt/install/pal_maps:/opt/ros/jazzy/opt/gz_sim_vendor:/opt/ros/jazzy/opt/gz_sensors_vendor:/opt/ros/jazzy/opt/gz_physics_vendor:/opt/ros/jazzy/opt/sdformat_vendor:/opt/ros/jazzy/opt/gz_gui_vendor:/opt/ros/jazzy/opt/gz_transport_vendor:/opt/ros/jazzy/opt/gz_rendering_vendor:/opt/ros/jazzy/opt/gz_plugin_vendor:/opt/ros/jazzy/opt/gz_fuel_tools_vendor:/opt/ros/jazzy/opt/gz_msgs_vendor:/opt/ros/jazzy/opt/gz_common_vendor:/opt/ros/jazzy/opt/gz_math_vendor:/opt/ros/jazzy/opt/gz_utils_vendor:/opt/ros/jazzy/opt/gz_tools_vendor:/opt/ros/jazzy/opt/gz_ogre_next_vendor:/opt/ros/jazzy/opt/gz_dartsim_vendor:/opt/ros/jazzy/opt/gz_cmake_vendor:/opt/ros/jazzy PYTHONPATH=/Bt/install/launch_pal/lib/python3.12/site-packages:${PYTHONPATH} /usr/bin/cmake --build /Bt/build/pmb2_navigation -- -j8 -l8
[28.471s] DEBUG:colcon.colcon_core.event_handler.log_command:Invoking command in '/Bt/build/pmb2_navigation': AMENT_PREFIX_PATH=/Bt/install/pmb2_2dnav:/Bt/install/pmb2_laser_sensors:/Bt/install/pal_maps:/Bt/install/launch_pal:${AMENT_PREFIX_PATH} CMAKE_PREFIX_PATH=/Bt/install/pmb2_2dnav:/Bt/install/pmb2_laser_sensors:/Bt/install/pal_maps:/opt/ros/jazzy/opt/gz_sim_vendor:/opt/ros/jazzy/opt/gz_sensors_vendor:/opt/ros/jazzy/opt/gz_physics_vendor:/opt/ros/jazzy/opt/sdformat_vendor:/opt/ros/jazzy/opt/gz_gui_vendor:/opt/ros/jazzy/opt/gz_transport_vendor:/opt/ros/jazzy/opt/gz_rendering_vendor:/opt/ros/jazzy/opt/gz_plugin_vendor:/opt/ros/jazzy/opt/gz_fuel_tools_vendor:/opt/ros/jazzy/opt/gz_msgs_vendor:/opt/ros/jazzy/opt/gz_common_vendor:/opt/ros/jazzy/opt/gz_math_vendor:/opt/ros/jazzy/opt/gz_utils_vendor:/opt/ros/jazzy/opt/gz_tools_vendor:/opt/ros/jazzy/opt/gz_ogre_next_vendor:/opt/ros/jazzy/opt/gz_dartsim_vendor:/opt/ros/jazzy/opt/gz_cmake_vendor:/opt/ros/jazzy PYTHONPATH=/Bt/install/launch_pal/lib/python3.12/site-packages:${PYTHONPATH} /usr/bin/cmake --install /Bt/build/pmb2_navigation
[28.472s] DEBUG:colcon.colcon_core.event_handler.log_command:Invoked command in '/Bt/build/tiago_grab' returned '0': AMENT_PREFIX_PATH=/Bt/install/grab2_planner:/Bt/install/grab2_bt_grabber:/Bt/install/grab2_ros_common:/Bt/install/grab2_behavior_tree:/Bt/install/grab2_msgs:/Bt/install/behaviortree_ros2:/Bt/install/btcpp_ros2_interfaces:${AMENT_PREFIX_PATH} CMAKE_PREFIX_PATH=/Bt/install/grab2_planner:/Bt/install/grab2_bt_grabber:/Bt/install/grab2_ros_common:/Bt/install/grab2_behavior_tree:/Bt/install/grab2_msgs:/Bt/install/behaviortree_ros2:/Bt/install/btcpp_ros2_interfaces:/opt/ros/jazzy/opt/gz_sim_vendor:/opt/ros/jazzy/opt/gz_sensors_vendor:/opt/ros/jazzy/opt/gz_physics_vendor:/opt/ros/jazzy/opt/sdformat_vendor:/opt/ros/jazzy/opt/gz_gui_vendor:/opt/ros/jazzy/opt/gz_transport_vendor:/opt/ros/jazzy/opt/gz_rendering_vendor:/opt/ros/jazzy/opt/gz_plugin_vendor:/opt/ros/jazzy/opt/gz_fuel_tools_vendor:/opt/ros/jazzy/opt/gz_msgs_vendor:/opt/ros/jazzy/opt/gz_common_vendor:/opt/ros/jazzy/opt/gz_math_vendor:/opt/ros/jazzy/opt/gz_utils_vendor:/opt/ros/jazzy/opt/gz_tools_vendor:/opt/ros/jazzy/opt/gz_ogre_next_vendor:/opt/ros/jazzy/opt/gz_dartsim_vendor:/opt/ros/jazzy/opt/gz_cmake_vendor:/opt/ros/jazzy LD_LIBRARY_PATH=/Bt/install/grab2_planner/lib:/Bt/install/grab2_bt_grabber/lib:/Bt/install/grab2_behavior_tree/lib:/Bt/install/grab2_msgs/lib:/Bt/install/behaviortree_ros2/lib:/Bt/install/btcpp_ros2_interfaces/lib:${LD_LIBRARY_PATH} PYTHONPATH=/Bt/install/grab2_msgs/lib/python3.12/site-packages:/Bt/install/btcpp_ros2_interfaces/lib/python3.12/site-packages:${PYTHONPATH} /usr/bin/cmake --build /Bt/build/tiago_grab -- -j8 -l8
[28.499s] DEBUG:colcon.colcon_core.event_handler.log_command:Invoking command in '/Bt/build/tiago_grab': AMENT_PREFIX_PATH=/Bt/install/grab2_planner:/Bt/install/grab2_bt_grabber:/Bt/install/grab2_ros_common:/Bt/install/grab2_behavior_tree:/Bt/install/grab2_msgs:/Bt/install/behaviortree_ros2:/Bt/install/btcpp_ros2_interfaces:${AMENT_PREFIX_PATH} CMAKE_PREFIX_PATH=/Bt/install/grab2_planner:/Bt/install/grab2_bt_grabber:/Bt/install/grab2_ros_common:/Bt/install/grab2_behavior_tree:/Bt/install/grab2_msgs:/Bt/install/behaviortree_ros2:/Bt/install/btcpp_ros2_interfaces:/opt/ros/jazzy/opt/gz_sim_vendor:/opt/ros/jazzy/opt/gz_sensors_vendor:/opt/ros/jazzy/opt/gz_physics_vendor:/opt/ros/jazzy/opt/sdformat_vendor:/opt/ros/jazzy/opt/gz_gui_vendor:/opt/ros/jazzy/opt/gz_transport_vendor:/opt/ros/jazzy/opt/gz_rendering_vendor:/opt/ros/jazzy/opt/gz_plugin_vendor:/opt/ros/jazzy/opt/gz_fuel_tools_vendor:/opt/ros/jazzy/opt/gz_msgs_vendor:/opt/ros/jazzy/opt/gz_common_vendor:/opt/ros/jazzy/opt/gz_math_vendor:/opt/ros/jazzy/opt/gz_utils_vendor:/opt/ros/jazzy/opt/gz_tools_vendor:/opt/ros/jazzy/opt/gz_ogre_next_vendor:/opt/ros/jazzy/opt/gz_dartsim_vendor:/opt/ros/jazzy/opt/gz_cmake_vendor:/opt/ros/jazzy LD_LIBRARY_PATH=/Bt/install/grab2_planner/lib:/Bt/install/grab2_bt_grabber/lib:/Bt/install/grab2_behavior_tree/lib:/Bt/install/grab2_msgs/lib:/Bt/install/behaviortree_ros2/lib:/Bt/install/btcpp_ros2_interfaces/lib:${LD_LIBRARY_PATH} PYTHONPATH=/Bt/install/grab2_msgs/lib/python3.12/site-packages:/Bt/install/btcpp_ros2_interfaces/lib/python3.12/site-packages:${PYTHONPATH} /usr/bin/cmake --install /Bt/build/tiago_grab
[28.545s] DEBUG:colcon.colcon_core.event_handler.log_command:Invoking command in '/Bt/build/pmb2_bringup': AMENT_PREFIX_PATH=/Bt/install/pmb2_description:/Bt/install/pmb2_controller_configuration:/Bt/install/pal_urdf_utils:/Bt/install/launch_pal:${AMENT_PREFIX_PATH} CMAKE_PREFIX_PATH=/Bt/install/pmb2_description:/Bt/install/pmb2_controller_configuration:/Bt/install/pal_urdf_utils:/opt/ros/jazzy/opt/gz_sim_vendor:/opt/ros/jazzy/opt/gz_sensors_vendor:/opt/ros/jazzy/opt/gz_physics_vendor:/opt/ros/jazzy/opt/sdformat_vendor:/opt/ros/jazzy/opt/gz_gui_vendor:/opt/ros/jazzy/opt/gz_transport_vendor:/opt/ros/jazzy/opt/gz_rendering_vendor:/opt/ros/jazzy/opt/gz_plugin_vendor:/opt/ros/jazzy/opt/gz_fuel_tools_vendor:/opt/ros/jazzy/opt/gz_msgs_vendor:/opt/ros/jazzy/opt/gz_common_vendor:/opt/ros/jazzy/opt/gz_math_vendor:/opt/ros/jazzy/opt/gz_utils_vendor:/opt/ros/jazzy/opt/gz_tools_vendor:/opt/ros/jazzy/opt/gz_ogre_next_vendor:/opt/ros/jazzy/opt/gz_dartsim_vendor:/opt/ros/jazzy/opt/gz_cmake_vendor:/opt/ros/jazzy PYTHONPATH=/Bt/install/pmb2_description/lib/python3.12/site-packages:/Bt/install/launch_pal/lib/python3.12/site-packages:${PYTHONPATH} /usr/bin/cmake --build /Bt/build/pmb2_bringup -- -j8 -l8
[28.588s] Level 1:colcon.colcon_core.environment:create_environment_scripts_only(pmb2_navigation)
[28.589s] Level 1:colcon.colcon_core.environment:checking '/Bt/install/pmb2_navigation' for CMake module files
[28.591s] DEBUG:colcon.colcon_core.event_handler.log_command:Invoking command in '/Bt/build/omni_base_robot': AMENT_PREFIX_PATH=/Bt/install/omni_base_bringup:/Bt/install/omni_base_description:/Bt/install/pal_urdf_utils:/Bt/install/omni_base_controller_configuration:/Bt/install/launch_pal:${AMENT_PREFIX_PATH} CMAKE_PREFIX_PATH=/Bt/install/omni_base_bringup:/Bt/install/omni_base_description:/Bt/install/pal_urdf_utils:/Bt/install/omni_base_controller_configuration:/opt/ros/jazzy/opt/gz_sim_vendor:/opt/ros/jazzy/opt/gz_sensors_vendor:/opt/ros/jazzy/opt/gz_physics_vendor:/opt/ros/jazzy/opt/sdformat_vendor:/opt/ros/jazzy/opt/gz_gui_vendor:/opt/ros/jazzy/opt/gz_transport_vendor:/opt/ros/jazzy/opt/gz_rendering_vendor:/opt/ros/jazzy/opt/gz_plugin_vendor:/opt/ros/jazzy/opt/gz_fuel_tools_vendor:/opt/ros/jazzy/opt/gz_msgs_vendor:/opt/ros/jazzy/opt/gz_common_vendor:/opt/ros/jazzy/opt/gz_math_vendor:/opt/ros/jazzy/opt/gz_utils_vendor:/opt/ros/jazzy/opt/gz_tools_vendor:/opt/ros/jazzy/opt/gz_ogre_next_vendor:/opt/ros/jazzy/opt/gz_dartsim_vendor:/opt/ros/jazzy/opt/gz_cmake_vendor:/opt/ros/jazzy PYTHONPATH=/Bt/install/omni_base_description/lib/python3.12/site-packages:/Bt/install/launch_pal/lib/python3.12/site-packages:${PYTHONPATH} /usr/bin/cmake --build /Bt/build/omni_base_robot -- -j8 -l8
[28.592s] DEBUG:colcon.colcon_core.event_handler.log_command:Invoked command in '/Bt/build/pmb2_navigation' returned '0': AMENT_PREFIX_PATH=/Bt/install/pmb2_2dnav:/Bt/install/pmb2_laser_sensors:/Bt/install/pal_maps:/Bt/install/launch_pal:${AMENT_PREFIX_PATH} CMAKE_PREFIX_PATH=/Bt/install/pmb2_2dnav:/Bt/install/pmb2_laser_sensors:/Bt/install/pal_maps:/opt/ros/jazzy/opt/gz_sim_vendor:/opt/ros/jazzy/opt/gz_sensors_vendor:/opt/ros/jazzy/opt/gz_physics_vendor:/opt/ros/jazzy/opt/sdformat_vendor:/opt/ros/jazzy/opt/gz_gui_vendor:/opt/ros/jazzy/opt/gz_transport_vendor:/opt/ros/jazzy/opt/gz_rendering_vendor:/opt/ros/jazzy/opt/gz_plugin_vendor:/opt/ros/jazzy/opt/gz_fuel_tools_vendor:/opt/ros/jazzy/opt/gz_msgs_vendor:/opt/ros/jazzy/opt/gz_common_vendor:/opt/ros/jazzy/opt/gz_math_vendor:/opt/ros/jazzy/opt/gz_utils_vendor:/opt/ros/jazzy/opt/gz_tools_vendor:/opt/ros/jazzy/opt/gz_ogre_next_vendor:/opt/ros/jazzy/opt/gz_dartsim_vendor:/opt/ros/jazzy/opt/gz_cmake_vendor:/opt/ros/jazzy PYTHONPATH=/Bt/install/launch_pal/lib/python3.12/site-packages:${PYTHONPATH} /usr/bin/cmake --install /Bt/build/pmb2_navigation
[28.593s] Level 1:colcon.colcon_core.environment:checking '/Bt/install/pmb2_navigation' for CMake config files
[28.594s] Level 1:colcon.colcon_core.shell:create_environment_hook('pmb2_navigation', 'cmake_prefix_path')
[28.594s] INFO:colcon.colcon_core.shell:Creating environment hook '/Bt/install/pmb2_navigation/share/pmb2_navigation/hook/cmake_prefix_path.ps1'
[28.596s] INFO:colcon.colcon_core.shell:Creating environment descriptor '/Bt/install/pmb2_navigation/share/pmb2_navigation/hook/cmake_prefix_path.dsv'
[28.598s] INFO:colcon.colcon_core.shell:Creating environment hook '/Bt/install/pmb2_navigation/share/pmb2_navigation/hook/cmake_prefix_path.sh'
[28.600s] Level 1:colcon.colcon_core.environment:checking '/Bt/install/pmb2_navigation/bin'
[28.600s] Level 1:colcon.colcon_core.environment:checking '/Bt/install/pmb2_navigation/lib/pkgconfig/pmb2_navigation.pc'
[28.601s] Level 1:colcon.colcon_core.environment:checking '/Bt/install/pmb2_navigation/lib/python3.12/site-packages'
[28.603s] Level 1:colcon.colcon_core.environment:checking '/Bt/install/pmb2_navigation/bin'
[28.603s] INFO:colcon.colcon_core.shell:Creating package script '/Bt/install/pmb2_navigation/share/pmb2_navigation/package.ps1'
[28.606s] INFO:colcon.colcon_core.shell:Creating package descriptor '/Bt/install/pmb2_navigation/share/pmb2_navigation/package.dsv'
[28.607s] INFO:colcon.colcon_core.shell:Creating package script '/Bt/install/pmb2_navigation/share/pmb2_navigation/package.sh'
[28.608s] INFO:colcon.colcon_core.shell:Creating package script '/Bt/install/pmb2_navigation/share/pmb2_navigation/package.bash'
[28.609s] INFO:colcon.colcon_core.shell:Creating package script '/Bt/install/pmb2_navigation/share/pmb2_navigation/package.zsh'
[28.610s] Level 1:colcon.colcon_core.environment:create_file_with_runtime_dependencies(/Bt/install/pmb2_navigation/share/colcon-core/packages/pmb2_navigation)
[28.612s] Level 1:colcon.colcon_core.environment:create_environment_scripts_only(pmb2_navigation)
[28.612s] Level 1:colcon.colcon_core.environment:checking '/Bt/install/pmb2_navigation' for CMake module files
[28.614s] Level 1:colcon.colcon_core.environment:checking '/Bt/install/pmb2_navigation' for CMake config files
[28.614s] Level 1:colcon.colcon_core.shell:create_environment_hook('pmb2_navigation', 'cmake_prefix_path')
[28.614s] INFO:colcon.colcon_core.shell:Creating environment hook '/Bt/install/pmb2_navigation/share/pmb2_navigation/hook/cmake_prefix_path.ps1'
[28.615s] INFO:colcon.colcon_core.shell:Creating environment descriptor '/Bt/install/pmb2_navigation/share/pmb2_navigation/hook/cmake_prefix_path.dsv'
[28.616s] INFO:colcon.colcon_core.shell:Creating environment hook '/Bt/install/pmb2_navigation/share/pmb2_navigation/hook/cmake_prefix_path.sh'
[28.617s] Level 1:colcon.colcon_core.environment:checking '/Bt/install/pmb2_navigation/bin'
[28.617s] Level 1:colcon.colcon_core.environment:checking '/Bt/install/pmb2_navigation/lib/pkgconfig/pmb2_navigation.pc'
[28.617s] Level 1:colcon.colcon_core.environment:checking '/Bt/install/pmb2_navigation/lib/python3.12/site-packages'
[28.618s] Level 1:colcon.colcon_core.environment:checking '/Bt/install/pmb2_navigation/bin'
[28.618s] INFO:colcon.colcon_core.shell:Creating package script '/Bt/install/pmb2_navigation/share/pmb2_navigation/package.ps1'
[28.619s] INFO:colcon.colcon_core.shell:Creating package descriptor '/Bt/install/pmb2_navigation/share/pmb2_navigation/package.dsv'
[28.620s] INFO:colcon.colcon_core.shell:Creating package script '/Bt/install/pmb2_navigation/share/pmb2_navigation/package.sh'
[28.621s] INFO:colcon.colcon_core.shell:Creating package script '/Bt/install/pmb2_navigation/share/pmb2_navigation/package.bash'
[28.621s] INFO:colcon.colcon_core.shell:Creating package script '/Bt/install/pmb2_navigation/share/pmb2_navigation/package.zsh'
[28.622s] Level 1:colcon.colcon_core.environment:create_file_with_runtime_dependencies(/Bt/install/pmb2_navigation/share/colcon-core/packages/pmb2_navigation)
[28.623s] Level 1:colcon.colcon_core.environment:create_environment_scripts_only(tiago_grab)
[28.623s] Level 1:colcon.colcon_core.environment:checking '/Bt/install/tiago_grab' for CMake module files
[28.625s] DEBUG:colcon.colcon_core.event_handler.log_command:Invoked command in '/Bt/build/tiago_grab' returned '0': AMENT_PREFIX_PATH=/Bt/install/grab2_planner:/Bt/install/grab2_bt_grabber:/Bt/install/grab2_ros_common:/Bt/install/grab2_behavior_tree:/Bt/install/grab2_msgs:/Bt/install/behaviortree_ros2:/Bt/install/btcpp_ros2_interfaces:${AMENT_PREFIX_PATH} CMAKE_PREFIX_PATH=/Bt/install/grab2_planner:/Bt/install/grab2_bt_grabber:/Bt/install/grab2_ros_common:/Bt/install/grab2_behavior_tree:/Bt/install/grab2_msgs:/Bt/install/behaviortree_ros2:/Bt/install/btcpp_ros2_interfaces:/opt/ros/jazzy/opt/gz_sim_vendor:/opt/ros/jazzy/opt/gz_sensors_vendor:/opt/ros/jazzy/opt/gz_physics_vendor:/opt/ros/jazzy/opt/sdformat_vendor:/opt/ros/jazzy/opt/gz_gui_vendor:/opt/ros/jazzy/opt/gz_transport_vendor:/opt/ros/jazzy/opt/gz_rendering_vendor:/opt/ros/jazzy/opt/gz_plugin_vendor:/opt/ros/jazzy/opt/gz_fuel_tools_vendor:/opt/ros/jazzy/opt/gz_msgs_vendor:/opt/ros/jazzy/opt/gz_common_vendor:/opt/ros/jazzy/opt/gz_math_vendor:/opt/ros/jazzy/opt/gz_utils_vendor:/opt/ros/jazzy/opt/gz_tools_vendor:/opt/ros/jazzy/opt/gz_ogre_next_vendor:/opt/ros/jazzy/opt/gz_dartsim_vendor:/opt/ros/jazzy/opt/gz_cmake_vendor:/opt/ros/jazzy LD_LIBRARY_PATH=/Bt/install/grab2_planner/lib:/Bt/install/grab2_bt_grabber/lib:/Bt/install/grab2_behavior_tree/lib:/Bt/install/grab2_msgs/lib:/Bt/install/behaviortree_ros2/lib:/Bt/install/btcpp_ros2_interfaces/lib:${LD_LIBRARY_PATH} PYTHONPATH=/Bt/install/grab2_msgs/lib/python3.12/site-packages:/Bt/install/btcpp_ros2_interfaces/lib/python3.12/site-packages:${PYTHONPATH} /usr/bin/cmake --install /Bt/build/tiago_grab
[28.625s] Level 1:colcon.colcon_core.environment:checking '/Bt/install/tiago_grab' for CMake config files
[28.640s] Level 1:colcon.colcon_core.shell:create_environment_hook('tiago_grab', 'cmake_prefix_path')
[28.640s] INFO:colcon.colcon_core.shell:Creating environment hook '/Bt/install/tiago_grab/share/tiago_grab/hook/cmake_prefix_path.ps1'
[28.641s] INFO:colcon.colcon_core.shell:Creating environment descriptor '/Bt/install/tiago_grab/share/tiago_grab/hook/cmake_prefix_path.dsv'
[28.641s] INFO:colcon.colcon_core.shell:Creating environment hook '/Bt/install/tiago_grab/share/tiago_grab/hook/cmake_prefix_path.sh'
[28.642s] Level 1:colcon.colcon_core.environment:checking '/Bt/install/tiago_grab/bin'
[28.642s] Level 1:colcon.colcon_core.environment:checking '/Bt/install/tiago_grab/lib/pkgconfig/tiago_grab.pc'
[28.642s] Level 1:colcon.colcon_core.environment:checking '/Bt/install/tiago_grab/lib/python3.12/site-packages'
[28.643s] Level 1:colcon.colcon_core.environment:checking '/Bt/install/tiago_grab/bin'
[28.643s] INFO:colcon.colcon_core.shell:Creating package script '/Bt/install/tiago_grab/share/tiago_grab/package.ps1'
[28.644s] INFO:colcon.colcon_core.shell:Creating package descriptor '/Bt/install/tiago_grab/share/tiago_grab/package.dsv'
[28.644s] INFO:colcon.colcon_core.shell:Creating package script '/Bt/install/tiago_grab/share/tiago_grab/package.sh'
[28.644s] INFO:colcon.colcon_core.shell:Creating package script '/Bt/install/tiago_grab/share/tiago_grab/package.bash'
[28.645s] INFO:colcon.colcon_core.shell:Creating package script '/Bt/install/tiago_grab/share/tiago_grab/package.zsh'
[28.645s] Level 1:colcon.colcon_core.environment:create_file_with_runtime_dependencies(/Bt/install/tiago_grab/share/colcon-core/packages/tiago_grab)
[28.646s] Level 1:colcon.colcon_core.environment:create_environment_scripts_only(tiago_grab)
[28.647s] Level 1:colcon.colcon_core.environment:checking '/Bt/install/tiago_grab' for CMake module files
[28.648s] Level 1:colcon.colcon_core.environment:checking '/Bt/install/tiago_grab' for CMake config files
[28.648s] Level 1:colcon.colcon_core.shell:create_environment_hook('tiago_grab', 'cmake_prefix_path')
[28.648s] INFO:colcon.colcon_core.shell:Creating environment hook '/Bt/install/tiago_grab/share/tiago_grab/hook/cmake_prefix_path.ps1'
[28.649s] INFO:colcon.colcon_core.shell:Creating environment descriptor '/Bt/install/tiago_grab/share/tiago_grab/hook/cmake_prefix_path.dsv'
[28.652s] INFO:colcon.colcon_core.shell:Creating environment hook '/Bt/install/tiago_grab/share/tiago_grab/hook/cmake_prefix_path.sh'
[28.653s] Level 1:colcon.colcon_core.environment:checking '/Bt/install/tiago_grab/bin'
[28.653s] Level 1:colcon.colcon_core.environment:checking '/Bt/install/tiago_grab/lib/pkgconfig/tiago_grab.pc'
[28.653s] Level 1:colcon.colcon_core.environment:checking '/Bt/install/tiago_grab/lib/python3.12/site-packages'
[28.654s] Level 1:colcon.colcon_core.environment:checking '/Bt/install/tiago_grab/bin'
[28.654s] INFO:colcon.colcon_core.shell:Creating package script '/Bt/install/tiago_grab/share/tiago_grab/package.ps1'
[28.655s] INFO:colcon.colcon_core.shell:Creating package descriptor '/Bt/install/tiago_grab/share/tiago_grab/package.dsv'
[28.655s] INFO:colcon.colcon_core.shell:Creating package script '/Bt/install/tiago_grab/share/tiago_grab/package.sh'
[28.655s] INFO:colcon.colcon_core.shell:Creating package script '/Bt/install/tiago_grab/share/tiago_grab/package.bash'
[28.656s] INFO:colcon.colcon_core.shell:Creating package script '/Bt/install/tiago_grab/share/tiago_grab/package.zsh'
[28.656s] Level 1:colcon.colcon_core.environment:create_file_with_runtime_dependencies(/Bt/install/tiago_grab/share/colcon-core/packages/tiago_grab)
[28.657s] INFO:colcon.colcon_ros.task.ament_cmake.build:Building ROS package in '/Bt/tiago_demos' with build type 'ament_cmake'
[28.657s] INFO:colcon.colcon_cmake.task.cmake.build:Building CMake package in '/Bt/tiago_demos'
[28.657s] INFO:colcon.colcon_core.shell:Skip shell extension 'powershell' for command environment: Not usable outside of PowerShell
[28.657s] DEBUG:colcon.colcon_core.shell:Skip shell extension 'dsv' for command environment
[28.707s] DEBUG:colcon.colcon_core.event_handler.log_command:Invoked command in '/Bt/build/omni_base_robot' returned '0': AMENT_PREFIX_PATH=/Bt/install/omni_base_bringup:/Bt/install/omni_base_description:/Bt/install/pal_urdf_utils:/Bt/install/omni_base_controller_configuration:/Bt/install/launch_pal:${AMENT_PREFIX_PATH} CMAKE_PREFIX_PATH=/Bt/install/omni_base_bringup:/Bt/install/omni_base_description:/Bt/install/pal_urdf_utils:/Bt/install/omni_base_controller_configuration:/opt/ros/jazzy/opt/gz_sim_vendor:/opt/ros/jazzy/opt/gz_sensors_vendor:/opt/ros/jazzy/opt/gz_physics_vendor:/opt/ros/jazzy/opt/sdformat_vendor:/opt/ros/jazzy/opt/gz_gui_vendor:/opt/ros/jazzy/opt/gz_transport_vendor:/opt/ros/jazzy/opt/gz_rendering_vendor:/opt/ros/jazzy/opt/gz_plugin_vendor:/opt/ros/jazzy/opt/gz_fuel_tools_vendor:/opt/ros/jazzy/opt/gz_msgs_vendor:/opt/ros/jazzy/opt/gz_common_vendor:/opt/ros/jazzy/opt/gz_math_vendor:/opt/ros/jazzy/opt/gz_utils_vendor:/opt/ros/jazzy/opt/gz_tools_vendor:/opt/ros/jazzy/opt/gz_ogre_next_vendor:/opt/ros/jazzy/opt/gz_dartsim_vendor:/opt/ros/jazzy/opt/gz_cmake_vendor:/opt/ros/jazzy PYTHONPATH=/Bt/install/omni_base_description/lib/python3.12/site-packages:/Bt/install/launch_pal/lib/python3.12/site-packages:${PYTHONPATH} /usr/bin/cmake --build /Bt/build/omni_base_robot -- -j8 -l8
[28.712s] DEBUG:colcon.colcon_core.event_handler.log_command:Invoking command in '/Bt/build/omni_base_robot': AMENT_PREFIX_PATH=/Bt/install/omni_base_bringup:/Bt/install/omni_base_description:/Bt/install/pal_urdf_utils:/Bt/install/omni_base_controller_configuration:/Bt/install/launch_pal:${AMENT_PREFIX_PATH} CMAKE_PREFIX_PATH=/Bt/install/omni_base_bringup:/Bt/install/omni_base_description:/Bt/install/pal_urdf_utils:/Bt/install/omni_base_controller_configuration:/opt/ros/jazzy/opt/gz_sim_vendor:/opt/ros/jazzy/opt/gz_sensors_vendor:/opt/ros/jazzy/opt/gz_physics_vendor:/opt/ros/jazzy/opt/sdformat_vendor:/opt/ros/jazzy/opt/gz_gui_vendor:/opt/ros/jazzy/opt/gz_transport_vendor:/opt/ros/jazzy/opt/gz_rendering_vendor:/opt/ros/jazzy/opt/gz_plugin_vendor:/opt/ros/jazzy/opt/gz_fuel_tools_vendor:/opt/ros/jazzy/opt/gz_msgs_vendor:/opt/ros/jazzy/opt/gz_common_vendor:/opt/ros/jazzy/opt/gz_math_vendor:/opt/ros/jazzy/opt/gz_utils_vendor:/opt/ros/jazzy/opt/gz_tools_vendor:/opt/ros/jazzy/opt/gz_ogre_next_vendor:/opt/ros/jazzy/opt/gz_dartsim_vendor:/opt/ros/jazzy/opt/gz_cmake_vendor:/opt/ros/jazzy PYTHONPATH=/Bt/install/omni_base_description/lib/python3.12/site-packages:/Bt/install/launch_pal/lib/python3.12/site-packages:${PYTHONPATH} /usr/bin/cmake --install /Bt/build/omni_base_robot
[28.714s] DEBUG:colcon.colcon_core.event_handler.log_command:Invoked command in '/Bt/build/pmb2_bringup' returned '0': AMENT_PREFIX_PATH=/Bt/install/pmb2_description:/Bt/install/pmb2_controller_configuration:/Bt/install/pal_urdf_utils:/Bt/install/launch_pal:${AMENT_PREFIX_PATH} CMAKE_PREFIX_PATH=/Bt/install/pmb2_description:/Bt/install/pmb2_controller_configuration:/Bt/install/pal_urdf_utils:/opt/ros/jazzy/opt/gz_sim_vendor:/opt/ros/jazzy/opt/gz_sensors_vendor:/opt/ros/jazzy/opt/gz_physics_vendor:/opt/ros/jazzy/opt/sdformat_vendor:/opt/ros/jazzy/opt/gz_gui_vendor:/opt/ros/jazzy/opt/gz_transport_vendor:/opt/ros/jazzy/opt/gz_rendering_vendor:/opt/ros/jazzy/opt/gz_plugin_vendor:/opt/ros/jazzy/opt/gz_fuel_tools_vendor:/opt/ros/jazzy/opt/gz_msgs_vendor:/opt/ros/jazzy/opt/gz_common_vendor:/opt/ros/jazzy/opt/gz_math_vendor:/opt/ros/jazzy/opt/gz_utils_vendor:/opt/ros/jazzy/opt/gz_tools_vendor:/opt/ros/jazzy/opt/gz_ogre_next_vendor:/opt/ros/jazzy/opt/gz_dartsim_vendor:/opt/ros/jazzy/opt/gz_cmake_vendor:/opt/ros/jazzy PYTHONPATH=/Bt/install/pmb2_description/lib/python3.12/site-packages:/Bt/install/launch_pal/lib/python3.12/site-packages:${PYTHONPATH} /usr/bin/cmake --build /Bt/build/pmb2_bringup -- -j8 -l8
[28.719s] DEBUG:colcon.colcon_core.event_handler.log_command:Invoking command in '/Bt/build/pmb2_bringup': AMENT_PREFIX_PATH=/Bt/install/pmb2_description:/Bt/install/pmb2_controller_configuration:/Bt/install/pal_urdf_utils:/Bt/install/launch_pal:${AMENT_PREFIX_PATH} CMAKE_PREFIX_PATH=/Bt/install/pmb2_description:/Bt/install/pmb2_controller_configuration:/Bt/install/pal_urdf_utils:/opt/ros/jazzy/opt/gz_sim_vendor:/opt/ros/jazzy/opt/gz_sensors_vendor:/opt/ros/jazzy/opt/gz_physics_vendor:/opt/ros/jazzy/opt/sdformat_vendor:/opt/ros/jazzy/opt/gz_gui_vendor:/opt/ros/jazzy/opt/gz_transport_vendor:/opt/ros/jazzy/opt/gz_rendering_vendor:/opt/ros/jazzy/opt/gz_plugin_vendor:/opt/ros/jazzy/opt/gz_fuel_tools_vendor:/opt/ros/jazzy/opt/gz_msgs_vendor:/opt/ros/jazzy/opt/gz_common_vendor:/opt/ros/jazzy/opt/gz_math_vendor:/opt/ros/jazzy/opt/gz_utils_vendor:/opt/ros/jazzy/opt/gz_tools_vendor:/opt/ros/jazzy/opt/gz_ogre_next_vendor:/opt/ros/jazzy/opt/gz_dartsim_vendor:/opt/ros/jazzy/opt/gz_cmake_vendor:/opt/ros/jazzy PYTHONPATH=/Bt/install/pmb2_description/lib/python3.12/site-packages:/Bt/install/launch_pal/lib/python3.12/site-packages:${PYTHONPATH} /usr/bin/cmake --install /Bt/build/pmb2_bringup
[28.775s] Level 1:colcon.colcon_core.environment:create_environment_scripts_only(omni_base_robot)
[28.776s] Level 1:colcon.colcon_core.environment:checking '/Bt/install/omni_base_robot' for CMake module files
[28.777s] DEBUG:colcon.colcon_core.event_handler.log_command:Invoked command in '/Bt/build/omni_base_robot' returned '0': AMENT_PREFIX_PATH=/Bt/install/omni_base_bringup:/Bt/install/omni_base_description:/Bt/install/pal_urdf_utils:/Bt/install/omni_base_controller_configuration:/Bt/install/launch_pal:${AMENT_PREFIX_PATH} CMAKE_PREFIX_PATH=/Bt/install/omni_base_bringup:/Bt/install/omni_base_description:/Bt/install/pal_urdf_utils:/Bt/install/omni_base_controller_configuration:/opt/ros/jazzy/opt/gz_sim_vendor:/opt/ros/jazzy/opt/gz_sensors_vendor:/opt/ros/jazzy/opt/gz_physics_vendor:/opt/ros/jazzy/opt/sdformat_vendor:/opt/ros/jazzy/opt/gz_gui_vendor:/opt/ros/jazzy/opt/gz_transport_vendor:/opt/ros/jazzy/opt/gz_rendering_vendor:/opt/ros/jazzy/opt/gz_plugin_vendor:/opt/ros/jazzy/opt/gz_fuel_tools_vendor:/opt/ros/jazzy/opt/gz_msgs_vendor:/opt/ros/jazzy/opt/gz_common_vendor:/opt/ros/jazzy/opt/gz_math_vendor:/opt/ros/jazzy/opt/gz_utils_vendor:/opt/ros/jazzy/opt/gz_tools_vendor:/opt/ros/jazzy/opt/gz_ogre_next_vendor:/opt/ros/jazzy/opt/gz_dartsim_vendor:/opt/ros/jazzy/opt/gz_cmake_vendor:/opt/ros/jazzy PYTHONPATH=/Bt/install/omni_base_description/lib/python3.12/site-packages:/Bt/install/launch_pal/lib/python3.12/site-packages:${PYTHONPATH} /usr/bin/cmake --install /Bt/build/omni_base_robot
[28.780s] Level 1:colcon.colcon_core.environment:checking '/Bt/install/omni_base_robot' for CMake config files
[28.781s] Level 1:colcon.colcon_core.shell:create_environment_hook('omni_base_robot', 'cmake_prefix_path')
[28.782s] INFO:colcon.colcon_core.shell:Creating environment hook '/Bt/install/omni_base_robot/share/omni_base_robot/hook/cmake_prefix_path.ps1'
[28.786s] INFO:colcon.colcon_core.shell:Creating environment descriptor '/Bt/install/omni_base_robot/share/omni_base_robot/hook/cmake_prefix_path.dsv'
[28.787s] INFO:colcon.colcon_core.shell:Creating environment hook '/Bt/install/omni_base_robot/share/omni_base_robot/hook/cmake_prefix_path.sh'
[28.790s] Level 1:colcon.colcon_core.environment:checking '/Bt/install/omni_base_robot/bin'
[28.790s] Level 1:colcon.colcon_core.environment:checking '/Bt/install/omni_base_robot/lib/pkgconfig/omni_base_robot.pc'
[28.791s] Level 1:colcon.colcon_core.environment:checking '/Bt/install/omni_base_robot/lib/python3.12/site-packages'
[28.793s] Level 1:colcon.colcon_core.environment:checking '/Bt/install/omni_base_robot/bin'
[28.794s] INFO:colcon.colcon_core.shell:Creating package script '/Bt/install/omni_base_robot/share/omni_base_robot/package.ps1'
[28.795s] INFO:colcon.colcon_core.shell:Creating package descriptor '/Bt/install/omni_base_robot/share/omni_base_robot/package.dsv'
[28.796s] INFO:colcon.colcon_core.shell:Creating package script '/Bt/install/omni_base_robot/share/omni_base_robot/package.sh'
[28.797s] INFO:colcon.colcon_core.shell:Creating package script '/Bt/install/omni_base_robot/share/omni_base_robot/package.bash'
[28.798s] INFO:colcon.colcon_core.shell:Creating package script '/Bt/install/omni_base_robot/share/omni_base_robot/package.zsh'
[28.799s] Level 1:colcon.colcon_core.environment:create_file_with_runtime_dependencies(/Bt/install/omni_base_robot/share/colcon-core/packages/omni_base_robot)
[28.801s] Level 1:colcon.colcon_core.environment:create_environment_scripts_only(omni_base_robot)
[28.801s] Level 1:colcon.colcon_core.environment:checking '/Bt/install/omni_base_robot' for CMake module files
[28.803s] Level 1:colcon.colcon_core.environment:checking '/Bt/install/omni_base_robot' for CMake config files
[28.803s] Level 1:colcon.colcon_core.shell:create_environment_hook('omni_base_robot', 'cmake_prefix_path')
[28.804s] INFO:colcon.colcon_core.shell:Creating environment hook '/Bt/install/omni_base_robot/share/omni_base_robot/hook/cmake_prefix_path.ps1'
[28.806s] INFO:colcon.colcon_core.shell:Creating environment descriptor '/Bt/install/omni_base_robot/share/omni_base_robot/hook/cmake_prefix_path.dsv'
[28.807s] INFO:colcon.colcon_core.shell:Creating environment hook '/Bt/install/omni_base_robot/share/omni_base_robot/hook/cmake_prefix_path.sh'
[28.808s] Level 1:colcon.colcon_core.environment:checking '/Bt/install/omni_base_robot/bin'
[28.808s] Level 1:colcon.colcon_core.environment:checking '/Bt/install/omni_base_robot/lib/pkgconfig/omni_base_robot.pc'
[28.809s] Level 1:colcon.colcon_core.environment:checking '/Bt/install/omni_base_robot/lib/python3.12/site-packages'
[28.810s] Level 1:colcon.colcon_core.environment:checking '/Bt/install/omni_base_robot/bin'
[28.810s] INFO:colcon.colcon_core.shell:Creating package script '/Bt/install/omni_base_robot/share/omni_base_robot/package.ps1'
[28.812s] INFO:colcon.colcon_core.shell:Creating package descriptor '/Bt/install/omni_base_robot/share/omni_base_robot/package.dsv'
[28.813s] INFO:colcon.colcon_core.shell:Creating package script '/Bt/install/omni_base_robot/share/omni_base_robot/package.sh'
[28.814s] INFO:colcon.colcon_core.shell:Creating package script '/Bt/install/omni_base_robot/share/omni_base_robot/package.bash'
[28.814s] INFO:colcon.colcon_core.shell:Creating package script '/Bt/install/omni_base_robot/share/omni_base_robot/package.zsh'
[28.815s] Level 1:colcon.colcon_core.environment:create_file_with_runtime_dependencies(/Bt/install/omni_base_robot/share/colcon-core/packages/omni_base_robot)
[28.928s] Level 1:colcon.colcon_core.environment:create_environment_scripts_only(pmb2_bringup)
[28.928s] Level 1:colcon.colcon_core.environment:checking '/Bt/install/pmb2_bringup' for CMake module files
[28.929s] DEBUG:colcon.colcon_core.event_handler.log_command:Invoking command in '/Bt/build/tiago_demos': AMENT_PREFIX_PATH=/Bt/install/tiago_grab:/Bt/install/grab2_planner:/Bt/install/grab2_bt_grabber:/Bt/install/grab2_ros_common:/Bt/install/grab2_behavior_tree:/Bt/install/grab2_msgs:/Bt/install/behaviortree_ros2:/Bt/install/tiago_nav:/Bt/install/btcpp_ros2_interfaces:${AMENT_PREFIX_PATH} CMAKE_PREFIX_PATH=/Bt/install/tiago_grab:/Bt/install/grab2_planner:/Bt/install/grab2_bt_grabber:/Bt/install/grab2_ros_common:/Bt/install/grab2_behavior_tree:/Bt/install/grab2_msgs:/Bt/install/behaviortree_ros2:/Bt/install/tiago_nav:/Bt/install/btcpp_ros2_interfaces:/opt/ros/jazzy/opt/gz_sim_vendor:/opt/ros/jazzy/opt/gz_sensors_vendor:/opt/ros/jazzy/opt/gz_physics_vendor:/opt/ros/jazzy/opt/sdformat_vendor:/opt/ros/jazzy/opt/gz_gui_vendor:/opt/ros/jazzy/opt/gz_transport_vendor:/opt/ros/jazzy/opt/gz_rendering_vendor:/opt/ros/jazzy/opt/gz_plugin_vendor:/opt/ros/jazzy/opt/gz_fuel_tools_vendor:/opt/ros/jazzy/opt/gz_msgs_vendor:/opt/ros/jazzy/opt/gz_common_vendor:/opt/ros/jazzy/opt/gz_math_vendor:/opt/ros/jazzy/opt/gz_utils_vendor:/opt/ros/jazzy/opt/gz_tools_vendor:/opt/ros/jazzy/opt/gz_ogre_next_vendor:/opt/ros/jazzy/opt/gz_dartsim_vendor:/opt/ros/jazzy/opt/gz_cmake_vendor:/opt/ros/jazzy LD_LIBRARY_PATH=/Bt/install/grab2_planner/lib:/Bt/install/grab2_bt_grabber/lib:/Bt/install/grab2_behavior_tree/lib:/Bt/install/grab2_msgs/lib:/Bt/install/behaviortree_ros2/lib:/Bt/install/btcpp_ros2_interfaces/lib:${LD_LIBRARY_PATH} PYTHONPATH=/Bt/install/grab2_msgs/lib/python3.12/site-packages:/Bt/install/btcpp_ros2_interfaces/lib/python3.12/site-packages:${PYTHONPATH} /usr/bin/cmake --build /Bt/build/tiago_demos -- -j8 -l8
[28.929s] DEBUG:colcon.colcon_core.event_handler.log_command:Invoked command in '/Bt/build/pmb2_bringup' returned '0': AMENT_PREFIX_PATH=/Bt/install/pmb2_description:/Bt/install/pmb2_controller_configuration:/Bt/install/pal_urdf_utils:/Bt/install/launch_pal:${AMENT_PREFIX_PATH} CMAKE_PREFIX_PATH=/Bt/install/pmb2_description:/Bt/install/pmb2_controller_configuration:/Bt/install/pal_urdf_utils:/opt/ros/jazzy/opt/gz_sim_vendor:/opt/ros/jazzy/opt/gz_sensors_vendor:/opt/ros/jazzy/opt/gz_physics_vendor:/opt/ros/jazzy/opt/sdformat_vendor:/opt/ros/jazzy/opt/gz_gui_vendor:/opt/ros/jazzy/opt/gz_transport_vendor:/opt/ros/jazzy/opt/gz_rendering_vendor:/opt/ros/jazzy/opt/gz_plugin_vendor:/opt/ros/jazzy/opt/gz_fuel_tools_vendor:/opt/ros/jazzy/opt/gz_msgs_vendor:/opt/ros/jazzy/opt/gz_common_vendor:/opt/ros/jazzy/opt/gz_math_vendor:/opt/ros/jazzy/opt/gz_utils_vendor:/opt/ros/jazzy/opt/gz_tools_vendor:/opt/ros/jazzy/opt/gz_ogre_next_vendor:/opt/ros/jazzy/opt/gz_dartsim_vendor:/opt/ros/jazzy/opt/gz_cmake_vendor:/opt/ros/jazzy PYTHONPATH=/Bt/install/pmb2_description/lib/python3.12/site-packages:/Bt/install/launch_pal/lib/python3.12/site-packages:${PYTHONPATH} /usr/bin/cmake --install /Bt/build/pmb2_bringup
[28.930s] Level 1:colcon.colcon_core.environment:checking '/Bt/install/pmb2_bringup' for CMake config files
[28.930s] Level 1:colcon.colcon_core.shell:create_environment_hook('pmb2_bringup', 'cmake_prefix_path')
[28.931s] INFO:colcon.colcon_core.shell:Creating environment hook '/Bt/install/pmb2_bringup/share/pmb2_bringup/hook/cmake_prefix_path.ps1'
[28.931s] INFO:colcon.colcon_core.shell:Creating environment descriptor '/Bt/install/pmb2_bringup/share/pmb2_bringup/hook/cmake_prefix_path.dsv'
[28.932s] INFO:colcon.colcon_core.shell:Creating environment hook '/Bt/install/pmb2_bringup/share/pmb2_bringup/hook/cmake_prefix_path.sh'
[28.932s] Level 1:colcon.colcon_core.environment:checking '/Bt/install/pmb2_bringup/bin'
[28.933s] Level 1:colcon.colcon_core.environment:checking '/Bt/install/pmb2_bringup/lib/pkgconfig/pmb2_bringup.pc'
[28.933s] Level 1:colcon.colcon_core.environment:checking '/Bt/install/pmb2_bringup/lib/python3.12/site-packages'
[28.933s] Level 1:colcon.colcon_core.environment:checking '/Bt/install/pmb2_bringup/bin'
[28.933s] INFO:colcon.colcon_core.shell:Creating package script '/Bt/install/pmb2_bringup/share/pmb2_bringup/package.ps1'
[28.934s] INFO:colcon.colcon_core.shell:Creating package descriptor '/Bt/install/pmb2_bringup/share/pmb2_bringup/package.dsv'
[28.934s] INFO:colcon.colcon_core.shell:Creating package script '/Bt/install/pmb2_bringup/share/pmb2_bringup/package.sh'
[28.935s] INFO:colcon.colcon_core.shell:Creating package script '/Bt/install/pmb2_bringup/share/pmb2_bringup/package.bash'
[28.935s] INFO:colcon.colcon_core.shell:Creating package script '/Bt/install/pmb2_bringup/share/pmb2_bringup/package.zsh'
[28.935s] Level 1:colcon.colcon_core.environment:create_file_with_runtime_dependencies(/Bt/install/pmb2_bringup/share/colcon-core/packages/pmb2_bringup)
[28.936s] Level 1:colcon.colcon_core.environment:create_environment_scripts_only(pmb2_bringup)
[28.936s] Level 1:colcon.colcon_core.environment:checking '/Bt/install/pmb2_bringup' for CMake module files
[28.936s] Level 1:colcon.colcon_core.environment:checking '/Bt/install/pmb2_bringup' for CMake config files
[28.937s] Level 1:colcon.colcon_core.shell:create_environment_hook('pmb2_bringup', 'cmake_prefix_path')
[28.937s] INFO:colcon.colcon_core.shell:Creating environment hook '/Bt/install/pmb2_bringup/share/pmb2_bringup/hook/cmake_prefix_path.ps1'
[28.951s] INFO:colcon.colcon_core.shell:Creating environment descriptor '/Bt/install/pmb2_bringup/share/pmb2_bringup/hook/cmake_prefix_path.dsv'
[28.952s] INFO:colcon.colcon_core.shell:Creating environment hook '/Bt/install/pmb2_bringup/share/pmb2_bringup/hook/cmake_prefix_path.sh'
[28.953s] Level 1:colcon.colcon_core.environment:checking '/Bt/install/pmb2_bringup/bin'
[28.953s] Level 1:colcon.colcon_core.environment:checking '/Bt/install/pmb2_bringup/lib/pkgconfig/pmb2_bringup.pc'
[28.954s] Level 1:colcon.colcon_core.environment:checking '/Bt/install/pmb2_bringup/lib/python3.12/site-packages'
[28.954s] Level 1:colcon.colcon_core.environment:checking '/Bt/install/pmb2_bringup/bin'
[28.955s] INFO:colcon.colcon_core.shell:Creating package script '/Bt/install/pmb2_bringup/share/pmb2_bringup/package.ps1'
[28.955s] INFO:colcon.colcon_core.shell:Creating package descriptor '/Bt/install/pmb2_bringup/share/pmb2_bringup/package.dsv'
[28.956s] INFO:colcon.colcon_core.shell:Creating package script '/Bt/install/pmb2_bringup/share/pmb2_bringup/package.sh'
[28.957s] INFO:colcon.colcon_core.shell:Creating package script '/Bt/install/pmb2_bringup/share/pmb2_bringup/package.bash'
[28.957s] INFO:colcon.colcon_core.shell:Creating package script '/Bt/install/pmb2_bringup/share/pmb2_bringup/package.zsh'
[28.968s] Level 1:colcon.colcon_core.environment:create_file_with_runtime_dependencies(/Bt/install/pmb2_bringup/share/colcon-core/packages/pmb2_bringup)
[28.969s] INFO:colcon.colcon_ros.task.ament_cmake.build:Building ROS package in '/Bt/ThirdParty/pmb2_robot/pmb2_robot' with build type 'ament_cmake'
[28.969s] INFO:colcon.colcon_cmake.task.cmake.build:Building CMake package in '/Bt/ThirdParty/pmb2_robot/pmb2_robot'
[28.969s] INFO:colcon.colcon_core.shell:Skip shell extension 'powershell' for command environment: Not usable outside of PowerShell
[28.969s] DEBUG:colcon.colcon_core.shell:Skip shell extension 'dsv' for command environment
[28.975s] DEBUG:colcon.colcon_core.event_handler.log_command:Invoked command in '/Bt/build/grab2_grasp_generator' returned '0': AMENT_PREFIX_PATH=/Bt/install/grab2_ros_common:/Bt/install/grab2_msgs:/Bt/install/behaviortree_ros2:/Bt/install/btcpp_ros2_interfaces:${AMENT_PREFIX_PATH} CMAKE_PREFIX_PATH=/Bt/install/grab2_ros_common:/Bt/install/grab2_msgs:/Bt/install/behaviortree_ros2:/Bt/install/btcpp_ros2_interfaces:/opt/ros/jazzy/opt/gz_sim_vendor:/opt/ros/jazzy/opt/gz_sensors_vendor:/opt/ros/jazzy/opt/gz_physics_vendor:/opt/ros/jazzy/opt/sdformat_vendor:/opt/ros/jazzy/opt/gz_gui_vendor:/opt/ros/jazzy/opt/gz_transport_vendor:/opt/ros/jazzy/opt/gz_rendering_vendor:/opt/ros/jazzy/opt/gz_plugin_vendor:/opt/ros/jazzy/opt/gz_fuel_tools_vendor:/opt/ros/jazzy/opt/gz_msgs_vendor:/opt/ros/jazzy/opt/gz_common_vendor:/opt/ros/jazzy/opt/gz_math_vendor:/opt/ros/jazzy/opt/gz_utils_vendor:/opt/ros/jazzy/opt/gz_tools_vendor:/opt/ros/jazzy/opt/gz_ogre_next_vendor:/opt/ros/jazzy/opt/gz_dartsim_vendor:/opt/ros/jazzy/opt/gz_cmake_vendor:/opt/ros/jazzy LD_LIBRARY_PATH=/Bt/install/grab2_msgs/lib:/Bt/install/behaviortree_ros2/lib:/Bt/install/btcpp_ros2_interfaces/lib:${LD_LIBRARY_PATH} PYTHONPATH=/Bt/install/grab2_msgs/lib/python3.12/site-packages:/Bt/install/btcpp_ros2_interfaces/lib/python3.12/site-packages:${PYTHONPATH} /usr/bin/cmake --build /Bt/build/grab2_grasp_generator -- -j8 -l8
[28.979s] DEBUG:colcon.colcon_core.event_handler.log_command:Invoking command in '/Bt/build/grab2_grasp_generator': AMENT_PREFIX_PATH=/Bt/install/grab2_ros_common:/Bt/install/grab2_msgs:/Bt/install/behaviortree_ros2:/Bt/install/btcpp_ros2_interfaces:${AMENT_PREFIX_PATH} CMAKE_PREFIX_PATH=/Bt/install/grab2_ros_common:/Bt/install/grab2_msgs:/Bt/install/behaviortree_ros2:/Bt/install/btcpp_ros2_interfaces:/opt/ros/jazzy/opt/gz_sim_vendor:/opt/ros/jazzy/opt/gz_sensors_vendor:/opt/ros/jazzy/opt/gz_physics_vendor:/opt/ros/jazzy/opt/sdformat_vendor:/opt/ros/jazzy/opt/gz_gui_vendor:/opt/ros/jazzy/opt/gz_transport_vendor:/opt/ros/jazzy/opt/gz_rendering_vendor:/opt/ros/jazzy/opt/gz_plugin_vendor:/opt/ros/jazzy/opt/gz_fuel_tools_vendor:/opt/ros/jazzy/opt/gz_msgs_vendor:/opt/ros/jazzy/opt/gz_common_vendor:/opt/ros/jazzy/opt/gz_math_vendor:/opt/ros/jazzy/opt/gz_utils_vendor:/opt/ros/jazzy/opt/gz_tools_vendor:/opt/ros/jazzy/opt/gz_ogre_next_vendor:/opt/ros/jazzy/opt/gz_dartsim_vendor:/opt/ros/jazzy/opt/gz_cmake_vendor:/opt/ros/jazzy LD_LIBRARY_PATH=/Bt/install/grab2_msgs/lib:/Bt/install/behaviortree_ros2/lib:/Bt/install/btcpp_ros2_interfaces/lib:${LD_LIBRARY_PATH} PYTHONPATH=/Bt/install/grab2_msgs/lib/python3.12/site-packages:/Bt/install/btcpp_ros2_interfaces/lib/python3.12/site-packages:${PYTHONPATH} /usr/bin/cmake --install /Bt/build/grab2_grasp_generator
[29.058s] DEBUG:colcon.colcon_core.event_handler.log_command:Invoking command in '/Bt/build/pmb2_robot': AMENT_PREFIX_PATH=/Bt/install/pmb2_bringup:/Bt/install/pmb2_description:/Bt/install/pmb2_controller_configuration:/Bt/install/pal_urdf_utils:/Bt/install/launch_pal:${AMENT_PREFIX_PATH} CMAKE_PREFIX_PATH=/Bt/install/pmb2_bringup:/Bt/install/pmb2_description:/Bt/install/pmb2_controller_configuration:/Bt/install/pal_urdf_utils:/opt/ros/jazzy/opt/gz_sim_vendor:/opt/ros/jazzy/opt/gz_sensors_vendor:/opt/ros/jazzy/opt/gz_physics_vendor:/opt/ros/jazzy/opt/sdformat_vendor:/opt/ros/jazzy/opt/gz_gui_vendor:/opt/ros/jazzy/opt/gz_transport_vendor:/opt/ros/jazzy/opt/gz_rendering_vendor:/opt/ros/jazzy/opt/gz_plugin_vendor:/opt/ros/jazzy/opt/gz_fuel_tools_vendor:/opt/ros/jazzy/opt/gz_msgs_vendor:/opt/ros/jazzy/opt/gz_common_vendor:/opt/ros/jazzy/opt/gz_math_vendor:/opt/ros/jazzy/opt/gz_utils_vendor:/opt/ros/jazzy/opt/gz_tools_vendor:/opt/ros/jazzy/opt/gz_ogre_next_vendor:/opt/ros/jazzy/opt/gz_dartsim_vendor:/opt/ros/jazzy/opt/gz_cmake_vendor:/opt/ros/jazzy PYTHONPATH=/Bt/install/pmb2_description/lib/python3.12/site-packages:/Bt/install/launch_pal/lib/python3.12/site-packages:${PYTHONPATH} /usr/bin/cmake --build /Bt/build/pmb2_robot -- -j8 -l8
[29.189s] Level 1:colcon.colcon_core.environment:create_environment_scripts_only(grab2_grasp_generator)
[29.189s] Level 1:colcon.colcon_core.environment:checking '/Bt/install/grab2_grasp_generator' for CMake module files
[29.190s] DEBUG:colcon.colcon_core.event_handler.log_command:Invoked command in '/Bt/build/grab2_grasp_generator' returned '0': AMENT_PREFIX_PATH=/Bt/install/grab2_ros_common:/Bt/install/grab2_msgs:/Bt/install/behaviortree_ros2:/Bt/install/btcpp_ros2_interfaces:${AMENT_PREFIX_PATH} CMAKE_PREFIX_PATH=/Bt/install/grab2_ros_common:/Bt/install/grab2_msgs:/Bt/install/behaviortree_ros2:/Bt/install/btcpp_ros2_interfaces:/opt/ros/jazzy/opt/gz_sim_vendor:/opt/ros/jazzy/opt/gz_sensors_vendor:/opt/ros/jazzy/opt/gz_physics_vendor:/opt/ros/jazzy/opt/sdformat_vendor:/opt/ros/jazzy/opt/gz_gui_vendor:/opt/ros/jazzy/opt/gz_transport_vendor:/opt/ros/jazzy/opt/gz_rendering_vendor:/opt/ros/jazzy/opt/gz_plugin_vendor:/opt/ros/jazzy/opt/gz_fuel_tools_vendor:/opt/ros/jazzy/opt/gz_msgs_vendor:/opt/ros/jazzy/opt/gz_common_vendor:/opt/ros/jazzy/opt/gz_math_vendor:/opt/ros/jazzy/opt/gz_utils_vendor:/opt/ros/jazzy/opt/gz_tools_vendor:/opt/ros/jazzy/opt/gz_ogre_next_vendor:/opt/ros/jazzy/opt/gz_dartsim_vendor:/opt/ros/jazzy/opt/gz_cmake_vendor:/opt/ros/jazzy LD_LIBRARY_PATH=/Bt/install/grab2_msgs/lib:/Bt/install/behaviortree_ros2/lib:/Bt/install/btcpp_ros2_interfaces/lib:${LD_LIBRARY_PATH} PYTHONPATH=/Bt/install/grab2_msgs/lib/python3.12/site-packages:/Bt/install/btcpp_ros2_interfaces/lib/python3.12/site-packages:${PYTHONPATH} /usr/bin/cmake --install /Bt/build/grab2_grasp_generator
[29.191s] Level 1:colcon.colcon_core.environment:checking '/Bt/install/grab2_grasp_generator' for CMake config files
[29.192s] Level 1:colcon.colcon_core.shell:create_environment_hook('grab2_grasp_generator', 'cmake_prefix_path')
[29.192s] INFO:colcon.colcon_core.shell:Creating environment hook '/Bt/install/grab2_grasp_generator/share/grab2_grasp_generator/hook/cmake_prefix_path.ps1'
[29.193s] INFO:colcon.colcon_core.shell:Creating environment descriptor '/Bt/install/grab2_grasp_generator/share/grab2_grasp_generator/hook/cmake_prefix_path.dsv'
[29.194s] INFO:colcon.colcon_core.shell:Creating environment hook '/Bt/install/grab2_grasp_generator/share/grab2_grasp_generator/hook/cmake_prefix_path.sh'
[29.195s] Level 1:colcon.colcon_core.environment:checking '/Bt/install/grab2_grasp_generator/lib'
[29.195s] Level 1:colcon.colcon_core.shell:create_environment_hook('grab2_grasp_generator', 'ld_library_path_lib')
[29.195s] INFO:colcon.colcon_core.shell:Creating environment hook '/Bt/install/grab2_grasp_generator/share/grab2_grasp_generator/hook/ld_library_path_lib.ps1'
[29.196s] INFO:colcon.colcon_core.shell:Creating environment descriptor '/Bt/install/grab2_grasp_generator/share/grab2_grasp_generator/hook/ld_library_path_lib.dsv'
[29.197s] INFO:colcon.colcon_core.shell:Creating environment hook '/Bt/install/grab2_grasp_generator/share/grab2_grasp_generator/hook/ld_library_path_lib.sh'
[29.197s] Level 1:colcon.colcon_core.environment:checking '/Bt/install/grab2_grasp_generator/bin'
[29.197s] Level 1:colcon.colcon_core.environment:checking '/Bt/install/grab2_grasp_generator/lib/pkgconfig/grab2_grasp_generator.pc'
[29.198s] Level 1:colcon.colcon_core.environment:checking '/Bt/install/grab2_grasp_generator/lib/python3.12/site-packages'
[29.198s] Level 1:colcon.colcon_core.environment:checking '/Bt/install/grab2_grasp_generator/bin'
[29.199s] INFO:colcon.colcon_core.shell:Creating package script '/Bt/install/grab2_grasp_generator/share/grab2_grasp_generator/package.ps1'
[29.200s] INFO:colcon.colcon_core.shell:Creating package descriptor '/Bt/install/grab2_grasp_generator/share/grab2_grasp_generator/package.dsv'
[29.200s] INFO:colcon.colcon_core.shell:Creating package script '/Bt/install/grab2_grasp_generator/share/grab2_grasp_generator/package.sh'
[29.201s] INFO:colcon.colcon_core.shell:Creating package script '/Bt/install/grab2_grasp_generator/share/grab2_grasp_generator/package.bash'
[29.224s] INFO:colcon.colcon_core.shell:Creating package script '/Bt/install/grab2_grasp_generator/share/grab2_grasp_generator/package.zsh'
[29.225s] Level 1:colcon.colcon_core.environment:create_file_with_runtime_dependencies(/Bt/install/grab2_grasp_generator/share/colcon-core/packages/grab2_grasp_generator)
[29.226s] Level 1:colcon.colcon_core.environment:create_environment_scripts_only(grab2_grasp_generator)
[29.227s] Level 1:colcon.colcon_core.environment:checking '/Bt/install/grab2_grasp_generator' for CMake module files
[29.228s] Level 1:colcon.colcon_core.environment:checking '/Bt/install/grab2_grasp_generator' for CMake config files
[29.229s] Level 1:colcon.colcon_core.shell:create_environment_hook('grab2_grasp_generator', 'cmake_prefix_path')
[29.229s] INFO:colcon.colcon_core.shell:Creating environment hook '/Bt/install/grab2_grasp_generator/share/grab2_grasp_generator/hook/cmake_prefix_path.ps1'
[29.231s] INFO:colcon.colcon_core.shell:Creating environment descriptor '/Bt/install/grab2_grasp_generator/share/grab2_grasp_generator/hook/cmake_prefix_path.dsv'
[29.231s] INFO:colcon.colcon_core.shell:Creating environment hook '/Bt/install/grab2_grasp_generator/share/grab2_grasp_generator/hook/cmake_prefix_path.sh'
[29.233s] Level 1:colcon.colcon_core.environment:checking '/Bt/install/grab2_grasp_generator/lib'
[29.233s] Level 1:colcon.colcon_core.shell:create_environment_hook('grab2_grasp_generator', 'ld_library_path_lib')
[29.234s] INFO:colcon.colcon_core.shell:Creating environment hook '/Bt/install/grab2_grasp_generator/share/grab2_grasp_generator/hook/ld_library_path_lib.ps1'
[29.235s] INFO:colcon.colcon_core.shell:Creating environment descriptor '/Bt/install/grab2_grasp_generator/share/grab2_grasp_generator/hook/ld_library_path_lib.dsv'
[29.254s] INFO:colcon.colcon_core.shell:Creating environment hook '/Bt/install/grab2_grasp_generator/share/grab2_grasp_generator/hook/ld_library_path_lib.sh'
[29.256s] Level 1:colcon.colcon_core.environment:checking '/Bt/install/grab2_grasp_generator/bin'
[29.256s] Level 1:colcon.colcon_core.environment:checking '/Bt/install/grab2_grasp_generator/lib/pkgconfig/grab2_grasp_generator.pc'
[29.257s] Level 1:colcon.colcon_core.environment:checking '/Bt/install/grab2_grasp_generator/lib/python3.12/site-packages'
[29.259s] Level 1:colcon.colcon_core.environment:checking '/Bt/install/grab2_grasp_generator/bin'
[29.260s] INFO:colcon.colcon_core.shell:Creating package script '/Bt/install/grab2_grasp_generator/share/grab2_grasp_generator/package.ps1'
[29.262s] INFO:colcon.colcon_core.shell:Creating package descriptor '/Bt/install/grab2_grasp_generator/share/grab2_grasp_generator/package.dsv'
[29.263s] INFO:colcon.colcon_core.shell:Creating package script '/Bt/install/grab2_grasp_generator/share/grab2_grasp_generator/package.sh'
[29.265s] INFO:colcon.colcon_core.shell:Creating package script '/Bt/install/grab2_grasp_generator/share/grab2_grasp_generator/package.bash'
[29.266s] INFO:colcon.colcon_core.shell:Creating package script '/Bt/install/grab2_grasp_generator/share/grab2_grasp_generator/package.zsh'
[29.268s] Level 1:colcon.colcon_core.environment:create_file_with_runtime_dependencies(/Bt/install/grab2_grasp_generator/share/colcon-core/packages/grab2_grasp_generator)
[29.277s] DEBUG:colcon.colcon_core.event_handler.log_command:Invoked command in '/Bt/build/pmb2_robot' returned '0': AMENT_PREFIX_PATH=/Bt/install/pmb2_bringup:/Bt/install/pmb2_description:/Bt/install/pmb2_controller_configuration:/Bt/install/pal_urdf_utils:/Bt/install/launch_pal:${AMENT_PREFIX_PATH} CMAKE_PREFIX_PATH=/Bt/install/pmb2_bringup:/Bt/install/pmb2_description:/Bt/install/pmb2_controller_configuration:/Bt/install/pal_urdf_utils:/opt/ros/jazzy/opt/gz_sim_vendor:/opt/ros/jazzy/opt/gz_sensors_vendor:/opt/ros/jazzy/opt/gz_physics_vendor:/opt/ros/jazzy/opt/sdformat_vendor:/opt/ros/jazzy/opt/gz_gui_vendor:/opt/ros/jazzy/opt/gz_transport_vendor:/opt/ros/jazzy/opt/gz_rendering_vendor:/opt/ros/jazzy/opt/gz_plugin_vendor:/opt/ros/jazzy/opt/gz_fuel_tools_vendor:/opt/ros/jazzy/opt/gz_msgs_vendor:/opt/ros/jazzy/opt/gz_common_vendor:/opt/ros/jazzy/opt/gz_math_vendor:/opt/ros/jazzy/opt/gz_utils_vendor:/opt/ros/jazzy/opt/gz_tools_vendor:/opt/ros/jazzy/opt/gz_ogre_next_vendor:/opt/ros/jazzy/opt/gz_dartsim_vendor:/opt/ros/jazzy/opt/gz_cmake_vendor:/opt/ros/jazzy PYTHONPATH=/Bt/install/pmb2_description/lib/python3.12/site-packages:/Bt/install/launch_pal/lib/python3.12/site-packages:${PYTHONPATH} /usr/bin/cmake --build /Bt/build/pmb2_robot -- -j8 -l8
[29.281s] DEBUG:colcon.colcon_core.event_handler.log_command:Invoking command in '/Bt/build/pmb2_robot': AMENT_PREFIX_PATH=/Bt/install/pmb2_bringup:/Bt/install/pmb2_description:/Bt/install/pmb2_controller_configuration:/Bt/install/pal_urdf_utils:/Bt/install/launch_pal:${AMENT_PREFIX_PATH} CMAKE_PREFIX_PATH=/Bt/install/pmb2_bringup:/Bt/install/pmb2_description:/Bt/install/pmb2_controller_configuration:/Bt/install/pal_urdf_utils:/opt/ros/jazzy/opt/gz_sim_vendor:/opt/ros/jazzy/opt/gz_sensors_vendor:/opt/ros/jazzy/opt/gz_physics_vendor:/opt/ros/jazzy/opt/sdformat_vendor:/opt/ros/jazzy/opt/gz_gui_vendor:/opt/ros/jazzy/opt/gz_transport_vendor:/opt/ros/jazzy/opt/gz_rendering_vendor:/opt/ros/jazzy/opt/gz_plugin_vendor:/opt/ros/jazzy/opt/gz_fuel_tools_vendor:/opt/ros/jazzy/opt/gz_msgs_vendor:/opt/ros/jazzy/opt/gz_common_vendor:/opt/ros/jazzy/opt/gz_math_vendor:/opt/ros/jazzy/opt/gz_utils_vendor:/opt/ros/jazzy/opt/gz_tools_vendor:/opt/ros/jazzy/opt/gz_ogre_next_vendor:/opt/ros/jazzy/opt/gz_dartsim_vendor:/opt/ros/jazzy/opt/gz_cmake_vendor:/opt/ros/jazzy PYTHONPATH=/Bt/install/pmb2_description/lib/python3.12/site-packages:/Bt/install/launch_pal/lib/python3.12/site-packages:${PYTHONPATH} /usr/bin/cmake --install /Bt/build/pmb2_robot
[29.284s] DEBUG:colcon.colcon_core.event_handler.log_command:Invoked command in '/Bt/build/tiago_description' returned '0': AMENT_PREFIX_PATH=/Bt/install/pmb2_description:/Bt/install/pal_hey5_description:/Bt/install/pal_gripper_description:/Bt/install/omni_base_description:/Bt/install/pal_urdf_utils:/Bt/install/pal_robotiq_description:/Bt/install/launch_pal:${AMENT_PREFIX_PATH} CMAKE_PREFIX_PATH=/Bt/install/pmb2_description:/Bt/install/pal_hey5_description:/Bt/install/pal_gripper_description:/Bt/install/omni_base_description:/Bt/install/pal_urdf_utils:/Bt/install/pal_robotiq_description:/opt/ros/jazzy/opt/gz_sim_vendor:/opt/ros/jazzy/opt/gz_sensors_vendor:/opt/ros/jazzy/opt/gz_physics_vendor:/opt/ros/jazzy/opt/sdformat_vendor:/opt/ros/jazzy/opt/gz_gui_vendor:/opt/ros/jazzy/opt/gz_transport_vendor:/opt/ros/jazzy/opt/gz_rendering_vendor:/opt/ros/jazzy/opt/gz_plugin_vendor:/opt/ros/jazzy/opt/gz_fuel_tools_vendor:/opt/ros/jazzy/opt/gz_msgs_vendor:/opt/ros/jazzy/opt/gz_common_vendor:/opt/ros/jazzy/opt/gz_math_vendor:/opt/ros/jazzy/opt/gz_utils_vendor:/opt/ros/jazzy/opt/gz_tools_vendor:/opt/ros/jazzy/opt/gz_ogre_next_vendor:/opt/ros/jazzy/opt/gz_dartsim_vendor:/opt/ros/jazzy/opt/gz_cmake_vendor:/opt/ros/jazzy PYTHONPATH=/Bt/install/pmb2_description/lib/python3.12/site-packages:/Bt/install/omni_base_description/lib/python3.12/site-packages:/Bt/install/launch_pal/lib/python3.12/site-packages:${PYTHONPATH} /usr/bin/cmake --build /Bt/build/tiago_description -- -j8 -l8
[29.289s] DEBUG:colcon.colcon_core.event_handler.log_command:Invoking command in '/Bt/build/tiago_description': AMENT_PREFIX_PATH=/Bt/install/pmb2_description:/Bt/install/pal_hey5_description:/Bt/install/pal_gripper_description:/Bt/install/omni_base_description:/Bt/install/pal_urdf_utils:/Bt/install/pal_robotiq_description:/Bt/install/launch_pal:${AMENT_PREFIX_PATH} CMAKE_PREFIX_PATH=/Bt/install/pmb2_description:/Bt/install/pal_hey5_description:/Bt/install/pal_gripper_description:/Bt/install/omni_base_description:/Bt/install/pal_urdf_utils:/Bt/install/pal_robotiq_description:/opt/ros/jazzy/opt/gz_sim_vendor:/opt/ros/jazzy/opt/gz_sensors_vendor:/opt/ros/jazzy/opt/gz_physics_vendor:/opt/ros/jazzy/opt/sdformat_vendor:/opt/ros/jazzy/opt/gz_gui_vendor:/opt/ros/jazzy/opt/gz_transport_vendor:/opt/ros/jazzy/opt/gz_rendering_vendor:/opt/ros/jazzy/opt/gz_plugin_vendor:/opt/ros/jazzy/opt/gz_fuel_tools_vendor:/opt/ros/jazzy/opt/gz_msgs_vendor:/opt/ros/jazzy/opt/gz_common_vendor:/opt/ros/jazzy/opt/gz_math_vendor:/opt/ros/jazzy/opt/gz_utils_vendor:/opt/ros/jazzy/opt/gz_tools_vendor:/opt/ros/jazzy/opt/gz_ogre_next_vendor:/opt/ros/jazzy/opt/gz_dartsim_vendor:/opt/ros/jazzy/opt/gz_cmake_vendor:/opt/ros/jazzy PYTHONPATH=/Bt/install/pmb2_description/lib/python3.12/site-packages:/Bt/install/omni_base_description/lib/python3.12/site-packages:/Bt/install/launch_pal/lib/python3.12/site-packages:${PYTHONPATH} /usr/bin/cmake --install /Bt/build/tiago_description
[29.323s] Level 1:colcon.colcon_core.environment:create_environment_scripts_only(pmb2_robot)
[29.324s] Level 1:colcon.colcon_core.environment:checking '/Bt/install/pmb2_robot' for CMake module files
[29.325s] DEBUG:colcon.colcon_core.event_handler.log_command:Invoked command in '/Bt/build/pmb2_robot' returned '0': AMENT_PREFIX_PATH=/Bt/install/pmb2_bringup:/Bt/install/pmb2_description:/Bt/install/pmb2_controller_configuration:/Bt/install/pal_urdf_utils:/Bt/install/launch_pal:${AMENT_PREFIX_PATH} CMAKE_PREFIX_PATH=/Bt/install/pmb2_bringup:/Bt/install/pmb2_description:/Bt/install/pmb2_controller_configuration:/Bt/install/pal_urdf_utils:/opt/ros/jazzy/opt/gz_sim_vendor:/opt/ros/jazzy/opt/gz_sensors_vendor:/opt/ros/jazzy/opt/gz_physics_vendor:/opt/ros/jazzy/opt/sdformat_vendor:/opt/ros/jazzy/opt/gz_gui_vendor:/opt/ros/jazzy/opt/gz_transport_vendor:/opt/ros/jazzy/opt/gz_rendering_vendor:/opt/ros/jazzy/opt/gz_plugin_vendor:/opt/ros/jazzy/opt/gz_fuel_tools_vendor:/opt/ros/jazzy/opt/gz_msgs_vendor:/opt/ros/jazzy/opt/gz_common_vendor:/opt/ros/jazzy/opt/gz_math_vendor:/opt/ros/jazzy/opt/gz_utils_vendor:/opt/ros/jazzy/opt/gz_tools_vendor:/opt/ros/jazzy/opt/gz_ogre_next_vendor:/opt/ros/jazzy/opt/gz_dartsim_vendor:/opt/ros/jazzy/opt/gz_cmake_vendor:/opt/ros/jazzy PYTHONPATH=/Bt/install/pmb2_description/lib/python3.12/site-packages:/Bt/install/launch_pal/lib/python3.12/site-packages:${PYTHONPATH} /usr/bin/cmake --install /Bt/build/pmb2_robot
[29.326s] Level 1:colcon.colcon_core.environment:checking '/Bt/install/pmb2_robot' for CMake config files
[29.327s] Level 1:colcon.colcon_core.shell:create_environment_hook('pmb2_robot', 'cmake_prefix_path')
[29.327s] INFO:colcon.colcon_core.shell:Creating environment hook '/Bt/install/pmb2_robot/share/pmb2_robot/hook/cmake_prefix_path.ps1'
[29.328s] INFO:colcon.colcon_core.shell:Creating environment descriptor '/Bt/install/pmb2_robot/share/pmb2_robot/hook/cmake_prefix_path.dsv'
[29.329s] INFO:colcon.colcon_core.shell:Creating environment hook '/Bt/install/pmb2_robot/share/pmb2_robot/hook/cmake_prefix_path.sh'
[29.330s] Level 1:colcon.colcon_core.environment:checking '/Bt/install/pmb2_robot/bin'
[29.330s] Level 1:colcon.colcon_core.environment:checking '/Bt/install/pmb2_robot/lib/pkgconfig/pmb2_robot.pc'
[29.330s] Level 1:colcon.colcon_core.environment:checking '/Bt/install/pmb2_robot/lib/python3.12/site-packages'
[29.331s] Level 1:colcon.colcon_core.environment:checking '/Bt/install/pmb2_robot/bin'
[29.332s] INFO:colcon.colcon_core.shell:Creating package script '/Bt/install/pmb2_robot/share/pmb2_robot/package.ps1'
[29.332s] INFO:colcon.colcon_core.shell:Creating package descriptor '/Bt/install/pmb2_robot/share/pmb2_robot/package.dsv'
[29.333s] INFO:colcon.colcon_core.shell:Creating package script '/Bt/install/pmb2_robot/share/pmb2_robot/package.sh'
[29.334s] INFO:colcon.colcon_core.shell:Creating package script '/Bt/install/pmb2_robot/share/pmb2_robot/package.bash'
[29.334s] INFO:colcon.colcon_core.shell:Creating package script '/Bt/install/pmb2_robot/share/pmb2_robot/package.zsh'
[29.335s] Level 1:colcon.colcon_core.environment:create_file_with_runtime_dependencies(/Bt/install/pmb2_robot/share/colcon-core/packages/pmb2_robot)
[29.335s] Level 1:colcon.colcon_core.environment:create_environment_scripts_only(pmb2_robot)
[29.336s] Level 1:colcon.colcon_core.environment:checking '/Bt/install/pmb2_robot' for CMake module files
[29.336s] Level 1:colcon.colcon_core.environment:checking '/Bt/install/pmb2_robot' for CMake config files
[29.337s] Level 1:colcon.colcon_core.shell:create_environment_hook('pmb2_robot', 'cmake_prefix_path')
[29.337s] INFO:colcon.colcon_core.shell:Creating environment hook '/Bt/install/pmb2_robot/share/pmb2_robot/hook/cmake_prefix_path.ps1'
[29.337s] INFO:colcon.colcon_core.shell:Creating environment descriptor '/Bt/install/pmb2_robot/share/pmb2_robot/hook/cmake_prefix_path.dsv'
[29.338s] INFO:colcon.colcon_core.shell:Creating environment hook '/Bt/install/pmb2_robot/share/pmb2_robot/hook/cmake_prefix_path.sh'
[29.338s] Level 1:colcon.colcon_core.environment:checking '/Bt/install/pmb2_robot/bin'
[29.339s] Level 1:colcon.colcon_core.environment:checking '/Bt/install/pmb2_robot/lib/pkgconfig/pmb2_robot.pc'
[29.339s] Level 1:colcon.colcon_core.environment:checking '/Bt/install/pmb2_robot/lib/python3.12/site-packages'
[29.339s] Level 1:colcon.colcon_core.environment:checking '/Bt/install/pmb2_robot/bin'
[29.340s] INFO:colcon.colcon_core.shell:Creating package script '/Bt/install/pmb2_robot/share/pmb2_robot/package.ps1'
[29.340s] INFO:colcon.colcon_core.shell:Creating package descriptor '/Bt/install/pmb2_robot/share/pmb2_robot/package.dsv'
[29.341s] INFO:colcon.colcon_core.shell:Creating package script '/Bt/install/pmb2_robot/share/pmb2_robot/package.sh'
[29.341s] INFO:colcon.colcon_core.shell:Creating package script '/Bt/install/pmb2_robot/share/pmb2_robot/package.bash'
[29.357s] INFO:colcon.colcon_core.shell:Creating package script '/Bt/install/pmb2_robot/share/pmb2_robot/package.zsh'
[29.358s] Level 1:colcon.colcon_core.environment:create_file_with_runtime_dependencies(/Bt/install/pmb2_robot/share/colcon-core/packages/pmb2_robot)
[29.650s] Level 1:colcon.colcon_core.environment:create_environment_scripts_only(tiago_description)
[29.651s] Level 1:colcon.colcon_core.environment:checking '/Bt/install/tiago_description' for CMake module files
[29.652s] DEBUG:colcon.colcon_core.event_handler.log_command:Invoked command in '/Bt/build/tiago_description' returned '0': AMENT_PREFIX_PATH=/Bt/install/pmb2_description:/Bt/install/pal_hey5_description:/Bt/install/pal_gripper_description:/Bt/install/omni_base_description:/Bt/install/pal_urdf_utils:/Bt/install/pal_robotiq_description:/Bt/install/launch_pal:${AMENT_PREFIX_PATH} CMAKE_PREFIX_PATH=/Bt/install/pmb2_description:/Bt/install/pal_hey5_description:/Bt/install/pal_gripper_description:/Bt/install/omni_base_description:/Bt/install/pal_urdf_utils:/Bt/install/pal_robotiq_description:/opt/ros/jazzy/opt/gz_sim_vendor:/opt/ros/jazzy/opt/gz_sensors_vendor:/opt/ros/jazzy/opt/gz_physics_vendor:/opt/ros/jazzy/opt/sdformat_vendor:/opt/ros/jazzy/opt/gz_gui_vendor:/opt/ros/jazzy/opt/gz_transport_vendor:/opt/ros/jazzy/opt/gz_rendering_vendor:/opt/ros/jazzy/opt/gz_plugin_vendor:/opt/ros/jazzy/opt/gz_fuel_tools_vendor:/opt/ros/jazzy/opt/gz_msgs_vendor:/opt/ros/jazzy/opt/gz_common_vendor:/opt/ros/jazzy/opt/gz_math_vendor:/opt/ros/jazzy/opt/gz_utils_vendor:/opt/ros/jazzy/opt/gz_tools_vendor:/opt/ros/jazzy/opt/gz_ogre_next_vendor:/opt/ros/jazzy/opt/gz_dartsim_vendor:/opt/ros/jazzy/opt/gz_cmake_vendor:/opt/ros/jazzy PYTHONPATH=/Bt/install/pmb2_description/lib/python3.12/site-packages:/Bt/install/omni_base_description/lib/python3.12/site-packages:/Bt/install/launch_pal/lib/python3.12/site-packages:${PYTHONPATH} /usr/bin/cmake --install /Bt/build/tiago_description
[29.653s] Level 1:colcon.colcon_core.environment:checking '/Bt/install/tiago_description' for CMake config files
[29.685s] Level 1:colcon.colcon_core.shell:create_environment_hook('tiago_description', 'cmake_prefix_path')
[29.685s] INFO:colcon.colcon_core.shell:Creating environment hook '/Bt/install/tiago_description/share/tiago_description/hook/cmake_prefix_path.ps1'
[29.687s] INFO:colcon.colcon_core.shell:Creating environment descriptor '/Bt/install/tiago_description/share/tiago_description/hook/cmake_prefix_path.dsv'
[29.688s] INFO:colcon.colcon_core.shell:Creating environment hook '/Bt/install/tiago_description/share/tiago_description/hook/cmake_prefix_path.sh'
[29.691s] Level 1:colcon.colcon_core.environment:checking '/Bt/install/tiago_description/lib'
[29.691s] Level 1:colcon.colcon_core.environment:checking '/Bt/install/tiago_description/bin'
[29.691s] Level 1:colcon.colcon_core.environment:checking '/Bt/install/tiago_description/lib/pkgconfig/tiago_description.pc'
[29.692s] Level 1:colcon.colcon_core.environment:checking '/Bt/install/tiago_description/lib/python3.12/site-packages'
[29.693s] Level 1:colcon.colcon_core.shell:create_environment_hook('tiago_description', 'pythonpath')
[29.693s] INFO:colcon.colcon_core.shell:Creating environment hook '/Bt/install/tiago_description/share/tiago_description/hook/pythonpath.ps1'
[29.695s] INFO:colcon.colcon_core.shell:Creating environment descriptor '/Bt/install/tiago_description/share/tiago_description/hook/pythonpath.dsv'
[29.696s] INFO:colcon.colcon_core.shell:Creating environment hook '/Bt/install/tiago_description/share/tiago_description/hook/pythonpath.sh'
[29.699s] Level 1:colcon.colcon_core.environment:checking '/Bt/install/tiago_description/bin'
[29.700s] INFO:colcon.colcon_core.shell:Creating package script '/Bt/install/tiago_description/share/tiago_description/package.ps1'
[29.709s] INFO:colcon.colcon_core.shell:Creating package descriptor '/Bt/install/tiago_description/share/tiago_description/package.dsv'
[29.711s] INFO:colcon.colcon_core.shell:Creating package script '/Bt/install/tiago_description/share/tiago_description/package.sh'
[29.713s] INFO:colcon.colcon_core.shell:Creating package script '/Bt/install/tiago_description/share/tiago_description/package.bash'
[29.714s] INFO:colcon.colcon_core.shell:Creating package script '/Bt/install/tiago_description/share/tiago_description/package.zsh'
[29.715s] Level 1:colcon.colcon_core.environment:create_file_with_runtime_dependencies(/Bt/install/tiago_description/share/colcon-core/packages/tiago_description)
[29.717s] Level 1:colcon.colcon_core.environment:create_environment_scripts_only(tiago_description)
[29.718s] Level 1:colcon.colcon_core.environment:checking '/Bt/install/tiago_description' for CMake module files
[29.720s] Level 1:colcon.colcon_core.environment:checking '/Bt/install/tiago_description' for CMake config files
[29.722s] Level 1:colcon.colcon_core.shell:create_environment_hook('tiago_description', 'cmake_prefix_path')
[29.723s] INFO:colcon.colcon_core.shell:Creating environment hook '/Bt/install/tiago_description/share/tiago_description/hook/cmake_prefix_path.ps1'
[29.724s] INFO:colcon.colcon_core.shell:Creating environment descriptor '/Bt/install/tiago_description/share/tiago_description/hook/cmake_prefix_path.dsv'
[29.725s] INFO:colcon.colcon_core.shell:Creating environment hook '/Bt/install/tiago_description/share/tiago_description/hook/cmake_prefix_path.sh'
[29.750s] Level 1:colcon.colcon_core.environment:checking '/Bt/install/tiago_description/lib'
[29.750s] Level 1:colcon.colcon_core.environment:checking '/Bt/install/tiago_description/bin'
[29.750s] Level 1:colcon.colcon_core.environment:checking '/Bt/install/tiago_description/lib/pkgconfig/tiago_description.pc'
[29.751s] Level 1:colcon.colcon_core.environment:checking '/Bt/install/tiago_description/lib/python3.12/site-packages'
[29.752s] Level 1:colcon.colcon_core.shell:create_environment_hook('tiago_description', 'pythonpath')
[29.752s] INFO:colcon.colcon_core.shell:Creating environment hook '/Bt/install/tiago_description/share/tiago_description/hook/pythonpath.ps1'
[29.754s] INFO:colcon.colcon_core.shell:Creating environment descriptor '/Bt/install/tiago_description/share/tiago_description/hook/pythonpath.dsv'
[29.755s] INFO:colcon.colcon_core.shell:Creating environment hook '/Bt/install/tiago_description/share/tiago_description/hook/pythonpath.sh'
[29.758s] Level 1:colcon.colcon_core.environment:checking '/Bt/install/tiago_description/bin'
[29.759s] INFO:colcon.colcon_core.shell:Creating package script '/Bt/install/tiago_description/share/tiago_description/package.ps1'
[29.761s] INFO:colcon.colcon_core.shell:Creating package descriptor '/Bt/install/tiago_description/share/tiago_description/package.dsv'
[29.763s] INFO:colcon.colcon_core.shell:Creating package script '/Bt/install/tiago_description/share/tiago_description/package.sh'
[29.764s] INFO:colcon.colcon_core.shell:Creating package script '/Bt/install/tiago_description/share/tiago_description/package.bash'
[29.766s] INFO:colcon.colcon_core.shell:Creating package script '/Bt/install/tiago_description/share/tiago_description/package.zsh'
[29.767s] Level 1:colcon.colcon_core.environment:create_file_with_runtime_dependencies(/Bt/install/tiago_description/share/colcon-core/packages/tiago_description)
[29.768s] INFO:colcon.colcon_ros.task.ament_cmake.build:Building ROS package in '/Bt/ThirdParty/tiago_navigation/tiago_2dnav' with build type 'ament_cmake'
[29.769s] INFO:colcon.colcon_cmake.task.cmake.build:Building CMake package in '/Bt/ThirdParty/tiago_navigation/tiago_2dnav'
[29.769s] INFO:colcon.colcon_core.shell:Skip shell extension 'powershell' for command environment: Not usable outside of PowerShell
[29.769s] DEBUG:colcon.colcon_core.shell:Skip shell extension 'dsv' for command environment
[29.778s] INFO:colcon.colcon_ros.task.ament_cmake.build:Building ROS package in '/Bt/ThirdParty/tiago_robot/tiago_bringup' with build type 'ament_cmake'
[29.779s] INFO:colcon.colcon_cmake.task.cmake.build:Building CMake package in '/Bt/ThirdParty/tiago_robot/tiago_bringup'
[29.779s] INFO:colcon.colcon_core.shell:Skip shell extension 'powershell' for command environment: Not usable outside of PowerShell
[29.779s] DEBUG:colcon.colcon_core.shell:Skip shell extension 'dsv' for command environment
[29.784s] INFO:colcon.colcon_ros.task.ament_cmake.build:Building ROS package in '/Bt/ThirdParty/tiago_moveit_config' with build type 'ament_cmake'
[29.784s] INFO:colcon.colcon_cmake.task.cmake.build:Building CMake package in '/Bt/ThirdParty/tiago_moveit_config'
[29.784s] INFO:colcon.colcon_core.shell:Skip shell extension 'powershell' for command environment: Not usable outside of PowerShell
[29.784s] DEBUG:colcon.colcon_core.shell:Skip shell extension 'dsv' for command environment
[29.790s] DEBUG:colcon.colcon_core.event_handler.log_command:Invoked command in '/Bt/build/tiago_demos' returned '0': AMENT_PREFIX_PATH=/Bt/install/tiago_grab:/Bt/install/grab2_planner:/Bt/install/grab2_bt_grabber:/Bt/install/grab2_ros_common:/Bt/install/grab2_behavior_tree:/Bt/install/grab2_msgs:/Bt/install/behaviortree_ros2:/Bt/install/tiago_nav:/Bt/install/btcpp_ros2_interfaces:${AMENT_PREFIX_PATH} CMAKE_PREFIX_PATH=/Bt/install/tiago_grab:/Bt/install/grab2_planner:/Bt/install/grab2_bt_grabber:/Bt/install/grab2_ros_common:/Bt/install/grab2_behavior_tree:/Bt/install/grab2_msgs:/Bt/install/behaviortree_ros2:/Bt/install/tiago_nav:/Bt/install/btcpp_ros2_interfaces:/opt/ros/jazzy/opt/gz_sim_vendor:/opt/ros/jazzy/opt/gz_sensors_vendor:/opt/ros/jazzy/opt/gz_physics_vendor:/opt/ros/jazzy/opt/sdformat_vendor:/opt/ros/jazzy/opt/gz_gui_vendor:/opt/ros/jazzy/opt/gz_transport_vendor:/opt/ros/jazzy/opt/gz_rendering_vendor:/opt/ros/jazzy/opt/gz_plugin_vendor:/opt/ros/jazzy/opt/gz_fuel_tools_vendor:/opt/ros/jazzy/opt/gz_msgs_vendor:/opt/ros/jazzy/opt/gz_common_vendor:/opt/ros/jazzy/opt/gz_math_vendor:/opt/ros/jazzy/opt/gz_utils_vendor:/opt/ros/jazzy/opt/gz_tools_vendor:/opt/ros/jazzy/opt/gz_ogre_next_vendor:/opt/ros/jazzy/opt/gz_dartsim_vendor:/opt/ros/jazzy/opt/gz_cmake_vendor:/opt/ros/jazzy LD_LIBRARY_PATH=/Bt/install/grab2_planner/lib:/Bt/install/grab2_bt_grabber/lib:/Bt/install/grab2_behavior_tree/lib:/Bt/install/grab2_msgs/lib:/Bt/install/behaviortree_ros2/lib:/Bt/install/btcpp_ros2_interfaces/lib:${LD_LIBRARY_PATH} PYTHONPATH=/Bt/install/grab2_msgs/lib/python3.12/site-packages:/Bt/install/btcpp_ros2_interfaces/lib/python3.12/site-packages:${PYTHONPATH} /usr/bin/cmake --build /Bt/build/tiago_demos -- -j8 -l8
[29.801s] DEBUG:colcon.colcon_core.event_handler.log_command:Invoking command in '/Bt/build/tiago_demos': AMENT_PREFIX_PATH=/Bt/install/tiago_grab:/Bt/install/grab2_planner:/Bt/install/grab2_bt_grabber:/Bt/install/grab2_ros_common:/Bt/install/grab2_behavior_tree:/Bt/install/grab2_msgs:/Bt/install/behaviortree_ros2:/Bt/install/tiago_nav:/Bt/install/btcpp_ros2_interfaces:${AMENT_PREFIX_PATH} CMAKE_PREFIX_PATH=/Bt/install/tiago_grab:/Bt/install/grab2_planner:/Bt/install/grab2_bt_grabber:/Bt/install/grab2_ros_common:/Bt/install/grab2_behavior_tree:/Bt/install/grab2_msgs:/Bt/install/behaviortree_ros2:/Bt/install/tiago_nav:/Bt/install/btcpp_ros2_interfaces:/opt/ros/jazzy/opt/gz_sim_vendor:/opt/ros/jazzy/opt/gz_sensors_vendor:/opt/ros/jazzy/opt/gz_physics_vendor:/opt/ros/jazzy/opt/sdformat_vendor:/opt/ros/jazzy/opt/gz_gui_vendor:/opt/ros/jazzy/opt/gz_transport_vendor:/opt/ros/jazzy/opt/gz_rendering_vendor:/opt/ros/jazzy/opt/gz_plugin_vendor:/opt/ros/jazzy/opt/gz_fuel_tools_vendor:/opt/ros/jazzy/opt/gz_msgs_vendor:/opt/ros/jazzy/opt/gz_common_vendor:/opt/ros/jazzy/opt/gz_math_vendor:/opt/ros/jazzy/opt/gz_utils_vendor:/opt/ros/jazzy/opt/gz_tools_vendor:/opt/ros/jazzy/opt/gz_ogre_next_vendor:/opt/ros/jazzy/opt/gz_dartsim_vendor:/opt/ros/jazzy/opt/gz_cmake_vendor:/opt/ros/jazzy LD_LIBRARY_PATH=/Bt/install/grab2_planner/lib:/Bt/install/grab2_bt_grabber/lib:/Bt/install/grab2_behavior_tree/lib:/Bt/install/grab2_msgs/lib:/Bt/install/behaviortree_ros2/lib:/Bt/install/btcpp_ros2_interfaces/lib:${LD_LIBRARY_PATH} PYTHONPATH=/Bt/install/grab2_msgs/lib/python3.12/site-packages:/Bt/install/btcpp_ros2_interfaces/lib/python3.12/site-packages:${PYTHONPATH} /usr/bin/cmake --install /Bt/build/tiago_demos
[29.857s] Level 1:colcon.colcon_core.environment:create_environment_scripts_only(tiago_demos)
[29.858s] Level 1:colcon.colcon_core.environment:checking '/Bt/install/tiago_demos' for CMake module files
[29.858s] DEBUG:colcon.colcon_core.event_handler.log_command:Invoked command in '/Bt/build/tiago_demos' returned '0': AMENT_PREFIX_PATH=/Bt/install/tiago_grab:/Bt/install/grab2_planner:/Bt/install/grab2_bt_grabber:/Bt/install/grab2_ros_common:/Bt/install/grab2_behavior_tree:/Bt/install/grab2_msgs:/Bt/install/behaviortree_ros2:/Bt/install/tiago_nav:/Bt/install/btcpp_ros2_interfaces:${AMENT_PREFIX_PATH} CMAKE_PREFIX_PATH=/Bt/install/tiago_grab:/Bt/install/grab2_planner:/Bt/install/grab2_bt_grabber:/Bt/install/grab2_ros_common:/Bt/install/grab2_behavior_tree:/Bt/install/grab2_msgs:/Bt/install/behaviortree_ros2:/Bt/install/tiago_nav:/Bt/install/btcpp_ros2_interfaces:/opt/ros/jazzy/opt/gz_sim_vendor:/opt/ros/jazzy/opt/gz_sensors_vendor:/opt/ros/jazzy/opt/gz_physics_vendor:/opt/ros/jazzy/opt/sdformat_vendor:/opt/ros/jazzy/opt/gz_gui_vendor:/opt/ros/jazzy/opt/gz_transport_vendor:/opt/ros/jazzy/opt/gz_rendering_vendor:/opt/ros/jazzy/opt/gz_plugin_vendor:/opt/ros/jazzy/opt/gz_fuel_tools_vendor:/opt/ros/jazzy/opt/gz_msgs_vendor:/opt/ros/jazzy/opt/gz_common_vendor:/opt/ros/jazzy/opt/gz_math_vendor:/opt/ros/jazzy/opt/gz_utils_vendor:/opt/ros/jazzy/opt/gz_tools_vendor:/opt/ros/jazzy/opt/gz_ogre_next_vendor:/opt/ros/jazzy/opt/gz_dartsim_vendor:/opt/ros/jazzy/opt/gz_cmake_vendor:/opt/ros/jazzy LD_LIBRARY_PATH=/Bt/install/grab2_planner/lib:/Bt/install/grab2_bt_grabber/lib:/Bt/install/grab2_behavior_tree/lib:/Bt/install/grab2_msgs/lib:/Bt/install/behaviortree_ros2/lib:/Bt/install/btcpp_ros2_interfaces/lib:${LD_LIBRARY_PATH} PYTHONPATH=/Bt/install/grab2_msgs/lib/python3.12/site-packages:/Bt/install/btcpp_ros2_interfaces/lib/python3.12/site-packages:${PYTHONPATH} /usr/bin/cmake --install /Bt/build/tiago_demos
[29.858s] Level 1:colcon.colcon_core.environment:checking '/Bt/install/tiago_demos' for CMake config files
[29.868s] Level 1:colcon.colcon_core.shell:create_environment_hook('tiago_demos', 'cmake_prefix_path')
[29.868s] INFO:colcon.colcon_core.shell:Creating environment hook '/Bt/install/tiago_demos/share/tiago_demos/hook/cmake_prefix_path.ps1'
[29.869s] INFO:colcon.colcon_core.shell:Creating environment descriptor '/Bt/install/tiago_demos/share/tiago_demos/hook/cmake_prefix_path.dsv'
[29.869s] INFO:colcon.colcon_core.shell:Creating environment hook '/Bt/install/tiago_demos/share/tiago_demos/hook/cmake_prefix_path.sh'
[29.870s] Level 1:colcon.colcon_core.environment:checking '/Bt/install/tiago_demos/lib'
[29.870s] Level 1:colcon.colcon_core.environment:checking '/Bt/install/tiago_demos/bin'
[29.870s] Level 1:colcon.colcon_core.environment:checking '/Bt/install/tiago_demos/lib/pkgconfig/tiago_demos.pc'
[29.871s] Level 1:colcon.colcon_core.environment:checking '/Bt/install/tiago_demos/lib/python3.12/site-packages'
[29.871s] Level 1:colcon.colcon_core.environment:checking '/Bt/install/tiago_demos/bin'
[29.871s] INFO:colcon.colcon_core.shell:Creating package script '/Bt/install/tiago_demos/share/tiago_demos/package.ps1'
[29.872s] INFO:colcon.colcon_core.shell:Creating package descriptor '/Bt/install/tiago_demos/share/tiago_demos/package.dsv'
[29.872s] INFO:colcon.colcon_core.shell:Creating package script '/Bt/install/tiago_demos/share/tiago_demos/package.sh'
[29.873s] INFO:colcon.colcon_core.shell:Creating package script '/Bt/install/tiago_demos/share/tiago_demos/package.bash'
[29.897s] INFO:colcon.colcon_core.shell:Creating package script '/Bt/install/tiago_demos/share/tiago_demos/package.zsh'
[29.899s] Level 1:colcon.colcon_core.environment:create_file_with_runtime_dependencies(/Bt/install/tiago_demos/share/colcon-core/packages/tiago_demos)
[29.902s] Level 1:colcon.colcon_core.environment:create_environment_scripts_only(tiago_demos)
[29.902s] Level 1:colcon.colcon_core.environment:checking '/Bt/install/tiago_demos' for CMake module files
[29.905s] Level 1:colcon.colcon_core.environment:checking '/Bt/install/tiago_demos' for CMake config files
[29.906s] Level 1:colcon.colcon_core.shell:create_environment_hook('tiago_demos', 'cmake_prefix_path')
[29.907s] INFO:colcon.colcon_core.shell:Creating environment hook '/Bt/install/tiago_demos/share/tiago_demos/hook/cmake_prefix_path.ps1'
[29.908s] INFO:colcon.colcon_core.shell:Creating environment descriptor '/Bt/install/tiago_demos/share/tiago_demos/hook/cmake_prefix_path.dsv'
[29.910s] INFO:colcon.colcon_core.shell:Creating environment hook '/Bt/install/tiago_demos/share/tiago_demos/hook/cmake_prefix_path.sh'
[29.912s] Level 1:colcon.colcon_core.environment:checking '/Bt/install/tiago_demos/lib'
[29.912s] Level 1:colcon.colcon_core.environment:checking '/Bt/install/tiago_demos/bin'
[29.912s] Level 1:colcon.colcon_core.environment:checking '/Bt/install/tiago_demos/lib/pkgconfig/tiago_demos.pc'
[29.913s] Level 1:colcon.colcon_core.environment:checking '/Bt/install/tiago_demos/lib/python3.12/site-packages'
[29.915s] Level 1:colcon.colcon_core.environment:checking '/Bt/install/tiago_demos/bin'
[29.916s] INFO:colcon.colcon_core.shell:Creating package script '/Bt/install/tiago_demos/share/tiago_demos/package.ps1'
[29.917s] INFO:colcon.colcon_core.shell:Creating package descriptor '/Bt/install/tiago_demos/share/tiago_demos/package.dsv'
[29.919s] INFO:colcon.colcon_core.shell:Creating package script '/Bt/install/tiago_demos/share/tiago_demos/package.sh'
[29.920s] INFO:colcon.colcon_core.shell:Creating package script '/Bt/install/tiago_demos/share/tiago_demos/package.bash'
[29.953s] INFO:colcon.colcon_core.shell:Creating package script '/Bt/install/tiago_demos/share/tiago_demos/package.zsh'
[29.955s] Level 1:colcon.colcon_core.environment:create_file_with_runtime_dependencies(/Bt/install/tiago_demos/share/colcon-core/packages/tiago_demos)
[30.023s] DEBUG:colcon.colcon_core.event_handler.log_command:Invoking command in '/Bt/build/tiago_moveit_config': AMENT_PREFIX_PATH=/Bt/install/tiago_description:/Bt/install/pmb2_description:/Bt/install/pal_hey5_description:/Bt/install/pal_gripper_description:/Bt/install/omni_base_description:/Bt/install/pal_urdf_utils:/Bt/install/pal_robotiq_description:/Bt/install/launch_pal:${AMENT_PREFIX_PATH} CMAKE_PREFIX_PATH=/Bt/install/tiago_description:/Bt/install/pmb2_description:/Bt/install/pal_hey5_description:/Bt/install/pal_gripper_description:/Bt/install/omni_base_description:/Bt/install/pal_urdf_utils:/Bt/install/pal_robotiq_description:/opt/ros/jazzy/opt/gz_sim_vendor:/opt/ros/jazzy/opt/gz_sensors_vendor:/opt/ros/jazzy/opt/gz_physics_vendor:/opt/ros/jazzy/opt/sdformat_vendor:/opt/ros/jazzy/opt/gz_gui_vendor:/opt/ros/jazzy/opt/gz_transport_vendor:/opt/ros/jazzy/opt/gz_rendering_vendor:/opt/ros/jazzy/opt/gz_plugin_vendor:/opt/ros/jazzy/opt/gz_fuel_tools_vendor:/opt/ros/jazzy/opt/gz_msgs_vendor:/opt/ros/jazzy/opt/gz_common_vendor:/opt/ros/jazzy/opt/gz_math_vendor:/opt/ros/jazzy/opt/gz_utils_vendor:/opt/ros/jazzy/opt/gz_tools_vendor:/opt/ros/jazzy/opt/gz_ogre_next_vendor:/opt/ros/jazzy/opt/gz_dartsim_vendor:/opt/ros/jazzy/opt/gz_cmake_vendor:/opt/ros/jazzy PYTHONPATH=/Bt/install/tiago_description/lib/python3.12/site-packages:/Bt/install/pmb2_description/lib/python3.12/site-packages:/Bt/install/omni_base_description/lib/python3.12/site-packages:/Bt/install/launch_pal/lib/python3.12/site-packages:${PYTHONPATH} /usr/bin/cmake --build /Bt/build/tiago_moveit_config -- -j8 -l8
[30.086s] DEBUG:colcon.colcon_core.event_handler.log_command:Invoking command in '/Bt/build/tiago_bringup': AMENT_PREFIX_PATH=/Bt/install/tiago_description:/Bt/install/tiago_controller_configuration:/Bt/install/pmb2_description:/Bt/install/pmb2_controller_configuration:/Bt/install/play_motion2:/Bt/install/pal_hey5_description:/Bt/install/pal_gripper_description:/Bt/install/omni_base_description:/Bt/install/play_motion2_msgs:/Bt/install/pal_urdf_utils:/Bt/install/pal_robotiq_description:/Bt/install/pal_robotiq_controller_configuration:/Bt/install/pal_hey5_controller_configuration:/Bt/install/pal_gripper_controller_configuration:/Bt/install/omni_base_controller_configuration:/Bt/install/launch_pal:${AMENT_PREFIX_PATH} CMAKE_PREFIX_PATH=/Bt/install/tiago_description:/Bt/install/tiago_controller_configuration:/Bt/install/pmb2_description:/Bt/install/pmb2_controller_configuration:/Bt/install/play_motion2:/Bt/install/pal_hey5_description:/Bt/install/pal_gripper_description:/Bt/install/omni_base_description:/Bt/install/play_motion2_msgs:/Bt/install/pal_urdf_utils:/Bt/install/pal_robotiq_description:/Bt/install/pal_robotiq_controller_configuration:/Bt/install/pal_hey5_controller_configuration:/Bt/install/pal_gripper_controller_configuration:/Bt/install/omni_base_controller_configuration:/opt/ros/jazzy/opt/gz_sim_vendor:/opt/ros/jazzy/opt/gz_sensors_vendor:/opt/ros/jazzy/opt/gz_physics_vendor:/opt/ros/jazzy/opt/sdformat_vendor:/opt/ros/jazzy/opt/gz_gui_vendor:/opt/ros/jazzy/opt/gz_transport_vendor:/opt/ros/jazzy/opt/gz_rendering_vendor:/opt/ros/jazzy/opt/gz_plugin_vendor:/opt/ros/jazzy/opt/gz_fuel_tools_vendor:/opt/ros/jazzy/opt/gz_msgs_vendor:/opt/ros/jazzy/opt/gz_common_vendor:/opt/ros/jazzy/opt/gz_math_vendor:/opt/ros/jazzy/opt/gz_utils_vendor:/opt/ros/jazzy/opt/gz_tools_vendor:/opt/ros/jazzy/opt/gz_ogre_next_vendor:/opt/ros/jazzy/opt/gz_dartsim_vendor:/opt/ros/jazzy/opt/gz_cmake_vendor:/opt/ros/jazzy LD_LIBRARY_PATH=/Bt/install/play_motion2/lib:/Bt/install/play_motion2_msgs/lib:${LD_LIBRARY_PATH} PYTHONPATH=/Bt/install/tiago_description/lib/python3.12/site-packages:/Bt/install/pmb2_description/lib/python3.12/site-packages:/Bt/install/omni_base_description/lib/python3.12/site-packages:/Bt/install/play_motion2_msgs/lib/python3.12/site-packages:/Bt/install/launch_pal/lib/python3.12/site-packages:${PYTHONPATH} /usr/bin/cmake --build /Bt/build/tiago_bringup -- -j8 -l8
[30.139s] DEBUG:colcon.colcon_core.event_handler.log_command:Invoking command in '/Bt/build/tiago_2dnav': AMENT_PREFIX_PATH=/Bt/install/tiago_description:/Bt/install/pmb2_description:/Bt/install/pal_hey5_description:/Bt/install/pal_gripper_description:/Bt/install/omni_base_description:/Bt/install/tiago_laser_sensors:/Bt/install/pal_urdf_utils:/Bt/install/pal_robotiq_description:/Bt/install/pal_maps:/Bt/install/launch_pal:${AMENT_PREFIX_PATH} CMAKE_PREFIX_PATH=/Bt/install/tiago_description:/Bt/install/pmb2_description:/Bt/install/pal_hey5_description:/Bt/install/pal_gripper_description:/Bt/install/omni_base_description:/Bt/install/tiago_laser_sensors:/Bt/install/pal_urdf_utils:/Bt/install/pal_robotiq_description:/Bt/install/pal_maps:/opt/ros/jazzy/opt/gz_sim_vendor:/opt/ros/jazzy/opt/gz_sensors_vendor:/opt/ros/jazzy/opt/gz_physics_vendor:/opt/ros/jazzy/opt/sdformat_vendor:/opt/ros/jazzy/opt/gz_gui_vendor:/opt/ros/jazzy/opt/gz_transport_vendor:/opt/ros/jazzy/opt/gz_rendering_vendor:/opt/ros/jazzy/opt/gz_plugin_vendor:/opt/ros/jazzy/opt/gz_fuel_tools_vendor:/opt/ros/jazzy/opt/gz_msgs_vendor:/opt/ros/jazzy/opt/gz_common_vendor:/opt/ros/jazzy/opt/gz_math_vendor:/opt/ros/jazzy/opt/gz_utils_vendor:/opt/ros/jazzy/opt/gz_tools_vendor:/opt/ros/jazzy/opt/gz_ogre_next_vendor:/opt/ros/jazzy/opt/gz_dartsim_vendor:/opt/ros/jazzy/opt/gz_cmake_vendor:/opt/ros/jazzy PYTHONPATH=/Bt/install/tiago_description/lib/python3.12/site-packages:/Bt/install/pmb2_description/lib/python3.12/site-packages:/Bt/install/omni_base_description/lib/python3.12/site-packages:/Bt/install/launch_pal/lib/python3.12/site-packages:${PYTHONPATH} /usr/bin/cmake --build /Bt/build/tiago_2dnav -- -j8 -l8
[30.139s] DEBUG:colcon.colcon_core.event_handler.log_command:Invoked command in '/Bt/build/tiago_moveit_config' returned '0': AMENT_PREFIX_PATH=/Bt/install/tiago_description:/Bt/install/pmb2_description:/Bt/install/pal_hey5_description:/Bt/install/pal_gripper_description:/Bt/install/omni_base_description:/Bt/install/pal_urdf_utils:/Bt/install/pal_robotiq_description:/Bt/install/launch_pal:${AMENT_PREFIX_PATH} CMAKE_PREFIX_PATH=/Bt/install/tiago_description:/Bt/install/pmb2_description:/Bt/install/pal_hey5_description:/Bt/install/pal_gripper_description:/Bt/install/omni_base_description:/Bt/install/pal_urdf_utils:/Bt/install/pal_robotiq_description:/opt/ros/jazzy/opt/gz_sim_vendor:/opt/ros/jazzy/opt/gz_sensors_vendor:/opt/ros/jazzy/opt/gz_physics_vendor:/opt/ros/jazzy/opt/sdformat_vendor:/opt/ros/jazzy/opt/gz_gui_vendor:/opt/ros/jazzy/opt/gz_transport_vendor:/opt/ros/jazzy/opt/gz_rendering_vendor:/opt/ros/jazzy/opt/gz_plugin_vendor:/opt/ros/jazzy/opt/gz_fuel_tools_vendor:/opt/ros/jazzy/opt/gz_msgs_vendor:/opt/ros/jazzy/opt/gz_common_vendor:/opt/ros/jazzy/opt/gz_math_vendor:/opt/ros/jazzy/opt/gz_utils_vendor:/opt/ros/jazzy/opt/gz_tools_vendor:/opt/ros/jazzy/opt/gz_ogre_next_vendor:/opt/ros/jazzy/opt/gz_dartsim_vendor:/opt/ros/jazzy/opt/gz_cmake_vendor:/opt/ros/jazzy PYTHONPATH=/Bt/install/tiago_description/lib/python3.12/site-packages:/Bt/install/pmb2_description/lib/python3.12/site-packages:/Bt/install/omni_base_description/lib/python3.12/site-packages:/Bt/install/launch_pal/lib/python3.12/site-packages:${PYTHONPATH} /usr/bin/cmake --build /Bt/build/tiago_moveit_config -- -j8 -l8
[30.150s] DEBUG:colcon.colcon_core.event_handler.log_command:Invoking command in '/Bt/build/tiago_moveit_config': AMENT_PREFIX_PATH=/Bt/install/tiago_description:/Bt/install/pmb2_description:/Bt/install/pal_hey5_description:/Bt/install/pal_gripper_description:/Bt/install/omni_base_description:/Bt/install/pal_urdf_utils:/Bt/install/pal_robotiq_description:/Bt/install/launch_pal:${AMENT_PREFIX_PATH} CMAKE_PREFIX_PATH=/Bt/install/tiago_description:/Bt/install/pmb2_description:/Bt/install/pal_hey5_description:/Bt/install/pal_gripper_description:/Bt/install/omni_base_description:/Bt/install/pal_urdf_utils:/Bt/install/pal_robotiq_description:/opt/ros/jazzy/opt/gz_sim_vendor:/opt/ros/jazzy/opt/gz_sensors_vendor:/opt/ros/jazzy/opt/gz_physics_vendor:/opt/ros/jazzy/opt/sdformat_vendor:/opt/ros/jazzy/opt/gz_gui_vendor:/opt/ros/jazzy/opt/gz_transport_vendor:/opt/ros/jazzy/opt/gz_rendering_vendor:/opt/ros/jazzy/opt/gz_plugin_vendor:/opt/ros/jazzy/opt/gz_fuel_tools_vendor:/opt/ros/jazzy/opt/gz_msgs_vendor:/opt/ros/jazzy/opt/gz_common_vendor:/opt/ros/jazzy/opt/gz_math_vendor:/opt/ros/jazzy/opt/gz_utils_vendor:/opt/ros/jazzy/opt/gz_tools_vendor:/opt/ros/jazzy/opt/gz_ogre_next_vendor:/opt/ros/jazzy/opt/gz_dartsim_vendor:/opt/ros/jazzy/opt/gz_cmake_vendor:/opt/ros/jazzy PYTHONPATH=/Bt/install/tiago_description/lib/python3.12/site-packages:/Bt/install/pmb2_description/lib/python3.12/site-packages:/Bt/install/omni_base_description/lib/python3.12/site-packages:/Bt/install/launch_pal/lib/python3.12/site-packages:${PYTHONPATH} /usr/bin/cmake --install /Bt/build/tiago_moveit_config
[30.162s] DEBUG:colcon.colcon_core.event_handler.log_command:Invoked command in '/Bt/build/tiago_bringup' returned '0': AMENT_PREFIX_PATH=/Bt/install/tiago_description:/Bt/install/tiago_controller_configuration:/Bt/install/pmb2_description:/Bt/install/pmb2_controller_configuration:/Bt/install/play_motion2:/Bt/install/pal_hey5_description:/Bt/install/pal_gripper_description:/Bt/install/omni_base_description:/Bt/install/play_motion2_msgs:/Bt/install/pal_urdf_utils:/Bt/install/pal_robotiq_description:/Bt/install/pal_robotiq_controller_configuration:/Bt/install/pal_hey5_controller_configuration:/Bt/install/pal_gripper_controller_configuration:/Bt/install/omni_base_controller_configuration:/Bt/install/launch_pal:${AMENT_PREFIX_PATH} CMAKE_PREFIX_PATH=/Bt/install/tiago_description:/Bt/install/tiago_controller_configuration:/Bt/install/pmb2_description:/Bt/install/pmb2_controller_configuration:/Bt/install/play_motion2:/Bt/install/pal_hey5_description:/Bt/install/pal_gripper_description:/Bt/install/omni_base_description:/Bt/install/play_motion2_msgs:/Bt/install/pal_urdf_utils:/Bt/install/pal_robotiq_description:/Bt/install/pal_robotiq_controller_configuration:/Bt/install/pal_hey5_controller_configuration:/Bt/install/pal_gripper_controller_configuration:/Bt/install/omni_base_controller_configuration:/opt/ros/jazzy/opt/gz_sim_vendor:/opt/ros/jazzy/opt/gz_sensors_vendor:/opt/ros/jazzy/opt/gz_physics_vendor:/opt/ros/jazzy/opt/sdformat_vendor:/opt/ros/jazzy/opt/gz_gui_vendor:/opt/ros/jazzy/opt/gz_transport_vendor:/opt/ros/jazzy/opt/gz_rendering_vendor:/opt/ros/jazzy/opt/gz_plugin_vendor:/opt/ros/jazzy/opt/gz_fuel_tools_vendor:/opt/ros/jazzy/opt/gz_msgs_vendor:/opt/ros/jazzy/opt/gz_common_vendor:/opt/ros/jazzy/opt/gz_math_vendor:/opt/ros/jazzy/opt/gz_utils_vendor:/opt/ros/jazzy/opt/gz_tools_vendor:/opt/ros/jazzy/opt/gz_ogre_next_vendor:/opt/ros/jazzy/opt/gz_dartsim_vendor:/opt/ros/jazzy/opt/gz_cmake_vendor:/opt/ros/jazzy LD_LIBRARY_PATH=/Bt/install/play_motion2/lib:/Bt/install/play_motion2_msgs/lib:${LD_LIBRARY_PATH} PYTHONPATH=/Bt/install/tiago_description/lib/python3.12/site-packages:/Bt/install/pmb2_description/lib/python3.12/site-packages:/Bt/install/omni_base_description/lib/python3.12/site-packages:/Bt/install/play_motion2_msgs/lib/python3.12/site-packages:/Bt/install/launch_pal/lib/python3.12/site-packages:${PYTHONPATH} /usr/bin/cmake --build /Bt/build/tiago_bringup -- -j8 -l8
[30.171s] DEBUG:colcon.colcon_core.event_handler.log_command:Invoking command in '/Bt/build/tiago_bringup': AMENT_PREFIX_PATH=/Bt/install/tiago_description:/Bt/install/tiago_controller_configuration:/Bt/install/pmb2_description:/Bt/install/pmb2_controller_configuration:/Bt/install/play_motion2:/Bt/install/pal_hey5_description:/Bt/install/pal_gripper_description:/Bt/install/omni_base_description:/Bt/install/play_motion2_msgs:/Bt/install/pal_urdf_utils:/Bt/install/pal_robotiq_description:/Bt/install/pal_robotiq_controller_configuration:/Bt/install/pal_hey5_controller_configuration:/Bt/install/pal_gripper_controller_configuration:/Bt/install/omni_base_controller_configuration:/Bt/install/launch_pal:${AMENT_PREFIX_PATH} CMAKE_PREFIX_PATH=/Bt/install/tiago_description:/Bt/install/tiago_controller_configuration:/Bt/install/pmb2_description:/Bt/install/pmb2_controller_configuration:/Bt/install/play_motion2:/Bt/install/pal_hey5_description:/Bt/install/pal_gripper_description:/Bt/install/omni_base_description:/Bt/install/play_motion2_msgs:/Bt/install/pal_urdf_utils:/Bt/install/pal_robotiq_description:/Bt/install/pal_robotiq_controller_configuration:/Bt/install/pal_hey5_controller_configuration:/Bt/install/pal_gripper_controller_configuration:/Bt/install/omni_base_controller_configuration:/opt/ros/jazzy/opt/gz_sim_vendor:/opt/ros/jazzy/opt/gz_sensors_vendor:/opt/ros/jazzy/opt/gz_physics_vendor:/opt/ros/jazzy/opt/sdformat_vendor:/opt/ros/jazzy/opt/gz_gui_vendor:/opt/ros/jazzy/opt/gz_transport_vendor:/opt/ros/jazzy/opt/gz_rendering_vendor:/opt/ros/jazzy/opt/gz_plugin_vendor:/opt/ros/jazzy/opt/gz_fuel_tools_vendor:/opt/ros/jazzy/opt/gz_msgs_vendor:/opt/ros/jazzy/opt/gz_common_vendor:/opt/ros/jazzy/opt/gz_math_vendor:/opt/ros/jazzy/opt/gz_utils_vendor:/opt/ros/jazzy/opt/gz_tools_vendor:/opt/ros/jazzy/opt/gz_ogre_next_vendor:/opt/ros/jazzy/opt/gz_dartsim_vendor:/opt/ros/jazzy/opt/gz_cmake_vendor:/opt/ros/jazzy LD_LIBRARY_PATH=/Bt/install/play_motion2/lib:/Bt/install/play_motion2_msgs/lib:${LD_LIBRARY_PATH} PYTHONPATH=/Bt/install/tiago_description/lib/python3.12/site-packages:/Bt/install/pmb2_description/lib/python3.12/site-packages:/Bt/install/omni_base_description/lib/python3.12/site-packages:/Bt/install/play_motion2_msgs/lib/python3.12/site-packages:/Bt/install/launch_pal/lib/python3.12/site-packages:${PYTHONPATH} /usr/bin/cmake --install /Bt/build/tiago_bringup
[30.216s] DEBUG:colcon.colcon_core.event_handler.log_command:Invoked command in '/Bt/build/tiago_2dnav' returned '0': AMENT_PREFIX_PATH=/Bt/install/tiago_description:/Bt/install/pmb2_description:/Bt/install/pal_hey5_description:/Bt/install/pal_gripper_description:/Bt/install/omni_base_description:/Bt/install/tiago_laser_sensors:/Bt/install/pal_urdf_utils:/Bt/install/pal_robotiq_description:/Bt/install/pal_maps:/Bt/install/launch_pal:${AMENT_PREFIX_PATH} CMAKE_PREFIX_PATH=/Bt/install/tiago_description:/Bt/install/pmb2_description:/Bt/install/pal_hey5_description:/Bt/install/pal_gripper_description:/Bt/install/omni_base_description:/Bt/install/tiago_laser_sensors:/Bt/install/pal_urdf_utils:/Bt/install/pal_robotiq_description:/Bt/install/pal_maps:/opt/ros/jazzy/opt/gz_sim_vendor:/opt/ros/jazzy/opt/gz_sensors_vendor:/opt/ros/jazzy/opt/gz_physics_vendor:/opt/ros/jazzy/opt/sdformat_vendor:/opt/ros/jazzy/opt/gz_gui_vendor:/opt/ros/jazzy/opt/gz_transport_vendor:/opt/ros/jazzy/opt/gz_rendering_vendor:/opt/ros/jazzy/opt/gz_plugin_vendor:/opt/ros/jazzy/opt/gz_fuel_tools_vendor:/opt/ros/jazzy/opt/gz_msgs_vendor:/opt/ros/jazzy/opt/gz_common_vendor:/opt/ros/jazzy/opt/gz_math_vendor:/opt/ros/jazzy/opt/gz_utils_vendor:/opt/ros/jazzy/opt/gz_tools_vendor:/opt/ros/jazzy/opt/gz_ogre_next_vendor:/opt/ros/jazzy/opt/gz_dartsim_vendor:/opt/ros/jazzy/opt/gz_cmake_vendor:/opt/ros/jazzy PYTHONPATH=/Bt/install/tiago_description/lib/python3.12/site-packages:/Bt/install/pmb2_description/lib/python3.12/site-packages:/Bt/install/omni_base_description/lib/python3.12/site-packages:/Bt/install/launch_pal/lib/python3.12/site-packages:${PYTHONPATH} /usr/bin/cmake --build /Bt/build/tiago_2dnav -- -j8 -l8
[30.239s] DEBUG:colcon.colcon_core.event_handler.log_command:Invoking command in '/Bt/build/tiago_2dnav': AMENT_PREFIX_PATH=/Bt/install/tiago_description:/Bt/install/pmb2_description:/Bt/install/pal_hey5_description:/Bt/install/pal_gripper_description:/Bt/install/omni_base_description:/Bt/install/tiago_laser_sensors:/Bt/install/pal_urdf_utils:/Bt/install/pal_robotiq_description:/Bt/install/pal_maps:/Bt/install/launch_pal:${AMENT_PREFIX_PATH} CMAKE_PREFIX_PATH=/Bt/install/tiago_description:/Bt/install/pmb2_description:/Bt/install/pal_hey5_description:/Bt/install/pal_gripper_description:/Bt/install/omni_base_description:/Bt/install/tiago_laser_sensors:/Bt/install/pal_urdf_utils:/Bt/install/pal_robotiq_description:/Bt/install/pal_maps:/opt/ros/jazzy/opt/gz_sim_vendor:/opt/ros/jazzy/opt/gz_sensors_vendor:/opt/ros/jazzy/opt/gz_physics_vendor:/opt/ros/jazzy/opt/sdformat_vendor:/opt/ros/jazzy/opt/gz_gui_vendor:/opt/ros/jazzy/opt/gz_transport_vendor:/opt/ros/jazzy/opt/gz_rendering_vendor:/opt/ros/jazzy/opt/gz_plugin_vendor:/opt/ros/jazzy/opt/gz_fuel_tools_vendor:/opt/ros/jazzy/opt/gz_msgs_vendor:/opt/ros/jazzy/opt/gz_common_vendor:/opt/ros/jazzy/opt/gz_math_vendor:/opt/ros/jazzy/opt/gz_utils_vendor:/opt/ros/jazzy/opt/gz_tools_vendor:/opt/ros/jazzy/opt/gz_ogre_next_vendor:/opt/ros/jazzy/opt/gz_dartsim_vendor:/opt/ros/jazzy/opt/gz_cmake_vendor:/opt/ros/jazzy PYTHONPATH=/Bt/install/tiago_description/lib/python3.12/site-packages:/Bt/install/pmb2_description/lib/python3.12/site-packages:/Bt/install/omni_base_description/lib/python3.12/site-packages:/Bt/install/launch_pal/lib/python3.12/site-packages:${PYTHONPATH} /usr/bin/cmake --install /Bt/build/tiago_2dnav
[30.240s] Level 1:colcon.colcon_core.environment:create_environment_scripts_only(tiago_moveit_config)
[30.240s] Level 1:colcon.colcon_core.environment:checking '/Bt/install/tiago_moveit_config' for CMake module files
[30.241s] DEBUG:colcon.colcon_core.event_handler.log_command:Invoked command in '/Bt/build/tiago_moveit_config' returned '0': AMENT_PREFIX_PATH=/Bt/install/tiago_description:/Bt/install/pmb2_description:/Bt/install/pal_hey5_description:/Bt/install/pal_gripper_description:/Bt/install/omni_base_description:/Bt/install/pal_urdf_utils:/Bt/install/pal_robotiq_description:/Bt/install/launch_pal:${AMENT_PREFIX_PATH} CMAKE_PREFIX_PATH=/Bt/install/tiago_description:/Bt/install/pmb2_description:/Bt/install/pal_hey5_description:/Bt/install/pal_gripper_description:/Bt/install/omni_base_description:/Bt/install/pal_urdf_utils:/Bt/install/pal_robotiq_description:/opt/ros/jazzy/opt/gz_sim_vendor:/opt/ros/jazzy/opt/gz_sensors_vendor:/opt/ros/jazzy/opt/gz_physics_vendor:/opt/ros/jazzy/opt/sdformat_vendor:/opt/ros/jazzy/opt/gz_gui_vendor:/opt/ros/jazzy/opt/gz_transport_vendor:/opt/ros/jazzy/opt/gz_rendering_vendor:/opt/ros/jazzy/opt/gz_plugin_vendor:/opt/ros/jazzy/opt/gz_fuel_tools_vendor:/opt/ros/jazzy/opt/gz_msgs_vendor:/opt/ros/jazzy/opt/gz_common_vendor:/opt/ros/jazzy/opt/gz_math_vendor:/opt/ros/jazzy/opt/gz_utils_vendor:/opt/ros/jazzy/opt/gz_tools_vendor:/opt/ros/jazzy/opt/gz_ogre_next_vendor:/opt/ros/jazzy/opt/gz_dartsim_vendor:/opt/ros/jazzy/opt/gz_cmake_vendor:/opt/ros/jazzy PYTHONPATH=/Bt/install/tiago_description/lib/python3.12/site-packages:/Bt/install/pmb2_description/lib/python3.12/site-packages:/Bt/install/omni_base_description/lib/python3.12/site-packages:/Bt/install/launch_pal/lib/python3.12/site-packages:${PYTHONPATH} /usr/bin/cmake --install /Bt/build/tiago_moveit_config
[30.241s] Level 1:colcon.colcon_core.environment:checking '/Bt/install/tiago_moveit_config' for CMake config files
[30.267s] Level 1:colcon.colcon_core.shell:create_environment_hook('tiago_moveit_config', 'cmake_prefix_path')
[30.267s] INFO:colcon.colcon_core.shell:Creating environment hook '/Bt/install/tiago_moveit_config/share/tiago_moveit_config/hook/cmake_prefix_path.ps1'
[30.268s] INFO:colcon.colcon_core.shell:Creating environment descriptor '/Bt/install/tiago_moveit_config/share/tiago_moveit_config/hook/cmake_prefix_path.dsv'
[30.269s] INFO:colcon.colcon_core.shell:Creating environment hook '/Bt/install/tiago_moveit_config/share/tiago_moveit_config/hook/cmake_prefix_path.sh'
[30.270s] Level 1:colcon.colcon_core.environment:checking '/Bt/install/tiago_moveit_config/bin'
[30.270s] Level 1:colcon.colcon_core.environment:checking '/Bt/install/tiago_moveit_config/lib/pkgconfig/tiago_moveit_config.pc'
[30.270s] Level 1:colcon.colcon_core.environment:checking '/Bt/install/tiago_moveit_config/lib/python3.12/site-packages'
[30.270s] Level 1:colcon.colcon_core.environment:checking '/Bt/install/tiago_moveit_config/bin'
[30.271s] INFO:colcon.colcon_core.shell:Creating package script '/Bt/install/tiago_moveit_config/share/tiago_moveit_config/package.ps1'
[30.271s] INFO:colcon.colcon_core.shell:Creating package descriptor '/Bt/install/tiago_moveit_config/share/tiago_moveit_config/package.dsv'
[30.272s] INFO:colcon.colcon_core.shell:Creating package script '/Bt/install/tiago_moveit_config/share/tiago_moveit_config/package.sh'
[30.272s] INFO:colcon.colcon_core.shell:Creating package script '/Bt/install/tiago_moveit_config/share/tiago_moveit_config/package.bash'
[30.297s] INFO:colcon.colcon_core.shell:Creating package script '/Bt/install/tiago_moveit_config/share/tiago_moveit_config/package.zsh'
[30.301s] Level 1:colcon.colcon_core.environment:create_file_with_runtime_dependencies(/Bt/install/tiago_moveit_config/share/colcon-core/packages/tiago_moveit_config)
[30.307s] Level 1:colcon.colcon_core.environment:create_environment_scripts_only(tiago_moveit_config)
[30.308s] Level 1:colcon.colcon_core.environment:checking '/Bt/install/tiago_moveit_config' for CMake module files
[30.318s] Level 1:colcon.colcon_core.environment:checking '/Bt/install/tiago_moveit_config' for CMake config files
[30.325s] Level 1:colcon.colcon_core.shell:create_environment_hook('tiago_moveit_config', 'cmake_prefix_path')
[30.326s] INFO:colcon.colcon_core.shell:Creating environment hook '/Bt/install/tiago_moveit_config/share/tiago_moveit_config/hook/cmake_prefix_path.ps1'
[30.327s] INFO:colcon.colcon_core.shell:Creating environment descriptor '/Bt/install/tiago_moveit_config/share/tiago_moveit_config/hook/cmake_prefix_path.dsv'
[30.328s] INFO:colcon.colcon_core.shell:Creating environment hook '/Bt/install/tiago_moveit_config/share/tiago_moveit_config/hook/cmake_prefix_path.sh'
[30.330s] Level 1:colcon.colcon_core.environment:checking '/Bt/install/tiago_moveit_config/bin'
[30.330s] Level 1:colcon.colcon_core.environment:checking '/Bt/install/tiago_moveit_config/lib/pkgconfig/tiago_moveit_config.pc'
[30.330s] Level 1:colcon.colcon_core.environment:checking '/Bt/install/tiago_moveit_config/lib/python3.12/site-packages'
[30.331s] Level 1:colcon.colcon_core.environment:checking '/Bt/install/tiago_moveit_config/bin'
[30.332s] INFO:colcon.colcon_core.shell:Creating package script '/Bt/install/tiago_moveit_config/share/tiago_moveit_config/package.ps1'
[30.333s] INFO:colcon.colcon_core.shell:Creating package descriptor '/Bt/install/tiago_moveit_config/share/tiago_moveit_config/package.dsv'
[30.334s] INFO:colcon.colcon_core.shell:Creating package script '/Bt/install/tiago_moveit_config/share/tiago_moveit_config/package.sh'
[30.335s] INFO:colcon.colcon_core.shell:Creating package script '/Bt/install/tiago_moveit_config/share/tiago_moveit_config/package.bash'
[30.335s] INFO:colcon.colcon_core.shell:Creating package script '/Bt/install/tiago_moveit_config/share/tiago_moveit_config/package.zsh'
[30.336s] Level 1:colcon.colcon_core.environment:create_file_with_runtime_dependencies(/Bt/install/tiago_moveit_config/share/colcon-core/packages/tiago_moveit_config)
[30.337s] Level 1:colcon.colcon_core.environment:create_environment_scripts_only(tiago_bringup)
[30.337s] Level 1:colcon.colcon_core.environment:checking '/Bt/install/tiago_bringup' for CMake module files
[30.338s] DEBUG:colcon.colcon_core.event_handler.log_command:Invoked command in '/Bt/build/tiago_bringup' returned '0': AMENT_PREFIX_PATH=/Bt/install/tiago_description:/Bt/install/tiago_controller_configuration:/Bt/install/pmb2_description:/Bt/install/pmb2_controller_configuration:/Bt/install/play_motion2:/Bt/install/pal_hey5_description:/Bt/install/pal_gripper_description:/Bt/install/omni_base_description:/Bt/install/play_motion2_msgs:/Bt/install/pal_urdf_utils:/Bt/install/pal_robotiq_description:/Bt/install/pal_robotiq_controller_configuration:/Bt/install/pal_hey5_controller_configuration:/Bt/install/pal_gripper_controller_configuration:/Bt/install/omni_base_controller_configuration:/Bt/install/launch_pal:${AMENT_PREFIX_PATH} CMAKE_PREFIX_PATH=/Bt/install/tiago_description:/Bt/install/tiago_controller_configuration:/Bt/install/pmb2_description:/Bt/install/pmb2_controller_configuration:/Bt/install/play_motion2:/Bt/install/pal_hey5_description:/Bt/install/pal_gripper_description:/Bt/install/omni_base_description:/Bt/install/play_motion2_msgs:/Bt/install/pal_urdf_utils:/Bt/install/pal_robotiq_description:/Bt/install/pal_robotiq_controller_configuration:/Bt/install/pal_hey5_controller_configuration:/Bt/install/pal_gripper_controller_configuration:/Bt/install/omni_base_controller_configuration:/opt/ros/jazzy/opt/gz_sim_vendor:/opt/ros/jazzy/opt/gz_sensors_vendor:/opt/ros/jazzy/opt/gz_physics_vendor:/opt/ros/jazzy/opt/sdformat_vendor:/opt/ros/jazzy/opt/gz_gui_vendor:/opt/ros/jazzy/opt/gz_transport_vendor:/opt/ros/jazzy/opt/gz_rendering_vendor:/opt/ros/jazzy/opt/gz_plugin_vendor:/opt/ros/jazzy/opt/gz_fuel_tools_vendor:/opt/ros/jazzy/opt/gz_msgs_vendor:/opt/ros/jazzy/opt/gz_common_vendor:/opt/ros/jazzy/opt/gz_math_vendor:/opt/ros/jazzy/opt/gz_utils_vendor:/opt/ros/jazzy/opt/gz_tools_vendor:/opt/ros/jazzy/opt/gz_ogre_next_vendor:/opt/ros/jazzy/opt/gz_dartsim_vendor:/opt/ros/jazzy/opt/gz_cmake_vendor:/opt/ros/jazzy LD_LIBRARY_PATH=/Bt/install/play_motion2/lib:/Bt/install/play_motion2_msgs/lib:${LD_LIBRARY_PATH} PYTHONPATH=/Bt/install/tiago_description/lib/python3.12/site-packages:/Bt/install/pmb2_description/lib/python3.12/site-packages:/Bt/install/omni_base_description/lib/python3.12/site-packages:/Bt/install/play_motion2_msgs/lib/python3.12/site-packages:/Bt/install/launch_pal/lib/python3.12/site-packages:${PYTHONPATH} /usr/bin/cmake --install /Bt/build/tiago_bringup
[30.339s] Level 1:colcon.colcon_core.environment:checking '/Bt/install/tiago_bringup' for CMake config files
[30.340s] Level 1:colcon.colcon_core.shell:create_environment_hook('tiago_bringup', 'cmake_prefix_path')
[30.340s] INFO:colcon.colcon_core.shell:Creating environment hook '/Bt/install/tiago_bringup/share/tiago_bringup/hook/cmake_prefix_path.ps1'
[30.340s] INFO:colcon.colcon_core.shell:Creating environment descriptor '/Bt/install/tiago_bringup/share/tiago_bringup/hook/cmake_prefix_path.dsv'
[30.341s] INFO:colcon.colcon_core.shell:Creating environment hook '/Bt/install/tiago_bringup/share/tiago_bringup/hook/cmake_prefix_path.sh'
[30.341s] Level 1:colcon.colcon_core.environment:checking '/Bt/install/tiago_bringup/lib'
[30.341s] Level 1:colcon.colcon_core.environment:checking '/Bt/install/tiago_bringup/bin'
[30.341s] Level 1:colcon.colcon_core.environment:checking '/Bt/install/tiago_bringup/lib/pkgconfig/tiago_bringup.pc'
[30.342s] Level 1:colcon.colcon_core.environment:checking '/Bt/install/tiago_bringup/lib/python3.12/site-packages'
[30.342s] Level 1:colcon.colcon_core.environment:checking '/Bt/install/tiago_bringup/bin'
[30.342s] INFO:colcon.colcon_core.shell:Creating package script '/Bt/install/tiago_bringup/share/tiago_bringup/package.ps1'
[30.343s] INFO:colcon.colcon_core.shell:Creating package descriptor '/Bt/install/tiago_bringup/share/tiago_bringup/package.dsv'
[30.343s] INFO:colcon.colcon_core.shell:Creating package script '/Bt/install/tiago_bringup/share/tiago_bringup/package.sh'
[30.343s] INFO:colcon.colcon_core.shell:Creating package script '/Bt/install/tiago_bringup/share/tiago_bringup/package.bash'
[30.344s] INFO:colcon.colcon_core.shell:Creating package script '/Bt/install/tiago_bringup/share/tiago_bringup/package.zsh'
[30.344s] Level 1:colcon.colcon_core.environment:create_file_with_runtime_dependencies(/Bt/install/tiago_bringup/share/colcon-core/packages/tiago_bringup)
[30.344s] Level 1:colcon.colcon_core.environment:create_environment_scripts_only(tiago_bringup)
[30.344s] Level 1:colcon.colcon_core.environment:checking '/Bt/install/tiago_bringup' for CMake module files
[30.345s] Level 1:colcon.colcon_core.environment:checking '/Bt/install/tiago_bringup' for CMake config files
[30.345s] Level 1:colcon.colcon_core.shell:create_environment_hook('tiago_bringup', 'cmake_prefix_path')
[30.345s] INFO:colcon.colcon_core.shell:Creating environment hook '/Bt/install/tiago_bringup/share/tiago_bringup/hook/cmake_prefix_path.ps1'
[30.346s] INFO:colcon.colcon_core.shell:Creating environment descriptor '/Bt/install/tiago_bringup/share/tiago_bringup/hook/cmake_prefix_path.dsv'
[30.346s] INFO:colcon.colcon_core.shell:Creating environment hook '/Bt/install/tiago_bringup/share/tiago_bringup/hook/cmake_prefix_path.sh'
[30.347s] Level 1:colcon.colcon_core.environment:checking '/Bt/install/tiago_bringup/lib'
[30.347s] Level 1:colcon.colcon_core.environment:checking '/Bt/install/tiago_bringup/bin'
[30.347s] Level 1:colcon.colcon_core.environment:checking '/Bt/install/tiago_bringup/lib/pkgconfig/tiago_bringup.pc'
[30.347s] Level 1:colcon.colcon_core.environment:checking '/Bt/install/tiago_bringup/lib/python3.12/site-packages'
[30.347s] Level 1:colcon.colcon_core.environment:checking '/Bt/install/tiago_bringup/bin'
[30.348s] INFO:colcon.colcon_core.shell:Creating package script '/Bt/install/tiago_bringup/share/tiago_bringup/package.ps1'
[30.348s] INFO:colcon.colcon_core.shell:Creating package descriptor '/Bt/install/tiago_bringup/share/tiago_bringup/package.dsv'
[30.349s] INFO:colcon.colcon_core.shell:Creating package script '/Bt/install/tiago_bringup/share/tiago_bringup/package.sh'
[30.349s] INFO:colcon.colcon_core.shell:Creating package script '/Bt/install/tiago_bringup/share/tiago_bringup/package.bash'
[30.349s] INFO:colcon.colcon_core.shell:Creating package script '/Bt/install/tiago_bringup/share/tiago_bringup/package.zsh'
[30.350s] Level 1:colcon.colcon_core.environment:create_file_with_runtime_dependencies(/Bt/install/tiago_bringup/share/colcon-core/packages/tiago_bringup)
[30.350s] INFO:colcon.colcon_ros.task.ament_cmake.build:Building ROS package in '/Bt/ThirdParty/tiago_robot/tiago_robot' with build type 'ament_cmake'
[30.351s] INFO:colcon.colcon_cmake.task.cmake.build:Building CMake package in '/Bt/ThirdParty/tiago_robot/tiago_robot'
[30.351s] INFO:colcon.colcon_core.shell:Skip shell extension 'powershell' for command environment: Not usable outside of PowerShell
[30.351s] DEBUG:colcon.colcon_core.shell:Skip shell extension 'dsv' for command environment
[30.365s] Level 1:colcon.colcon_core.environment:create_environment_scripts_only(tiago_2dnav)
[30.365s] Level 1:colcon.colcon_core.environment:checking '/Bt/install/tiago_2dnav' for CMake module files
[30.366s] DEBUG:colcon.colcon_core.event_handler.log_command:Invoked command in '/Bt/build/tiago_2dnav' returned '0': AMENT_PREFIX_PATH=/Bt/install/tiago_description:/Bt/install/pmb2_description:/Bt/install/pal_hey5_description:/Bt/install/pal_gripper_description:/Bt/install/omni_base_description:/Bt/install/tiago_laser_sensors:/Bt/install/pal_urdf_utils:/Bt/install/pal_robotiq_description:/Bt/install/pal_maps:/Bt/install/launch_pal:${AMENT_PREFIX_PATH} CMAKE_PREFIX_PATH=/Bt/install/tiago_description:/Bt/install/pmb2_description:/Bt/install/pal_hey5_description:/Bt/install/pal_gripper_description:/Bt/install/omni_base_description:/Bt/install/tiago_laser_sensors:/Bt/install/pal_urdf_utils:/Bt/install/pal_robotiq_description:/Bt/install/pal_maps:/opt/ros/jazzy/opt/gz_sim_vendor:/opt/ros/jazzy/opt/gz_sensors_vendor:/opt/ros/jazzy/opt/gz_physics_vendor:/opt/ros/jazzy/opt/sdformat_vendor:/opt/ros/jazzy/opt/gz_gui_vendor:/opt/ros/jazzy/opt/gz_transport_vendor:/opt/ros/jazzy/opt/gz_rendering_vendor:/opt/ros/jazzy/opt/gz_plugin_vendor:/opt/ros/jazzy/opt/gz_fuel_tools_vendor:/opt/ros/jazzy/opt/gz_msgs_vendor:/opt/ros/jazzy/opt/gz_common_vendor:/opt/ros/jazzy/opt/gz_math_vendor:/opt/ros/jazzy/opt/gz_utils_vendor:/opt/ros/jazzy/opt/gz_tools_vendor:/opt/ros/jazzy/opt/gz_ogre_next_vendor:/opt/ros/jazzy/opt/gz_dartsim_vendor:/opt/ros/jazzy/opt/gz_cmake_vendor:/opt/ros/jazzy PYTHONPATH=/Bt/install/tiago_description/lib/python3.12/site-packages:/Bt/install/pmb2_description/lib/python3.12/site-packages:/Bt/install/omni_base_description/lib/python3.12/site-packages:/Bt/install/launch_pal/lib/python3.12/site-packages:${PYTHONPATH} /usr/bin/cmake --install /Bt/build/tiago_2dnav
[30.366s] Level 1:colcon.colcon_core.environment:checking '/Bt/install/tiago_2dnav' for CMake config files
[30.367s] Level 1:colcon.colcon_core.shell:create_environment_hook('tiago_2dnav', 'cmake_prefix_path')
[30.367s] INFO:colcon.colcon_core.shell:Creating environment hook '/Bt/install/tiago_2dnav/share/tiago_2dnav/hook/cmake_prefix_path.ps1'
[30.367s] INFO:colcon.colcon_core.shell:Creating environment descriptor '/Bt/install/tiago_2dnav/share/tiago_2dnav/hook/cmake_prefix_path.dsv'
[30.368s] INFO:colcon.colcon_core.shell:Creating environment hook '/Bt/install/tiago_2dnav/share/tiago_2dnav/hook/cmake_prefix_path.sh'
[30.368s] Level 1:colcon.colcon_core.environment:checking '/Bt/install/tiago_2dnav/bin'
[30.368s] Level 1:colcon.colcon_core.environment:checking '/Bt/install/tiago_2dnav/lib/pkgconfig/tiago_2dnav.pc'
[30.369s] Level 1:colcon.colcon_core.environment:checking '/Bt/install/tiago_2dnav/lib/python3.12/site-packages'
[30.369s] Level 1:colcon.colcon_core.environment:checking '/Bt/install/tiago_2dnav/bin'
[30.369s] INFO:colcon.colcon_core.shell:Creating package script '/Bt/install/tiago_2dnav/share/tiago_2dnav/package.ps1'
[30.370s] INFO:colcon.colcon_core.shell:Creating package descriptor '/Bt/install/tiago_2dnav/share/tiago_2dnav/package.dsv'
[30.370s] INFO:colcon.colcon_core.shell:Creating package script '/Bt/install/tiago_2dnav/share/tiago_2dnav/package.sh'
[30.370s] INFO:colcon.colcon_core.shell:Creating package script '/Bt/install/tiago_2dnav/share/tiago_2dnav/package.bash'
[30.373s] INFO:colcon.colcon_core.shell:Creating package script '/Bt/install/tiago_2dnav/share/tiago_2dnav/package.zsh'
[30.373s] Level 1:colcon.colcon_core.environment:create_file_with_runtime_dependencies(/Bt/install/tiago_2dnav/share/colcon-core/packages/tiago_2dnav)
[30.374s] Level 1:colcon.colcon_core.environment:create_environment_scripts_only(tiago_2dnav)
[30.374s] Level 1:colcon.colcon_core.environment:checking '/Bt/install/tiago_2dnav' for CMake module files
[30.374s] Level 1:colcon.colcon_core.environment:checking '/Bt/install/tiago_2dnav' for CMake config files
[30.375s] Level 1:colcon.colcon_core.shell:create_environment_hook('tiago_2dnav', 'cmake_prefix_path')
[30.375s] INFO:colcon.colcon_core.shell:Creating environment hook '/Bt/install/tiago_2dnav/share/tiago_2dnav/hook/cmake_prefix_path.ps1'
[30.375s] INFO:colcon.colcon_core.shell:Creating environment descriptor '/Bt/install/tiago_2dnav/share/tiago_2dnav/hook/cmake_prefix_path.dsv'
[30.376s] INFO:colcon.colcon_core.shell:Creating environment hook '/Bt/install/tiago_2dnav/share/tiago_2dnav/hook/cmake_prefix_path.sh'
[30.376s] Level 1:colcon.colcon_core.environment:checking '/Bt/install/tiago_2dnav/bin'
[30.376s] Level 1:colcon.colcon_core.environment:checking '/Bt/install/tiago_2dnav/lib/pkgconfig/tiago_2dnav.pc'
[30.376s] Level 1:colcon.colcon_core.environment:checking '/Bt/install/tiago_2dnav/lib/python3.12/site-packages'
[30.377s] Level 1:colcon.colcon_core.environment:checking '/Bt/install/tiago_2dnav/bin'
[30.377s] INFO:colcon.colcon_core.shell:Creating package script '/Bt/install/tiago_2dnav/share/tiago_2dnav/package.ps1'
[30.378s] INFO:colcon.colcon_core.shell:Creating package descriptor '/Bt/install/tiago_2dnav/share/tiago_2dnav/package.dsv'
[30.378s] INFO:colcon.colcon_core.shell:Creating package script '/Bt/install/tiago_2dnav/share/tiago_2dnav/package.sh'
[30.378s] INFO:colcon.colcon_core.shell:Creating package script '/Bt/install/tiago_2dnav/share/tiago_2dnav/package.bash'
[30.379s] INFO:colcon.colcon_core.shell:Creating package script '/Bt/install/tiago_2dnav/share/tiago_2dnav/package.zsh'
[30.379s] Level 1:colcon.colcon_core.environment:create_file_with_runtime_dependencies(/Bt/install/tiago_2dnav/share/colcon-core/packages/tiago_2dnav)
[30.380s] INFO:colcon.colcon_ros.task.ament_cmake.build:Building ROS package in '/Bt/ThirdParty/tiago_simulation/tiago_gazebo' with build type 'ament_cmake'
[30.380s] INFO:colcon.colcon_cmake.task.cmake.build:Building CMake package in '/Bt/ThirdParty/tiago_simulation/tiago_gazebo'
[30.380s] INFO:colcon.colcon_core.shell:Skip shell extension 'powershell' for command environment: Not usable outside of PowerShell
[30.380s] DEBUG:colcon.colcon_core.shell:Skip shell extension 'dsv' for command environment
[30.386s] INFO:colcon.colcon_ros.task.ament_cmake.build:Building ROS package in '/Bt/ThirdParty/tiago_navigation/tiago_navigation' with build type 'ament_cmake'
[30.386s] INFO:colcon.colcon_cmake.task.cmake.build:Building CMake package in '/Bt/ThirdParty/tiago_navigation/tiago_navigation'
[30.387s] INFO:colcon.colcon_core.shell:Skip shell extension 'powershell' for command environment: Not usable outside of PowerShell
[30.387s] DEBUG:colcon.colcon_core.shell:Skip shell extension 'dsv' for command environment
[30.474s] DEBUG:colcon.colcon_core.event_handler.log_command:Invoking command in '/Bt/build/tiago_robot': AMENT_PREFIX_PATH=/Bt/install/tiago_bringup:/Bt/install/tiago_description:/Bt/install/tiago_controller_configuration:/Bt/install/pmb2_description:/Bt/install/pmb2_controller_configuration:/Bt/install/play_motion2:/Bt/install/pal_hey5_description:/Bt/install/pal_gripper_description:/Bt/install/omni_base_description:/Bt/install/play_motion2_msgs:/Bt/install/pal_urdf_utils:/Bt/install/pal_robotiq_description:/Bt/install/pal_robotiq_controller_configuration:/Bt/install/pal_hey5_controller_configuration:/Bt/install/pal_gripper_controller_configuration:/Bt/install/omni_base_controller_configuration:/Bt/install/launch_pal:${AMENT_PREFIX_PATH} CMAKE_PREFIX_PATH=/Bt/install/tiago_bringup:/Bt/install/tiago_description:/Bt/install/tiago_controller_configuration:/Bt/install/pmb2_description:/Bt/install/pmb2_controller_configuration:/Bt/install/play_motion2:/Bt/install/pal_hey5_description:/Bt/install/pal_gripper_description:/Bt/install/omni_base_description:/Bt/install/play_motion2_msgs:/Bt/install/pal_urdf_utils:/Bt/install/pal_robotiq_description:/Bt/install/pal_robotiq_controller_configuration:/Bt/install/pal_hey5_controller_configuration:/Bt/install/pal_gripper_controller_configuration:/Bt/install/omni_base_controller_configuration:/opt/ros/jazzy/opt/gz_sim_vendor:/opt/ros/jazzy/opt/gz_sensors_vendor:/opt/ros/jazzy/opt/gz_physics_vendor:/opt/ros/jazzy/opt/sdformat_vendor:/opt/ros/jazzy/opt/gz_gui_vendor:/opt/ros/jazzy/opt/gz_transport_vendor:/opt/ros/jazzy/opt/gz_rendering_vendor:/opt/ros/jazzy/opt/gz_plugin_vendor:/opt/ros/jazzy/opt/gz_fuel_tools_vendor:/opt/ros/jazzy/opt/gz_msgs_vendor:/opt/ros/jazzy/opt/gz_common_vendor:/opt/ros/jazzy/opt/gz_math_vendor:/opt/ros/jazzy/opt/gz_utils_vendor:/opt/ros/jazzy/opt/gz_tools_vendor:/opt/ros/jazzy/opt/gz_ogre_next_vendor:/opt/ros/jazzy/opt/gz_dartsim_vendor:/opt/ros/jazzy/opt/gz_cmake_vendor:/opt/ros/jazzy LD_LIBRARY_PATH=/Bt/install/play_motion2/lib:/Bt/install/play_motion2_msgs/lib:${LD_LIBRARY_PATH} PYTHONPATH=/Bt/install/tiago_description/lib/python3.12/site-packages:/Bt/install/pmb2_description/lib/python3.12/site-packages:/Bt/install/omni_base_description/lib/python3.12/site-packages:/Bt/install/play_motion2_msgs/lib/python3.12/site-packages:/Bt/install/launch_pal/lib/python3.12/site-packages:${PYTHONPATH} /usr/bin/cmake --build /Bt/build/tiago_robot -- -j8 -l8
[30.557s] DEBUG:colcon.colcon_core.event_handler.log_command:Invoking command in '/Bt/build/tiago_navigation': AMENT_PREFIX_PATH=/Bt/install/tiago_2dnav:/Bt/install/tiago_description:/Bt/install/pmb2_description:/Bt/install/pal_hey5_description:/Bt/install/pal_gripper_description:/Bt/install/omni_base_description:/Bt/install/tiago_laser_sensors:/Bt/install/pal_urdf_utils:/Bt/install/pal_robotiq_description:/Bt/install/pal_maps:/Bt/install/launch_pal:${AMENT_PREFIX_PATH} CMAKE_PREFIX_PATH=/Bt/install/tiago_2dnav:/Bt/install/tiago_description:/Bt/install/pmb2_description:/Bt/install/pal_hey5_description:/Bt/install/pal_gripper_description:/Bt/install/omni_base_description:/Bt/install/tiago_laser_sensors:/Bt/install/pal_urdf_utils:/Bt/install/pal_robotiq_description:/Bt/install/pal_maps:/opt/ros/jazzy/opt/gz_sim_vendor:/opt/ros/jazzy/opt/gz_sensors_vendor:/opt/ros/jazzy/opt/gz_physics_vendor:/opt/ros/jazzy/opt/sdformat_vendor:/opt/ros/jazzy/opt/gz_gui_vendor:/opt/ros/jazzy/opt/gz_transport_vendor:/opt/ros/jazzy/opt/gz_rendering_vendor:/opt/ros/jazzy/opt/gz_plugin_vendor:/opt/ros/jazzy/opt/gz_fuel_tools_vendor:/opt/ros/jazzy/opt/gz_msgs_vendor:/opt/ros/jazzy/opt/gz_common_vendor:/opt/ros/jazzy/opt/gz_math_vendor:/opt/ros/jazzy/opt/gz_utils_vendor:/opt/ros/jazzy/opt/gz_tools_vendor:/opt/ros/jazzy/opt/gz_ogre_next_vendor:/opt/ros/jazzy/opt/gz_dartsim_vendor:/opt/ros/jazzy/opt/gz_cmake_vendor:/opt/ros/jazzy PYTHONPATH=/Bt/install/tiago_description/lib/python3.12/site-packages:/Bt/install/pmb2_description/lib/python3.12/site-packages:/Bt/install/omni_base_description/lib/python3.12/site-packages:/Bt/install/launch_pal/lib/python3.12/site-packages:${PYTHONPATH} /usr/bin/cmake --build /Bt/build/tiago_navigation -- -j8 -l8
[30.612s] DEBUG:colcon.colcon_core.event_handler.log_command:Invoking command in '/Bt/build/tiago_gazebo': AMENT_PREFIX_PATH=/Bt/install/tiago_moveit_config:/Bt/install/tiago_bringup:/Bt/install/tiago_2dnav:/Bt/install/tiago_description:/Bt/install/tiago_controller_configuration:/Bt/install/pmb2_description:/Bt/install/pmb2_controller_configuration:/Bt/install/play_motion2:/Bt/install/pal_hey5_description:/Bt/install/pal_gripper_description:/Bt/install/omni_base_description:/Bt/install/tiago_laser_sensors:/Bt/install/play_motion2_msgs:/Bt/install/pal_urdf_utils:/Bt/install/pal_robotiq_description:/Bt/install/pal_robotiq_controller_configuration:/Bt/install/pal_maps:/Bt/install/pal_hey5_controller_configuration:/Bt/install/pal_gripper_controller_configuration:/Bt/install/omni_base_controller_configuration:/Bt/install/launch_pal:${AMENT_PREFIX_PATH} CMAKE_PREFIX_PATH=/Bt/install/tiago_moveit_config:/Bt/install/tiago_bringup:/Bt/install/tiago_2dnav:/Bt/install/tiago_description:/Bt/install/tiago_controller_configuration:/Bt/install/pmb2_description:/Bt/install/pmb2_controller_configuration:/Bt/install/play_motion2:/Bt/install/pal_hey5_description:/Bt/install/pal_gripper_description:/Bt/install/omni_base_description:/Bt/install/tiago_laser_sensors:/Bt/install/play_motion2_msgs:/Bt/install/pal_urdf_utils:/Bt/install/pal_robotiq_description:/Bt/install/pal_robotiq_controller_configuration:/Bt/install/pal_maps:/Bt/install/pal_hey5_controller_configuration:/Bt/install/pal_gripper_controller_configuration:/Bt/install/omni_base_controller_configuration:/opt/ros/jazzy/opt/gz_sim_vendor:/opt/ros/jazzy/opt/gz_sensors_vendor:/opt/ros/jazzy/opt/gz_physics_vendor:/opt/ros/jazzy/opt/sdformat_vendor:/opt/ros/jazzy/opt/gz_gui_vendor:/opt/ros/jazzy/opt/gz_transport_vendor:/opt/ros/jazzy/opt/gz_rendering_vendor:/opt/ros/jazzy/opt/gz_plugin_vendor:/opt/ros/jazzy/opt/gz_fuel_tools_vendor:/opt/ros/jazzy/opt/gz_msgs_vendor:/opt/ros/jazzy/opt/gz_common_vendor:/opt/ros/jazzy/opt/gz_math_vendor:/opt/ros/jazzy/opt/gz_utils_vendor:/opt/ros/jazzy/opt/gz_tools_vendor:/opt/ros/jazzy/opt/gz_ogre_next_vendor:/opt/ros/jazzy/opt/gz_dartsim_vendor:/opt/ros/jazzy/opt/gz_cmake_vendor:/opt/ros/jazzy LD_LIBRARY_PATH=/Bt/install/play_motion2/lib:/Bt/install/play_motion2_msgs/lib:${LD_LIBRARY_PATH} PYTHONPATH=/Bt/install/tiago_description/lib/python3.12/site-packages:/Bt/install/pmb2_description/lib/python3.12/site-packages:/Bt/install/omni_base_description/lib/python3.12/site-packages:/Bt/install/play_motion2_msgs/lib/python3.12/site-packages:/Bt/install/launch_pal/lib/python3.12/site-packages:${PYTHONPATH} /usr/bin/cmake --build /Bt/build/tiago_gazebo -- -j8 -l8
[30.612s] DEBUG:colcon.colcon_core.event_handler.log_command:Invoked command in '/Bt/build/tiago_robot' returned '0': AMENT_PREFIX_PATH=/Bt/install/tiago_bringup:/Bt/install/tiago_description:/Bt/install/tiago_controller_configuration:/Bt/install/pmb2_description:/Bt/install/pmb2_controller_configuration:/Bt/install/play_motion2:/Bt/install/pal_hey5_description:/Bt/install/pal_gripper_description:/Bt/install/omni_base_description:/Bt/install/play_motion2_msgs:/Bt/install/pal_urdf_utils:/Bt/install/pal_robotiq_description:/Bt/install/pal_robotiq_controller_configuration:/Bt/install/pal_hey5_controller_configuration:/Bt/install/pal_gripper_controller_configuration:/Bt/install/omni_base_controller_configuration:/Bt/install/launch_pal:${AMENT_PREFIX_PATH} CMAKE_PREFIX_PATH=/Bt/install/tiago_bringup:/Bt/install/tiago_description:/Bt/install/tiago_controller_configuration:/Bt/install/pmb2_description:/Bt/install/pmb2_controller_configuration:/Bt/install/play_motion2:/Bt/install/pal_hey5_description:/Bt/install/pal_gripper_description:/Bt/install/omni_base_description:/Bt/install/play_motion2_msgs:/Bt/install/pal_urdf_utils:/Bt/install/pal_robotiq_description:/Bt/install/pal_robotiq_controller_configuration:/Bt/install/pal_hey5_controller_configuration:/Bt/install/pal_gripper_controller_configuration:/Bt/install/omni_base_controller_configuration:/opt/ros/jazzy/opt/gz_sim_vendor:/opt/ros/jazzy/opt/gz_sensors_vendor:/opt/ros/jazzy/opt/gz_physics_vendor:/opt/ros/jazzy/opt/sdformat_vendor:/opt/ros/jazzy/opt/gz_gui_vendor:/opt/ros/jazzy/opt/gz_transport_vendor:/opt/ros/jazzy/opt/gz_rendering_vendor:/opt/ros/jazzy/opt/gz_plugin_vendor:/opt/ros/jazzy/opt/gz_fuel_tools_vendor:/opt/ros/jazzy/opt/gz_msgs_vendor:/opt/ros/jazzy/opt/gz_common_vendor:/opt/ros/jazzy/opt/gz_math_vendor:/opt/ros/jazzy/opt/gz_utils_vendor:/opt/ros/jazzy/opt/gz_tools_vendor:/opt/ros/jazzy/opt/gz_ogre_next_vendor:/opt/ros/jazzy/opt/gz_dartsim_vendor:/opt/ros/jazzy/opt/gz_cmake_vendor:/opt/ros/jazzy LD_LIBRARY_PATH=/Bt/install/play_motion2/lib:/Bt/install/play_motion2_msgs/lib:${LD_LIBRARY_PATH} PYTHONPATH=/Bt/install/tiago_description/lib/python3.12/site-packages:/Bt/install/pmb2_description/lib/python3.12/site-packages:/Bt/install/omni_base_description/lib/python3.12/site-packages:/Bt/install/play_motion2_msgs/lib/python3.12/site-packages:/Bt/install/launch_pal/lib/python3.12/site-packages:${PYTHONPATH} /usr/bin/cmake --build /Bt/build/tiago_robot -- -j8 -l8
[30.616s] DEBUG:colcon.colcon_core.event_handler.log_command:Invoking command in '/Bt/build/tiago_robot': AMENT_PREFIX_PATH=/Bt/install/tiago_bringup:/Bt/install/tiago_description:/Bt/install/tiago_controller_configuration:/Bt/install/pmb2_description:/Bt/install/pmb2_controller_configuration:/Bt/install/play_motion2:/Bt/install/pal_hey5_description:/Bt/install/pal_gripper_description:/Bt/install/omni_base_description:/Bt/install/play_motion2_msgs:/Bt/install/pal_urdf_utils:/Bt/install/pal_robotiq_description:/Bt/install/pal_robotiq_controller_configuration:/Bt/install/pal_hey5_controller_configuration:/Bt/install/pal_gripper_controller_configuration:/Bt/install/omni_base_controller_configuration:/Bt/install/launch_pal:${AMENT_PREFIX_PATH} CMAKE_PREFIX_PATH=/Bt/install/tiago_bringup:/Bt/install/tiago_description:/Bt/install/tiago_controller_configuration:/Bt/install/pmb2_description:/Bt/install/pmb2_controller_configuration:/Bt/install/play_motion2:/Bt/install/pal_hey5_description:/Bt/install/pal_gripper_description:/Bt/install/omni_base_description:/Bt/install/play_motion2_msgs:/Bt/install/pal_urdf_utils:/Bt/install/pal_robotiq_description:/Bt/install/pal_robotiq_controller_configuration:/Bt/install/pal_hey5_controller_configuration:/Bt/install/pal_gripper_controller_configuration:/Bt/install/omni_base_controller_configuration:/opt/ros/jazzy/opt/gz_sim_vendor:/opt/ros/jazzy/opt/gz_sensors_vendor:/opt/ros/jazzy/opt/gz_physics_vendor:/opt/ros/jazzy/opt/sdformat_vendor:/opt/ros/jazzy/opt/gz_gui_vendor:/opt/ros/jazzy/opt/gz_transport_vendor:/opt/ros/jazzy/opt/gz_rendering_vendor:/opt/ros/jazzy/opt/gz_plugin_vendor:/opt/ros/jazzy/opt/gz_fuel_tools_vendor:/opt/ros/jazzy/opt/gz_msgs_vendor:/opt/ros/jazzy/opt/gz_common_vendor:/opt/ros/jazzy/opt/gz_math_vendor:/opt/ros/jazzy/opt/gz_utils_vendor:/opt/ros/jazzy/opt/gz_tools_vendor:/opt/ros/jazzy/opt/gz_ogre_next_vendor:/opt/ros/jazzy/opt/gz_dartsim_vendor:/opt/ros/jazzy/opt/gz_cmake_vendor:/opt/ros/jazzy LD_LIBRARY_PATH=/Bt/install/play_motion2/lib:/Bt/install/play_motion2_msgs/lib:${LD_LIBRARY_PATH} PYTHONPATH=/Bt/install/tiago_description/lib/python3.12/site-packages:/Bt/install/pmb2_description/lib/python3.12/site-packages:/Bt/install/omni_base_description/lib/python3.12/site-packages:/Bt/install/play_motion2_msgs/lib/python3.12/site-packages:/Bt/install/launch_pal/lib/python3.12/site-packages:${PYTHONPATH} /usr/bin/cmake --install /Bt/build/tiago_robot
[30.637s] Level 1:colcon.colcon_core.environment:create_environment_scripts_only(tiago_robot)
[30.637s] Level 1:colcon.colcon_core.environment:checking '/Bt/install/tiago_robot' for CMake module files
[30.638s] DEBUG:colcon.colcon_core.event_handler.log_command:Invoked command in '/Bt/build/tiago_robot' returned '0': AMENT_PREFIX_PATH=/Bt/install/tiago_bringup:/Bt/install/tiago_description:/Bt/install/tiago_controller_configuration:/Bt/install/pmb2_description:/Bt/install/pmb2_controller_configuration:/Bt/install/play_motion2:/Bt/install/pal_hey5_description:/Bt/install/pal_gripper_description:/Bt/install/omni_base_description:/Bt/install/play_motion2_msgs:/Bt/install/pal_urdf_utils:/Bt/install/pal_robotiq_description:/Bt/install/pal_robotiq_controller_configuration:/Bt/install/pal_hey5_controller_configuration:/Bt/install/pal_gripper_controller_configuration:/Bt/install/omni_base_controller_configuration:/Bt/install/launch_pal:${AMENT_PREFIX_PATH} CMAKE_PREFIX_PATH=/Bt/install/tiago_bringup:/Bt/install/tiago_description:/Bt/install/tiago_controller_configuration:/Bt/install/pmb2_description:/Bt/install/pmb2_controller_configuration:/Bt/install/play_motion2:/Bt/install/pal_hey5_description:/Bt/install/pal_gripper_description:/Bt/install/omni_base_description:/Bt/install/play_motion2_msgs:/Bt/install/pal_urdf_utils:/Bt/install/pal_robotiq_description:/Bt/install/pal_robotiq_controller_configuration:/Bt/install/pal_hey5_controller_configuration:/Bt/install/pal_gripper_controller_configuration:/Bt/install/omni_base_controller_configuration:/opt/ros/jazzy/opt/gz_sim_vendor:/opt/ros/jazzy/opt/gz_sensors_vendor:/opt/ros/jazzy/opt/gz_physics_vendor:/opt/ros/jazzy/opt/sdformat_vendor:/opt/ros/jazzy/opt/gz_gui_vendor:/opt/ros/jazzy/opt/gz_transport_vendor:/opt/ros/jazzy/opt/gz_rendering_vendor:/opt/ros/jazzy/opt/gz_plugin_vendor:/opt/ros/jazzy/opt/gz_fuel_tools_vendor:/opt/ros/jazzy/opt/gz_msgs_vendor:/opt/ros/jazzy/opt/gz_common_vendor:/opt/ros/jazzy/opt/gz_math_vendor:/opt/ros/jazzy/opt/gz_utils_vendor:/opt/ros/jazzy/opt/gz_tools_vendor:/opt/ros/jazzy/opt/gz_ogre_next_vendor:/opt/ros/jazzy/opt/gz_dartsim_vendor:/opt/ros/jazzy/opt/gz_cmake_vendor:/opt/ros/jazzy LD_LIBRARY_PATH=/Bt/install/play_motion2/lib:/Bt/install/play_motion2_msgs/lib:${LD_LIBRARY_PATH} PYTHONPATH=/Bt/install/tiago_description/lib/python3.12/site-packages:/Bt/install/pmb2_description/lib/python3.12/site-packages:/Bt/install/omni_base_description/lib/python3.12/site-packages:/Bt/install/play_motion2_msgs/lib/python3.12/site-packages:/Bt/install/launch_pal/lib/python3.12/site-packages:${PYTHONPATH} /usr/bin/cmake --install /Bt/build/tiago_robot
[30.639s] Level 1:colcon.colcon_core.environment:checking '/Bt/install/tiago_robot' for CMake config files
[30.639s] Level 1:colcon.colcon_core.shell:create_environment_hook('tiago_robot', 'cmake_prefix_path')
[30.639s] INFO:colcon.colcon_core.shell:Creating environment hook '/Bt/install/tiago_robot/share/tiago_robot/hook/cmake_prefix_path.ps1'
[30.640s] INFO:colcon.colcon_core.shell:Creating environment descriptor '/Bt/install/tiago_robot/share/tiago_robot/hook/cmake_prefix_path.dsv'
[30.640s] INFO:colcon.colcon_core.shell:Creating environment hook '/Bt/install/tiago_robot/share/tiago_robot/hook/cmake_prefix_path.sh'
[30.641s] Level 1:colcon.colcon_core.environment:checking '/Bt/install/tiago_robot/bin'
[30.641s] Level 1:colcon.colcon_core.environment:checking '/Bt/install/tiago_robot/lib/pkgconfig/tiago_robot.pc'
[30.641s] Level 1:colcon.colcon_core.environment:checking '/Bt/install/tiago_robot/lib/python3.12/site-packages'
[30.641s] Level 1:colcon.colcon_core.environment:checking '/Bt/install/tiago_robot/bin'
[30.641s] INFO:colcon.colcon_core.shell:Creating package script '/Bt/install/tiago_robot/share/tiago_robot/package.ps1'
[30.642s] INFO:colcon.colcon_core.shell:Creating package descriptor '/Bt/install/tiago_robot/share/tiago_robot/package.dsv'
[30.642s] INFO:colcon.colcon_core.shell:Creating package script '/Bt/install/tiago_robot/share/tiago_robot/package.sh'
[30.647s] INFO:colcon.colcon_core.shell:Creating package script '/Bt/install/tiago_robot/share/tiago_robot/package.bash'
[30.647s] INFO:colcon.colcon_core.shell:Creating package script '/Bt/install/tiago_robot/share/tiago_robot/package.zsh'
[30.648s] Level 1:colcon.colcon_core.environment:create_file_with_runtime_dependencies(/Bt/install/tiago_robot/share/colcon-core/packages/tiago_robot)
[30.649s] Level 1:colcon.colcon_core.environment:create_environment_scripts_only(tiago_robot)
[30.649s] Level 1:colcon.colcon_core.environment:checking '/Bt/install/tiago_robot' for CMake module files
[30.650s] Level 1:colcon.colcon_core.environment:checking '/Bt/install/tiago_robot' for CMake config files
[30.650s] Level 1:colcon.colcon_core.shell:create_environment_hook('tiago_robot', 'cmake_prefix_path')
[30.650s] INFO:colcon.colcon_core.shell:Creating environment hook '/Bt/install/tiago_robot/share/tiago_robot/hook/cmake_prefix_path.ps1'
[30.650s] INFO:colcon.colcon_core.shell:Creating environment descriptor '/Bt/install/tiago_robot/share/tiago_robot/hook/cmake_prefix_path.dsv'
[30.651s] INFO:colcon.colcon_core.shell:Creating environment hook '/Bt/install/tiago_robot/share/tiago_robot/hook/cmake_prefix_path.sh'
[30.651s] Level 1:colcon.colcon_core.environment:checking '/Bt/install/tiago_robot/bin'
[30.651s] Level 1:colcon.colcon_core.environment:checking '/Bt/install/tiago_robot/lib/pkgconfig/tiago_robot.pc'
[30.652s] Level 1:colcon.colcon_core.environment:checking '/Bt/install/tiago_robot/lib/python3.12/site-packages'
[30.652s] Level 1:colcon.colcon_core.environment:checking '/Bt/install/tiago_robot/bin'
[30.652s] INFO:colcon.colcon_core.shell:Creating package script '/Bt/install/tiago_robot/share/tiago_robot/package.ps1'
[30.659s] INFO:colcon.colcon_core.shell:Creating package descriptor '/Bt/install/tiago_robot/share/tiago_robot/package.dsv'
[30.660s] INFO:colcon.colcon_core.shell:Creating package script '/Bt/install/tiago_robot/share/tiago_robot/package.sh'
[30.660s] INFO:colcon.colcon_core.shell:Creating package script '/Bt/install/tiago_robot/share/tiago_robot/package.bash'
[30.661s] INFO:colcon.colcon_core.shell:Creating package script '/Bt/install/tiago_robot/share/tiago_robot/package.zsh'
[30.661s] Level 1:colcon.colcon_core.environment:create_file_with_runtime_dependencies(/Bt/install/tiago_robot/share/colcon-core/packages/tiago_robot)
[30.669s] DEBUG:colcon.colcon_core.event_handler.log_command:Invoked command in '/Bt/build/tiago_navigation' returned '0': AMENT_PREFIX_PATH=/Bt/install/tiago_2dnav:/Bt/install/tiago_description:/Bt/install/pmb2_description:/Bt/install/pal_hey5_description:/Bt/install/pal_gripper_description:/Bt/install/omni_base_description:/Bt/install/tiago_laser_sensors:/Bt/install/pal_urdf_utils:/Bt/install/pal_robotiq_description:/Bt/install/pal_maps:/Bt/install/launch_pal:${AMENT_PREFIX_PATH} CMAKE_PREFIX_PATH=/Bt/install/tiago_2dnav:/Bt/install/tiago_description:/Bt/install/pmb2_description:/Bt/install/pal_hey5_description:/Bt/install/pal_gripper_description:/Bt/install/omni_base_description:/Bt/install/tiago_laser_sensors:/Bt/install/pal_urdf_utils:/Bt/install/pal_robotiq_description:/Bt/install/pal_maps:/opt/ros/jazzy/opt/gz_sim_vendor:/opt/ros/jazzy/opt/gz_sensors_vendor:/opt/ros/jazzy/opt/gz_physics_vendor:/opt/ros/jazzy/opt/sdformat_vendor:/opt/ros/jazzy/opt/gz_gui_vendor:/opt/ros/jazzy/opt/gz_transport_vendor:/opt/ros/jazzy/opt/gz_rendering_vendor:/opt/ros/jazzy/opt/gz_plugin_vendor:/opt/ros/jazzy/opt/gz_fuel_tools_vendor:/opt/ros/jazzy/opt/gz_msgs_vendor:/opt/ros/jazzy/opt/gz_common_vendor:/opt/ros/jazzy/opt/gz_math_vendor:/opt/ros/jazzy/opt/gz_utils_vendor:/opt/ros/jazzy/opt/gz_tools_vendor:/opt/ros/jazzy/opt/gz_ogre_next_vendor:/opt/ros/jazzy/opt/gz_dartsim_vendor:/opt/ros/jazzy/opt/gz_cmake_vendor:/opt/ros/jazzy PYTHONPATH=/Bt/install/tiago_description/lib/python3.12/site-packages:/Bt/install/pmb2_description/lib/python3.12/site-packages:/Bt/install/omni_base_description/lib/python3.12/site-packages:/Bt/install/launch_pal/lib/python3.12/site-packages:${PYTHONPATH} /usr/bin/cmake --build /Bt/build/tiago_navigation -- -j8 -l8
[30.678s] DEBUG:colcon.colcon_core.event_handler.log_command:Invoking command in '/Bt/build/tiago_navigation': AMENT_PREFIX_PATH=/Bt/install/tiago_2dnav:/Bt/install/tiago_description:/Bt/install/pmb2_description:/Bt/install/pal_hey5_description:/Bt/install/pal_gripper_description:/Bt/install/omni_base_description:/Bt/install/tiago_laser_sensors:/Bt/install/pal_urdf_utils:/Bt/install/pal_robotiq_description:/Bt/install/pal_maps:/Bt/install/launch_pal:${AMENT_PREFIX_PATH} CMAKE_PREFIX_PATH=/Bt/install/tiago_2dnav:/Bt/install/tiago_description:/Bt/install/pmb2_description:/Bt/install/pal_hey5_description:/Bt/install/pal_gripper_description:/Bt/install/omni_base_description:/Bt/install/tiago_laser_sensors:/Bt/install/pal_urdf_utils:/Bt/install/pal_robotiq_description:/Bt/install/pal_maps:/opt/ros/jazzy/opt/gz_sim_vendor:/opt/ros/jazzy/opt/gz_sensors_vendor:/opt/ros/jazzy/opt/gz_physics_vendor:/opt/ros/jazzy/opt/sdformat_vendor:/opt/ros/jazzy/opt/gz_gui_vendor:/opt/ros/jazzy/opt/gz_transport_vendor:/opt/ros/jazzy/opt/gz_rendering_vendor:/opt/ros/jazzy/opt/gz_plugin_vendor:/opt/ros/jazzy/opt/gz_fuel_tools_vendor:/opt/ros/jazzy/opt/gz_msgs_vendor:/opt/ros/jazzy/opt/gz_common_vendor:/opt/ros/jazzy/opt/gz_math_vendor:/opt/ros/jazzy/opt/gz_utils_vendor:/opt/ros/jazzy/opt/gz_tools_vendor:/opt/ros/jazzy/opt/gz_ogre_next_vendor:/opt/ros/jazzy/opt/gz_dartsim_vendor:/opt/ros/jazzy/opt/gz_cmake_vendor:/opt/ros/jazzy PYTHONPATH=/Bt/install/tiago_description/lib/python3.12/site-packages:/Bt/install/pmb2_description/lib/python3.12/site-packages:/Bt/install/omni_base_description/lib/python3.12/site-packages:/Bt/install/launch_pal/lib/python3.12/site-packages:${PYTHONPATH} /usr/bin/cmake --install /Bt/build/tiago_navigation
[30.699s] Level 1:colcon.colcon_core.environment:create_environment_scripts_only(tiago_navigation)
[30.700s] Level 1:colcon.colcon_core.environment:checking '/Bt/install/tiago_navigation' for CMake module files
[30.700s] DEBUG:colcon.colcon_core.event_handler.log_command:Invoked command in '/Bt/build/tiago_navigation' returned '0': AMENT_PREFIX_PATH=/Bt/install/tiago_2dnav:/Bt/install/tiago_description:/Bt/install/pmb2_description:/Bt/install/pal_hey5_description:/Bt/install/pal_gripper_description:/Bt/install/omni_base_description:/Bt/install/tiago_laser_sensors:/Bt/install/pal_urdf_utils:/Bt/install/pal_robotiq_description:/Bt/install/pal_maps:/Bt/install/launch_pal:${AMENT_PREFIX_PATH} CMAKE_PREFIX_PATH=/Bt/install/tiago_2dnav:/Bt/install/tiago_description:/Bt/install/pmb2_description:/Bt/install/pal_hey5_description:/Bt/install/pal_gripper_description:/Bt/install/omni_base_description:/Bt/install/tiago_laser_sensors:/Bt/install/pal_urdf_utils:/Bt/install/pal_robotiq_description:/Bt/install/pal_maps:/opt/ros/jazzy/opt/gz_sim_vendor:/opt/ros/jazzy/opt/gz_sensors_vendor:/opt/ros/jazzy/opt/gz_physics_vendor:/opt/ros/jazzy/opt/sdformat_vendor:/opt/ros/jazzy/opt/gz_gui_vendor:/opt/ros/jazzy/opt/gz_transport_vendor:/opt/ros/jazzy/opt/gz_rendering_vendor:/opt/ros/jazzy/opt/gz_plugin_vendor:/opt/ros/jazzy/opt/gz_fuel_tools_vendor:/opt/ros/jazzy/opt/gz_msgs_vendor:/opt/ros/jazzy/opt/gz_common_vendor:/opt/ros/jazzy/opt/gz_math_vendor:/opt/ros/jazzy/opt/gz_utils_vendor:/opt/ros/jazzy/opt/gz_tools_vendor:/opt/ros/jazzy/opt/gz_ogre_next_vendor:/opt/ros/jazzy/opt/gz_dartsim_vendor:/opt/ros/jazzy/opt/gz_cmake_vendor:/opt/ros/jazzy PYTHONPATH=/Bt/install/tiago_description/lib/python3.12/site-packages:/Bt/install/pmb2_description/lib/python3.12/site-packages:/Bt/install/omni_base_description/lib/python3.12/site-packages:/Bt/install/launch_pal/lib/python3.12/site-packages:${PYTHONPATH} /usr/bin/cmake --install /Bt/build/tiago_navigation
[30.701s] Level 1:colcon.colcon_core.environment:checking '/Bt/install/tiago_navigation' for CMake config files
[30.701s] Level 1:colcon.colcon_core.shell:create_environment_hook('tiago_navigation', 'cmake_prefix_path')
[30.701s] INFO:colcon.colcon_core.shell:Creating environment hook '/Bt/install/tiago_navigation/share/tiago_navigation/hook/cmake_prefix_path.ps1'
[30.701s] INFO:colcon.colcon_core.shell:Creating environment descriptor '/Bt/install/tiago_navigation/share/tiago_navigation/hook/cmake_prefix_path.dsv'
[30.702s] INFO:colcon.colcon_core.shell:Creating environment hook '/Bt/install/tiago_navigation/share/tiago_navigation/hook/cmake_prefix_path.sh'
[30.702s] Level 1:colcon.colcon_core.environment:checking '/Bt/install/tiago_navigation/bin'
[30.702s] Level 1:colcon.colcon_core.environment:checking '/Bt/install/tiago_navigation/lib/pkgconfig/tiago_navigation.pc'
[30.703s] Level 1:colcon.colcon_core.environment:checking '/Bt/install/tiago_navigation/lib/python3.12/site-packages'
[30.703s] Level 1:colcon.colcon_core.environment:checking '/Bt/install/tiago_navigation/bin'
[30.703s] INFO:colcon.colcon_core.shell:Creating package script '/Bt/install/tiago_navigation/share/tiago_navigation/package.ps1'
[30.704s] INFO:colcon.colcon_core.shell:Creating package descriptor '/Bt/install/tiago_navigation/share/tiago_navigation/package.dsv'
[30.704s] INFO:colcon.colcon_core.shell:Creating package script '/Bt/install/tiago_navigation/share/tiago_navigation/package.sh'
[30.716s] INFO:colcon.colcon_core.shell:Creating package script '/Bt/install/tiago_navigation/share/tiago_navigation/package.bash'
[30.717s] INFO:colcon.colcon_core.shell:Creating package script '/Bt/install/tiago_navigation/share/tiago_navigation/package.zsh'
[30.717s] Level 1:colcon.colcon_core.environment:create_file_with_runtime_dependencies(/Bt/install/tiago_navigation/share/colcon-core/packages/tiago_navigation)
[30.717s] Level 1:colcon.colcon_core.environment:create_environment_scripts_only(tiago_navigation)
[30.718s] Level 1:colcon.colcon_core.environment:checking '/Bt/install/tiago_navigation' for CMake module files
[30.718s] Level 1:colcon.colcon_core.environment:checking '/Bt/install/tiago_navigation' for CMake config files
[30.718s] Level 1:colcon.colcon_core.shell:create_environment_hook('tiago_navigation', 'cmake_prefix_path')
[30.718s] INFO:colcon.colcon_core.shell:Creating environment hook '/Bt/install/tiago_navigation/share/tiago_navigation/hook/cmake_prefix_path.ps1'
[30.719s] INFO:colcon.colcon_core.shell:Creating environment descriptor '/Bt/install/tiago_navigation/share/tiago_navigation/hook/cmake_prefix_path.dsv'
[30.719s] INFO:colcon.colcon_core.shell:Creating environment hook '/Bt/install/tiago_navigation/share/tiago_navigation/hook/cmake_prefix_path.sh'
[30.720s] Level 1:colcon.colcon_core.environment:checking '/Bt/install/tiago_navigation/bin'
[30.720s] Level 1:colcon.colcon_core.environment:checking '/Bt/install/tiago_navigation/lib/pkgconfig/tiago_navigation.pc'
[30.720s] Level 1:colcon.colcon_core.environment:checking '/Bt/install/tiago_navigation/lib/python3.12/site-packages'
[30.720s] Level 1:colcon.colcon_core.environment:checking '/Bt/install/tiago_navigation/bin'
[30.721s] INFO:colcon.colcon_core.shell:Creating package script '/Bt/install/tiago_navigation/share/tiago_navigation/package.ps1'
[30.733s] INFO:colcon.colcon_core.shell:Creating package descriptor '/Bt/install/tiago_navigation/share/tiago_navigation/package.dsv'
[30.733s] INFO:colcon.colcon_core.shell:Creating package script '/Bt/install/tiago_navigation/share/tiago_navigation/package.sh'
[30.734s] INFO:colcon.colcon_core.shell:Creating package script '/Bt/install/tiago_navigation/share/tiago_navigation/package.bash'
[30.734s] INFO:colcon.colcon_core.shell:Creating package script '/Bt/install/tiago_navigation/share/tiago_navigation/package.zsh'
[30.735s] Level 1:colcon.colcon_core.environment:create_file_with_runtime_dependencies(/Bt/install/tiago_navigation/share/colcon-core/packages/tiago_navigation)
[30.906s] DEBUG:colcon.colcon_core.event_handler.log_command:Invoked command in '/Bt/build/tiago_gazebo' returned '0': AMENT_PREFIX_PATH=/Bt/install/tiago_moveit_config:/Bt/install/tiago_bringup:/Bt/install/tiago_2dnav:/Bt/install/tiago_description:/Bt/install/tiago_controller_configuration:/Bt/install/pmb2_description:/Bt/install/pmb2_controller_configuration:/Bt/install/play_motion2:/Bt/install/pal_hey5_description:/Bt/install/pal_gripper_description:/Bt/install/omni_base_description:/Bt/install/tiago_laser_sensors:/Bt/install/play_motion2_msgs:/Bt/install/pal_urdf_utils:/Bt/install/pal_robotiq_description:/Bt/install/pal_robotiq_controller_configuration:/Bt/install/pal_maps:/Bt/install/pal_hey5_controller_configuration:/Bt/install/pal_gripper_controller_configuration:/Bt/install/omni_base_controller_configuration:/Bt/install/launch_pal:${AMENT_PREFIX_PATH} CMAKE_PREFIX_PATH=/Bt/install/tiago_moveit_config:/Bt/install/tiago_bringup:/Bt/install/tiago_2dnav:/Bt/install/tiago_description:/Bt/install/tiago_controller_configuration:/Bt/install/pmb2_description:/Bt/install/pmb2_controller_configuration:/Bt/install/play_motion2:/Bt/install/pal_hey5_description:/Bt/install/pal_gripper_description:/Bt/install/omni_base_description:/Bt/install/tiago_laser_sensors:/Bt/install/play_motion2_msgs:/Bt/install/pal_urdf_utils:/Bt/install/pal_robotiq_description:/Bt/install/pal_robotiq_controller_configuration:/Bt/install/pal_maps:/Bt/install/pal_hey5_controller_configuration:/Bt/install/pal_gripper_controller_configuration:/Bt/install/omni_base_controller_configuration:/opt/ros/jazzy/opt/gz_sim_vendor:/opt/ros/jazzy/opt/gz_sensors_vendor:/opt/ros/jazzy/opt/gz_physics_vendor:/opt/ros/jazzy/opt/sdformat_vendor:/opt/ros/jazzy/opt/gz_gui_vendor:/opt/ros/jazzy/opt/gz_transport_vendor:/opt/ros/jazzy/opt/gz_rendering_vendor:/opt/ros/jazzy/opt/gz_plugin_vendor:/opt/ros/jazzy/opt/gz_fuel_tools_vendor:/opt/ros/jazzy/opt/gz_msgs_vendor:/opt/ros/jazzy/opt/gz_common_vendor:/opt/ros/jazzy/opt/gz_math_vendor:/opt/ros/jazzy/opt/gz_utils_vendor:/opt/ros/jazzy/opt/gz_tools_vendor:/opt/ros/jazzy/opt/gz_ogre_next_vendor:/opt/ros/jazzy/opt/gz_dartsim_vendor:/opt/ros/jazzy/opt/gz_cmake_vendor:/opt/ros/jazzy LD_LIBRARY_PATH=/Bt/install/play_motion2/lib:/Bt/install/play_motion2_msgs/lib:${LD_LIBRARY_PATH} PYTHONPATH=/Bt/install/tiago_description/lib/python3.12/site-packages:/Bt/install/pmb2_description/lib/python3.12/site-packages:/Bt/install/omni_base_description/lib/python3.12/site-packages:/Bt/install/play_motion2_msgs/lib/python3.12/site-packages:/Bt/install/launch_pal/lib/python3.12/site-packages:${PYTHONPATH} /usr/bin/cmake --build /Bt/build/tiago_gazebo -- -j8 -l8
[30.907s] DEBUG:colcon.colcon_core.event_handler.log_command:Invoking command in '/Bt/build/tiago_gazebo': AMENT_PREFIX_PATH=/Bt/install/tiago_moveit_config:/Bt/install/tiago_bringup:/Bt/install/tiago_2dnav:/Bt/install/tiago_description:/Bt/install/tiago_controller_configuration:/Bt/install/pmb2_description:/Bt/install/pmb2_controller_configuration:/Bt/install/play_motion2:/Bt/install/pal_hey5_description:/Bt/install/pal_gripper_description:/Bt/install/omni_base_description:/Bt/install/tiago_laser_sensors:/Bt/install/play_motion2_msgs:/Bt/install/pal_urdf_utils:/Bt/install/pal_robotiq_description:/Bt/install/pal_robotiq_controller_configuration:/Bt/install/pal_maps:/Bt/install/pal_hey5_controller_configuration:/Bt/install/pal_gripper_controller_configuration:/Bt/install/omni_base_controller_configuration:/Bt/install/launch_pal:${AMENT_PREFIX_PATH} CMAKE_PREFIX_PATH=/Bt/install/tiago_moveit_config:/Bt/install/tiago_bringup:/Bt/install/tiago_2dnav:/Bt/install/tiago_description:/Bt/install/tiago_controller_configuration:/Bt/install/pmb2_description:/Bt/install/pmb2_controller_configuration:/Bt/install/play_motion2:/Bt/install/pal_hey5_description:/Bt/install/pal_gripper_description:/Bt/install/omni_base_description:/Bt/install/tiago_laser_sensors:/Bt/install/play_motion2_msgs:/Bt/install/pal_urdf_utils:/Bt/install/pal_robotiq_description:/Bt/install/pal_robotiq_controller_configuration:/Bt/install/pal_maps:/Bt/install/pal_hey5_controller_configuration:/Bt/install/pal_gripper_controller_configuration:/Bt/install/omni_base_controller_configuration:/opt/ros/jazzy/opt/gz_sim_vendor:/opt/ros/jazzy/opt/gz_sensors_vendor:/opt/ros/jazzy/opt/gz_physics_vendor:/opt/ros/jazzy/opt/sdformat_vendor:/opt/ros/jazzy/opt/gz_gui_vendor:/opt/ros/jazzy/opt/gz_transport_vendor:/opt/ros/jazzy/opt/gz_rendering_vendor:/opt/ros/jazzy/opt/gz_plugin_vendor:/opt/ros/jazzy/opt/gz_fuel_tools_vendor:/opt/ros/jazzy/opt/gz_msgs_vendor:/opt/ros/jazzy/opt/gz_common_vendor:/opt/ros/jazzy/opt/gz_math_vendor:/opt/ros/jazzy/opt/gz_utils_vendor:/opt/ros/jazzy/opt/gz_tools_vendor:/opt/ros/jazzy/opt/gz_ogre_next_vendor:/opt/ros/jazzy/opt/gz_dartsim_vendor:/opt/ros/jazzy/opt/gz_cmake_vendor:/opt/ros/jazzy LD_LIBRARY_PATH=/Bt/install/play_motion2/lib:/Bt/install/play_motion2_msgs/lib:${LD_LIBRARY_PATH} PYTHONPATH=/Bt/install/tiago_description/lib/python3.12/site-packages:/Bt/install/pmb2_description/lib/python3.12/site-packages:/Bt/install/omni_base_description/lib/python3.12/site-packages:/Bt/install/play_motion2_msgs/lib/python3.12/site-packages:/Bt/install/launch_pal/lib/python3.12/site-packages:${PYTHONPATH} /usr/bin/cmake --install /Bt/build/tiago_gazebo
[31.010s] Level 1:colcon.colcon_core.environment:create_environment_scripts_only(tiago_gazebo)
[31.010s] Level 1:colcon.colcon_core.environment:checking '/Bt/install/tiago_gazebo' for CMake module files
[31.012s] DEBUG:colcon.colcon_core.event_handler.log_command:Invoked command in '/Bt/build/tiago_gazebo' returned '0': AMENT_PREFIX_PATH=/Bt/install/tiago_moveit_config:/Bt/install/tiago_bringup:/Bt/install/tiago_2dnav:/Bt/install/tiago_description:/Bt/install/tiago_controller_configuration:/Bt/install/pmb2_description:/Bt/install/pmb2_controller_configuration:/Bt/install/play_motion2:/Bt/install/pal_hey5_description:/Bt/install/pal_gripper_description:/Bt/install/omni_base_description:/Bt/install/tiago_laser_sensors:/Bt/install/play_motion2_msgs:/Bt/install/pal_urdf_utils:/Bt/install/pal_robotiq_description:/Bt/install/pal_robotiq_controller_configuration:/Bt/install/pal_maps:/Bt/install/pal_hey5_controller_configuration:/Bt/install/pal_gripper_controller_configuration:/Bt/install/omni_base_controller_configuration:/Bt/install/launch_pal:${AMENT_PREFIX_PATH} CMAKE_PREFIX_PATH=/Bt/install/tiago_moveit_config:/Bt/install/tiago_bringup:/Bt/install/tiago_2dnav:/Bt/install/tiago_description:/Bt/install/tiago_controller_configuration:/Bt/install/pmb2_description:/Bt/install/pmb2_controller_configuration:/Bt/install/play_motion2:/Bt/install/pal_hey5_description:/Bt/install/pal_gripper_description:/Bt/install/omni_base_description:/Bt/install/tiago_laser_sensors:/Bt/install/play_motion2_msgs:/Bt/install/pal_urdf_utils:/Bt/install/pal_robotiq_description:/Bt/install/pal_robotiq_controller_configuration:/Bt/install/pal_maps:/Bt/install/pal_hey5_controller_configuration:/Bt/install/pal_gripper_controller_configuration:/Bt/install/omni_base_controller_configuration:/opt/ros/jazzy/opt/gz_sim_vendor:/opt/ros/jazzy/opt/gz_sensors_vendor:/opt/ros/jazzy/opt/gz_physics_vendor:/opt/ros/jazzy/opt/sdformat_vendor:/opt/ros/jazzy/opt/gz_gui_vendor:/opt/ros/jazzy/opt/gz_transport_vendor:/opt/ros/jazzy/opt/gz_rendering_vendor:/opt/ros/jazzy/opt/gz_plugin_vendor:/opt/ros/jazzy/opt/gz_fuel_tools_vendor:/opt/ros/jazzy/opt/gz_msgs_vendor:/opt/ros/jazzy/opt/gz_common_vendor:/opt/ros/jazzy/opt/gz_math_vendor:/opt/ros/jazzy/opt/gz_utils_vendor:/opt/ros/jazzy/opt/gz_tools_vendor:/opt/ros/jazzy/opt/gz_ogre_next_vendor:/opt/ros/jazzy/opt/gz_dartsim_vendor:/opt/ros/jazzy/opt/gz_cmake_vendor:/opt/ros/jazzy LD_LIBRARY_PATH=/Bt/install/play_motion2/lib:/Bt/install/play_motion2_msgs/lib:${LD_LIBRARY_PATH} PYTHONPATH=/Bt/install/tiago_description/lib/python3.12/site-packages:/Bt/install/pmb2_description/lib/python3.12/site-packages:/Bt/install/omni_base_description/lib/python3.12/site-packages:/Bt/install/play_motion2_msgs/lib/python3.12/site-packages:/Bt/install/launch_pal/lib/python3.12/site-packages:${PYTHONPATH} /usr/bin/cmake --install /Bt/build/tiago_gazebo
[31.014s] Level 1:colcon.colcon_core.environment:checking '/Bt/install/tiago_gazebo' for CMake config files
[31.017s] Level 1:colcon.colcon_core.shell:create_environment_hook('tiago_gazebo', 'cmake_prefix_path')
[31.018s] INFO:colcon.colcon_core.shell:Creating environment hook '/Bt/install/tiago_gazebo/share/tiago_gazebo/hook/cmake_prefix_path.ps1'
[31.019s] INFO:colcon.colcon_core.shell:Creating environment descriptor '/Bt/install/tiago_gazebo/share/tiago_gazebo/hook/cmake_prefix_path.dsv'
[31.020s] INFO:colcon.colcon_core.shell:Creating environment hook '/Bt/install/tiago_gazebo/share/tiago_gazebo/hook/cmake_prefix_path.sh'
[31.022s] Level 1:colcon.colcon_core.environment:checking '/Bt/install/tiago_gazebo/lib'
[31.023s] Level 1:colcon.colcon_core.environment:checking '/Bt/install/tiago_gazebo/bin'
[31.023s] Level 1:colcon.colcon_core.environment:checking '/Bt/install/tiago_gazebo/lib/pkgconfig/tiago_gazebo.pc'
[31.024s] Level 1:colcon.colcon_core.environment:checking '/Bt/install/tiago_gazebo/lib/python3.12/site-packages'
[31.025s] Level 1:colcon.colcon_core.environment:checking '/Bt/install/tiago_gazebo/bin'
[31.026s] INFO:colcon.colcon_core.shell:Creating package script '/Bt/install/tiago_gazebo/share/tiago_gazebo/package.ps1'
[31.028s] INFO:colcon.colcon_core.shell:Creating package descriptor '/Bt/install/tiago_gazebo/share/tiago_gazebo/package.dsv'
[31.032s] INFO:colcon.colcon_core.shell:Creating package script '/Bt/install/tiago_gazebo/share/tiago_gazebo/package.sh'
[31.033s] INFO:colcon.colcon_core.shell:Creating package script '/Bt/install/tiago_gazebo/share/tiago_gazebo/package.bash'
[31.035s] INFO:colcon.colcon_core.shell:Creating package script '/Bt/install/tiago_gazebo/share/tiago_gazebo/package.zsh'
[31.036s] Level 1:colcon.colcon_core.environment:create_file_with_runtime_dependencies(/Bt/install/tiago_gazebo/share/colcon-core/packages/tiago_gazebo)
[31.038s] Level 1:colcon.colcon_core.environment:create_environment_scripts_only(tiago_gazebo)
[31.038s] Level 1:colcon.colcon_core.environment:checking '/Bt/install/tiago_gazebo' for CMake module files
[31.040s] Level 1:colcon.colcon_core.environment:checking '/Bt/install/tiago_gazebo' for CMake config files
[31.041s] Level 1:colcon.colcon_core.shell:create_environment_hook('tiago_gazebo', 'cmake_prefix_path')
[31.042s] INFO:colcon.colcon_core.shell:Creating environment hook '/Bt/install/tiago_gazebo/share/tiago_gazebo/hook/cmake_prefix_path.ps1'
[31.043s] INFO:colcon.colcon_core.shell:Creating environment descriptor '/Bt/install/tiago_gazebo/share/tiago_gazebo/hook/cmake_prefix_path.dsv'
[31.044s] INFO:colcon.colcon_core.shell:Creating environment hook '/Bt/install/tiago_gazebo/share/tiago_gazebo/hook/cmake_prefix_path.sh'
[31.045s] Level 1:colcon.colcon_core.environment:checking '/Bt/install/tiago_gazebo/lib'
[31.046s] Level 1:colcon.colcon_core.environment:checking '/Bt/install/tiago_gazebo/bin'
[31.046s] Level 1:colcon.colcon_core.environment:checking '/Bt/install/tiago_gazebo/lib/pkgconfig/tiago_gazebo.pc'
[31.046s] Level 1:colcon.colcon_core.environment:checking '/Bt/install/tiago_gazebo/lib/python3.12/site-packages'
[31.047s] Level 1:colcon.colcon_core.environment:checking '/Bt/install/tiago_gazebo/bin'
[31.048s] INFO:colcon.colcon_core.shell:Creating package script '/Bt/install/tiago_gazebo/share/tiago_gazebo/package.ps1'
[31.049s] INFO:colcon.colcon_core.shell:Creating package descriptor '/Bt/install/tiago_gazebo/share/tiago_gazebo/package.dsv'
[31.050s] INFO:colcon.colcon_core.shell:Creating package script '/Bt/install/tiago_gazebo/share/tiago_gazebo/package.sh'
[31.051s] INFO:colcon.colcon_core.shell:Creating package script '/Bt/install/tiago_gazebo/share/tiago_gazebo/package.bash'
[31.052s] INFO:colcon.colcon_core.shell:Creating package script '/Bt/install/tiago_gazebo/share/tiago_gazebo/package.zsh'
[31.071s] Level 1:colcon.colcon_core.environment:create_file_with_runtime_dependencies(/Bt/install/tiago_gazebo/share/colcon-core/packages/tiago_gazebo)
[31.072s] INFO:colcon.colcon_ros.task.ament_cmake.build:Building ROS package in '/Bt/ThirdParty/tiago_simulation/tiago_simulation' with build type 'ament_cmake'
[31.072s] INFO:colcon.colcon_cmake.task.cmake.build:Building CMake package in '/Bt/ThirdParty/tiago_simulation/tiago_simulation'
[31.074s] INFO:colcon.colcon_core.shell:Skip shell extension 'powershell' for command environment: Not usable outside of PowerShell
[31.074s] DEBUG:colcon.colcon_core.shell:Skip shell extension 'dsv' for command environment
[31.263s] DEBUG:colcon.colcon_core.event_handler.log_command:Invoking command in '/Bt/build/tiago_simulation': AMENT_PREFIX_PATH=/Bt/install/tiago_gazebo:/Bt/install/tiago_moveit_config:/Bt/install/tiago_bringup:/Bt/install/tiago_2dnav:/Bt/install/tiago_description:/Bt/install/tiago_controller_configuration:/Bt/install/pmb2_description:/Bt/install/pmb2_controller_configuration:/Bt/install/play_motion2:/Bt/install/pal_hey5_description:/Bt/install/pal_gripper_description:/Bt/install/omni_base_description:/Bt/install/tiago_laser_sensors:/Bt/install/play_motion2_msgs:/Bt/install/pal_urdf_utils:/Bt/install/pal_robotiq_description:/Bt/install/pal_robotiq_controller_configuration:/Bt/install/pal_maps:/Bt/install/pal_hey5_controller_configuration:/Bt/install/pal_gripper_controller_configuration:/Bt/install/omni_base_controller_configuration:/Bt/install/launch_pal:${AMENT_PREFIX_PATH} CMAKE_PREFIX_PATH=/Bt/install/tiago_gazebo:/Bt/install/tiago_moveit_config:/Bt/install/tiago_bringup:/Bt/install/tiago_2dnav:/Bt/install/tiago_description:/Bt/install/tiago_controller_configuration:/Bt/install/pmb2_description:/Bt/install/pmb2_controller_configuration:/Bt/install/play_motion2:/Bt/install/pal_hey5_description:/Bt/install/pal_gripper_description:/Bt/install/omni_base_description:/Bt/install/tiago_laser_sensors:/Bt/install/play_motion2_msgs:/Bt/install/pal_urdf_utils:/Bt/install/pal_robotiq_description:/Bt/install/pal_robotiq_controller_configuration:/Bt/install/pal_maps:/Bt/install/pal_hey5_controller_configuration:/Bt/install/pal_gripper_controller_configuration:/Bt/install/omni_base_controller_configuration:/opt/ros/jazzy/opt/gz_sim_vendor:/opt/ros/jazzy/opt/gz_sensors_vendor:/opt/ros/jazzy/opt/gz_physics_vendor:/opt/ros/jazzy/opt/sdformat_vendor:/opt/ros/jazzy/opt/gz_gui_vendor:/opt/ros/jazzy/opt/gz_transport_vendor:/opt/ros/jazzy/opt/gz_rendering_vendor:/opt/ros/jazzy/opt/gz_plugin_vendor:/opt/ros/jazzy/opt/gz_fuel_tools_vendor:/opt/ros/jazzy/opt/gz_msgs_vendor:/opt/ros/jazzy/opt/gz_common_vendor:/opt/ros/jazzy/opt/gz_math_vendor:/opt/ros/jazzy/opt/gz_utils_vendor:/opt/ros/jazzy/opt/gz_tools_vendor:/opt/ros/jazzy/opt/gz_ogre_next_vendor:/opt/ros/jazzy/opt/gz_dartsim_vendor:/opt/ros/jazzy/opt/gz_cmake_vendor:/opt/ros/jazzy LD_LIBRARY_PATH=/Bt/install/play_motion2/lib:/Bt/install/play_motion2_msgs/lib:${LD_LIBRARY_PATH} PYTHONPATH=/Bt/install/tiago_description/lib/python3.12/site-packages:/Bt/install/pmb2_description/lib/python3.12/site-packages:/Bt/install/omni_base_description/lib/python3.12/site-packages:/Bt/install/play_motion2_msgs/lib/python3.12/site-packages:/Bt/install/launch_pal/lib/python3.12/site-packages:${PYTHONPATH} /usr/bin/cmake --build /Bt/build/tiago_simulation -- -j8 -l8
[31.434s] DEBUG:colcon.colcon_core.event_handler.log_command:Invoked command in '/Bt/build/tiago_simulation' returned '0': AMENT_PREFIX_PATH=/Bt/install/tiago_gazebo:/Bt/install/tiago_moveit_config:/Bt/install/tiago_bringup:/Bt/install/tiago_2dnav:/Bt/install/tiago_description:/Bt/install/tiago_controller_configuration:/Bt/install/pmb2_description:/Bt/install/pmb2_controller_configuration:/Bt/install/play_motion2:/Bt/install/pal_hey5_description:/Bt/install/pal_gripper_description:/Bt/install/omni_base_description:/Bt/install/tiago_laser_sensors:/Bt/install/play_motion2_msgs:/Bt/install/pal_urdf_utils:/Bt/install/pal_robotiq_description:/Bt/install/pal_robotiq_controller_configuration:/Bt/install/pal_maps:/Bt/install/pal_hey5_controller_configuration:/Bt/install/pal_gripper_controller_configuration:/Bt/install/omni_base_controller_configuration:/Bt/install/launch_pal:${AMENT_PREFIX_PATH} CMAKE_PREFIX_PATH=/Bt/install/tiago_gazebo:/Bt/install/tiago_moveit_config:/Bt/install/tiago_bringup:/Bt/install/tiago_2dnav:/Bt/install/tiago_description:/Bt/install/tiago_controller_configuration:/Bt/install/pmb2_description:/Bt/install/pmb2_controller_configuration:/Bt/install/play_motion2:/Bt/install/pal_hey5_description:/Bt/install/pal_gripper_description:/Bt/install/omni_base_description:/Bt/install/tiago_laser_sensors:/Bt/install/play_motion2_msgs:/Bt/install/pal_urdf_utils:/Bt/install/pal_robotiq_description:/Bt/install/pal_robotiq_controller_configuration:/Bt/install/pal_maps:/Bt/install/pal_hey5_controller_configuration:/Bt/install/pal_gripper_controller_configuration:/Bt/install/omni_base_controller_configuration:/opt/ros/jazzy/opt/gz_sim_vendor:/opt/ros/jazzy/opt/gz_sensors_vendor:/opt/ros/jazzy/opt/gz_physics_vendor:/opt/ros/jazzy/opt/sdformat_vendor:/opt/ros/jazzy/opt/gz_gui_vendor:/opt/ros/jazzy/opt/gz_transport_vendor:/opt/ros/jazzy/opt/gz_rendering_vendor:/opt/ros/jazzy/opt/gz_plugin_vendor:/opt/ros/jazzy/opt/gz_fuel_tools_vendor:/opt/ros/jazzy/opt/gz_msgs_vendor:/opt/ros/jazzy/opt/gz_common_vendor:/opt/ros/jazzy/opt/gz_math_vendor:/opt/ros/jazzy/opt/gz_utils_vendor:/opt/ros/jazzy/opt/gz_tools_vendor:/opt/ros/jazzy/opt/gz_ogre_next_vendor:/opt/ros/jazzy/opt/gz_dartsim_vendor:/opt/ros/jazzy/opt/gz_cmake_vendor:/opt/ros/jazzy LD_LIBRARY_PATH=/Bt/install/play_motion2/lib:/Bt/install/play_motion2_msgs/lib:${LD_LIBRARY_PATH} PYTHONPATH=/Bt/install/tiago_description/lib/python3.12/site-packages:/Bt/install/pmb2_description/lib/python3.12/site-packages:/Bt/install/omni_base_description/lib/python3.12/site-packages:/Bt/install/play_motion2_msgs/lib/python3.12/site-packages:/Bt/install/launch_pal/lib/python3.12/site-packages:${PYTHONPATH} /usr/bin/cmake --build /Bt/build/tiago_simulation -- -j8 -l8
[31.445s] DEBUG:colcon.colcon_core.event_handler.log_command:Invoking command in '/Bt/build/tiago_simulation': AMENT_PREFIX_PATH=/Bt/install/tiago_gazebo:/Bt/install/tiago_moveit_config:/Bt/install/tiago_bringup:/Bt/install/tiago_2dnav:/Bt/install/tiago_description:/Bt/install/tiago_controller_configuration:/Bt/install/pmb2_description:/Bt/install/pmb2_controller_configuration:/Bt/install/play_motion2:/Bt/install/pal_hey5_description:/Bt/install/pal_gripper_description:/Bt/install/omni_base_description:/Bt/install/tiago_laser_sensors:/Bt/install/play_motion2_msgs:/Bt/install/pal_urdf_utils:/Bt/install/pal_robotiq_description:/Bt/install/pal_robotiq_controller_configuration:/Bt/install/pal_maps:/Bt/install/pal_hey5_controller_configuration:/Bt/install/pal_gripper_controller_configuration:/Bt/install/omni_base_controller_configuration:/Bt/install/launch_pal:${AMENT_PREFIX_PATH} CMAKE_PREFIX_PATH=/Bt/install/tiago_gazebo:/Bt/install/tiago_moveit_config:/Bt/install/tiago_bringup:/Bt/install/tiago_2dnav:/Bt/install/tiago_description:/Bt/install/tiago_controller_configuration:/Bt/install/pmb2_description:/Bt/install/pmb2_controller_configuration:/Bt/install/play_motion2:/Bt/install/pal_hey5_description:/Bt/install/pal_gripper_description:/Bt/install/omni_base_description:/Bt/install/tiago_laser_sensors:/Bt/install/play_motion2_msgs:/Bt/install/pal_urdf_utils:/Bt/install/pal_robotiq_description:/Bt/install/pal_robotiq_controller_configuration:/Bt/install/pal_maps:/Bt/install/pal_hey5_controller_configuration:/Bt/install/pal_gripper_controller_configuration:/Bt/install/omni_base_controller_configuration:/opt/ros/jazzy/opt/gz_sim_vendor:/opt/ros/jazzy/opt/gz_sensors_vendor:/opt/ros/jazzy/opt/gz_physics_vendor:/opt/ros/jazzy/opt/sdformat_vendor:/opt/ros/jazzy/opt/gz_gui_vendor:/opt/ros/jazzy/opt/gz_transport_vendor:/opt/ros/jazzy/opt/gz_rendering_vendor:/opt/ros/jazzy/opt/gz_plugin_vendor:/opt/ros/jazzy/opt/gz_fuel_tools_vendor:/opt/ros/jazzy/opt/gz_msgs_vendor:/opt/ros/jazzy/opt/gz_common_vendor:/opt/ros/jazzy/opt/gz_math_vendor:/opt/ros/jazzy/opt/gz_utils_vendor:/opt/ros/jazzy/opt/gz_tools_vendor:/opt/ros/jazzy/opt/gz_ogre_next_vendor:/opt/ros/jazzy/opt/gz_dartsim_vendor:/opt/ros/jazzy/opt/gz_cmake_vendor:/opt/ros/jazzy LD_LIBRARY_PATH=/Bt/install/play_motion2/lib:/Bt/install/play_motion2_msgs/lib:${LD_LIBRARY_PATH} PYTHONPATH=/Bt/install/tiago_description/lib/python3.12/site-packages:/Bt/install/pmb2_description/lib/python3.12/site-packages:/Bt/install/omni_base_description/lib/python3.12/site-packages:/Bt/install/play_motion2_msgs/lib/python3.12/site-packages:/Bt/install/launch_pal/lib/python3.12/site-packages:${PYTHONPATH} /usr/bin/cmake --install /Bt/build/tiago_simulation
[31.502s] Level 1:colcon.colcon_core.environment:create_environment_scripts_only(tiago_simulation)
[31.503s] Level 1:colcon.colcon_core.environment:checking '/Bt/install/tiago_simulation' for CMake module files
[31.504s] DEBUG:colcon.colcon_core.event_handler.log_command:Invoked command in '/Bt/build/tiago_simulation' returned '0': AMENT_PREFIX_PATH=/Bt/install/tiago_gazebo:/Bt/install/tiago_moveit_config:/Bt/install/tiago_bringup:/Bt/install/tiago_2dnav:/Bt/install/tiago_description:/Bt/install/tiago_controller_configuration:/Bt/install/pmb2_description:/Bt/install/pmb2_controller_configuration:/Bt/install/play_motion2:/Bt/install/pal_hey5_description:/Bt/install/pal_gripper_description:/Bt/install/omni_base_description:/Bt/install/tiago_laser_sensors:/Bt/install/play_motion2_msgs:/Bt/install/pal_urdf_utils:/Bt/install/pal_robotiq_description:/Bt/install/pal_robotiq_controller_configuration:/Bt/install/pal_maps:/Bt/install/pal_hey5_controller_configuration:/Bt/install/pal_gripper_controller_configuration:/Bt/install/omni_base_controller_configuration:/Bt/install/launch_pal:${AMENT_PREFIX_PATH} CMAKE_PREFIX_PATH=/Bt/install/tiago_gazebo:/Bt/install/tiago_moveit_config:/Bt/install/tiago_bringup:/Bt/install/tiago_2dnav:/Bt/install/tiago_description:/Bt/install/tiago_controller_configuration:/Bt/install/pmb2_description:/Bt/install/pmb2_controller_configuration:/Bt/install/play_motion2:/Bt/install/pal_hey5_description:/Bt/install/pal_gripper_description:/Bt/install/omni_base_description:/Bt/install/tiago_laser_sensors:/Bt/install/play_motion2_msgs:/Bt/install/pal_urdf_utils:/Bt/install/pal_robotiq_description:/Bt/install/pal_robotiq_controller_configuration:/Bt/install/pal_maps:/Bt/install/pal_hey5_controller_configuration:/Bt/install/pal_gripper_controller_configuration:/Bt/install/omni_base_controller_configuration:/opt/ros/jazzy/opt/gz_sim_vendor:/opt/ros/jazzy/opt/gz_sensors_vendor:/opt/ros/jazzy/opt/gz_physics_vendor:/opt/ros/jazzy/opt/sdformat_vendor:/opt/ros/jazzy/opt/gz_gui_vendor:/opt/ros/jazzy/opt/gz_transport_vendor:/opt/ros/jazzy/opt/gz_rendering_vendor:/opt/ros/jazzy/opt/gz_plugin_vendor:/opt/ros/jazzy/opt/gz_fuel_tools_vendor:/opt/ros/jazzy/opt/gz_msgs_vendor:/opt/ros/jazzy/opt/gz_common_vendor:/opt/ros/jazzy/opt/gz_math_vendor:/opt/ros/jazzy/opt/gz_utils_vendor:/opt/ros/jazzy/opt/gz_tools_vendor:/opt/ros/jazzy/opt/gz_ogre_next_vendor:/opt/ros/jazzy/opt/gz_dartsim_vendor:/opt/ros/jazzy/opt/gz_cmake_vendor:/opt/ros/jazzy LD_LIBRARY_PATH=/Bt/install/play_motion2/lib:/Bt/install/play_motion2_msgs/lib:${LD_LIBRARY_PATH} PYTHONPATH=/Bt/install/tiago_description/lib/python3.12/site-packages:/Bt/install/pmb2_description/lib/python3.12/site-packages:/Bt/install/omni_base_description/lib/python3.12/site-packages:/Bt/install/play_motion2_msgs/lib/python3.12/site-packages:/Bt/install/launch_pal/lib/python3.12/site-packages:${PYTHONPATH} /usr/bin/cmake --install /Bt/build/tiago_simulation
[31.506s] Level 1:colcon.colcon_core.environment:checking '/Bt/install/tiago_simulation' for CMake config files
[31.507s] Level 1:colcon.colcon_core.shell:create_environment_hook('tiago_simulation', 'cmake_prefix_path')
[31.508s] INFO:colcon.colcon_core.shell:Creating environment hook '/Bt/install/tiago_simulation/share/tiago_simulation/hook/cmake_prefix_path.ps1'
[31.509s] INFO:colcon.colcon_core.shell:Creating environment descriptor '/Bt/install/tiago_simulation/share/tiago_simulation/hook/cmake_prefix_path.dsv'
[31.510s] INFO:colcon.colcon_core.shell:Creating environment hook '/Bt/install/tiago_simulation/share/tiago_simulation/hook/cmake_prefix_path.sh'
[31.512s] Level 1:colcon.colcon_core.environment:checking '/Bt/install/tiago_simulation/bin'
[31.513s] Level 1:colcon.colcon_core.environment:checking '/Bt/install/tiago_simulation/lib/pkgconfig/tiago_simulation.pc'
[31.514s] Level 1:colcon.colcon_core.environment:checking '/Bt/install/tiago_simulation/lib/python3.12/site-packages'
[31.515s] Level 1:colcon.colcon_core.environment:checking '/Bt/install/tiago_simulation/bin'
[31.516s] INFO:colcon.colcon_core.shell:Creating package script '/Bt/install/tiago_simulation/share/tiago_simulation/package.ps1'
[31.517s] INFO:colcon.colcon_core.shell:Creating package descriptor '/Bt/install/tiago_simulation/share/tiago_simulation/package.dsv'
[31.519s] INFO:colcon.colcon_core.shell:Creating package script '/Bt/install/tiago_simulation/share/tiago_simulation/package.sh'
[31.520s] INFO:colcon.colcon_core.shell:Creating package script '/Bt/install/tiago_simulation/share/tiago_simulation/package.bash'
[31.521s] INFO:colcon.colcon_core.shell:Creating package script '/Bt/install/tiago_simulation/share/tiago_simulation/package.zsh'
[31.523s] Level 1:colcon.colcon_core.environment:create_file_with_runtime_dependencies(/Bt/install/tiago_simulation/share/colcon-core/packages/tiago_simulation)
[31.524s] Level 1:colcon.colcon_core.environment:create_environment_scripts_only(tiago_simulation)
[31.525s] Level 1:colcon.colcon_core.environment:checking '/Bt/install/tiago_simulation' for CMake module files
[31.526s] Level 1:colcon.colcon_core.environment:checking '/Bt/install/tiago_simulation' for CMake config files
[31.527s] Level 1:colcon.colcon_core.shell:create_environment_hook('tiago_simulation', 'cmake_prefix_path')
[31.527s] INFO:colcon.colcon_core.shell:Creating environment hook '/Bt/install/tiago_simulation/share/tiago_simulation/hook/cmake_prefix_path.ps1'
[31.528s] INFO:colcon.colcon_core.shell:Creating environment descriptor '/Bt/install/tiago_simulation/share/tiago_simulation/hook/cmake_prefix_path.dsv'
[31.529s] INFO:colcon.colcon_core.shell:Creating environment hook '/Bt/install/tiago_simulation/share/tiago_simulation/hook/cmake_prefix_path.sh'
[31.530s] Level 1:colcon.colcon_core.environment:checking '/Bt/install/tiago_simulation/bin'
[31.530s] Level 1:colcon.colcon_core.environment:checking '/Bt/install/tiago_simulation/lib/pkgconfig/tiago_simulation.pc'
[31.530s] Level 1:colcon.colcon_core.environment:checking '/Bt/install/tiago_simulation/lib/python3.12/site-packages'
[31.531s] Level 1:colcon.colcon_core.environment:checking '/Bt/install/tiago_simulation/bin'
[31.531s] INFO:colcon.colcon_core.shell:Creating package script '/Bt/install/tiago_simulation/share/tiago_simulation/package.ps1'
[31.532s] INFO:colcon.colcon_core.shell:Creating package descriptor '/Bt/install/tiago_simulation/share/tiago_simulation/package.dsv'
[31.534s] INFO:colcon.colcon_core.shell:Creating package script '/Bt/install/tiago_simulation/share/tiago_simulation/package.sh'
[31.535s] INFO:colcon.colcon_core.shell:Creating package script '/Bt/install/tiago_simulation/share/tiago_simulation/package.bash'
[31.535s] INFO:colcon.colcon_core.shell:Creating package script '/Bt/install/tiago_simulation/share/tiago_simulation/package.zsh'
[31.536s] Level 1:colcon.colcon_core.environment:create_file_with_runtime_dependencies(/Bt/install/tiago_simulation/share/colcon-core/packages/tiago_simulation)
[42.595s] DEBUG:colcon.colcon_core.event_handler.log_command:Invoked command in '/Bt/build/tiago_behavior_tree' returned '0': AMENT_PREFIX_PATH=/Bt/install/behaviortree_ros2:/Bt/install/btcpp_ros2_interfaces:${AMENT_PREFIX_PATH} CMAKE_PREFIX_PATH=/Bt/install/behaviortree_ros2:/Bt/install/btcpp_ros2_interfaces:/opt/ros/jazzy/opt/gz_sim_vendor:/opt/ros/jazzy/opt/gz_sensors_vendor:/opt/ros/jazzy/opt/gz_physics_vendor:/opt/ros/jazzy/opt/sdformat_vendor:/opt/ros/jazzy/opt/gz_gui_vendor:/opt/ros/jazzy/opt/gz_transport_vendor:/opt/ros/jazzy/opt/gz_rendering_vendor:/opt/ros/jazzy/opt/gz_plugin_vendor:/opt/ros/jazzy/opt/gz_fuel_tools_vendor:/opt/ros/jazzy/opt/gz_msgs_vendor:/opt/ros/jazzy/opt/gz_common_vendor:/opt/ros/jazzy/opt/gz_math_vendor:/opt/ros/jazzy/opt/gz_utils_vendor:/opt/ros/jazzy/opt/gz_tools_vendor:/opt/ros/jazzy/opt/gz_ogre_next_vendor:/opt/ros/jazzy/opt/gz_dartsim_vendor:/opt/ros/jazzy/opt/gz_cmake_vendor:/opt/ros/jazzy LD_LIBRARY_PATH=/Bt/install/behaviortree_ros2/lib:/Bt/install/btcpp_ros2_interfaces/lib:${LD_LIBRARY_PATH} PYTHONPATH=/Bt/install/btcpp_ros2_interfaces/lib/python3.12/site-packages:${PYTHONPATH} /usr/bin/cmake --build /Bt/build/tiago_behavior_tree -- -j8 -l8
[42.615s] DEBUG:colcon.colcon_core.event_handler.log_command:Invoking command in '/Bt/build/tiago_behavior_tree': AMENT_PREFIX_PATH=/Bt/install/behaviortree_ros2:/Bt/install/btcpp_ros2_interfaces:${AMENT_PREFIX_PATH} CMAKE_PREFIX_PATH=/Bt/install/behaviortree_ros2:/Bt/install/btcpp_ros2_interfaces:/opt/ros/jazzy/opt/gz_sim_vendor:/opt/ros/jazzy/opt/gz_sensors_vendor:/opt/ros/jazzy/opt/gz_physics_vendor:/opt/ros/jazzy/opt/sdformat_vendor:/opt/ros/jazzy/opt/gz_gui_vendor:/opt/ros/jazzy/opt/gz_transport_vendor:/opt/ros/jazzy/opt/gz_rendering_vendor:/opt/ros/jazzy/opt/gz_plugin_vendor:/opt/ros/jazzy/opt/gz_fuel_tools_vendor:/opt/ros/jazzy/opt/gz_msgs_vendor:/opt/ros/jazzy/opt/gz_common_vendor:/opt/ros/jazzy/opt/gz_math_vendor:/opt/ros/jazzy/opt/gz_utils_vendor:/opt/ros/jazzy/opt/gz_tools_vendor:/opt/ros/jazzy/opt/gz_ogre_next_vendor:/opt/ros/jazzy/opt/gz_dartsim_vendor:/opt/ros/jazzy/opt/gz_cmake_vendor:/opt/ros/jazzy LD_LIBRARY_PATH=/Bt/install/behaviortree_ros2/lib:/Bt/install/btcpp_ros2_interfaces/lib:${LD_LIBRARY_PATH} PYTHONPATH=/Bt/install/btcpp_ros2_interfaces/lib/python3.12/site-packages:${PYTHONPATH} /usr/bin/cmake --install /Bt/build/tiago_behavior_tree
[42.723s] DEBUG:colcon.colcon_core.event_handler.log_command:Invoked command in '/Bt/build/tiago_aruco_broadcast' returned '0': AMENT_PREFIX_PATH=/Bt/install/ros2_aruco_interfaces:${AMENT_PREFIX_PATH} CMAKE_PREFIX_PATH=/Bt/install/ros2_aruco_interfaces:/opt/ros/jazzy/opt/gz_sim_vendor:/opt/ros/jazzy/opt/gz_sensors_vendor:/opt/ros/jazzy/opt/gz_physics_vendor:/opt/ros/jazzy/opt/sdformat_vendor:/opt/ros/jazzy/opt/gz_gui_vendor:/opt/ros/jazzy/opt/gz_transport_vendor:/opt/ros/jazzy/opt/gz_rendering_vendor:/opt/ros/jazzy/opt/gz_plugin_vendor:/opt/ros/jazzy/opt/gz_fuel_tools_vendor:/opt/ros/jazzy/opt/gz_msgs_vendor:/opt/ros/jazzy/opt/gz_common_vendor:/opt/ros/jazzy/opt/gz_math_vendor:/opt/ros/jazzy/opt/gz_utils_vendor:/opt/ros/jazzy/opt/gz_tools_vendor:/opt/ros/jazzy/opt/gz_ogre_next_vendor:/opt/ros/jazzy/opt/gz_dartsim_vendor:/opt/ros/jazzy/opt/gz_cmake_vendor:/opt/ros/jazzy LD_LIBRARY_PATH=/Bt/install/ros2_aruco_interfaces/lib:${LD_LIBRARY_PATH} PYTHONPATH=/Bt/install/ros2_aruco_interfaces/lib/python3.12/site-packages:${PYTHONPATH} /usr/bin/cmake --build /Bt/build/tiago_aruco_broadcast -- -j8 -l8
[42.744s] DEBUG:colcon.colcon_core.event_handler.log_command:Invoking command in '/Bt/build/tiago_aruco_broadcast': AMENT_PREFIX_PATH=/Bt/install/ros2_aruco_interfaces:${AMENT_PREFIX_PATH} CMAKE_PREFIX_PATH=/Bt/install/ros2_aruco_interfaces:/opt/ros/jazzy/opt/gz_sim_vendor:/opt/ros/jazzy/opt/gz_sensors_vendor:/opt/ros/jazzy/opt/gz_physics_vendor:/opt/ros/jazzy/opt/sdformat_vendor:/opt/ros/jazzy/opt/gz_gui_vendor:/opt/ros/jazzy/opt/gz_transport_vendor:/opt/ros/jazzy/opt/gz_rendering_vendor:/opt/ros/jazzy/opt/gz_plugin_vendor:/opt/ros/jazzy/opt/gz_fuel_tools_vendor:/opt/ros/jazzy/opt/gz_msgs_vendor:/opt/ros/jazzy/opt/gz_common_vendor:/opt/ros/jazzy/opt/gz_math_vendor:/opt/ros/jazzy/opt/gz_utils_vendor:/opt/ros/jazzy/opt/gz_tools_vendor:/opt/ros/jazzy/opt/gz_ogre_next_vendor:/opt/ros/jazzy/opt/gz_dartsim_vendor:/opt/ros/jazzy/opt/gz_cmake_vendor:/opt/ros/jazzy LD_LIBRARY_PATH=/Bt/install/ros2_aruco_interfaces/lib:${LD_LIBRARY_PATH} PYTHONPATH=/Bt/install/ros2_aruco_interfaces/lib/python3.12/site-packages:${PYTHONPATH} /usr/bin/cmake --install /Bt/build/tiago_aruco_broadcast
[42.838s] Level 1:colcon.colcon_core.environment:create_environment_scripts_only(tiago_aruco_broadcast)
[42.839s] Level 1:colcon.colcon_core.environment:checking '/Bt/install/tiago_aruco_broadcast' for CMake module files
[42.843s] DEBUG:colcon.colcon_core.event_handler.log_command:Invoked command in '/Bt/build/tiago_aruco_broadcast' returned '0': AMENT_PREFIX_PATH=/Bt/install/ros2_aruco_interfaces:${AMENT_PREFIX_PATH} CMAKE_PREFIX_PATH=/Bt/install/ros2_aruco_interfaces:/opt/ros/jazzy/opt/gz_sim_vendor:/opt/ros/jazzy/opt/gz_sensors_vendor:/opt/ros/jazzy/opt/gz_physics_vendor:/opt/ros/jazzy/opt/sdformat_vendor:/opt/ros/jazzy/opt/gz_gui_vendor:/opt/ros/jazzy/opt/gz_transport_vendor:/opt/ros/jazzy/opt/gz_rendering_vendor:/opt/ros/jazzy/opt/gz_plugin_vendor:/opt/ros/jazzy/opt/gz_fuel_tools_vendor:/opt/ros/jazzy/opt/gz_msgs_vendor:/opt/ros/jazzy/opt/gz_common_vendor:/opt/ros/jazzy/opt/gz_math_vendor:/opt/ros/jazzy/opt/gz_utils_vendor:/opt/ros/jazzy/opt/gz_tools_vendor:/opt/ros/jazzy/opt/gz_ogre_next_vendor:/opt/ros/jazzy/opt/gz_dartsim_vendor:/opt/ros/jazzy/opt/gz_cmake_vendor:/opt/ros/jazzy LD_LIBRARY_PATH=/Bt/install/ros2_aruco_interfaces/lib:${LD_LIBRARY_PATH} PYTHONPATH=/Bt/install/ros2_aruco_interfaces/lib/python3.12/site-packages:${PYTHONPATH} /usr/bin/cmake --install /Bt/build/tiago_aruco_broadcast
[42.845s] Level 1:colcon.colcon_core.environment:checking '/Bt/install/tiago_aruco_broadcast' for CMake config files
[42.857s] Level 1:colcon.colcon_core.shell:create_environment_hook('tiago_aruco_broadcast', 'cmake_prefix_path')
[42.857s] INFO:colcon.colcon_core.shell:Creating environment hook '/Bt/install/tiago_aruco_broadcast/share/tiago_aruco_broadcast/hook/cmake_prefix_path.ps1'
[42.859s] INFO:colcon.colcon_core.shell:Creating environment descriptor '/Bt/install/tiago_aruco_broadcast/share/tiago_aruco_broadcast/hook/cmake_prefix_path.dsv'
[42.860s] INFO:colcon.colcon_core.shell:Creating environment hook '/Bt/install/tiago_aruco_broadcast/share/tiago_aruco_broadcast/hook/cmake_prefix_path.sh'
[42.863s] Level 1:colcon.colcon_core.environment:checking '/Bt/install/tiago_aruco_broadcast/lib'
[42.863s] Level 1:colcon.colcon_core.environment:checking '/Bt/install/tiago_aruco_broadcast/bin'
[42.863s] Level 1:colcon.colcon_core.environment:checking '/Bt/install/tiago_aruco_broadcast/lib/pkgconfig/tiago_aruco_broadcast.pc'
[42.864s] Level 1:colcon.colcon_core.environment:checking '/Bt/install/tiago_aruco_broadcast/lib/python3.12/site-packages'
[42.866s] Level 1:colcon.colcon_core.environment:checking '/Bt/install/tiago_aruco_broadcast/bin'
[42.867s] INFO:colcon.colcon_core.shell:Creating package script '/Bt/install/tiago_aruco_broadcast/share/tiago_aruco_broadcast/package.ps1'
[42.868s] INFO:colcon.colcon_core.shell:Creating package descriptor '/Bt/install/tiago_aruco_broadcast/share/tiago_aruco_broadcast/package.dsv'
[42.870s] INFO:colcon.colcon_core.shell:Creating package script '/Bt/install/tiago_aruco_broadcast/share/tiago_aruco_broadcast/package.sh'
[42.871s] INFO:colcon.colcon_core.shell:Creating package script '/Bt/install/tiago_aruco_broadcast/share/tiago_aruco_broadcast/package.bash'
[42.873s] INFO:colcon.colcon_core.shell:Creating package script '/Bt/install/tiago_aruco_broadcast/share/tiago_aruco_broadcast/package.zsh'
[42.874s] Level 1:colcon.colcon_core.environment:create_file_with_runtime_dependencies(/Bt/install/tiago_aruco_broadcast/share/colcon-core/packages/tiago_aruco_broadcast)
[42.875s] Level 1:colcon.colcon_core.environment:create_environment_scripts_only(tiago_aruco_broadcast)
[42.876s] Level 1:colcon.colcon_core.environment:checking '/Bt/install/tiago_aruco_broadcast' for CMake module files
[42.878s] Level 1:colcon.colcon_core.environment:checking '/Bt/install/tiago_aruco_broadcast' for CMake config files
[42.879s] Level 1:colcon.colcon_core.shell:create_environment_hook('tiago_aruco_broadcast', 'cmake_prefix_path')
[42.879s] INFO:colcon.colcon_core.shell:Creating environment hook '/Bt/install/tiago_aruco_broadcast/share/tiago_aruco_broadcast/hook/cmake_prefix_path.ps1'
[42.880s] INFO:colcon.colcon_core.shell:Creating environment descriptor '/Bt/install/tiago_aruco_broadcast/share/tiago_aruco_broadcast/hook/cmake_prefix_path.dsv'
[42.881s] INFO:colcon.colcon_core.shell:Creating environment hook '/Bt/install/tiago_aruco_broadcast/share/tiago_aruco_broadcast/hook/cmake_prefix_path.sh'
[42.882s] Level 1:colcon.colcon_core.environment:checking '/Bt/install/tiago_aruco_broadcast/lib'
[42.882s] Level 1:colcon.colcon_core.environment:checking '/Bt/install/tiago_aruco_broadcast/bin'
[42.882s] Level 1:colcon.colcon_core.environment:checking '/Bt/install/tiago_aruco_broadcast/lib/pkgconfig/tiago_aruco_broadcast.pc'
[42.883s] Level 1:colcon.colcon_core.environment:checking '/Bt/install/tiago_aruco_broadcast/lib/python3.12/site-packages'
[42.884s] Level 1:colcon.colcon_core.environment:checking '/Bt/install/tiago_aruco_broadcast/bin'
[42.884s] INFO:colcon.colcon_core.shell:Creating package script '/Bt/install/tiago_aruco_broadcast/share/tiago_aruco_broadcast/package.ps1'
[42.885s] INFO:colcon.colcon_core.shell:Creating package descriptor '/Bt/install/tiago_aruco_broadcast/share/tiago_aruco_broadcast/package.dsv'
[42.886s] INFO:colcon.colcon_core.shell:Creating package script '/Bt/install/tiago_aruco_broadcast/share/tiago_aruco_broadcast/package.sh'
[42.886s] INFO:colcon.colcon_core.shell:Creating package script '/Bt/install/tiago_aruco_broadcast/share/tiago_aruco_broadcast/package.bash'
[42.887s] INFO:colcon.colcon_core.shell:Creating package script '/Bt/install/tiago_aruco_broadcast/share/tiago_aruco_broadcast/package.zsh'
[42.888s] Level 1:colcon.colcon_core.environment:create_file_with_runtime_dependencies(/Bt/install/tiago_aruco_broadcast/share/colcon-core/packages/tiago_aruco_broadcast)
[42.888s] Level 1:colcon.colcon_core.environment:create_environment_scripts_only(tiago_behavior_tree)
[42.888s] Level 1:colcon.colcon_core.environment:checking '/Bt/install/tiago_behavior_tree' for CMake module files
[42.890s] DEBUG:colcon.colcon_core.event_handler.log_command:Invoked command in '/Bt/build/tiago_behavior_tree' returned '0': AMENT_PREFIX_PATH=/Bt/install/behaviortree_ros2:/Bt/install/btcpp_ros2_interfaces:${AMENT_PREFIX_PATH} CMAKE_PREFIX_PATH=/Bt/install/behaviortree_ros2:/Bt/install/btcpp_ros2_interfaces:/opt/ros/jazzy/opt/gz_sim_vendor:/opt/ros/jazzy/opt/gz_sensors_vendor:/opt/ros/jazzy/opt/gz_physics_vendor:/opt/ros/jazzy/opt/sdformat_vendor:/opt/ros/jazzy/opt/gz_gui_vendor:/opt/ros/jazzy/opt/gz_transport_vendor:/opt/ros/jazzy/opt/gz_rendering_vendor:/opt/ros/jazzy/opt/gz_plugin_vendor:/opt/ros/jazzy/opt/gz_fuel_tools_vendor:/opt/ros/jazzy/opt/gz_msgs_vendor:/opt/ros/jazzy/opt/gz_common_vendor:/opt/ros/jazzy/opt/gz_math_vendor:/opt/ros/jazzy/opt/gz_utils_vendor:/opt/ros/jazzy/opt/gz_tools_vendor:/opt/ros/jazzy/opt/gz_ogre_next_vendor:/opt/ros/jazzy/opt/gz_dartsim_vendor:/opt/ros/jazzy/opt/gz_cmake_vendor:/opt/ros/jazzy LD_LIBRARY_PATH=/Bt/install/behaviortree_ros2/lib:/Bt/install/btcpp_ros2_interfaces/lib:${LD_LIBRARY_PATH} PYTHONPATH=/Bt/install/btcpp_ros2_interfaces/lib/python3.12/site-packages:${PYTHONPATH} /usr/bin/cmake --install /Bt/build/tiago_behavior_tree
[42.890s] Level 1:colcon.colcon_core.environment:checking '/Bt/install/tiago_behavior_tree' for CMake config files
[42.891s] Level 1:colcon.colcon_core.shell:create_environment_hook('tiago_behavior_tree', 'cmake_prefix_path')
[42.891s] INFO:colcon.colcon_core.shell:Creating environment hook '/Bt/install/tiago_behavior_tree/share/tiago_behavior_tree/hook/cmake_prefix_path.ps1'
[42.892s] INFO:colcon.colcon_core.shell:Creating environment descriptor '/Bt/install/tiago_behavior_tree/share/tiago_behavior_tree/hook/cmake_prefix_path.dsv'
[42.892s] INFO:colcon.colcon_core.shell:Creating environment hook '/Bt/install/tiago_behavior_tree/share/tiago_behavior_tree/hook/cmake_prefix_path.sh'
[42.892s] Level 1:colcon.colcon_core.environment:checking '/Bt/install/tiago_behavior_tree/lib'
[42.893s] Level 1:colcon.colcon_core.shell:create_environment_hook('tiago_behavior_tree', 'ld_library_path_lib')
[42.893s] INFO:colcon.colcon_core.shell:Creating environment hook '/Bt/install/tiago_behavior_tree/share/tiago_behavior_tree/hook/ld_library_path_lib.ps1'
[42.893s] INFO:colcon.colcon_core.shell:Creating environment descriptor '/Bt/install/tiago_behavior_tree/share/tiago_behavior_tree/hook/ld_library_path_lib.dsv'
[42.893s] INFO:colcon.colcon_core.shell:Creating environment hook '/Bt/install/tiago_behavior_tree/share/tiago_behavior_tree/hook/ld_library_path_lib.sh'
[42.894s] Level 1:colcon.colcon_core.environment:checking '/Bt/install/tiago_behavior_tree/bin'
[42.894s] Level 1:colcon.colcon_core.environment:checking '/Bt/install/tiago_behavior_tree/lib/pkgconfig/tiago_behavior_tree.pc'
[42.894s] Level 1:colcon.colcon_core.environment:checking '/Bt/install/tiago_behavior_tree/lib/python3.12/site-packages'
[42.894s] Level 1:colcon.colcon_core.environment:checking '/Bt/install/tiago_behavior_tree/bin'
[42.895s] INFO:colcon.colcon_core.shell:Creating package script '/Bt/install/tiago_behavior_tree/share/tiago_behavior_tree/package.ps1'
[42.895s] INFO:colcon.colcon_core.shell:Creating package descriptor '/Bt/install/tiago_behavior_tree/share/tiago_behavior_tree/package.dsv'
[42.895s] INFO:colcon.colcon_core.shell:Creating package script '/Bt/install/tiago_behavior_tree/share/tiago_behavior_tree/package.sh'
[42.896s] INFO:colcon.colcon_core.shell:Creating package script '/Bt/install/tiago_behavior_tree/share/tiago_behavior_tree/package.bash'
[42.896s] INFO:colcon.colcon_core.shell:Creating package script '/Bt/install/tiago_behavior_tree/share/tiago_behavior_tree/package.zsh'
[42.897s] Level 1:colcon.colcon_core.environment:create_file_with_runtime_dependencies(/Bt/install/tiago_behavior_tree/share/colcon-core/packages/tiago_behavior_tree)
[42.897s] Level 1:colcon.colcon_core.environment:create_environment_scripts_only(tiago_behavior_tree)
[42.897s] Level 1:colcon.colcon_core.environment:checking '/Bt/install/tiago_behavior_tree' for CMake module files
[42.898s] Level 1:colcon.colcon_core.environment:checking '/Bt/install/tiago_behavior_tree' for CMake config files
[42.898s] Level 1:colcon.colcon_core.shell:create_environment_hook('tiago_behavior_tree', 'cmake_prefix_path')
[42.898s] INFO:colcon.colcon_core.shell:Creating environment hook '/Bt/install/tiago_behavior_tree/share/tiago_behavior_tree/hook/cmake_prefix_path.ps1'
[42.899s] INFO:colcon.colcon_core.shell:Creating environment descriptor '/Bt/install/tiago_behavior_tree/share/tiago_behavior_tree/hook/cmake_prefix_path.dsv'
[42.899s] INFO:colcon.colcon_core.shell:Creating environment hook '/Bt/install/tiago_behavior_tree/share/tiago_behavior_tree/hook/cmake_prefix_path.sh'
[42.899s] Level 1:colcon.colcon_core.environment:checking '/Bt/install/tiago_behavior_tree/lib'
[42.899s] Level 1:colcon.colcon_core.shell:create_environment_hook('tiago_behavior_tree', 'ld_library_path_lib')
[42.900s] INFO:colcon.colcon_core.shell:Creating environment hook '/Bt/install/tiago_behavior_tree/share/tiago_behavior_tree/hook/ld_library_path_lib.ps1'
[42.900s] INFO:colcon.colcon_core.shell:Creating environment descriptor '/Bt/install/tiago_behavior_tree/share/tiago_behavior_tree/hook/ld_library_path_lib.dsv'
[42.900s] INFO:colcon.colcon_core.shell:Creating environment hook '/Bt/install/tiago_behavior_tree/share/tiago_behavior_tree/hook/ld_library_path_lib.sh'
[42.901s] Level 1:colcon.colcon_core.environment:checking '/Bt/install/tiago_behavior_tree/bin'
[42.901s] Level 1:colcon.colcon_core.environment:checking '/Bt/install/tiago_behavior_tree/lib/pkgconfig/tiago_behavior_tree.pc'
[42.901s] Level 1:colcon.colcon_core.environment:checking '/Bt/install/tiago_behavior_tree/lib/python3.12/site-packages'
[42.901s] Level 1:colcon.colcon_core.environment:checking '/Bt/install/tiago_behavior_tree/bin'
[42.901s] INFO:colcon.colcon_core.shell:Creating package script '/Bt/install/tiago_behavior_tree/share/tiago_behavior_tree/package.ps1'
[42.902s] INFO:colcon.colcon_core.shell:Creating package descriptor '/Bt/install/tiago_behavior_tree/share/tiago_behavior_tree/package.dsv'
[42.902s] INFO:colcon.colcon_core.shell:Creating package script '/Bt/install/tiago_behavior_tree/share/tiago_behavior_tree/package.sh'
[42.903s] INFO:colcon.colcon_core.shell:Creating package script '/Bt/install/tiago_behavior_tree/share/tiago_behavior_tree/package.bash'
[42.903s] INFO:colcon.colcon_core.shell:Creating package script '/Bt/install/tiago_behavior_tree/share/tiago_behavior_tree/package.zsh'
[42.903s] Level 1:colcon.colcon_core.environment:create_file_with_runtime_dependencies(/Bt/install/tiago_behavior_tree/share/colcon-core/packages/tiago_behavior_tree)
[42.904s] DEBUG:colcon.colcon_parallel_executor.executor.parallel:closing loop
[42.904s] DEBUG:colcon.colcon_parallel_executor.executor.parallel:loop closed
[42.904s] DEBUG:colcon.colcon_parallel_executor.executor.parallel:run_until_complete finished with '0'
[42.904s] DEBUG:colcon.colcon_core.event_reactor:joining thread
[43.139s] INFO:colcon.colcon_core.plugin_system:Skipping extension 'colcon_notification.desktop_notification.notify_send': Could not find 'notify-send'
[43.139s] INFO:colcon.colcon_core.plugin_system:Skipping extension 'colcon_notification.desktop_notification.terminal_notifier': Not used on non-Darwin systems
[43.140s] INFO:colcon.colcon_core.plugin_system:Skipping extension 'colcon_notification.desktop_notification.win32': Not used on non-Windows systems
[43.140s] INFO:colcon.colcon_notification.desktop_notification:Sending desktop notification using 'notify2'
[43.283s] DEBUG:colcon.colcon_notification.desktop_notification.notify2:Failed to initialize notify2: org.freedesktop.DBus.Error.Spawn.ExecFailed: /usr/bin/dbus-launch terminated abnormally without any error message
[43.284s] DEBUG:colcon.colcon_core.event_reactor:joined thread
[43.285s] INFO:colcon.colcon_core.shell:Creating prefix script '/Bt/install/local_setup.ps1'
[43.306s] INFO:colcon.colcon_core.shell:Creating prefix util module '/Bt/install/_local_setup_util_ps1.py'
[43.319s] INFO:colcon.colcon_core.shell:Creating prefix chain script '/Bt/install/setup.ps1'
[43.324s] INFO:colcon.colcon_core.shell:Creating prefix script '/Bt/install/local_setup.sh'
[43.326s] INFO:colcon.colcon_core.shell:Creating prefix util module '/Bt/install/_local_setup_util_sh.py'
[43.328s] INFO:colcon.colcon_core.shell:Creating prefix chain script '/Bt/install/setup.sh'
[43.333s] INFO:colcon.colcon_core.shell:Creating prefix script '/Bt/install/local_setup.bash'
[43.335s] INFO:colcon.colcon_core.shell:Creating prefix chain script '/Bt/install/setup.bash'
[43.339s] INFO:colcon.colcon_core.shell:Creating prefix script '/Bt/install/local_setup.zsh'
[43.340s] INFO:colcon.colcon_core.shell:Creating prefix chain script '/Bt/install/setup.zsh'
